 Troullier-Martins psp for element  Si        Thu Oct 27 17:31:21 EDT 1994
 Atomic number and pseudo-charge
         14      4.00000000
 Energy units (rydberg/hartree/ev):
 hartree
 Angular momentum of local component (0=s,1=p,2=d..) for DFT and QMC
          2          2
 NLRULE override (1) VMC/DMC (2) config gen (0 ==> input/default value)
 0 0
 Number of grid points
       2001
 R(i) in atomic units
   0.0000000000000000     
   2.7628156250000025E-009
   6.1050999999999946E-009
   1.0113571874999996E-008
   1.4883200000000001E-008
   2.0517578125000014E-008
   2.7129300000000017E-008
   3.4840334374999988E-008
   4.3782400000000023E-008
   5.4097340625000016E-008
   6.5937500000000004E-008
   7.9466096874999986E-008
   9.4857600000000006E-008
   1.1229810312500005E-007
   1.3198570000000005E-007
   1.5413085937500005E-007
   1.7895680000000010E-007
   2.0669986562499991E-007
   2.3760989999999998E-007
   2.7195062187499999E-007
   3.1000000000000000E-007
   3.5205062812500013E-007
   3.9841010000000008E-007
   4.4940138437500026E-007
   5.0536319999999988E-007
   5.6665039062499993E-007
   6.3363429999999987E-007
   7.0670314687499999E-007
   7.8626239999999997E-007
   8.7273515312500032E-007
   9.6656250000000054E-007
   1.0682039093750004E-006
   1.1781376000000007E-006
   1.2968609156250000E-006
   1.4248906999999998E-006
   1.5627636718750000E-006
   1.7110368000000007E-006
   1.8702876781250004E-006
   2.0411149000000005E-006
   2.2241384343750009E-006
   2.4200000000000001E-006
   2.6293634406249999E-006
   2.8529150999999995E-006
   3.0913641968750006E-006
   3.3454432000000002E-006
   3.6159082031250007E-006
   3.9035393000000015E-006
   4.2091409593750019E-006
   4.5335424000000021E-006
   4.8775979656250017E-006
   5.2421875000000021E-006
   5.6282167218750026E-006
   6.0366176000000028E-006
   6.4683487281249985E-006
   6.9243956999999968E-006
   7.4057714843749999E-006
   7.9135167999999997E-006
   8.4487004906250010E-006
   9.0124198999999984E-006
   9.6058012468749995E-006
   1.0230000000000000E-005
   1.0886201253125000E-005
   1.1575620100000004E-005
   1.2299502009375005E-005
   1.3059123200000003E-005
   1.3855791015625004E-005
   1.4690844300000009E-005
   1.5565653771875006E-005
   1.6481622399999995E-005
   1.7440185778124996E-005
   1.8442812499999996E-005
   1.9491004534375002E-005
   2.0586297599999998E-005
   2.1730261540625004E-005
   2.2924500699999998E-005
   2.4170654296874998E-005
   2.5470396800000001E-005
   2.6825438303125004E-005
   2.8237524900000009E-005
   2.9708439059375002E-005
   3.1240000000000013E-005
   3.2834064065625015E-005
   3.4492525100000016E-005
   3.6217314821875013E-005
   3.8010403200000016E-005
   3.9873798828124989E-005
   4.1809549299999996E-005
   4.3819741584374985E-005
   4.5906502399999990E-005
   4.8071998590624999E-005
   5.0318437500000002E-005
   5.2648067346874999E-005
   5.5063177600000019E-005
   5.7566099353125015E-005
   6.0159205700000007E-005
   6.2844912109375004E-005
   6.5625676800000018E-005
   6.8504001115625028E-005
   7.1482429900000029E-005
   7.4563551871875019E-005
   7.7749999999999993E-005
   8.1044451878124985E-005
   8.4449630099999985E-005
   8.7968302634375007E-005
   9.1603283199999987E-005
   9.5357431640625005E-005
   9.9233654300000021E-005
   1.0323490439687500E-004
   1.0736418240000001E-004
   1.1162453640312499E-004
   1.1601906250000002E-004
   1.2055090515937505E-004
   1.2522325760000005E-004
   1.3003936216562505E-004
   1.3500251070000006E-004
   1.4011604492187503E-004
   1.4538335680000007E-004
   1.5080788892812507E-004
   1.5639313490000006E-004
   1.6214263968437510E-004
   1.6806000000000007E-004
   1.7414886469062506E-004
   1.8041293510000008E-004
   1.8685596544687510E-004
   1.9348176320000009E-004
   2.0029418945312493E-004
   2.0729715929999995E-004
   2.1449464220937492E-004
   2.2189066239999990E-004
   2.2948929921562492E-004
   2.3729468750000000E-004
   2.4531101797187497E-004
   2.5354253759999999E-004
   2.6199354997812497E-004
   2.7066841570000003E-004
   2.7957155273437503E-004
   2.8870743679999995E-004
   2.9808060174062499E-004
   3.0769563989999999E-004
   3.1755720249687500E-004
   3.2767000000000001E-004
   3.3803880250312513E-004
   3.4866844009999996E-004
   3.5956380325937511E-004
   3.7072984320000009E-004
   3.8217157226562508E-004
   3.9389406430000016E-004
   4.0590245502187508E-004
   4.1820194240000009E-004
   4.3079778702812514E-004
   4.4369531250000013E-004
   4.5689990578437516E-004
   4.7041701760000028E-004
   4.8425216279062518E-004
   4.9841092070000020E-004
   5.1289893554687523E-004
   5.2772191679999983E-004
   5.4288563955312487E-004
   5.5839594489999987E-004
   5.7425874030937502E-004
   5.9047999999999989E-004
   6.0706576531562484E-004
   6.2402214510000006E-004
   6.4135531607187497E-004
   6.5907152319999993E-004
   6.7717708007812496E-004
   6.9567836930000012E-004
   7.1458184283437493E-004
   7.3389402239999995E-004
   7.5362149984062505E-004
   7.7377093749999995E-004
   7.9434906859687500E-004
   8.1536269760000004E-004
   8.3681870060312523E-004
   8.5872402570000012E-004
   8.8108569335937522E-004
   9.0391079680000029E-004
   9.2720650236562509E-004
   9.5098004990000007E-004
   9.7523875312187532E-004
   9.9999000000000051E-004
   1.0252412531281255E-003
   1.0510000501000006E-003
   1.0772740038843753E-003
   1.1040708032000004E-003
   1.1313982128906253E-003
   1.1592640743000005E-003
   1.1876763056468754E-003
   1.2166429024000006E-003
   1.2461719376531248E-003
   1.2762715624999997E-003
   1.3069500064093748E-003
   1.3382155776000000E-003
   1.3700766634156250E-003
   1.4025417306999996E-003
   1.4356193261718746E-003
   1.4693180767999998E-003
   1.5036466901781247E-003
   1.5386139548999999E-003
   1.5742287409343746E-003
   1.6105000000000000E-003
   1.6474367659406253E-003
   1.6850481551000001E-003
   1.7233433666968751E-003
   1.7623316832000007E-003
   1.8020224707031253E-003
   1.8424251793000006E-003
   1.8835493434593753E-003
   1.9254045824000003E-003
   1.9680006004656253E-003
   2.0113471875000000E-003
   2.0554542192218759E-003
   2.1003316576000005E-003
   2.1459895512281253E-003
   2.1924380357000008E-003
   2.2396873339843759E-003
   2.2877477568000008E-003
   2.3366297029906260E-003
   2.3863436599000009E-003
   2.4369002037468762E-003
   2.4883100000000001E-003
   2.5405838037531243E-003
   2.5937324600999994E-003
   2.6477669045093751E-003
   2.7026981631999999E-003
   2.7585373535156245E-003
   2.8152956843000001E-003
   2.8729844562718752E-003
   2.9316150623999995E-003
   2.9911989882781247E-003
   3.0517478125000001E-003
   3.1132732070343755E-003
   3.1757869376000006E-003
   3.2393008640406252E-003
   3.3038269406999998E-003
   3.3693772167968749E-003
   3.4359638368000002E-003
   3.5035990408031248E-003
   3.5722951649000000E-003
   3.6420646415593755E-003
   3.7129200000000006E-003
   3.7848738665656255E-003
   3.8579389651000016E-003
   3.9321281173218762E-003
   4.0074542432000015E-003
   4.0839303613281258E-003
   4.1615695893000015E-003
   4.2403851440843765E-003
   4.3203903424000019E-003
   4.4015986010906265E-003
   4.4840234375000008E-003
   4.5676784698468753E-003
   4.6525774176000021E-003
   4.7387341018531263E-003
   4.8261624457000031E-003
   4.9148764746093773E-003
   5.0048903168000017E-003
   5.0962182036156283E-003
   5.1888744699000039E-003
   5.2828735543718787E-003
   5.3782300000000021E-003
   5.4749584543781274E-003
   5.5730736701000020E-003
   5.6725905051343787E-003
   5.7735239232000026E-003
   5.8758889941406284E-003
   5.9797008943000031E-003
   6.0849749068968796E-003
   6.1917264224000028E-003
   6.2999709389031230E-003
   6.4097240624999986E-003
   6.5210015076593731E-003
   6.6338190975999984E-003
   6.7481927646656234E-003
   6.8641385506999974E-003
   6.9816726074218736E-003
   7.1008111967999967E-003
   7.2215706914281240E-003
   7.3439675748999973E-003
   7.4680184421843741E-003
   7.5937399999999999E-003
   7.7211490671906221E-003
   7.8502625750999991E-003
   7.9810975679468765E-003
   8.1136712031999996E-003
   8.2480007519531232E-003
   8.3841035992999989E-003
   8.5219972447093742E-003
   8.6616993024000010E-003
   8.8032275017156242E-003
   8.9465996875000009E-003
   9.0918338204718768E-003
   9.2389479775999983E-003
   9.3879603524781256E-003
   9.5388892556999994E-003
   9.6917531152343767E-003
   9.8465704768000012E-003
   1.0003360004240626E-002
   1.0162140479900002E-002
   1.0322930804996876E-002
   1.0485750000000000E-002
   1.0650617205003127E-002
   1.0817551680100004E-002
   1.0986572805759378E-002
   1.1157700083200000E-002
   1.1330953134765627E-002
   1.1506351704300003E-002
   1.1683915657521879E-002
   1.1863664982400005E-002
   1.2045619789528126E-002
   1.2229800312500002E-002
   1.2416226908284377E-002
   1.2604920057600005E-002
   1.2795900365290630E-002
   1.2989188560700003E-002
   1.3184805498046881E-002
   1.3382772156800003E-002
   1.3583109642053131E-002
   1.3785839184900004E-002
   1.3990982142809380E-002
   1.4198560000000004E-002
   1.4408594367815631E-002
   1.4621106985100005E-002
   1.4836119718571881E-002
   1.5053654563200009E-002
   1.5273733642578129E-002
   1.5496379209300006E-002
   1.5721613645334382E-002
   1.5949459462400006E-002
   1.6179939302340633E-002
   1.6413075937500007E-002
   1.6648892271096883E-002
   1.6887411337599995E-002
   1.7128656303103118E-002
   1.7372650465699996E-002
   1.7619417255859374E-002
   1.7868980236799999E-002
   1.8121363104865618E-002
   1.8376589689900000E-002
   1.8634683955621876E-002
   1.8895669999999996E-002
   1.9159572055628123E-002
   1.9426414490099995E-002
   1.9696221806384372E-002
   1.9969018643200002E-002
   2.0244829775390619E-002
   2.0523680114299999E-002
   2.0805594708146875E-002
   2.1090598742399998E-002
   2.1378717540153126E-002
   2.1669976562499998E-002
   2.1964401408909373E-002
   2.2262017817600004E-002
   2.2562851665915623E-002
   2.2866928970699998E-002
   2.3174275888671873E-002
   2.3484918716799998E-002
   2.3798883892678129E-002
   2.4116197994900002E-002
   2.4436887743434371E-002
   2.4760979999999998E-002
   2.5088501768440630E-002
   2.5419480195100000E-002
   2.5753942569196876E-002
   2.6091916323200001E-002
   2.6433429033203122E-002
   2.6778508419300007E-002
   2.7127182345959382E-002
   2.7479478822400004E-002
   2.7835426002965628E-002
   2.8195052187500007E-002
   2.8558385821721884E-002
   2.8925455497600009E-002
   2.9296289953728127E-002
   2.9670918075700003E-002
   3.0049368896484387E-002
   3.0431671596800002E-002
   3.0817855505490637E-002
   3.1207950099900010E-002
   3.1601985006246884E-002
   3.1999990000000013E-002
   3.2401995006253133E-002
   3.2808030100100014E-002
   3.3218125507009387E-002
   3.3632311603200016E-002
   3.4050618916015636E-002
   3.4473078124300005E-002
   3.4899720058771885E-002
   3.5330575702400016E-002
   3.5765676190778133E-002
   3.6205052812500013E-002
   3.6648737009534381E-002
   3.7096760377600013E-002
   3.7549154666540636E-002
   3.8005951780700015E-002
   3.8467183779296879E-002
   3.8932882876800017E-002
   3.9403081443303116E-002
   3.9877812004899996E-002
   4.0357107244059373E-002
   4.0840999999999988E-002
   4.1329523269065617E-002
   4.1822710205099999E-002
   4.2320594119821864E-002
   4.2823208483199995E-002
   4.3330586923828115E-002
   4.3842763229299996E-002
   4.4359771346584365E-002
   4.4881645382399984E-002
   4.5408419603590613E-002
   4.5940128437499984E-002
   4.6476806472346872E-002
   4.7018488457599990E-002
   4.7565209304353116E-002
   4.8117004085699994E-002
   4.8673908037109380E-002
   4.9235956556799999E-002
   4.9803185206115631E-002
   5.0375629709899991E-002
   5.0953325956871874E-002
   5.1536310000000002E-002
   5.2124618056878139E-002
   5.2718286510100007E-002
   5.3317351907634376E-002
   5.3921850963199999E-002
   5.4531820556640631E-002
   5.5147297734300008E-002
   5.5768319709396892E-002
   5.6394923862400019E-002
   5.7027147741403120E-002
   5.7665029062500012E-002
   5.8308605710159375E-002
   5.8957915737600015E-002
   5.9612997367165639E-002
   6.0273888990700013E-002
   6.0940629169921885E-002
   6.1613256636800007E-002
   6.2291810293928128E-002
   6.2976329214900012E-002
   6.3666852644684371E-002
   6.4363420000000005E-002
   6.5066070869690643E-002
   6.5774845015100017E-002
   6.6489782370446893E-002
   6.7210923043200019E-002
   6.7938307314453147E-002
   6.8671975639300012E-002
   6.9411968647209402E-002
   7.0158327142400029E-002
   7.0911092104215645E-002
   7.1670304687500019E-002
   7.2436006222971902E-002
   7.3208238217600030E-002
   7.3987042354978161E-002
   7.4772460495700035E-002
   7.5564534677734385E-002
   7.6363307116800019E-002
   7.7168820206740651E-002
   7.7981116519900029E-002
   7.8800238807496897E-002
   7.9626229999999992E-002
   8.0459133207503114E-002
   8.1298991720099981E-002
   8.2145849008259358E-002
   8.2999748723199984E-002
   8.3860734697265613E-002
   8.4728850944299994E-002
   8.5604141660021865E-002
   8.6486651222399985E-002
   8.7376424192028124E-002
   8.8273505312499986E-002
   8.9177939510784371E-002
   9.0089771897600007E-002
   9.1009047767790605E-002
   9.1935812600699995E-002
   9.2870112060546864E-002
   9.3811991996799987E-002
   9.4761498444553144E-002
   9.5718677624899995E-002
   9.6683575945309380E-002
   9.7656240000000005E-002
   9.8636716570315613E-002
   9.9625052625100019E-002
  0.10062129532107186     
  0.10162549200320002     
  0.10263769020507812     
  0.10365793764929999     
  0.10468628224783441     
  0.10572277210240000     
  0.10676745550484062     
  0.10782038093750000     
  0.10888159707359688     
  0.10995115277760001     
  0.11102909710560313     
  0.11211547930570000     
  0.11321034881835937     
  0.11431375527679999     
  0.11542574850736562     
  0.11654637852990002     
  0.11767569555812189     
  0.11881375000000002     
  0.11996059245812817     
  0.12111627373010002     
  0.12228084480888440     
  0.12345435688320006     
  0.12463686133789062     
  0.12582840975430004     
  0.12702905391064689     
  0.12823884578240005     
  0.12945783754265314     
  0.13068608156250003     
  0.13192363041140939     
  0.13317053685760005     
  0.13442685386841569     
  0.13569263461070005     
  0.13696793245117186     
  0.13825280095680006     
  0.13954729389517817     
  0.14085146523490003     
  0.14216536914593442     
  0.14348906000000003     
  0.14482259237094064     
  0.14616602103510001     
  0.14751940097169691     
  0.14888278736320007     
  0.15025623559570317     
  0.15163980125930004     
  0.15303354014845943     
  0.15443750826240008     
  0.15585176180546567     
  0.15727635718750008     
  0.15871135102422193     
  0.16015680013760006     
  0.16161276155622820     
  0.16307929251570011     
  0.16455645045898445     
  0.16604429303680010     
  0.16754287810799068     
  0.16905226373990012     
  0.17057250820874698     
  0.17210367000000007     
  0.17364580780875324     
  0.17519898054010008     
  0.17676324730950943     
  0.17833866744320007     
  0.17992530047851577     
  0.18152320616430012     
  0.18313244446127197     
  0.18475307554240009     
  0.18638515979327824     
  0.18802875781250011     
  0.18968393041203452     
  0.19135073861760010     
  0.19302924366904073     
  0.19471950702070015     
  0.19642159034179696     
  0.19813555551680009     
  0.19986146464580309     
  0.20159938004489991     
  0.20334936424655931     
  0.20511147999999993     
  0.20688579027156553     
  0.20867235824509994     
  0.21047124732232181     
  0.21228252112319995     
  0.21410624348632806     
  0.21594247846929995     
  0.21779129034908429     
  0.21965274362239992     
  0.22152690300609060     
  0.22341383343749996     
  0.22531360007484680     
  0.22722626829759990     
  0.22915190370685309     
  0.23109057212569997     
  0.23304233959960935     
  0.23500727239679992     
  0.23698543700861555     
  0.23897690014989997     
  0.24098172875937185     
  0.24299999000000000     
  0.24503175125937812     
  0.24707708015009991     
  0.24913604451013432     
  0.25120871240319997     
  0.25329515211914061     
  0.25539543217430000     
  0.25750962131189681     
  0.25963778850239999     
  0.26178000294390308     
  0.26393633406249994     
  0.26610685151265934     
  0.26829162517759997     
  0.27049072516966555     
  0.27270422183069998     
  0.27493218573242184     
  0.27717468767680004     
  0.27943179869642815     
  0.28170359005489998     
  0.28399013324718431     
  0.28629150000000003     
  0.28860776227219065     
  0.29093899225510006     
  0.29328526237294683     
  0.29564664528319995     
  0.29802321387695313     
  0.30041504127930002     
  0.30282220084970940     
  0.30524476618239998     
  0.30768281110671564     
  0.31013640968750000     
  0.31260563622547188     
  0.31509056525759999     
  0.31759127155747813     
  0.32010783013570004     
  0.32264031624023437     
  0.32518880535680000     
  0.32775337320924064     
  0.33033409575990003     
  0.33293104920999689     
  0.33554431000000001     
  0.33817395481000312     
  0.34082006056010006     
  0.34348270441075934     
  0.34616196376320013     
  0.34885791625976570     
  0.35157063978430009     
  0.35430021246252191     
  0.35704671266239996     
  0.35981021899452825     
  0.36259081031250007     
  0.36538856571328449     
  0.36820356453760011     
  0.37103588637029067     
  0.37388561104070012     
  0.37675281862304694     
  0.37963758943680009     
  0.38254000404705324     
  0.38546014326490002     
  0.38839808814780946     
  0.39135392000000008     
  0.39432772037281583     
  0.39731957106510007     
  0.40032955412357196     
  0.40335775184320016     
  0.40640424676757819     
  0.40946912168930016     
  0.41255245965033444     
  0.41565434394240008     
  0.41877485810734077     
  0.42191408593750018     
  0.42507211147609703     
  0.42824901901760010     
  0.43144489310810330     
  0.43465981854570018     
  0.43789388038085952     
  0.44114716391680014     
  0.44441975470986572     
  0.44771173856990015     
  0.45102320156062209     
  0.45435423000000014     
  0.45770491046062839     
  0.46107532977010018     
  0.46446557501138463     
  0.46787573352320017     
  0.47130589290039077     
  0.47475614099430019     
  0.47822656591314705     
  0.48171725602240029     
  0.48522829994515332     
  0.48875978656250013     
  0.49231180501390964     
  0.49588444469760018     
  0.49947779527091590     
  0.50309194665070023     
  0.50672698901367208     
  0.51038301279680021     
  0.51406010869767838     
  0.51775836767490024     
  0.52147788094843461     
  0.52521874000000024     
  0.52898103657344087     
  0.53276486267510026     
  0.53657031057419724     
  0.54039747280319983     
  0.54424644215820295     
  0.54811731169929978     
  0.55201017475095926     
  0.55592512490239987     
  0.55986225600796546     
  0.56382166218749996     
  0.56780343782672182     
  0.57180767757759987     
  0.57583447635872798     
  0.57988392935569977     
  0.58395613202148422     
  0.58805118007680002     
  0.59216916951049048     
  0.59631019657990003     
  0.60047435781124681     
  0.60466174999999989     
  0.60887247021125301     
  0.61310661578009995     
  0.61736428431200940     
  0.62164557368319984     
  0.62595058204101561     
  0.63027940780429992     
  0.63463214966377168     
  0.63900890658240006     
  0.64340977779577790     
  0.64783486281249980     
  0.65228426141453422     
  0.65675807365759997     
  0.66125639987154072     
  0.66577934066069999     
  0.67032699690429676     
  0.67489946975679993     
  0.67949686064830317     
  0.68411927128490002     
  0.68876680364905940     
  0.69343955999999995     
  0.69813764287406566     
  0.70286115508509994     
  0.70761019972482186     
  0.71238488016320012     
  0.71718530004882808     
  0.72201156330929994     
  0.72686377415158443     
  0.73174203706239993     
  0.73664645680859064     
  0.74157713843749995     
  0.74653418727734677     
  0.75151770893759995     
  0.75652780930935304     
  0.76156459456570014     
  0.76662817116210935     
  0.77171864583680005     
  0.77683612561111570     
  0.78198071778989986     
  0.78715252996187202     
  0.79235166999999995     
  0.79757824606187810     
  0.80283236659010015     
  0.80811414031263451     
  0.81342367624320000     
  0.81876108368164069     
  0.82412647221430002     
  0.82951995171439707     
  0.83494163234240004     
  0.84039162454640337     
  0.84587003906249991     
  0.85137698691515939     
  0.85691257941760024     
  0.86247692817216548     
  0.86807014507070024     
  0.87369234229492210     
  0.87934363231680013     
  0.88502412789892837     
  0.89073394209490009     
  0.89647318824968469     
  0.90224198000000022     
  0.90804043127469092     
  0.91386865629510028     
  0.91972676957544686     
  0.92561488592320029     
  0.93153312043945313     
  0.93748158851930008     
  0.94346040585220958     
  0.94946968842240009     
  0.95550955250921610     
  0.96158011468750038     
  0.96768149182797214     
  0.97381380109760007     
  0.97997715995997836     
  0.98617168617570039     
  0.99239749780273456     
  0.99865471319680033     
   1.0049434510117408     
   1.0112638301999002     
   1.0176159700124974     
   1.0239999900000005     
   1.0304160100125035     
   1.0368641502001004     
   1.0433445310132599     
   1.0498572732032005     
   1.0564024978222659     
   1.0629803262243005     
   1.0695908800650222     
   1.0762342813024006     
   1.0829106521970286     
   1.0896201153125005     
   1.0963627935157849     
   1.1031388099776003     
   1.1099482881727913     
   1.1167913518807004     
   1.1236681251855472     
   1.1305787324768004     
   1.1375232984495536     
   1.1445019481049004     
   1.1515148067503096     
   1.1585620000000003     
   1.1656436537753161     
   1.1727598943051003     
   1.1799108481260723     
   1.1870966420832005     
   1.1943174033300785     
   1.2015732593293005     
   1.2088643378528348     
   1.2161907669824004     
   1.2235526751098411     
   1.2309501909375002     
   1.2383834434785974     
   1.2458525620576006     
   1.2533576763106029     
   1.2608989161856998     
   1.2684764119433594     
   1.2760902941567998     
   1.2837406937123657     
   1.2914277418098998     
   1.2991515699631213     
   1.3069123099999997     
   1.3147100940631278     
   1.3225450546100999     
   1.3304173244138842     
   1.3383270365631998     
   1.3462743244628901     
   1.3542593218342995     
   1.3622821627156467     
   1.3703429814624000     
   1.3784419127476528     
   1.3865790915624998     
   1.3947546532164092     
   1.4029687333376000     
   1.4112214678734152     
   1.4195129930906998     
   1.4278434455761717     
   1.4362129622367996     
   1.4446216803001783     
   1.4530697373148995     
   1.4615572711509346     
   1.4700844199999996     
   1.4786513223759405     
   1.4872581171150998     
   1.4959049433766967     
   1.5045919406431998     
   1.5133192487207030     
   1.5220870077392996     
   1.5308953581534592     
   1.5397444407423997     
   1.5486343966104656     
   1.5575653671875000     
   1.5665374942292221     
   1.5755509198175999     
   1.5846057863612280     
   1.5937022365957003     
   1.6028404135839844     
   1.6120204607167996     
   1.6212425217129904     
   1.6305067406198999     
   1.6398132618137471     
   1.6491622300000000     
   1.6585537902137530     
   1.6679880878201003     
   1.6774652685145091     
   1.6869854783232003     
   1.6965488636035158     
   1.7061555710443002     
   1.7158057476662720     
   1.7254995408224001     
   1.7352370981982785     
   1.7450185678125003     
   1.7548440980170346     
   1.7647138374976001     
   1.7746279352740408     
   1.7845865407007004     
   1.7945898034667969     
   1.8046378735968007     
   1.8147309014508033     
   1.8248690377248999     
   1.8350524334515599     
   1.8452812400000003     
   1.8555556090765657     
   1.8658756927250999     
   1.8762416433273221     
   1.8866536136032006     
   1.8971117566113282     
   1.9076162257493003     
   1.9181671747540847     
   1.9287647577024003     
   1.9394091290110911     
   1.9501004434375004     
   1.9608388560798473     
   1.9716245223776003     
   1.9824575981118537     
   1.9933382394057002     
   2.0042666027246097     
   2.0152428448768003     
   2.0262671230136164     
   2.0373395946299002     
   2.0484604175643724     
   2.0596297500000000     
   2.0708477504643783     
   2.0821145778301005     
   2.0934303913151351     
   2.1047953504832009     
   2.1162096152441410     
   2.1276733458543009     
   2.1391867029168976     
   2.1507498473824005     
   2.1623629405489035     
   2.1740261440625006     
   2.1857396199176602     
   2.1975035304576003     
   2.2093180383746662     
   2.2211833067107007     
   2.2330994988574226     
   2.2450667785568008     
   2.2570853099014290     
   2.2691552573349005     
   2.2812767856521852     
   2.2934500600000010     
   2.3056752458771910     
   2.3179525091351008     
   2.3302820159779474     
   2.3426639329632009     
   2.3550984270019533     
   2.3675856653593010     
   2.3801258156547100     
   2.3927190458624010     
   2.4053655243117165     
   2.4180654196875002     
   2.4308189010304728     
   2.4436261377376010     
   2.4564872995624794     
   2.4694025566157007     
   2.4823720793652351     
   2.4953960386368013     
   2.5084746056142415     
   2.5216079518399011     
   2.5347962492149980     
   2.5480396700000001     
   2.5613383868150024     
   2.5746925726401000     
   2.5881024008157589     
   2.6015680450431993     
   2.6150896793847651     
   2.6286674782642998     
   2.6423016164675217     
   2.6559922691423994     
   2.6697396117995273     
   2.6835438203124999     
   2.6974050709182835     
   2.7113235402176001     
   2.7252994051752903     
   2.7393328431206996     
   2.7534240317480463     
   2.7675731491167999     
   2.7817803736520532     
   2.7960458841448999     
   2.8103698597528091     
   2.8247524799999995     
   2.8391939247778155     
   2.8536943743450998     
   2.8682540093285716     
   2.8828730107232001     
   2.8975515598925781     
   2.9122898385692992     
   2.9270880288553340     
   2.9419463132224002     
   2.9568648745123411     
   2.9718438959375000     
   2.9868835610810969     
   3.0019840538975995     
   3.0171455587131026     
   3.0323682602257005     
   3.0476523435058596     
   3.0629979939967997     
   3.0784053975148660     
   3.0938747402499001     
   3.1094062087656220     
   3.1249999900000001     
   3.1406562712656294     
   3.1563752402500995     
   3.1721570850163858     
   3.1880019940032005     
   3.2039101560253926     
   3.2198817602743000     
   3.2359169963181484     
   3.2520160541024006     
   3.2681791239501550     
   3.2844063965624999     
   3.3006980630189116     
   3.3170543147776002     
   3.3334753436759184     
   3.3499613419307011     
   3.3665125021386735     
   3.3831290172767998     
   3.3998110807026802     
   3.4165588861548999     
   3.4333726277534367     
   3.4502524999999999     
   3.4671986977784419     
   3.4842114163551003     
   3.5012908513791987     
   3.5184371988832002     
   3.5356506552832019     
   3.5529314173793001     
   3.5702796823559577     
   3.5876956477823998     
   3.6051795116129646     
   3.6227314721874997     
   3.6403517282317206     
   3.6580404788576000     
   3.6757979235637266     
   3.6936242622356996     
   3.7115196951464826     
   3.7294844229568005     
   3.7475186467154891     
   3.7656225678599005     
   3.7837963882162442     
   3.8020403100000006     
   3.8203545358162523     
   3.8387392686601012     
   3.8571947119170082     
   3.8757210693632005     
   3.8943185451660138     
   3.9129873438843008     
   3.9317276704687698     
   3.9505397302624017     
   3.9694237290007779     
   3.9883798728125002     
   4.0074083682195338     
   4.0265094221376012     
   4.0456832418765396     
   4.0649300351407005     
   4.0842500100292964     
   4.1036433750368015     
   4.1231103390533024     
   4.1426511113649003     
   4.1622659016540586     
   4.1819549200000008     
   4.2017183768790645     
   4.2215564831651005     
   4.2414694501298200     
   4.2614574894432016     
   4.2815208131738265     
   4.3016596337893018     
   4.3218741641565828     
   4.3421646175424016     
   4.3625312076135891     
   4.3829741484375004     
   4.4034936544823466     
   4.4240899406176020     
   4.4447632221143518     
   4.4655137146457022     
   4.4863416342871094     
   4.5072471975168016     
   4.5282306212161156     
   4.5492921226699012     
   4.5704319195668708     
   4.5916502300000008     
   4.6129472724668776     
   4.6343232658701004     
   4.6557784295176337     
   4.6773129831232003     
   4.6989271468066400     
   4.7206211410943011     
   4.7423951869193957     
   4.7642495056224021     
   4.7861843189514026     
   4.8081998490625013     
   4.8302963185201584     
   4.8524739502976013     
   4.8747329677771640     
   4.8970735947507018     
   4.9194960554199216     
   4.9420005743968032     
   4.9645873767039275     
   4.9872566877749014     
   5.0100087334546837     
   5.0328437400000023     
   5.0557619340796895     
   5.0787635427751017     
   5.1018487935804471     
   5.1250179144032018     
   5.1482711335644540     
   5.1716086797993022     
   5.1950307822572093     
   5.2185376705024034     
   5.2421295745142160     
   5.2658067246875024     
   5.2895693518329718     
   5.3134176871776040     
   5.3373519623649779     
   5.3613724094557016     
   5.3854792609277347     
   5.4096727496768038     
   5.4339531090167412     
   5.4583205726799031     
   5.4827753748174972     
   5.5073177500000021     
   5.5319479332175021     
   5.5566661598801037     
   5.5814726658182590     
   5.6063676872832025     
   5.6313514609472657     
   5.6564242239043026     
   5.6815862136700224     
   5.7068376681824020     
   5.7321788258020279     
   5.7576099253125044     
   5.7831312059207836     
   5.8087429072576038     
   5.8344452693777917     
   5.8602385327607029     
   5.8861229383105469     
   5.9120987273568026     
   5.9381661416545537     
   5.9643254233849037     
   5.9905768151553085     
   6.0169205600000035     
   6.0433569013803154     
   6.0698860831851045     
   6.0965083497310717     
   6.1232239457632032     
   6.1500331164550790     
   6.1769361074093032     
   6.2039331646578351     
   6.2310245346624047     
   6.2582104643148408     
   6.2854912009375026     
   6.3128669922835980     
   6.3403380865376029     
   6.3679047323156039     
   6.3955671786656989     
   6.4233256750683596     
   6.4511804714367980     
   6.4791318181173656     
   6.5071799658898977     
   6.5353251659681240     
   6.5635676699999985     
   6.5919077300681304     
   6.6203455986900970     
   6.6488815288188858     
   6.6775157738431981     
   6.7062485875878917     
   6.7350802243142978     
   6.7640109387206486     
   6.7930409859423984     
   6.8221706215526545     
   6.8514001015624979     
   6.8807296824214115     
   6.9101596210175984     
   6.9396901746784181     
   6.9693216011706980     
   6.9990541587011741     
   7.0288881059167974     
   7.0588237019051787     
   7.0888612061948990     
   7.1190008787559353     
   7.1492429799999986     
   7.1795877707809428     
   7.2100355123950974     
   7.2405864665816990     
   7.2712408955231966     
   7.3019990618457031     
   7.3328612286192989     
   7.3638276593584608     
   7.3948986180223990     
   7.4260743690154687     
   7.4573551771874991     
   7.4887413078342231     
   7.5202330266975972     
   7.5518305999662303     
   7.5835342942756974     
   7.6153443767089843     
   7.6472611147967990     
   7.6792847765179921     
   7.7114156302998991     
   7.7436539450187496     
   7.7759999899999999     
   7.8084540350187570     
   7.8410163503000998     
   7.8736872065195129     
   7.9064668748031970     
   7.9393556267285161     
   7.9723537343242983     
   8.0054614700712765     
   8.0386791069024000     
   8.0720069182032805     
   8.1054451778124985     
   8.1389941600220368     
   8.1726541395776007     
   8.2064253916790424     
   8.2403081919806969     
   8.2743028165917991     
   8.3084095420767987     
   8.3426286454558038     
   8.3769604042048993     
   8.4114050962565639     
   8.4459629999999990     
   8.4806343942815694     
   8.5154195584050996     
   8.5503187721323268     
   8.5853323156831998     
   8.6204604697363330     
   8.6557035154292965     
   8.6910617343590850     
   8.7265354085823983     
   8.7621248206160924     
   8.7978302534374997     
   8.8336519904848494     
   8.8695903156576019     
   8.9056455133168573     
   8.9418178682856997     
   8.9781076658496133     
   9.0145151917567983     
   9.0510407322186204     
   9.0876845739098986     
   9.1244470039693741     
   9.1613283100000000     
   9.1983287800693816     
   9.2354487027100998     
   9.2726883669201392     
   9.3100480621632009     
   9.3475280783691446     
   9.3851287059342994     
   9.4228502357219028     
   9.4606929590623992     
   9.4986571677539047     
   9.5367431540624992     
   9.5749512107226629     
   9.6132816309376015     
   9.6517347083796690     
   9.6903107371906998     
   9.7290100119824263     
   9.7678328278367985     
   9.8067794803064317     
   9.8458502654149012     
   9.8850454796571903     
   9.9243654200000009     
   9.9638103838821959     
   10.003380669215099     
   10.043076574382951     
   10.082898398243200     
   10.122846440126956     
   10.162920999839301     
   10.203122377659716     
   10.243450874342400     
   10.283906791116722     
   10.324490429687499     
   10.365202092235478     
   10.406042081417601     
   10.447010700367484     
   10.488108252695699     
   10.529335042490240     
   10.570691374316802     
   10.612177553219245     
   10.653793884719899     
   10.695540674820004     
   10.737418229999999     
   10.779426857220001     
   10.821566863920099     
   10.863838558020753     
   10.906242247923203     
   10.948778242509762     
   10.991446851144300     
   11.034248383672518     
   11.077183150422405     
   11.120251462204525     
   11.163453630312501     
   11.206789966523282     
   11.250260783097602     
   11.293866392780288     
   11.337607108800702     
   11.381483244873042     
   11.425495115196799     
   11.469643034457050     
   11.513927317824903     
   11.558348280957809     
   11.602906240000003     
   11.647601511582813     
   11.692434412825104     
   11.737405261333569     
   11.782514375203203     
   11.827762073017576     
   11.873148673849302     
   11.918674497260334     
   11.964339863302403     
   12.010145092517339     
   12.056090505937503     
   12.102176425086094     
   12.148403171977604     
   12.194771069118099     
   12.241280439505704     
   12.287931606630856     
   12.334724894476802     
   12.381660627519864     
   12.428739130729904     
   12.475960729570621     
   12.523325750000001     
   12.570834518470626     
   12.618487361930105     
   12.666284607821380     
   12.714226584083201     
   12.762313619150390     
   12.810546041954302     
   12.858924181923145     
   12.907448368982406     
   12.956118933555153     
   13.004936206562503     
   13.053900519423909     
   13.103012204057606     
   13.152271592880913     
   13.201679018810701     
   13.251234815263672     
   13.300939316156803     
   13.350792855907676     
   13.400795769434904     
   13.450948392158434     
   13.501251060000005     
   13.551704109383440     
   13.602307877235104     
   13.653062700984195     
   13.703968918563202     
   13.755026868408201     
   13.806236889459306     
   13.857599321160958     
   13.909114503462407     
   13.960782776817966     
   14.012604482187504     
   14.064579961036719     
   14.116709555337604     
   14.168993607568728     
   14.221432460715702     
   14.274026458271484     
   14.326775944236806     
   14.379681263120487     
   14.432742759939906     
   14.485960780221248     
   14.539335670000005     
   14.592867775821251     
   14.646557444740107     
   14.700405024322011     
   14.754410862643207     
   14.808575308291013     
   14.862898710364307     
   14.917381418473772     
   14.972023782742404     
   15.026826153805779     
   15.081788882812504     
   15.136912321424534     
   15.192196821817607     
   15.247642736681543     
   15.303250419220705     
   15.359020223154296     
   15.414952502716808     
   15.471047612658301     
   15.527305908244905     
   15.583727745259058     
   15.640313480000005     
   15.697063469284066     
   15.753978070445108     
   15.811057641334823     
   15.868302540323205     
   15.925713126298829     
   15.983289758669310     
   16.041032797361584     
   16.098942602822408     
   16.157019536018595     
   16.215263958437504     
   16.273676232087347     
   16.332256719497607     
   16.391005783719358     
   16.449923788325705     
   16.509011097412110     
   16.568268075596809     
   16.627695088021117     
   16.687292500349908     
   16.747060678771874     
   16.806999990000005     
   16.867110801271878     
   16.927393480350108     
   16.987848395522636     
   17.048475915603206     
   17.109276409931642     
   17.170250248374312     
   17.231397801324395     
   17.292719439702395     
   17.354215534956406     
   17.415886459062495     
   17.477732584525160     
   17.539754284377594     
   17.601951932182168     
   17.664325902030697     
   17.726876568544924     
   17.789604306876793     
   17.852509492708929     
   17.915592502254892     
   17.978853712259689     
   18.042293500000000     
   18.105912243284692     
   18.169710320455099     
   18.233688110385454     
   18.297845992483197     
   18.362184346689457     
   18.426703553479296     
   18.491403993862217     
   18.556286049382393     
   18.621350102119219     
   18.686596534687496     
   18.752025730237968     
   18.817638072457601     
   18.883433945569987     
   18.949413734335696     
   19.015577824052738     
   19.081926600556798     
   19.148460450221744     
   19.215179759959899     
   19.282084917222502     
   19.349176309999997     
   19.416454326822507     
   19.483919356760097     
   19.551571789423264     
   19.619412014963199     
   19.687440424072268     
   19.755657407984302     
   19.824063358475030     
   19.892658667862396     
   19.961443729007033     
   20.030418935312500     
   20.099584680725783     
   20.168941359737598     
   20.238489367382797     
   20.308229099240695     
   20.378160951435554     
   20.448285320636803     
   20.518602604059563     
   20.589113199464894     
   20.659817505160316     
   20.730715919999994     
   20.801808843385320     
   20.873096675265096     
   20.944579816136077     
   21.016258667043200     
   21.088133629580085     
   21.160205105889304     
   21.232473498662841     
   21.304939211142401     
   21.377602647119847     
   21.450464210937493     
   21.523524307488604     
   21.596783342217595     
   21.670241721120611     
   21.743899850745702     
   21.817758138193362     
   21.891816991116801     
   21.966076817722374     
   22.040538026769898     
   22.115201027573129     
   22.190066229999999     
   22.265134044473140     
   22.340404881970102     
   22.415879154023891     
   22.491557272723195     
   22.567439650712899     
   22.643526701194297     
   22.719818837925658     
   22.796316475222405     
   22.873020027957658     
   22.949929911562499     
   23.027046542026422     
   23.104370335897599     
   23.181901710283423     
   23.259641082850703     
   23.337588871826178     
   23.415745495996799     
   23.494111374710190     
   23.572686927874901     
   23.651472575960945     
   23.730468739999999     
   23.809675841585946     
   23.889094302875097     
   23.968724546586706     
   24.048566996003199     
   24.128622074970714     
   24.208890207899298     
   24.289371819763474     
   24.370067336102405     
   24.450977183020473     
   24.532101787187500     
   24.613441575839236     
   24.694996976777603     
   24.776768418371233     
   24.858756329555703     
   24.940961139833991     
   25.023383279276796     
   25.106023178523007     
   25.188881268779905     
   25.271957981823753     
   25.355253749999999     
   25.438769006223769     
   25.522504183980097     
   25.606459717324526     
   25.690636040883206     
   25.775033589853525     
   25.859652800004305     
   25.944494107676288     
   26.029557949782401     
   26.114844763808293     
   26.200354987812503     
   26.286089060427052     
   26.372047420857601     
   26.458230508884053     
   26.544638764860707     
   26.631272629716804     
   26.718132544956802     
   26.805218952660795     
   26.892532295484905     
   26.980073016661557     
   27.067841559999998     
   27.155838369886560     
   27.244063891285101     
   27.332518569737321     
   27.421202851363208     
   27.510117182861329     
   27.599262011509296     
   27.688637785164076     
   27.778244952262408     
   27.868083961821085     
   27.958155263437508     
   28.048459307289846     
   28.138996544137605     
   28.229767425321846     
   28.320772402765709     
   28.412011928974604     
   28.503486457036804     
   28.595196440623607     
   28.687142333989911     
   28.779324591974369     
   28.871743670000004     
   28.964400024074376     
   29.057294110790110     
   29.150426387325123     
   29.243797311443206     
   29.337407341494135     
   29.431256936414300     
   29.525346555726898     
   29.619676659542410     
   29.714247708558897     
   29.809060164062501     
   29.904114487927657     
   29.999411142617603     
   30.094950591184663     
   30.190733297270707     
   30.286759725107419     
   30.383030339516804     
   30.479545605911426     
   30.576305990294916     
   30.673311959262183     
   30.770563980000013     
   30.868062520287189     
   30.965808048495109     
   31.063801033587939     
   31.162041945123203     
   31.260531253251951     
   31.359269428719308     
   31.458256942864704     
   31.557494267622413     
   31.656981875521716     
   31.756720239687507     
   31.856709833840466     
   31.956951132297611     
   32.057444609972478     
   32.158190742375702     
   32.259190005615231     
   32.360442876396803     
   32.461949832024231     
   32.563711350399913     
   32.665727910024998     
   32.767999990000014     
   32.870528070024996     
   32.973312630400116     
   33.076354152025758     
   33.179653116403209     
   33.283210005634764     
   33.387025302424313     
   33.491099490077524     
   33.595433052502415     
   33.700026474209523     
   33.804880240312507     
   33.909994836528277     
   34.015370749177613     
   34.121008465185298     
   34.226908472080709     
   34.333071257998050     
   34.439497311676817     
   34.546187122462051     
   34.653141180304914     
   34.760359975762810     
   34.867844000000012     
   34.975593744787822     
   35.083609702505115     
   35.191892366138575     
   35.300442229283206     
   35.409259786142577     
   35.518345531529320     
   35.627699960865336     
   35.737323570182411     
   35.847216856122344     
   35.957380315937506     
   36.067814447491095     
   36.178519749257617     
   36.289496720323100     
   36.400745860385712     
   36.512267669755857     
   36.624062649356809     
   36.736131300724857     
   36.848474126009904     
   36.961091627975620     
   37.073984310000014     
   37.187152676075627     
   37.300597230810112     
   37.414318479426385     
   37.528316927763207     
   37.642593082275390     
   37.757147450034310     
   37.871980538728145     
   37.987092856662414     
   38.102484912760154     
   38.218157216562517     
   38.334110278228913     
   38.450344608537613     
   38.566860718885920     
   38.683659121290717     
   38.800740328388677     
   38.918104853436816     
   39.035753210312677     
   39.153685913514913     
   39.271903478163431     
   39.390406420000005     
   39.509195255388441     
   39.628270501315114     
   39.747632675389205     
   39.867282295843218     
   39.987219881533207     
   40.107445951939297     
   40.227961027165961     
   40.348765627942392     
   40.469860275622963     
   40.591245492187497     
   40.712921800241723     
   40.834889723017596     
   40.957149784373733     
   41.079702508795698     
   41.202548421396486     
   41.325688047916799     
   41.449121914725495     
   41.572850548819886     
   41.696874477826256     
   41.821194229999989     
   41.945810334226252     
   42.070723320020093     
   42.195933717527019     
   42.321442057523193     
   42.447248871416022     
   42.573354691244290     
   42.699760049678780     
   42.826465480022399     
   42.953471516210783     
   43.080778692812487     
   43.208387545029538     
   43.336298608697589     
   43.464512420286553     
   43.593029516900700     
   43.721850436279304     
   43.850975716796796     
   43.980405897463314     
   44.110141517924887     
   44.240183118464074     
   44.370531239999991     
   44.501186424089077     
   44.632149212925093     
   44.763420149339829     
   44.894999776803196     
   45.026888639423845     
   45.159087281949290     
   45.291596249766606     
   45.424416088902390     
   45.557547346023597     
   45.690990568437492     
   45.824746304092344     
   45.958815101577585     
   46.093197510124369     
   46.227894079605704     
   46.362905360537120     
   46.498231904076789     
   46.633874262026133     
   46.769832986829904     
   46.906108631576885     
   47.042701749999985     
   47.179612896476890     
   47.316842626030095     
   47.454391494327638     
   47.592260057683198     
   47.730448873056652     
   47.868958498054297     
   48.007789490929412     
   48.146942410582390     
   48.286417816561418     
   48.426216269062500     
   48.566338328930172     
   48.706784557657592     
   48.847555517387185     
   48.988651770910700     
   49.130073881669929     
   49.271822413756794     
   49.413897931913944     
   49.556301001534905     
   49.699032188664702     
   49.842092060000006     
   49.985481182889714     
   50.129200125335103     
   50.273249455990459     
   50.417629744163200     
   50.562341559814470     
   50.707385473559292     
   50.852762056667224     
   50.998471881062407     
   51.144515519324230     
   51.290893544687499     
   51.437606531042995     
   51.584655052937592     
   51.732039685574989     
   51.879761004815698     
   52.027819587177746     
   52.176216009836800     
   52.324950850626763     
   52.474024688039911     
   52.623438101227521     
   52.773191670000003     
   52.923285974827522     
   53.073721596840095     
   53.224499117828280     
   53.375619120243215     
   53.527082187197287     
   53.678888902464294     
   53.831039850480032     
   53.983535616342408     
   54.136376785812040     
   54.289563945312509     
   54.443097681930801     
   54.596978583417602     
   54.751207238187810     
   54.905784235320702     
   55.060710164560575     
   55.215985616316800     
   55.371611181664584     
   55.527587452344910     
   55.683915020765333     
   55.840594480000007     
   55.997626423790337     
   56.155011446545110     
   56.312750143341098     
   56.470843109923209     
   56.629290942705097     
   56.788094238769304     
   56.947253595867863     
   57.106769612422418     
   57.266642887524860     
   57.426874020937497     
   57.587463613093625     
   57.748412265097620     
   57.909720578725583     
   58.071389156425703     
   58.233418601318355     
   58.395809517196795     
   58.558562508527352     
   58.721678180449913     
   58.885157138778119     
   59.048999990000013     
   59.213207341278121     
   59.377779800450107     
   59.542717976028875     
   59.708022477203201     
   59.873693913837890     
   60.039732896474305     
   60.206140036330638     
   60.372915945302417     
   60.540061235962661     
   60.707576521562501     
   60.875462416031404     
   61.043719533977608     
   61.212348490688392     
   61.381349902130708     
   61.550724384951174     
   61.720472556476807     
   61.890595034715162     
   62.061092438354912     
   62.231965386765921     
   62.403214500000011     
   62.574840398790933     
   62.746843704555111     
   62.919225039391684     
   63.091985026083208     
   63.265124288095699     
   63.438643449579317     
   63.612543135368455     
   63.786823970982404     
   63.961486582625454     
   64.136531597187513     
   64.311959642244204     
   64.487771346057613     
   64.663967337576224     
   64.840548246435716     
   65.017514702958977     
   65.194867338156797     
   65.372606783727974     
   65.550733672059920     
   65.729248636228746     
   65.908152310000006     
   66.087445327828746     
   66.267128324860110     
   66.447201936929517     
   66.627666800563219     
   66.808523552978514     
   66.989772832084313     
   67.171415276481270     
   67.353451525462418     
   67.535882219013274     
   67.718707997812515     
   67.901929503232026     
   68.085547377337619     
   68.269562262889053     
   68.453974803340728     
   68.638785642841796     
   68.823995426236820     
   69.009604799065798     
   69.195614407564918     
   69.382024898666543     
   69.568836920000024     
   69.756051119891566     
   69.943668147365130     
   70.131688652142316     
   70.320113284643213     
   70.508942695986335     
   70.698177537989324     
   70.887818463169069     
   71.077866124742428     
   71.268321176626102     
   71.459184273437515     
   71.650456070494840     
   71.842137223817630     
   72.034228390126842     
   72.226730226845717     
   72.419643392099616     
   72.612968544716821     
   72.806706344228601     
   73.000857450869916     
   73.195422525579374     
   73.390402230000021     
   73.585797226479372     
   73.781608178070115     
   73.977835748530126     
   74.174480602323229     
   74.371543404619132     
   74.569024821294320     
   74.766925518931899     
   74.965246164822432     
   75.163987426963899     
   75.363149974062509     
   75.562734475532650     
   75.762741601497638     
   75.963172022789664     
   76.164026410950711     
   76.365305438232426     
   76.567009777596837     
   76.769140102716435     
   76.971697087974917     
   77.174681408467180     
   77.378093740000011     
   77.581934759092192     
   77.786205142975120     
   77.990905569592940     
   78.196036717603221     
   78.401599266376948     
   78.607593895999344     
   78.814021287269725     
   79.020882121702428     
   79.228177081526738     
   79.435906849687512     
   79.644072109845482     
   79.852673546377630     
   80.061711844377498     
   80.271187689655733     
   80.481101768740245     
   80.691454768876824     
   80.902247378029259     
   81.113480284879941     
   81.325154178830005     
   81.537269749999993     
   81.749827689230017     
   81.962828688080080     
   82.176273438830776     
   82.390162634483190     
   82.604496968759790     
   82.819277136104276     
   83.034503831682542     
   83.250177751382367     
   83.466299591814533     
   83.682870050312488     
   83.899889824933283     
   84.117359614457584     
   84.335280118390301     
   84.553652036960699     
   84.772476071123052     
   84.991752922556785     
   85.211483293667072     
   85.431667887584879     
   85.652307408167829     
   85.873402559999988     
   86.094954048392822     
   86.316962579385077     
   86.539428859743580     
   86.762353596963194     
   86.985737499267586     
   87.209581275609295     
   87.433885635670364     
   87.658651289862391     
   87.883878949327354     
   88.109569325937485     
   88.335723132296096     
   88.562341081737586     
   88.789423888328130     
   89.016972266865693     
   89.244986932880877     
   89.473468602636800     
   89.702417993129885     
   89.931835822089894     
   90.161722807980638     
   90.392079669999987     
   90.622907128080627     
   90.854205902890101     
   91.085976715831407     
   91.318220289043197     
   91.550937345400399     
   91.784128608514280     
   92.017794802733164     
   92.251936653142408     
   92.486554885565184     
   92.721650226562502     
   92.957223403433929     
   93.193275144217580     
   93.429806177690949     
   93.666817233370693     
   93.904309041513685     
   94.142282333116796     
   94.380737839917700     
   94.619676294394907     
   94.859098429768451     
   95.099004979999989     
   95.339396679793452     
   95.580274264595090     
   95.821638470594223     
   96.063490034723188     
   96.305829694658215     
   96.548658188819289     
   96.791976256370987     
   97.035784637222406     
   97.280084072027989     
   97.524875302187510     
   97.770159069846756     
   98.015936117897596     
   98.262207189978767     
   98.508973030475701     
   98.756234384521505     
   99.003991997996792     
   99.252246617530517     
   99.500998990499909     
   99.750249865031279     
   99.999999990000006     
   100.25025011503125     
   100.50100099050015     
   100.75225336753206     
   101.00400799800319     
   101.25626563454099     
   101.50902703052435     
   101.76229294008380     
   102.01606411810242     
   102.27034132021572     
   102.52512530281255     
   102.78041682303457     
   103.03621663877759     
   103.29252550869150     
   103.54934419218075     
   103.80667344940433     
   104.06451404127682     
   104.32286672946829     
   104.58173227640496     
   104.84111144526908     
   105.10100500000000     
 r*potential (L=0) in hartree
  -0.0000000000000000     
  -1.4446064377103439E-009
  -3.1922024340171117E-009
  -5.2881310307746388E-009
  -7.7820489862515457E-009
  -1.0728122853149497E-008
  -1.4185225056622177E-008
  -1.8217129972293822E-008
  -2.2892710004278471E-008
  -2.8286131663198645E-008
  -3.4477051644203627E-008
  -4.1550812904989243E-008
  -4.9598640743816223E-008
  -5.8717838877528970E-008
  -6.9011985519574518E-008
  -8.0591129458020812E-008
  -9.3571986133577190E-008
  -1.0807813371761088E-007
  -1.2424020919016829E-007
  -1.4219610441799164E-007
  -1.6209116223253873E-007
  -1.8407837250800331E-007
  -2.0831856823933122E-007
  -2.3498062162024073E-007
  -2.6424164012124028E-007
  -2.9628716256764997E-007
  -3.3131135521761792E-007
  -3.6951720784014050E-007
  -4.1111672979307963E-007
  -4.5633114610118347E-007
  -5.0539109353410260E-007
  -5.5853681668441232E-007
  -6.1601836404563117E-007
  -6.7809578409023428E-007
  -7.4503932134768138E-007
  -8.1712961248242913E-007
  -8.9465788237194772E-007
  -9.7792614018474884E-007
  -1.0672473754583921E-006
  -1.1629457541775270E-006
  -1.2653568148518763E-006
  -1.3748276645942914E-006
  -1.4917171751987645E-006
  -1.6163961792184425E-006
  -1.7492476660436383E-006
  -1.8906669779798724E-006
  -2.0410620063258716E-006
  -2.2008533874516091E-006
  -2.3704746988763029E-006
  -2.5503726553464659E-006
  -2.7410073049138828E-006
  -2.9428522250136987E-006
  -3.1563947185423333E-006
  -3.3821360099356163E-006
  -3.6205914412467969E-006
  -3.8722906682244745E-006
  -4.1377778563907335E-006
  -4.4176118771191238E-006
  -4.7123665037126708E-006
  -5.0226306074819564E-006
  -5.3490083538230984E-006
  -5.6921193982957606E-006
  -6.0525990827013112E-006
  -6.4310986311606313E-006
  -6.8282853461924716E-006
  -7.2448428047911664E-006
  -7.6814710545049302E-006
  -8.1388868095137187E-006
  -8.6178236467073787E-006
  -9.1190322017636897E-006
  -9.6432803652263800E-006
  -1.0191353478583261E-005
  -1.0764054530344210E-005
  -1.1362204352119215E-005
  -1.1986641814696729E-005
  -1.2638224024121367E-005
  -1.3317826517772295E-005
  -1.4026343460440907E-005
  -1.4764687840409477E-005
  -1.5533791665529029E-005
  -1.6334606159297621E-005
  -1.7168101956937815E-005
  -1.8035269301476233E-005
  -1.8937118239820341E-005
  -1.9874678818836472E-005
  -2.0849001281429569E-005
  -2.1861156262620600E-005
  -2.2912234985624611E-005
  -2.4003349457928663E-005
  -2.5135632667370989E-005
  -2.6310238778218976E-005
  -2.7528343327246595E-005
  -2.8791143419814723E-005
  -3.0099857925947577E-005
  -3.1455727676412836E-005
  -3.2860015658798694E-005
  -3.4314007213592757E-005
  -3.5819010230262035E-005
  -3.7376355343328482E-005
  -3.8987396128451050E-005
  -4.0653509298503122E-005
  -4.2376094899650233E-005
  -4.4156576507429410E-005
  -4.5996401422829796E-005
  -4.7897040868370088E-005
  -4.9859990184177678E-005
  -5.1886769024068510E-005
  -5.3978921551625785E-005
  -5.6138016636279224E-005
  -5.8365648049384881E-005
  -6.0663434660307603E-005
  -6.3033020632493114E-005
  -6.5476075619555940E-005
  -6.7994294961357788E-005
  -7.0589399880084691E-005
  -7.3263137676327431E-005
  -7.6017281925166535E-005
  -7.8853632672249360E-005
  -8.1774016629872101E-005
  -8.4780287373060256E-005
  -8.7874325535653683E-005
  -9.1058039006381304E-005
  -9.4333363124951230E-005
  -9.7702260878126360E-005
  -1.0116672309581157E-004
  -1.0472876864713390E-004
  -1.0839044463652756E-004
  -1.1215382659981749E-004
  -1.1602101870029846E-004
  -1.1999415392483489E-004
  -1.2407539427991988E-004
  -1.2826693098778549E-004
  -1.3257098468248208E-004
  -1.3698980560595121E-004
  -1.4152567380413422E-004
  -1.4618089932303866E-004
  -1.5095782240484988E-004
  -1.5585881368399351E-004
  -1.6088627438324860E-004
  -1.6604263650982546E-004
  -1.7133036305146468E-004
  -1.7675194817251522E-004
  -1.8230991741005324E-004
  -1.8800682786994347E-004
  -1.9384526842296482E-004
  -1.9982785990088991E-004
  -2.0595725529258210E-004
  -2.1223613994010977E-004
  -2.1866723173482257E-004
  -2.2525328131346999E-004
  -2.3199707225430452E-004
  -2.3890142127317812E-004
  -2.4596917841964426E-004
  -2.5320322727308855E-004
  -2.6060648513880649E-004
  -2.6818190324414477E-004
  -2.7593246693458822E-004
  -2.8386119586989696E-004
  -2.9197114422020243E-004
  -3.0026540086216348E-004
  -3.0874708957504427E-004
  -3.1741936923686297E-004
  -3.2628543402051820E-004
  -3.3534851358991632E-004
  -3.4461187329612626E-004
  -3.5407881437346739E-004
  -3.6375267413568321E-004
  -3.7363682617210046E-004
  -3.8373468054373871E-004
  -3.9404968397947684E-004
  -4.0458532007221412E-004
  -4.1534510947503252E-004
  -4.2633261009733108E-004
  -4.3755141730103406E-004
  -4.4900516409673369E-004
  -4.6069752133988439E-004
  -4.7263219792697522E-004
  -4.8481294099172784E-004
  -4.9724353610127944E-004
  -5.0992780745240775E-004
  -5.2286961806770381E-004
  -5.3607286999181976E-004
  -5.4954150448764292E-004
  -5.6327950223260107E-004
  -5.7729088351481160E-004
  -5.9157970842937805E-004
  -6.0615007707464372E-004
  -6.2100612974841829E-004
  -6.3615204714428551E-004
  -6.5159205054784845E-004
  -6.6733040203304655E-004
  -6.8337140465844597E-004
  -6.9971940266353328E-004
  -7.1637878166508459E-004
  -7.3335396885344187E-004
  -7.5064943318890731E-004
  -7.6826968559805958E-004
  -7.8621927917018274E-004
  -8.0450280935356368E-004
  -8.2312491415202811E-004
  -8.4209027432121698E-004
  -8.6140361356510698E-004
  -8.8106969873241227E-004
  -9.0109334001310995E-004
  -9.2147939113489021E-004
  -9.4223274955957087E-004
  -9.6335835667982640E-004
  -9.8486119801555238E-004
  -1.0067463034104758E-003
  -1.0290187472287841E-003
  -1.0516836485516862E-003
  -1.0747461713740874E-003
  -1.0982115248012101E-003
  -1.1220849632452730E-003
  -1.1463717866222458E-003
  -1.1710773405485566E-003
  -1.1962070165378910E-003
  -1.2217662521978806E-003
  -1.2477605314271190E-003
  -1.2741953846118470E-003
  -1.3010763888229616E-003
  -1.3284091680128634E-003
  -1.3561993932125170E-003
  -1.3844527827283316E-003
  -1.4131751023393772E-003
  -1.4423721654942508E-003
  -1.4720498335083886E-003
  -1.5022140157611996E-003
  -1.5328706698931813E-003
  -1.5640258020032972E-003
  -1.5956854668462001E-003
  -1.6278557680297380E-003
  -1.6605428582121722E-003
  -1.6937529392997801E-003
  -1.7274922626443925E-003
  -1.7617671292409524E-003
  -1.7965838899250614E-003
  -1.8319489455708821E-003
  -1.8678687472887809E-003
  -1.9043497966231423E-003
  -1.9413986457504744E-003
  -1.9790218976771978E-003
  -2.0172262064377805E-003
  -2.0560182772928516E-003
  -2.0954048669274972E-003
  -2.1353927836495683E-003
  -2.1759888875878715E-003
  -2.2172000908909925E-003
  -2.2590333579255023E-003
  -2.3014957054748840E-003
  -2.3445942029383070E-003
  -2.3883359725292604E-003
  -2.4327281894748094E-003
  -2.4777780822144361E-003
  -2.5234929325994998E-003
  -2.5698800760923794E-003
  -2.6169469019659171E-003
  -2.6647008535030832E-003
  -2.7131494281965431E-003
  -2.7623001779486026E-003
  -2.8121607092712201E-003
  -2.8627386834858856E-003
  -2.9140418169240519E-003
  -2.9660778811276892E-003
  -3.0188547030495227E-003
  -3.0723801652539355E-003
  -3.1266622061180134E-003
  -3.1817088200323876E-003
  -3.2375280576025308E-003
  -3.2941280258504918E-003
  -3.3515168884159967E-003
  -3.4097028657588163E-003
  -3.4686942353604382E-003
  -3.5284993319264742E-003
  -3.5891265475891275E-003
  -3.6505843321098350E-003
  -3.7128811930822480E-003
  -3.7760256961352464E-003
  -3.8400264651365333E-003
  -3.9048921823962753E-003
  -3.9706315888707712E-003
  -4.0372534843670744E-003
  -4.1047667277469210E-003
  -4.1731802371321952E-003
  -4.2425029901093786E-003
  -4.3127440239351181E-003
  -4.3839124357419393E-003
  -4.4560173827443358E-003
  -4.5290680824449231E-003
  -4.6030738128411963E-003
  -4.6780439126325943E-003
  -4.7539877814281950E-003
  -4.8309148799536772E-003
  -4.9088347302605126E-003
  -4.9877569159339366E-003
  -5.0676910823019283E-003
  -5.1486469366450877E-003
  -5.2306342484060020E-003
  -5.3136628493998181E-003
  -5.3977426340249823E-003
  -5.4828835594744885E-003
  -5.5690956459477151E-003
  -5.6563889768626386E-003
  -5.7447736990684098E-003
  -5.8342600230592212E-003
  -5.9248582231874588E-003
  -6.0165786378792033E-003
  -6.1094316698480236E-003
  -6.2034277863117918E-003
  -6.2985775192082732E-003
  -6.3948914654121097E-003
  -6.4923802869530645E-003
  -6.5910547112331824E-003
  -6.6909255312471716E-003
  -6.7920036058008856E-003
  -6.8942998597321947E-003
  -6.9978252841327304E-003
  -7.1025909365690643E-003
  -7.2086079413061646E-003
  -7.3158874895308691E-003
  -7.4244408395763286E-003
  -7.5342793171473956E-003
  -7.6454143155472573E-003
  -7.7578572959043218E-003
  -7.8716197874005734E-003
  -7.9867133875010932E-003
  -8.1031497621838634E-003
  -8.2209406461715151E-003
  -8.3400978431633650E-003
  -8.4606332260689504E-003
  -8.5825587372428264E-003
  -8.7058863887205934E-003
  -8.8306282624554325E-003
  -8.9567965105569365E-003
  -9.0844033555300477E-003
  -9.2134610905168744E-003
  -9.3439820795378718E-003
  -9.4759787577367062E-003
  -9.6094636316243019E-003
  -9.7444492793263802E-003
  -9.8809483508305821E-003
  -1.0018973568236814E-002
  -1.0158537726008767E-002
  -1.0299653691226422E-002
  -1.0442334403840584E-002
  -1.0586592876929909E-002
  -1.0732442196958847E-002
  -1.0879895524037869E-002
  -1.1028966092185066E-002
  -1.1179667209591126E-002
  -1.1332012258884125E-002
  -1.1486014697398947E-002
  -1.1641688057446448E-002
  -1.1799045946586800E-002
  -1.1958102047904040E-002
  -1.2118870120282316E-002
  -1.2281363998687149E-002
  -1.2445597594445634E-002
  -1.2611584895532600E-002
  -1.2779339966856595E-002
  -1.2948876950550220E-002
  -1.3120210066263347E-002
  -1.3293353611457530E-002
  -1.3468321961705608E-002
  -1.3645129570993092E-002
  -1.3823790972021523E-002
  -1.4004320776518392E-002
  -1.4186733675547543E-002
  -1.4371044439822513E-002
  -1.4557267920026706E-002
  -1.4745419047133779E-002
  -1.4935512832733838E-002
  -1.5127564369362493E-002
  -1.5321588830833845E-002
  -1.5517601472578024E-002
  -1.5715617631982676E-002
  -1.5915652728739738E-002
  -1.6117722265193507E-002
  -1.6321841826697936E-002
  -1.6528027081974293E-002
  -1.6736293783476460E-002
  -1.6946657767761161E-002
  -1.7159134955860439E-002
  -1.7373741353662792E-002
  -1.7590493052299205E-002
  -1.7809406228533272E-002
  -1.8030497145157059E-002
  -1.8253782151396031E-002
  -1.8479277683316253E-002
  -1.8707000264240492E-002
  -1.8936966505169628E-002
  -1.9169193105211257E-002
  -1.9403696852016396E-002
  -1.9640494622220117E-002
  -1.9879603381893460E-002
  -2.0121040186999919E-002
  -2.0364822183862787E-002
  -2.0610966609636384E-002
  -2.0859490792789946E-002
  -2.1110412153598230E-002
  -2.1363748204640112E-002
  -2.1619516551307540E-002
  -2.1877734892324877E-002
  -2.2138421020275863E-002
  -2.2401592822140780E-002
  -2.2667268279846203E-002
  -2.2935465470823996E-002
  -2.3206202568581052E-002
  -2.3479497843279681E-002
  -2.3755369662333159E-002
  -2.4033836491009042E-002
  -2.4314916893047434E-002
  -2.4598629531293492E-002
  -2.4884993168339975E-002
  -2.5174026667185215E-002
  -2.5465748991905842E-002
  -2.5760179208343059E-002
  -2.6057336484805019E-002
  -2.6357240092783063E-002
  -2.6659909407686203E-002
  -2.6965363909592924E-002
  -2.7273623184015883E-002
  -2.7584706922686993E-002
  -2.7898634924364889E-002
  -2.8215427095653889E-002
  -2.8535103451849342E-002
  -2.8857684117796375E-002
  -2.9183189328773451E-002
  -2.9511639431398843E-002
  -2.9843054884556356E-002
  -3.0177456260343846E-002
  -3.0514864245047454E-002
  -3.0855299640140721E-002
  -3.1198783363310230E-002
  -3.1545336449502914E-002
  -3.1894980052003752E-002
  -3.2247735443537540E-002
  -3.2603624017403569E-002
  -3.2962667288639780E-002
  -3.3324886895212839E-002
  -3.3690304599247704E-002
  -3.4058942288291760E-002
  -3.4430821976605130E-002
  -3.4805965806485317E-002
  -3.5184396049631472E-002
  -3.5566135108545338E-002
  -3.5951205517972644E-002
  -3.6339629946381957E-002
  -3.6731431197496500E-002
  -3.7126632211862853E-002
  -3.7525256068449746E-002
  -3.7927325986302884E-002
  -3.8332865326246357E-002
  -3.8741897592632135E-002
  -3.9154446435145318E-002
  -3.9570535650682415E-002
  -3.9990189185242664E-002
  -4.0413431135887801E-002
  -4.0840285752759657E-002
  -4.1270777441158757E-002
  -4.1704930763692784E-002
  -4.2142770442516048E-002
  -4.2584321361593715E-002
  -4.3029608569021466E-002
  -4.3478657279433862E-002
  -4.3931492876486872E-002
  -4.4388140915427678E-002
  -4.4848627125789325E-002
  -4.5312977414073488E-002
  -4.5781217866529611E-002
  -4.6253374752037335E-002
  -4.6729474525078252E-002
  -4.7209543828871166E-002
  -4.7693609498562717E-002
  -4.8181698564420339E-002
  -4.8673838255182560E-002
  -4.9170056001518359E-002
  -4.9670379439665353E-002
  -5.0174836415218360E-002
  -5.0683454986825138E-002
  -5.1196263430080990E-002
  -5.1713290241566005E-002
  -5.2234564143102125E-002
  -5.2760114086216607E-002
  -5.3289969256427046E-002
  -5.3824159077787155E-002
  -5.4362713217603442E-002
  -5.4905661591483135E-002
  -5.5453034368525438E-002
  -5.6004861976290947E-002
  -5.6561175106129007E-002
  -5.7122004718721864E-002
  -5.7687382050162876E-002
  -5.8257338617801024E-002
  -5.8831906226095014E-002
  -5.9411116972864171E-002
  -5.9995003255968730E-002
  -6.0583597780455196E-002
  -6.1176933565048830E-002
  -6.1775043949165775E-002
  -6.2377962600319574E-002
  -6.2985723522421044E-002
  -6.3598361063417541E-002
  -6.4215909923010184E-002
  -6.4838405160990945E-002
  -6.5465882206589776E-002
  -6.6098376867637421E-002
  -6.6735925339062918E-002
  -6.7378564212301484E-002
  -6.8026330485796871E-002
  -6.8679261575857561E-002
  -6.9337395326102280E-002
  -7.0000770018065928E-002
  -7.0669424383122736E-002
  -7.1343397615105345E-002
  -7.2022729380868039E-002
  -7.2707459832264676E-002
  -7.3397629619865845E-002
  -7.4093279907365792E-002
  -7.4794452383384558E-002
  -7.5501189275075875E-002
  -7.6213533364176342E-002
  -7.6931528003025926E-002
  -7.7655217127796328E-002
  -7.8384645274108600E-002
  -7.9119857596107956E-002
  -7.9860899883547817E-002
  -8.0607818576873283E-002
  -8.1360660785500291E-002
  -8.2119474310429555E-002
  -8.2884307661542089E-002
  -8.3655210075363029E-002
  -8.4432231537340585E-002
  -8.5215422807037866E-002
  -8.6004835435704252E-002
  -8.6800521787731691E-002
  -8.7602535068859733E-002
  -8.8410929350701925E-002
  -8.9225759590789835E-002
  -9.0047081659435327E-002
  -9.0874952373332457E-002
  -9.1709429517223814E-002
  -9.2550571869423948E-002
  -9.3398439237735151E-002
  -9.4253092490966583E-002
  -9.5114593582414808E-002
  -9.5983005584166170E-002
  -9.6858392730025944E-002
  -9.7740820440452403E-002
  -9.8630355354840882E-002
  -9.9527065379652724E-002
 -0.10043101972316439     
 -0.10134228892482119     
 -0.10226094490341794     
 -0.10318706100639807     
 -0.10412071203766907     
 -0.10506197430362453     
 -0.10601092567572126     
 -0.10696764562169624     
 -0.10793221524884147     
 -0.10890471737472651     
 -0.10988523656899273     
 -0.11087385919295091     
 -0.11187067347451676     
 -0.11287576956535149     
 -0.11388923957707345     
 -0.11491117765816417     
 -0.11594168006839545     
 -0.11698084521321885     
 -0.11802877372159062     
 -0.11908556853786137     
 -0.12015133495644402     
 -0.12122618070040446     
 -0.12231021603023472     
 -0.12340355378070389     
 -0.12450630944079633     
 -0.12561860127882096     
 -0.12674055038253584     
 -0.12787228074171542     
 -0.12901391938958562     
 -0.13016559644604087     
 -0.13132744520501394     
 -0.13249960229275781     
 -0.13368220771255968     
 -0.13487540494037242     
 -0.13607934110042996     
 -0.13729416700873709     
 -0.13852003728221818     
 -0.13975711053096362     
 -0.14100554939746801     
 -0.14226552068683085     
 -0.14353719557210454     
 -0.14482074962739211     
 -0.14611636298907160     
 -0.14742422056607848     
 -0.14874451206817452     
 -0.15007743220990899     
 -0.15142318091174967     
 -0.15278196333061755     
 -0.15415399011773157     
 -0.15553947759083631     
 -0.15693864778275440     
 -0.15835172875864226     
 -0.15977895473736578     
 -0.16122056618522548     
 -0.16267681018302427     
 -0.16414794048174811     
 -0.16563421768141762     
 -0.16713590960785729     
 -0.16865329131534468     
 -0.17018664538985304     
 -0.17173626226610206     
 -0.17330244023003180     
 -0.17488548585795088     
 -0.17648571420597836     
 -0.17810344889542495     
 -0.17973902264737474     
 -0.18139277731447634     
 -0.18306506415502755     
 -0.18475624433136972     
 -0.18646668885934403     
 -0.18819677912711685     
 -0.18994690719361285     
 -0.19171747582818857     
 -0.19350889920510644     
 -0.19532160292697887     
 -0.19715602436035365     
 -0.19901261325851061     
 -0.20089183165797239     
 -0.20279415458758021     
 -0.20472007033964279     
 -0.20667008057202674     
 -0.20864470118579573     
 -0.21064446221425245     
 -0.21266990843611835     
 -0.21472159994319548     
 -0.21680011205559738     
 -0.21890603635027084     
 -0.22103998064917141     
 -0.22320256949834147     
 -0.22539444501232614     
 -0.22761626666038651     
 -0.22986871239922690     
 -0.23215247877857473     
 -0.23446828131808004     
 -0.23681685557979376     
 -0.23919895686188797     
 -0.24161536145015775     
 -0.24406686678666742     
 -0.24655429182484093     
 -0.24907847826795668     
 -0.25164029018470879     
 -0.25424061543936460     
 -0.25688036581321017     
 -0.25956047746540811     
 -0.26228191224206121     
 -0.26504565723842255     
 -0.26785272647858438     
 -0.27070416084211951     
 -0.27360102881540227     
 -0.27654442769896859     
 -0.27953548321748839     
 -0.28257535145734547     
 -0.28566521847074627     
 -0.28880630153642040     
 -0.29199984999068013     
 -0.29524714514405348     
 -0.29854950228739829     
 -0.30190827001561310     
 -0.30532483212446021     
 -0.30880060776381724     
 -0.31233705207693863     
 -0.31593565779102439     
 -0.31959795465800234     
 -0.32332551177155011     
 -0.32711993698728037     
 -0.33098287858914033     
 -0.33491602589723346     
 -0.33892110954205013     
 -0.34299990341320047     
 -0.34715422396361495     
 -0.35138593257966155     
 -0.35569693510511913     
 -0.36008918343004170     
 -0.36456467617346328     
 -0.36912545898841975     
 -0.37377362641446826     
 -0.37851132132067117     
 -0.38334073714655315     
 -0.38826411744011491     
 -0.39328375753393857     
 -0.39840200491327948     
 -0.40362125992047648     
 -0.40894397699648932     
 -0.41437266465354972     
 -0.41990988711855426     
 -0.42555826415017201     
 -0.43132047249099248     
 -0.43719924597806031     
 -0.44319737656289104     
 -0.44931771470423820     
 -0.45556317013802289     
 -0.46193671223742472     
 -0.46844137084860232     
 -0.47508023635595004     
 -0.48185646065890048     
 -0.48877325706820063     
 -0.49583390105146652     
 -0.50304173048545620     
 -0.51040014551597579     
 -0.51791260980597320     
 -0.52558264892618023     
 -0.53341385296579569     
 -0.54140987335058322     
 -0.54957442648706989     
 -0.55791128976085025     
 -0.56642430501509322     
 -0.57511737518948358     
 -0.58399446599461846     
 -0.59305960477719621     
 -0.60231687889388663     
 -0.61177043803416387     
 -0.62142448834143116     
 -0.63128329867960187     
 -0.64135119049618572     
 -0.65163254735867771     
 -0.66213180188876153     
 -0.67285344648972034     
 -0.68380201996828394     
 -0.69498211644937335     
 -0.70639837469815348     
 -0.71805548225840887     
 -0.72995817017522713     
 -0.74211120988695578     
 -0.75451941540144096     
 -0.76718763125576794     
 -0.78012074327525083     
 -0.79332365697045193     
 -0.80680131682123957     
 -0.82055867578938746     
 -0.83460072164224397     
 -0.84893243977697486     
 -0.86355884354930668     
 -0.87848493404539363     
 -0.89371573030222640     
 -0.90925623019509516     
 -0.92511143637867954     
 -0.94128632221751829     
 -0.95778584968448399     
 -0.97461494377126712     
 -0.99177849912349114     
  -1.0092813657834983     
  -1.0271283419643473     
  -1.0453241733287890     
  -1.0638735299756537     
  -1.0827810207803967     
  -1.1020511533526292     
  -1.1216883642900533     
  -1.1416969615300365     
  -1.1620811707351553     
  -1.1828450600704463     
  -1.2039926023787115     
  -1.2255275829365693     
  -1.2474536766209743     
  -1.2697743396044561     
  -1.2924929003850472     
  -1.3156124366537707     
  -1.3391358788749645     
  -1.3630658736853607     
  -1.3874048986773206     
  -1.4121551136678057     
  -1.4373184854490222     
  -1.4628966281050255     
  -1.4888909367479604     
  -1.5153024177626300     
  -1.5421318309226890     
  -1.5693795100636534     
  -1.5970455133849595     
  -1.6251294346921490     
  -1.6536305620472262     
  -1.6825476794410963     
  -1.7118792342183462     
  -1.7416231288741448     
  -1.7717768978163502     
  -1.8023374889635813     
  -1.8333014503777667     
  -1.8646647015150544     
  -1.8964227300193155     
  -1.9285703528931966     
  -1.9611019232380502     
  -1.9940110823188646     
  -2.0272909752189237     
  -2.0609339958151125     
  -2.0949320091498391     
  -2.1292760927224812     
  -2.1639567619189184     
  -2.1989637126225809     
  -2.2342860444795511     
  -2.2699120114251028     
  -2.3058292361065753     
  -2.3420244763082971     
  -2.3784838227202538     
  -2.4151924901715724     
  -2.4521349904091054     
  -2.4892949572058907     
  -2.5266552862217591     
  -2.5641980021123691     
  -2.6019043592010487     
  -2.6397547563779309     
  -2.6777287954785747     
  -2.7158052458241788     
  -2.7539620620077887     
  -2.7921763943539246     
  -2.8304245741594261     
  -2.8686821593980767     
  -2.9069239029020006     
  -2.9451238149792331     
  -2.9832551376061067     
  -3.0212903985201529     
  -3.0592014206067422     
  -3.0969593374956168     
  -3.1345346694910572     
  -3.1718972717122393     
  -3.2090165026241069     
  -3.2458610863594304     
  -3.2823993831255054     
  -3.3185991699610544     
  -3.3544279947549462     
  -3.3898529099267733     
  -3.4248408606609675     
  -3.4593584365113261     
  -3.4933722152719371     
  -3.5268486235978909     
  -3.5597541362928200     
  -3.5920553517900635     
  -3.6237189406012069     
  -3.6547120357931950     
  -3.6850018440296224     
  -3.7145564139618603     
  -3.7433438805880881     
  -3.7713335935087899     
  -3.7984950716123675     
  -3.8247993449515238     
  -3.8502178296088458     
  -3.8747236190506782     
  -3.8982905752021004     
  -3.9208942582844548     
  -3.9425115385776830     
  -3.9631208784453071     
  -3.9827027091555256     
  -4.0012388771644538     
  -4.0187138889338057     
  -4.0351135200794097     
  -4.0504267965824186     
  -4.0646440461369711     
  -4.0777591738425443     
  -4.0897677235148109     
  -4.1006687970728288     
  -4.1104637769073102     
  -4.1191572956122142     
  -4.1267570953655461     
  -4.1332737104686679     
  -4.1387216173657588     
  -4.1431176723696304     
  -4.1464832764160082     
  -4.1488420733204734     
  -4.1502223929190007     
  -4.1506550902506163     
  -4.1501753308024281     
  -4.1488214008929845     
  -4.1466352127890040     
  -4.1436624108410500     
  -4.1399515660283734     
  -4.1355552860430329     
  -4.1305286562326859     
  -4.1249305582258833     
  -4.1188222541424002     
  -4.1122680226591966     
  -4.1053345423637415     
  -4.0980905469553459     
  -4.0906068251505099     
  -4.0829554998025674     
  -4.0752096498212058     
  -4.0674433716356928     
  -4.0597298771832904     
  -4.0521430774178304     
  -4.0447540578364034     
  -4.0376333622509932     
  -4.0308475453513646     
  -4.0244596443569431     
  -4.0185287121521425     
  -4.0131055109530722     
  -4.0082373258574506     
  -4.0039578923994741     
  -4.0002962320516326     
  -3.9972645384488299     
  -3.9948649322829266     
  -3.9930830503291279     
  -3.9918846450376257     
  -3.9912213336386051     
  -3.9910118905651419     
  -3.9911620841949813     
  -3.9915388635212850     
  -3.9919919137847661     
  -3.9924327984468757     
  -3.9928593548553315     
  -3.9932733536238785     
  -3.9936741888291745     
  -3.9940610926130411     
  -3.9944340299008125     
  -3.9947931992858821     
  -3.9951386783816361     
  -3.9954704497711124     
  -3.9957885361817342     
  -3.9960930376899060     
  -3.9963840710107004     
  -3.9966617731412004     
  -3.9969262925857332     
  -3.9971777932922108     
  -3.9974164533371259     
  -3.9976424900579861     
  -3.9978561896699789     
  -3.9980578215347609     
  -3.9982474842373610     
  -3.9984252524797061     
  -3.9985917693224136     
  -3.9987481882762101     
  -3.9988945735333101     
  -3.9990283630296291     
  -3.9991479990077701     
  -3.9992618508712652     
  -3.9993822667562116     
  -3.9995081746231582     
  -3.9996226471370018     
  -3.9997127990997567     
  -3.9997829295378446     
  -3.9998406014519867     
  -3.9998888472426448     
  -3.9999278514328336     
  -3.9999582575123687     
  -3.9999815910829244     
  -3.9999993899093651     
  -4.0000125978287349     
  -4.0000219620944728     
  -4.0000281699196671     
  -4.0000318445993193     
  -4.0000335651196384     
  -4.0000337462015301     
  -4.0000327705005772     
  -4.0000309419091211     
  -4.0000285142456420     
  -4.0000257102120598     
  -4.0000226855269734     
  -4.0000195843947957     
  -4.0000165059993007     
  -4.0000135306298086     
  -4.0000107204679827     
  -4.0000081118941653     
  -4.0000057360724854     
  -4.0000036052579686     
  -4.0000017257907885     
  -4.0000000965309175     
  -3.9999987085851649     
  -3.9999975511669263     
  -3.9999966086695373     
  -3.9999958640333393     
  -3.9999952991664753     
  -3.9999948950386908     
  -3.9999946326173963     
  -3.9999944938012031     
  -3.9999944604393916     
  -3.9999945160446551     
  -3.9999946451448505     
  -3.9999948330287416     
  -3.9999950673190412     
  -3.9999953359461431     
  -3.9999956289021092     
  -3.9999959373615370     
  -3.9999962532856612     
  -3.9999965706211986     
  -3.9999968836223894     
  -3.9999971880360841     
  -3.9999974804543994     
  -3.9999977579792971     
  -3.9999980189157429     
  -3.9999982617769354     
  -3.9999984858466773     
  -3.9999986908724101     
  -3.9999988768281494     
  -3.9999990442108762     
  -3.9999991936265031     
  -3.9999993259265838     
  -3.9999994421344658     
  -3.9999995433275783     
  -3.9999996306756915     
  -3.9999997053862675     
  -3.9999997686460778     
  -3.9999998216329002     
  -3.9999998655123110     
  -3.9999999013434850     
  -3.9999999301785145     
  -3.9999999529728485     
  -3.9999999705886875     
  -3.9999999838670806     
  -3.9999999935020463     
  -4.0000000001559268     
  -4.0000000044121382     
  -4.0000000067475368     
  -4.0000000076241085     
  -4.0000000073947017     
  -4.0000000063726082     
  -4.0000000048313318     
  -4.0000000029647715     
  -4.0000000009566028     
  -3.9999999989351958     
  -3.9999999969962583     
  -3.9999999952222471     
  -3.9999999936543347     
  -3.9999999923260163     
  -3.9999999912528548     
  -3.9999999904330386     
  -3.9999999898616414     
  -3.9999999895218719     
  -3.9999999893928120     
  -3.9999999894514295     
  -3.9999999896715934     
  -3.9999999900265006     
  -3.9999999904906969     
  -3.9999999910392625     
  -3.9999999916481959     
  -3.9999999922974689     
  -3.9999999929675742     
  -3.9999999936420627     
  -3.9999999943079088     
  -3.9999999949526410     
  -3.9999999955678391     
  -3.9999999961466290     
  -3.9999999966834419     
  -3.9999999971757743     
  -3.9999999976215954     
  -3.9999999980205136     
  -3.9999999983735708     
  -3.9999999986820947     
  -3.9999999989485318     
  -3.9999999991757527     
  -3.9999999993668363     
  -3.9999999995252007     
  -3.9999999996543707     
  -3.9999999997577604     
  -3.9999999998387170     
  -3.9999999999005689     
  -3.9999999999462075     
  -3.9999999999784359     
  -3.9999999999998415     
  -4.0000000000125269     
  -4.0000000000185532     
  -4.0000000000196039     
  -4.0000000000170362     
  -4.0000000000121521     
  -4.0000000000058566     
  -3.9999999999989111     
  -3.9999999999919740     
  -3.9999999999854170     
  -3.9999999999795746     
  -3.9999999999746536     
  -3.9999999999707256     
  -3.9999999999678453     
  -3.9999999999659805     
  -3.9999999999650555     
  -3.9999999999649836     
  -3.9999999999656506     
  -3.9999999999669269     
  -3.9999999999686913     
  -3.9999999999708256     
  -3.9999999999732099     
  -3.9999999999757434     
  -3.9999999999783400     
  -3.9999999999809166     
  -3.9999999999834142     
  -3.9999999999857865     
  -3.9999999999879905     
  -3.9999999999900049     
  -3.9999999999918150     
  -3.9999999999934133     
  -3.9999999999948015     
  -3.9999999999959890     
  -3.9999999999969824     
  -3.9999999999978009     
  -3.9999999999984599     
  -3.9999999999989782     
  -3.9999999999993729     
  -3.9999999999996643     
  -3.9999999999998694     
  -4.0000000000000027     
  -4.0000000000000817     
  -4.0000000000001172     
  -4.0000000000001226     
  -4.0000000000001119     
  -4.0000000000000941     
  -4.0000000000000799     
  -4.0000000000000693     
  -4.0000000000000622     
  -4.0000000000000533     
  -4.0000000000000462     
  -4.0000000000000400     
  -4.0000000000000346     
  -4.0000000000000311     
  -4.0000000000000275     
  -4.0000000000000240     
  -4.0000000000000213     
  -4.0000000000000178     
  -4.0000000000000160     
  -4.0000000000000133     
  -4.0000000000000115     
  -4.0000000000000107     
  -4.0000000000000089     
  -4.0000000000000080     
  -4.0000000000000071     
  -4.0000000000000053     
  -4.0000000000000044     
  -4.0000000000000044     
  -4.0000000000000027     
  -4.0000000000000036     
  -4.0000000000000027     
  -4.0000000000000027     
  -4.0000000000000027     
  -4.0000000000000062     
  -4.0000000000000018     
  -4.0000000000000062     
  -4.0000000000000027     
  -4.0000000000000044     
  -4.0000000000000018     
  -4.0000000000000044     
  -4.0000000000000018     
  -4.0000000000000009     
  -4.0000000000000000     
  -4.0000000000000000     
  -4.0000000000000000     
  -3.9999999999999991     
  -4.0000000000000000     
  -3.9999999999999996     
  -3.9999999999999996     
  -4.0000000000000000     
  -4.0000000000000000     
  -3.9999999999999996     
  -3.9999999999999996     
  -4.0000000000000000     
  -3.9999999999999996     
  -4.0000000000000000     
  -4.0000000000000000     
  -4.0000000000000009     
  -4.0000000000000000     
  -4.0000000000000000     
  -4.0000000000000000     
  -3.9999999999999996     
  -4.0000000000000000     
  -4.0000000000000000     
  -3.9999999999999996     
  -4.0000000000000000     
  -3.9999999999999991     
  -4.0000000000000000     
  -4.0000000000000000     
  -4.0000000000000000     
  -4.0000000000000000     
  -3.9999999999999991     
  -4.0000000000000000     
  -3.9999999999999996     
  -4.0000000000000000     
  -3.9999999999999996     
  -4.0000000000000000     
  -4.0000000000000000     
  -4.0000000000000000     
  -3.9999999999999996     
  -4.0000000000000000     
  -4.0000000000000000     
  -4.0000000000000000     
  -4.0000000000000000     
  -4.0000000000000000     
  -3.9999999999999991     
  -4.0000000000000009     
  -3.9999999999999996     
  -3.9999999999999991     
  -4.0000000000000000     
  -4.0000000000000009     
  -4.0000000000000000     
  -4.0000000000000000     
  -3.9999999999999996     
  -4.0000000000000009     
  -4.0000000000000009     
  -3.9999999999999991     
  -4.0000000000000000     
  -4.0000000000000000     
  -4.0000000000000000     
  -4.0000000000000000     
  -3.9999999999999991     
  -3.9999999999999996     
  -4.0000000000000000     
  -3.9999999999999996     
  -4.0000000000000009     
  -4.0000000000000000     
  -4.0000000000000000     
  -4.0000000000000000     
  -4.0000000000000009     
  -4.0000000000000009     
  -4.0000000000000000     
  -4.0000000000000009     
  -3.9999999999999991     
  -4.0000000000000000     
  -3.9999999999999991     
  -4.0000000000000000     
  -4.0000000000000000     
  -4.0000000000000009     
  -4.0000000000000000     
  -4.0000000000000009     
  -4.0000000000000000     
  -3.9999999999999996     
  -3.9999999999999991     
  -4.0000000000000000     
  -4.0000000000000000     
  -4.0000000000000000     
  -4.0000000000000000     
  -4.0000000000000000     
  -4.0000000000000000     
  -4.0000000000000000     
  -4.0000000000000000     
  -4.0000000000000009     
  -4.0000000000000000     
  -4.0000000000000009     
  -4.0000000000000000     
  -4.0000000000000000     
  -4.0000000000000000     
  -4.0000000000000000     
  -4.0000000000000009     
  -4.0000000000000000     
  -4.0000000000000000     
  -4.0000000000000000     
  -3.9999999999999991     
  -4.0000000000000000     
  -4.0000000000000000     
  -3.9999999999999996     
  -3.9999999999999996     
  -3.9999999999999996     
  -4.0000000000000000     
  -4.0000000000000000     
  -4.0000000000000000     
  -4.0000000000000000     
  -4.0000000000000000     
  -4.0000000000000000     
  -3.9999999999999991     
  -4.0000000000000000     
  -4.0000000000000000     
  -4.0000000000000036     
  -4.0000000000000000     
  -4.0000000000000044     
  -4.0000000000000000     
  -4.0000000000000036     
  -4.0000000000000009     
  -4.0000000000000027     
  -4.0000000000000000     
  -4.0000000000000027     
  -3.9999999999999991     
  -3.9999999999999996     
  -3.9999999999999996     
  -3.9999999999999996     
  -4.0000000000000000     
  -4.0000000000000000     
  -4.0000000000000000     
  -4.0000000000000000     
  -4.0000000000000009     
  -4.0000000000000000     
  -3.9999999999999996     
  -4.0000000000000000     
  -4.0000000000000009     
  -3.9999999999999996     
  -4.0000000000000009     
  -3.9999999999999996     
  -3.9999999999999996     
  -4.0000000000000000     
  -4.0000000000000000     
  -4.0000000000000000     
  -4.0000000000000000     
  -4.0000000000000000     
  -4.0000000000000009     
  -4.0000000000000000     
  -4.0000000000000000     
  -4.0000000000000009     
  -3.9999999999999996     
  -4.0000000000000000     
  -4.0000000000000000     
  -4.0000000000000000     
  -3.9999999999999996     
  -4.0000000000000000     
  -4.0000000000000000     
  -3.9999999999999996     
  -4.0000000000000000     
  -4.0000000000000009     
  -4.0000000000000000     
  -3.9999999999999996     
  -4.0000000000000009     
  -4.0000000000000000     
  -3.9999999999999991     
  -4.0000000000000000     
  -4.0000000000000000     
  -3.9999999999999987     
  -3.9999999999999996     
  -4.0000000000000000     
  -3.9999999999999996     
  -3.9999999999999996     
  -4.0000000000000000     
  -4.0000000000000000     
  -3.9999999999999996     
  -4.0000000000000000     
  -4.0000000000000009     
  -3.9999999999999991     
  -4.0000000000000000     
  -4.0000000000000000     
  -3.9999999999999996     
  -4.0000000000000000     
  -4.0000000000000000     
  -4.0000000000000009     
  -3.9999999999999991     
  -4.0000000000000000     
  -4.0000000000000000     
  -4.0000000000000009     
  -3.9999999999999996     
  -3.9999999999999991     
  -4.0000000000000000     
  -4.0000000000000000     
  -4.0000000000000000     
  -3.9999999999999996     
  -3.9999999999999996     
  -3.9999999999999996     
  -3.9999999999999996     
  -4.0000000000000000     
  -3.9999999999999996     
  -4.0000000000000000     
  -4.0000000000000000     
  -4.0000000000000000     
  -3.9999999999999991     
  -4.0000000000000000     
  -3.9999999999999996     
  -4.0000000000000000     
  -4.0000000000000000     
  -4.0000000000000000     
  -4.0000000000000000     
  -4.0000000000000000     
  -4.0000000000000000     
  -4.0000000000000000     
  -4.0000000000000000     
  -4.0000000000000000     
  -3.9999999999999991     
  -4.0000000000000000     
  -4.0000000000000009     
  -4.0000000000000009     
  -4.0000000000000000     
  -4.0000000000000000     
  -4.0000000000000000     
  -3.9999999999999987     
  -4.0000000000000000     
  -4.0000000000000000     
  -4.0000000000000000     
  -3.9999999999999996     
  -4.0000000000000000     
  -4.0000000000000000     
  -4.0000000000000000     
  -3.9999999999999996     
  -4.0000000000000000     
  -4.0000000000000000     
  -4.0000000000000009     
  -4.0000000000000009     
  -3.9999999999999991     
  -4.0000000000000000     
  -4.0000000000000009     
  -4.0000000000000009     
  -3.9999999999999991     
  -4.0000000000000000     
  -4.0000000000000036     
  -3.9999999999999991     
  -4.0000000000000036     
  -3.9999999999999996     
  -4.0000000000000027     
  -4.0000000000000000     
  -4.0000000000000036     
  -4.0000000000000000     
  -4.0000000000000018     
  -4.0000000000000000     
  -4.0000000000000044     
  -3.9999999999999991     
  -4.0000000000000000     
  -4.0000000000000000     
  -4.0000000000000000     
  -4.0000000000000000     
  -4.0000000000000000     
  -4.0000000000000000     
  -4.0000000000000000     
  -4.0000000000000000     
  -4.0000000000000000     
  -4.0000000000000000     
  -4.0000000000000000     
  -4.0000000000000009     
  -4.0000000000000009     
  -3.9999999999999996     
  -4.0000000000000009     
  -4.0000000000000009     
  -4.0000000000000000     
  -4.0000000000000000     
  -4.0000000000000000     
  -4.0000000000000009     
  -4.0000000000000000     
  -4.0000000000000000     
  -4.0000000000000000     
  -3.9999999999999996     
  -4.0000000000000009     
  -3.9999999999999996     
  -4.0000000000000009     
  -4.0000000000000000     
  -4.0000000000000000     
  -4.0000000000000009     
  -4.0000000000000000     
  -4.0000000000000000     
  -4.0000000000000000     
  -4.0000000000000000     
  -3.9999999999999991     
  -4.0000000000000009     
  -4.0000000000000000     
  -4.0000000000000000     
  -3.9999999999999996     
  -4.0000000000000000     
  -3.9999999999999991     
  -4.0000000000000009     
  -4.0000000000000009     
  -3.9999999999999996     
  -4.0000000000000000     
  -4.0000000000000009     
  -4.0000000000000000     
  -4.0000000000000000     
  -4.0000000000000009     
  -4.0000000000000000     
  -3.9999999999999991     
  -4.0000000000000000     
  -4.0000000000000000     
  -4.0000000000000000     
  -4.0000000000000000     
  -4.0000000000000000     
  -4.0000000000000000     
  -3.9999999999999996     
  -4.0000000000000000     
  -4.0000000000000000     
  -4.0000000000000000     
  -4.0000000000000000     
  -3.9999999999999991     
  -4.0000000000000009     
  -4.0000000000000000     
  -4.0000000000000000     
  -4.0000000000000000     
  -3.9999999999999996     
  -3.9999999999999991     
  -4.0000000000000000     
  -4.0000000000000000     
  -4.0000000000000000     
  -4.0000000000000000     
  -4.0000000000000009     
  -4.0000000000000000     
  -4.0000000000000000     
  -4.0000000000000000     
  -3.9999999999999996     
  -4.0000000000000000     
  -4.0000000000000009     
  -3.9999999999999996     
  -4.0000000000000000     
  -4.0000000000000000     
  -4.0000000000000000     
  -3.9999999999999991     
  -4.0000000000000009     
  -4.0000000000000009     
  -3.9999999999999996     
  -4.0000000000000000     
  -4.0000000000000009     
  -4.0000000000000009     
  -3.9999999999999996     
  -4.0000000000000000     
  -3.9999999999999996     
  -4.0000000000000000     
  -4.0000000000000009     
  -4.0000000000000000     
  -3.9999999999999991     
  -4.0000000000000000     
  -4.0000000000000000     
  -4.0000000000000009     
  -3.9999999999999991     
  -4.0000000000000000     
  -4.0000000000000009     
  -3.9999999999999996     
  -4.0000000000000000     
  -4.0000000000000000     
  -4.0000000000000000     
  -4.0000000000000000     
  -4.0000000000000000     
  -3.9999999999999996     
  -3.9999999999999996     
  -3.9999999999999996     
  -4.0000000000000036     
  -3.9999999999999991     
  -4.0000000000000044     
  -4.0000000000000000     
  -4.0000000000000027     
  -3.9999999999999996     
  -4.0000000000000044     
  -4.0000000000000000     
  -4.0000000000000044     
  -4.0000000000000000     
  -4.0000000000000036     
  -3.9999999999999996     
  -4.0000000000000027     
  -4.0000000000000000     
  -4.0000000000000018     
  -3.9999999999999996     
  -4.0000000000000009     
  -3.9999999999999996     
  -4.0000000000000000     
  -4.0000000000000009     
  -4.0000000000000000     
  -4.0000000000000009     
  -4.0000000000000000     
  -3.9999999999999996     
  -4.0000000000000000     
  -4.0000000000000000     
  -3.9999999999999996     
  -4.0000000000000009     
  -3.9999999999999996     
  -4.0000000000000000     
  -4.0000000000000000     
  -4.0000000000000009     
  -4.0000000000000000     
  -3.9999999999999996     
  -4.0000000000000009     
  -3.9999999999999996     
  -3.9999999999999996     
  -4.0000000000000009     
  -3.9999999999999996     
  -4.0000000000000000     
  -3.9999999999999996     
  -4.0000000000000000     
  -4.0000000000000000     
  -3.9999999999999991     
  -4.0000000000000009     
  -3.9999999999999996     
  -4.0000000000000000     
  -4.0000000000000000     
  -4.0000000000000009     
  -4.0000000000000000     
  -4.0000000000000000     
  -4.0000000000000000     
  -4.0000000000000000     
  -3.9999999999999996     
  -4.0000000000000009     
  -4.0000000000000000     
  -4.0000000000000000     
  -4.0000000000000009     
  -4.0000000000000009     
  -4.0000000000000000     
  -4.0000000000000000     
  -4.0000000000000000     
  -4.0000000000000000     
  -3.9999999999999996     
  -4.0000000000000000     
  -4.0000000000000000     
  -4.0000000000000000     
  -4.0000000000000009     
  -4.0000000000000000     
  -3.9999999999999996     
  -3.9999999999999991     
  -4.0000000000000000     
  -4.0000000000000000     
  -4.0000000000000000     
  -4.0000000000000000     
  -4.0000000000000000     
  -4.0000000000000000     
  -4.0000000000000000     
  -4.0000000000000000     
  -3.9999999999999991     
  -3.9999999999999991     
  -4.0000000000000009     
  -4.0000000000000000     
  -3.9999999999999991     
  -4.0000000000000000     
  -4.0000000000000000     
  -4.0000000000000000     
  -4.0000000000000009     
  -4.0000000000000000     
  -4.0000000000000000     
  -4.0000000000000000     
  -4.0000000000000000     
  -4.0000000000000009     
  -4.0000000000000000     
  -3.9999999999999996     
  -4.0000000000000000     
  -4.0000000000000009     
  -4.0000000000000000     
  -4.0000000000000009     
  -4.0000000000000000     
  -4.0000000000000000     
  -4.0000000000000000     
  -4.0000000000000000     
  -4.0000000000000000     
  -4.0000000000000000     
  -4.0000000000000000     
  -4.0000000000000000     
  -4.0000000000000000     
  -4.0000000000000009     
  -3.9999999999999991     
  -4.0000000000000000     
  -4.0000000000000000     
  -4.0000000000000009     
  -4.0000000000000000     
  -4.0000000000000000     
  -4.0000000000000000     
  -3.9999999999999991     
  -3.9999999999999996     
  -4.0000000000000000     
  -4.0000000000000000     
  -4.0000000000000000     
  -4.0000000000000000     
  -4.0000000000000000     
  -4.0000000000000000     
  -4.0000000000000000     
  -4.0000000000000018     
  -4.0000000000000000     
  -4.0000000000000018     
  -4.0000000000000000     
  -4.0000000000000027     
  -4.0000000000000000     
  -4.0000000000000027     
  -4.0000000000000009     
  -4.0000000000000027     
  -4.0000000000000000     
  -4.0000000000000027     
  -3.9999999999999996     
  -4.0000000000000027     
  -3.9999999999999996     
  -4.0000000000000018     
  -4.0000000000000000     
  -4.0000000000000018     
  -4.0000000000000000     
  -4.0000000000000018     
  -4.0000000000000000     
  -4.0000000000000009     
  -3.9999999999999996     
  -4.0000000000000000     
  -3.9999999999999996     
  -4.0000000000000000     
  -4.0000000000000000     
  -4.0000000000000000     
  -4.0000000000000000     
  -3.9999999999999996     
  -4.0000000000000000     
  -4.0000000000000009     
  -4.0000000000000009     
  -3.9999999999999996     
  -4.0000000000000000     
  -4.0000000000000000     
  -4.0000000000000000     
  -4.0000000000000000     
  -4.0000000000000009     
  -4.0000000000000000     
  -4.0000000000000000     
  -4.0000000000000000     
  -4.0000000000000000     
  -4.0000000000000000     
  -4.0000000000000000     
  -4.0000000000000009     
  -3.9999999999999991     
  -4.0000000000000000     
  -4.0000000000000000     
  -4.0000000000000009     
  -3.9999999999999996     
  -4.0000000000000000     
  -4.0000000000000000     
  -4.0000000000000000     
  -4.0000000000000000     
  -4.0000000000000000     
  -4.0000000000000000     
  -3.9999999999999996     
  -3.9999999999999996     
  -4.0000000000000009     
  -4.0000000000000000     
  -4.0000000000000000     
  -4.0000000000000000     
  -4.0000000000000000     
  -4.0000000000000000     
  -3.9999999999999996     
  -3.9999999999999991     
  -3.9999999999999991     
  -3.9999999999999996     
  -4.0000000000000000     
  -4.0000000000000000     
  -3.9999999999999996     
  -4.0000000000000000     
  -4.0000000000000000     
  -3.9999999999999996     
  -3.9999999999999996     
  -4.0000000000000000     
  -3.9999999999999996     
  -3.9999999999999991     
  -4.0000000000000000     
  -3.9999999999999996     
  -4.0000000000000000     
  -4.0000000000000000     
  -3.9999999999999996     
  -4.0000000000000000     
  -3.9999999999999996     
  -4.0000000000000000     
  -4.0000000000000000     
  -3.9999999999999996     
  -4.0000000000000000     
  -4.0000000000000000     
  -4.0000000000000000     
  -4.0000000000000000     
  -4.0000000000000009     
  -4.0000000000000000     
  -3.9999999999999996     
  -4.0000000000000009     
  -4.0000000000000000     
  -3.9999999999999991     
  -4.0000000000000009     
  -4.0000000000000000     
  -3.9999999999999996     
  -4.0000000000000000     
  -4.0000000000000009     
  -4.0000000000000000     
  -4.0000000000000000     
  -4.0000000000000000     
  -4.0000000000000000     
  -4.0000000000000009     
  -4.0000000000000000     
  -4.0000000000000000     
  -4.0000000000000009     
  -4.0000000000000000     
  -4.0000000000000009     
  -3.9999999999999996     
  -4.0000000000000000     
  -4.0000000000000000     
  -3.9999999999999996     
  -3.9999999999999996     
  -4.0000000000000000     
  -3.9999999999999996     
  -3.9999999999999996     
  -4.0000000000000000     
  -4.0000000000000000     
  -3.9999999999999996     
  -4.0000000000000000     
  -4.0000000000000027     
  -3.9999999999999996     
  -4.0000000000000027     
  -4.0000000000000000     
  -4.0000000000000018     
  -4.0000000000000000     
  -4.0000000000000027     
  -3.9999999999999996     
  -4.0000000000000036     
  -4.0000000000000000     
  -4.0000000000000027     
  -4.0000000000000000     
  -4.0000000000000018     
  -3.9999999999999996     
  -4.0000000000000018     
  -4.0000000000000000     
  -4.0000000000000027     
  -4.0000000000000000     
  -4.0000000000000027     
  -3.9999999999999991     
  -4.0000000000000044     
  -4.0000000000000009     
  -4.0000000000000000     
  -4.0000000000000000     
  -3.9999999999999996     
  -4.0000000000000000     
  -4.0000000000000000     
  -4.0000000000000000     
  -3.9999999999999996     
  -3.9999999999999996     
  -3.9999999999999996     
  -4.0000000000000000     
  -3.9999999999999996     
  -3.9999999999999991     
  -4.0000000000000000     
  -4.0000000000000000     
  -3.9999999999999991     
  -4.0000000000000000     
  -4.0000000000000000     
  -3.9999999999999996     
  -4.0000000000000000     
  -4.0000000000000009     
  -3.9999999999999991     
  -3.9999999999999996     
  -4.0000000000000000     
  -3.9999999999999996     
  -3.9999999999999996     
  -4.0000000000000009     
  -4.0000000000000000     
  -3.9999999999999996     
  -4.0000000000000000     
  -4.0000000000000000     
  -3.9999999999999996     
  -4.0000000000000000     
  -4.0000000000000000     
  -4.0000000000000000     
  -3.9999999999999991     
  -4.0000000000000000     
  -4.0000000000000000     
  -4.0000000000000000     
  -4.0000000000000000     
  -4.0000000000000000     
  -4.0000000000000000     
  -3.9999999999999991     
  -4.0000000000000000     
  -4.0000000000000000     
  -4.0000000000000000     
  -4.0000000000000000     
  -4.0000000000000009     
  -3.9999999999999991     
  -3.9999999999999991     
  -4.0000000000000000     
  -4.0000000000000000     
  -4.0000000000000000     
  -4.0000000000000000     
  -4.0000000000000000     
  -4.0000000000000000     
  -4.0000000000000000     
  -4.0000000000000009     
  -4.0000000000000000     
  -4.0000000000000000     
  -4.0000000000000000     
  -4.0000000000000009     
  -4.0000000000000000     
  -4.0000000000000000     
  -4.0000000000000000     
  -3.9999999999999991     
  -4.0000000000000000     
  -3.9999999999999991     
  -4.0000000000000000     
  -4.0000000000000000     
  -4.0000000000000000     
  -4.0000000000000000     
  -4.0000000000000000     
  -4.0000000000000000     
  -4.0000000000000009     
  -4.0000000000000000     
  -4.0000000000000000     
  -4.0000000000000000     
  -3.9999999999999991     
  -4.0000000000000000     
  -4.0000000000000000     
  -4.0000000000000000     
  -3.9999999999999991     
  -4.0000000000000000     
  -4.0000000000000000     
  -3.9999999999999991     
  -4.0000000000000000     
  -4.0000000000000000     
  -3.9999999999999996     
  -4.0000000000000000     
  -4.0000000000000000     
  -4.0000000000000000     
  -4.0000000000000000     
  -4.0000000000000000     
  -4.0000000000000000     
  -4.0000000000000000     
  -4.0000000000000000     
  -3.9999999999999991     
  -3.9999999999999991     
  -4.0000000000000000     
  -4.0000000000000009     
  -4.0000000000000000     
  -4.0000000000000000     
  -3.9999999999999991     
  -4.0000000000000027     
  -4.0000000000000000     
  -4.0000000000000027     
  -4.0000000000000000     
  -4.0000000000000009     
  -4.0000000000000000     
  -4.0000000000000027     
  -4.0000000000000000     
  -4.0000000000000018     
  -4.0000000000000000     
  -4.0000000000000027     
  -4.0000000000000000     
  -4.0000000000000027     
  -4.0000000000000009     
  -4.0000000000000018     
  -4.0000000000000000     
  -4.0000000000000009     
  -4.0000000000000000     
  -4.0000000000000027     
  -4.0000000000000009     
  -4.0000000000000018     
  -4.0000000000000000     
  -4.0000000000000018     
  -4.0000000000000000     
  -4.0000000000000000     
  -3.9999999999999996     
  -4.0000000000000000     
  -4.0000000000000000     
  -4.0000000000000000     
  -4.0000000000000000     
  -4.0000000000000000     
  -4.0000000000000000     
  -3.9999999999999996     
  -4.0000000000000000     
  -4.0000000000000000     
  -4.0000000000000000     
  -4.0000000000000000     
  -4.0000000000000000     
  -4.0000000000000000     
  -4.0000000000000000     
  -4.0000000000000000     
  -3.9999999999999996     
  -4.0000000000000000     
  -4.0000000000000000     
  -4.0000000000000000     
  -4.0000000000000000     
  -4.0000000000000000     
  -4.0000000000000009     
  -4.0000000000000000     
  -4.0000000000000000     
  -4.0000000000000009     
  -4.0000000000000009     
  -4.0000000000000000     
  -4.0000000000000000     
  -4.0000000000000000     
  -3.9999999999999991     
  -3.9999999999999996     
  -4.0000000000000000     
  -4.0000000000000000     
  -3.9999999999999996     
  -3.9999999999999996     
  -4.0000000000000000     
  -4.0000000000000000     
  -4.0000000000000000     
  -3.9999999999999996     
  -4.0000000000000000     
  -4.0000000000000000     
  -4.0000000000000000     
  -4.0000000000000000     
  -4.0000000000000000     
  -4.0000000000000000     
  -3.9999999999999996     
  -4.0000000000000000     
  -4.0000000000000000     
  -4.0000000000000000     
  -4.0000000000000000     
  -4.0000000000000000     
  -3.9999999999999996     
  -4.0000000000000000     
  -4.0000000000000000     
  -4.0000000000000000     
  -4.0000000000000000     
  -4.0000000000000000     
  -3.9999999999999996     
  -3.9999999999999996     
  -4.0000000000000000     
  -3.9999999999999991     
  -3.9999999999999996     
  -4.0000000000000000     
  -3.9999999999999991     
  -3.9999999999999996     
  -4.0000000000000000     
  -4.0000000000000000     
  -4.0000000000000000     
  -4.0000000000000000     
  -4.0000000000000000     
  -4.0000000000000000     
  -4.0000000000000000     
  -4.0000000000000000     
  -3.9999999999999996     
  -3.9999999999999991     
  -4.0000000000000000     
  -4.0000000000000000     
  -4.0000000000000000     
  -4.0000000000000000     
  -4.0000000000000009     
  -4.0000000000000044     
  -3.9999999999999996     
  -3.9999999999999996     
  -4.0000000000000000     
  -4.0000000000000044     
  -4.0000000000000009     
  -4.0000000000000009     
  -3.9999999999999996     
  -4.0000000000000062     
  -4.0000000000000009     
  -4.0000000000000000     
  -4.0000000000000000     
  -4.0000000000000036     
  -4.0000000000000000     
  -4.0000000000000009     
  -4.0000000000000000     
  -4.0000000000000036     
  -3.9999999999999991     
  -4.0000000000000000     
 r*potential (L=1) in hartree
  -0.0000000000000000     
  -6.4143375793757532E-009
  -1.4174008573535165E-008
  -2.3480345033711885E-008
  -3.4553832763040669E-008
  -4.7634981941643821E-008
  -6.2985197751717684E-008
  -8.0887651002618821E-008
  -1.0164814875595106E-007
  -1.2559600495065096E-007
  -1.5308491102807493E-007
  -1.8449380655708544E-007
  -2.2022774985913778E-007
  -2.6071878863336557E-007
  -3.0642683058166850E-007
  -3.5784051403379703E-007
  -4.1547807857244099E-007
  -4.7988823565831352E-007
  -5.5165103925524057E-007
  -6.3137875645524381E-007
  -7.1971673810363005E-007
  -8.1734428942407639E-007
  -9.2497554064371543E-007
  -1.0433603176182246E-006
  -1.1732850124569094E-006
  -1.3155734541477931E-006
  -1.4710877791827006E-006
  -1.6407293021823476E-006
  -1.8254393865214223E-006
  -2.0262003149536772E-006
  -2.2440361602370112E-006
  -2.4800136557585591E-006
  -2.7352430661597773E-006
  -3.0108790579615264E-006
  -3.3081215701891698E-006
  -3.6282166849976458E-006
  -3.9724574982965558E-006
  -4.3421849903752598E-006
  -4.7387888965279546E-006
  -5.1637085776787710E-006
  -5.6184338910068411E-006
  -6.1045060605714153E-006
  -6.6235185479369258E-006
  -7.1771179227981006E-006
  -7.7670047336050081E-006
  -8.3949343781881911E-006
  -9.0627179743837278E-006
  -9.7722232306583140E-006
  -1.0525375316734382E-005
  -1.1324157734215165E-005
  -1.2170613187209784E-005
  -1.3066844452958343E-005
  -1.4015015252457025E-005
  -1.5017351121083138E-005
  -1.6076140279220335E-005
  -1.7193734502883533E-005
  -1.8372549994344118E-005
  -1.9615068252755052E-005
  -2.0923836944775853E-005
  -2.2301470775197839E-005
  -2.3750652357569109E-005
  -2.5274133084819700E-005
  -2.6874733999886709E-005
  -2.8555346666339268E-005
  -3.0318934039003843E-005
  -3.2168531334589175E-005
  -3.4107246902311514E-005
  -3.6138263094519585E-005
  -3.8264837137319844E-005
  -4.0490302001201621E-005
  -4.2818067271662052E-005
  -4.5251620019831366E-005
  -4.7794525673097936E-005
  -5.0450428885733548E-005
  -5.3223054409518437E-005
  -5.6116207964366481E-005
  -5.9133777108950355E-005
  -6.2279732111326374E-005
  -6.5558126819560277E-005
  -6.8973099532352119E-005
  -7.2528873869661658E-005
  -7.6229759643332807E-005
  -8.0080153727720040E-005
  -8.4084540930312631E-005
  -8.8247494862360098E-005
  -9.2573678809497974E-005
  -9.7067846602373164E-005
  -1.0173484348726824E-004
  -1.0657960699672748E-004
  -1.1160716782018241E-004
  -1.1682265067457696E-004
  -1.2223127517499235E-004
  -1.2783835670527349E-004
  -1.3364930728865349E-004
  -1.3966963645838017E-004
  -1.4590495212834151E-004
  -1.5236096146369006E-004
  -1.5904347175146920E-004
  -1.6595839127123943E-004
  -1.7311173016570342E-004
  -1.8050960131133268E-004
  -1.8815822118899294E-004
  -1.9606391075456815E-004
  -2.0423309630959025E-004
  -2.1267231037186220E-004
  -2.2138819254608632E-004
  -2.3038749039448845E-004
  -2.3967706030744655E-004
  -2.4926386837411388E-004
  -2.5915499125304985E-004
  -2.6935761704284457E-004
  -2.7987904615274392E-004
  -2.9072669217327843E-004
  -3.0190808274689352E-004
  -3.1343086043857029E-004
  -3.2530278360645741E-004
  -3.3753172727249599E-004
  -3.5012568399305340E-004
  -3.6309276472954187E-004
  -3.7644119971905540E-004
  -3.9017933934499443E-004
  -4.0431565500769249E-004
  -4.1885873999505209E-004
  -4.3381731035316588E-004
  -4.4920020575695398E-004
  -4.6501639038078603E-004
  -4.8127495376911920E-004
  -4.9798511170712689E-004
  -5.1515620709132414E-004
  -5.3279771080020765E-004
  -5.5091922256488002E-004
  -5.6953047183968966E-004
  -5.8864131867286066E-004
  -6.0826175457712314E-004
  -6.2840190340035539E-004
  -6.4907202219620331E-004
  -6.7028250209474037E-004
  -6.9204386917307925E-004
  -7.1436678532602483E-004
  -7.3726204913670222E-004
  -7.6074059674720361E-004
  -7.8481350272921805E-004
  -8.0949198095468474E-004
  -8.3478738546641478E-004
  -8.6071121134876131E-004
  -8.8727509559823200E-004
  -9.1449081799415918E-004
  -9.4237030196932963E-004
  -9.7092561548064147E-004
  -1.0001689718797430E-003
  -1.0301127307836900E-003
  -1.0607693989455999E-003
  -1.0921516311252974E-003
  -1.1242722309599701E-003
  -1.1571441518348307E-003
  -1.1907804977537657E-003
  -1.2251945242100072E-003
  -1.2603996390567937E-003
  -1.2964094033780199E-003
  -1.3332375323589318E-003
  -1.3708978961567634E-003
  -1.4094045207714340E-003
  -1.4487715889162037E-003
  -1.4890134408883753E-003
  -1.5301445754399572E-003
  -1.5721796506483429E-003
  -1.6151334847870043E-003
  -1.6590210571961949E-003
  -1.7038575091536323E-003
  -1.7496581447451751E-003
  -1.7964384317355748E-003
  -1.8442140024391325E-003
  -1.8930006545904408E-003
  -1.9428143522150767E-003
  -1.9936712265003426E-003
  -2.0455875766659903E-003
  -2.0985798708349035E-003
  -2.1526647469039197E-003
  -2.2078590134145034E-003
  -2.2641796504235079E-003
  -2.3216438103739528E-003
  -2.3802688189657477E-003
  -2.4400721760265125E-003
  -2.5010715563822923E-003
  -2.5632848107283736E-003
  -2.6267299665000974E-003
  -2.6914252287435912E-003
  -2.7573889809866465E-003
  -2.8246397861094938E-003
  -2.8931963872156643E-003
  -2.9630777085027679E-003
  -3.0343028561334046E-003
  -3.1068911191059877E-003
  -3.1808619701256028E-003
  -3.2562350664749494E-003
  -3.3330302508851437E-003
  -3.4112675524067041E-003
  -3.4909671872804392E-003
  -3.5721495598083396E-003
  -3.6548352632246378E-003
  -3.7390450805666461E-003
  -3.8247999855458193E-003
  -3.9121211434187146E-003
  -4.0010299118580376E-003
  -4.0915478418236109E-003
  -4.1836966784334940E-003
  -4.2774983618350405E-003
  -4.3729750280759360E-003
  -4.4701490099753613E-003
  -4.5690428379950854E-003
  -4.6696792411106986E-003
  -4.7720811476827090E-003
  -4.8762716863277322E-003
  -4.9822741867898658E-003
  -5.0901121808117579E-003
  -5.1998094030060076E-003
  -5.3113897917265009E-003
  -5.4248774899396087E-003
  -5.5402968460957734E-003
  -5.6576724150007055E-003
  -5.7770289586870031E-003
  -5.8983914472854485E-003
  -6.0217850598967412E-003
  -6.1472351854628396E-003
  -6.2747674236386473E-003
  -6.4044075856636972E-003
  -6.5361816952336799E-003
  -6.6701159893723244E-003
  -6.8062369193029656E-003
  -6.9445711513206054E-003
  -7.0851455676635396E-003
  -7.2279872673853751E-003
  -7.3731235672269795E-003
  -7.5205820024885290E-003
  -7.6703903279014820E-003
  -7.8225765185008251E-003
  -7.9771687704972075E-003
  -8.1341955021491420E-003
  -8.2936853546354949E-003
  -8.4556671929276721E-003
  -8.6201701066621651E-003
  -8.7872234110132116E-003
  -8.9568566475651222E-003
  -9.1290995851851710E-003
  -9.3039822208963504E-003
  -9.4815347807500998E-003
  -9.6617877206993594E-003
  -9.8447717274715279E-003
  -1.0030517719441565E-002
  -1.0219056847505233E-002
  -1.0410420495952456E-002
  -1.0604640283340599E-002
  -1.0801748063368092E-002
  -1.1001775925747989E-002
  -1.1204756197081746E-002
  -1.1410721441733170E-002
  -1.1619704462702066E-002
  -1.1831738302498760E-002
  -1.2046856244017993E-002
  -1.2265091811413519E-002
  -1.2486478770972474E-002
  -1.2711051131989956E-002
  -1.2938843147643963E-002
  -1.3169889315870386E-002
  -1.3404224380237726E-002
  -1.3641883330822750E-002
  -1.3882901405085843E-002
  -1.4127314088746436E-002
  -1.4375157116658802E-002
  -1.4626466473688361E-002
  -1.4881278395587240E-002
  -1.5139629369871095E-002
  -1.5401556136695423E-002
  -1.5667095689732444E-002
  -1.5936285277047917E-002
  -1.6209162401978450E-002
  -1.6485764824008761E-002
  -1.6766130559649706E-002
  -1.7050297883315451E-002
  -1.7338305328202637E-002
  -1.7630191687167590E-002
  -1.7925996013606053E-002
  -1.8225757622331404E-002
  -1.8529516090454418E-002
  -1.8837311258262150E-002
  -1.9149183230098486E-002
  -1.9465172375243513E-002
  -1.9785319328794539E-002
  -2.0109664992546641E-002
  -2.0438250535873601E-002
  -2.0771117396609771E-002
  -2.1108307281931558E-002
  -2.1449862169239626E-002
  -2.1795824307041495E-002
  -2.2146236215834593E-002
  -2.2501140688989528E-002
  -2.2860580793633813E-002
  -2.3224599871535946E-002
  -2.3593241539990598E-002
  -2.3966549692702850E-002
  -2.4344568500674443E-002
  -2.4727342413089350E-002
  -2.5114916158200804E-002
  -2.5507334744217663E-002
  -2.5904643460192431E-002
  -2.6306887876909105E-002
  -2.6714113847772149E-002
  -2.7126367509695121E-002
  -2.7543695283991112E-002
  -2.7966143877262525E-002
  -2.8393760282292312E-002
  -2.8826591778935876E-002
  -2.9264685935012760E-002
  -2.9708090607200227E-002
  -3.0156853941926590E-002
  -3.0611024376265283E-002
  -3.1070650638830459E-002
  -3.1535781750672280E-002
  -3.2006467026174185E-002
  -3.2482756073949647E-002
  -3.2964698797740513E-002
  -3.3452345397315973E-002
  -3.3945746369372858E-002
  -3.4444952508435753E-002
  -3.4950014907759071E-002
  -3.5460984960229251E-002
  -3.5977914359268864E-002
  -3.6500855099740805E-002
  -3.7029859478853316E-002
  -3.7564980097067463E-002
  -3.8106269859004095E-002
  -3.8653781974352458E-002
  -3.9207569958780643E-002
  -3.9767687634845533E-002
  -4.0334189132906123E-002
  -4.0907128892035599E-002
  -4.1486561660936686E-002
  -4.2072542498857453E-002
  -4.2665126776507863E-002
  -4.3264370176979219E-002
  -4.3870328696662721E-002
  -4.4483058646171962E-002
  -4.5102616651264540E-002
  -4.5729059653767640E-002
  -4.6362444912501827E-002
  -4.7002830004209850E-002
  -4.7650272824484724E-002
  -4.8304831588700935E-002
  -4.8966564832945328E-002
  -4.9635531414952701E-002
  -5.0311790515039881E-002
  -5.0995401637044156E-002
  -5.1686424609262704E-002
  -5.2384919585393146E-002
  -5.3090947045477246E-002
  -5.3804567796845823E-002
  -5.4525842975066810E-002
  -5.5254834044893494E-002
  -5.5991602801217011E-002
  -5.6736211370019538E-002
  -5.7488722209330420E-002
  -5.8249198110185002E-002
  -5.9017702197584856E-002
  -5.9794297931460703E-002
  -6.0579049107639477E-002
  -6.1372019858810571E-002
  -6.2173274655498906E-002
  -6.2982878307036985E-002
  -6.3800895962541293E-002
  -6.4627393111892945E-002
  -6.5462435586718049E-002
  -6.6306089561373932E-002
  -6.7158421553936434E-002
  -6.8019498427192515E-002
  -6.8889387389632337E-002
  -6.9768155996449879E-002
  -7.0655872150541532E-002
  -7.1552604103512482E-002
  -7.2458420456683201E-002
  -7.3373390162102536E-002
  -7.4297582523561403E-002
  -7.5231067197613910E-002
  -7.6173914194598513E-002
  -7.7126193879666086E-002
  -7.8087976973810425E-002
  -7.9059334554904229E-002
  -8.0040338058737392E-002
  -8.1031059280062046E-002
  -8.2031570373639964E-002
  -8.3041943855295980E-002
  -8.4062252602974868E-002
  -8.5092569857805153E-002
  -8.6132969225165057E-002
  -8.7183524675754923E-002
  -8.8244310546675989E-002
  -8.9315401542511400E-002
  -9.0396872736416292E-002
  -9.1488799571209284E-002
  -9.2591257860474036E-002
  -9.3704323789663285E-002
  -9.4828073917210168E-002
  -9.5962585175644849E-002
  -9.7107934872719556E-002
  -9.8264200692537218E-002
  -9.9431460696687346E-002
 -0.10060979332539037     
 -0.10179927739864661     
 -0.10299999211739347     
 -0.10421201706466969     
 -0.10543543220678617     
 -0.10667031789450494     
 -0.10791675486422682     
 -0.10917482423918352     
 -0.11044460753064375     
 -0.11172618663911982     
 -0.11301964385559050     
 -0.11432506186272651     
 -0.11564252373612888     
 -0.11697211294557318     
 -0.11831391335626512     
 -0.11966800923010663     
 -0.12103448522696772     
 -0.12241342640597129     
 -0.12380491822678961     
 -0.12520904655094614     
 -0.12662589764313392     
 -0.12805555817254061     
 -0.12949811521418428     
 -0.13095365625026570     
 -0.13242226917152841     
 -0.13390404227862959     
 -0.13539906428352666     
 -0.13690742431087516     
 -0.13842921189943835     
 -0.13996451700351223     
 -0.14151342999436195     
 -0.14307604166167287     
 -0.14465244321501500     
 -0.14624272628532411     
 -0.14784698292639428     
 -0.14946530561638946     
 -0.15109778725936820     
 -0.15274452118682508     
 -0.15440560115924740     
 -0.15608112136768898     
 -0.15777117643536093     
 -0.15947586141924208     
 -0.16119527181170268     
 -0.16292950354215224     
 -0.16467865297870327     
 -0.16644281692985163     
 -0.16822209264618052     
 -0.17001657782208229     
 -0.17182637059750083     
 -0.17365156955969538     
 -0.17549227374503498     
 -0.17734858264079700     
 -0.17922059618700215     
 -0.18110841477826686     
 -0.18301213926567905     
 -0.18493187095870403     
 -0.18686771162711238     
 -0.18881976350293495     
 -0.19078812928243694     
 -0.19277291212812195     
 -0.19477421567076689     
 -0.19679214401148271     
 -0.19882680172381270     
 -0.20087829385584854     
 -0.20294672593237403     
 -0.20503220395704574     
 -0.20713483441460626     
 -0.20925472427313521     
 -0.21139198098633386     
 -0.21354671249582585     
 -0.21571902723350067     
 -0.21790903412389689     
 -0.22011684258663000     
 -0.22234256253886023     
 -0.22458630439777527     
 -0.22684817908311838     
 -0.22912829801976103     
 -0.23142677314033042     
 -0.23374371688788989     
 -0.23607924221861534     
 -0.23843346260453649     
 -0.24080649203632704     
 -0.24319844502616217     
 -0.24560943661062665     
 -0.24803958235361534     
 -0.25048899834931249     
 -0.25295780122522926     
 -0.25544610814533847     
 -0.25795403681320872     
 -0.26048170547517097     
 -0.26302923292356528     
 -0.26559673850007653     
 -0.26818434209916764     
 -0.27079216417145252     
 -0.27342032572717118     
 -0.27606894833975160     
 -0.27873815414952652     
 -0.28142806586739333     
 -0.28413880677851777     
 -0.28687050074615672     
 -0.28962327221565515     
 -0.29239724621844826     
 -0.29519254837601583     
 -0.29800930490399541     
 -0.30084764261647534     
 -0.30370768893038147     
 -0.30658957186970670     
 -0.30949342006993824     
 -0.31241936278270355     
 -0.31536752988054795     
 -0.31833805186147607     
 -0.32133105985373023     
 -0.32434668562084074     
 -0.32738506156681196     
 -0.33044632074100261     
 -0.33353059684329767     
 -0.33663802422964301     
 -0.33976873791762974     
 -0.34292287359174783     
 -0.34610056760900865     
 -0.34930195700507038     
 -0.35252717950015511     
 -0.35577637350474212     
 -0.35904967812573985     
 -0.36234723317328166     
 -0.36566917916686353     
 -0.36901565734160791     
 -0.37238680965517068     
 -0.37578277879507349     
 -0.37920370818510596     
 -0.38264974199229174     
 -0.38612102513478008     
 -0.38961770328932210     
 -0.39313992289822519     
 -0.39668783117724898     
 -0.40026157612442953     
 -0.40386130652741903     
 -0.40748717197140094     
 -0.41113932284839189     
 -0.41481791036602583     
 -0.41852308655540532     
 -0.42225500428038809     
 -0.42601381724801762     
 -0.42979968001675339     
 -0.43361274800570970     
 -0.43745317750593932     
 -0.44132112569010290     
 -0.44521675062155502     
 -0.44914021126584763     
 -0.45309166750241386     
 -0.45707128013369042     
 -0.46107921089657822     
 -0.46511562247597193     
 -0.46918067851453765     
 -0.47327454362406751     
 -0.47739738340022292     
 -0.48154936443383833     
 -0.48573065432207740     
 -0.48994142168391103     
 -0.49418183617350531     
 -0.49845206849123841     
 -0.50275229039964797     
 -0.50708267473911017     
 -0.51144339543892159     
 -0.51583462753360576     
 -0.52025654718086733     
 -0.52470933167300993     
 -0.52919315945359213     
 -0.53370821013755421     
 -0.53825466452320658     
 -0.54283270460931832     
 -0.54744251361732066     
 -0.55208427600399446     
 -0.55675817747915191     
 -0.56146440502987371     
 -0.56620314693389240     
 -0.57097459277811280     
 -0.57577893348489750     
 -0.58061636132598571     
 -0.58548706994223632     
 -0.59039125437195583     
 -0.59532911106508557     
 -0.60030083790472666     
 -0.60530663423736819     
 -0.61034670088706588     
 -0.61542124017950672     
 -0.62053045597370260     
 -0.62567455367603475     
 -0.63085374026780106     
 -0.63606822433749421     
 -0.64131821609492690     
 -0.64660392740330241     
 -0.65192557181065447     
 -0.65728336456486214     
 -0.66267752265110014     
 -0.66810826482060626     
 -0.67357581160814906     
 -0.67908038537508120     
 -0.68462221033357318     
 -0.69020151256904605     
 -0.69581852008754419     
 -0.70147346283448164     
 -0.70716657272540373     
 -0.71289808369376795     
 -0.71866823170587812     
 -0.72447725480281100     
 -0.73032539314257483     
 -0.73621288901625692     
 -0.74213998690111727     
 -0.74810693349202539     
 -0.75411397772574618     
 -0.76016137084078339     
 -0.76624936639692043     
 -0.77237822031521497     
 -0.77854819093370109     
 -0.78475953902232298     
 -0.79101252784094811     
 -0.79730742317951142     
 -0.80364449338161303     
 -0.81002400941320263     
 -0.81644624488429507     
 -0.82291147609403048     
 -0.82941998209206902     
 -0.83597204469465114     
 -0.84256794855233808     
 -0.84920798118834451     
 -0.85589243303015827     
 -0.86262159748353884     
 -0.86939577095101805     
 -0.87621525289237467     
 -0.88308034587840634     
 -0.88999135561541531     
 -0.89694859102229285     
 -0.90395236425702929     
 -0.91100299076981006     
 -0.91810078936585038     
 -0.92524608222923832     
 -0.93243919499777816     
 -0.93968045679677781     
 -0.94697020028870937     
 -0.95430876173705803     
 -0.96169648103468608     
 -0.96913370177329372     
 -0.97662077128117575     
 -0.98415804067402002     
 -0.99174586491152583     
 -0.99938460283508346     
  -1.0070746172274134     
  -1.0148162748525489     
  -1.0226099465098144     
  -1.0304560070756252     
  -1.0383548355563779     
  -1.0463068151286623     
  -1.0543123331862687     
  -1.0623717813917037     
  -1.0704855557001220     
  -1.0786540564325857     
  -1.0868776882805855     
  -1.0951568603762434     
  -1.1034919863196049     
  -1.1118834841969809     
  -1.1203317766671892     
  -1.1288372909172002     
  -1.1374004587788931     
  -1.1460217166891360     
  -1.1547015057451813     
  -1.1634402717583900     
  -1.1722384651839142     
  -1.1810965412820047     
  -1.1900149599685677     
  -1.1989941859754265     
  -1.2080346887719522     
  -1.2171369425671030     
  -1.2263014264213861     
  -1.2355286240346952     
  -1.2448190240163963     
  -1.2541731195832315     
  -1.2635914087847770     
  -1.2730743943515781     
  -1.2826225836469083     
  -1.2922364888276883     
  -1.3019166264544360     
  -1.3116635179114151     
  -1.3214776888533264     
  -1.3313596695959280     
  -1.3413099947482601     
  -1.3513292032281554     
  -1.3614178383499664     
  -1.3715764473050900     
  -1.3818055817230832     
  -1.3921057967536579     
  -1.4024776517982951     
  -1.4129217096311195     
  -1.4234385367992883     
  -1.4340287032527648     
  -1.4446927820305961     
  -1.4554313496455764     
  -1.4662449849690158     
  -1.4771342702685073     
  -1.4880997895870445     
  -1.4991421299441332     
  -1.5102618798397696     
  -1.5214596299359266     
  -1.5327359723096128     
  -1.5440915001018876     
  -1.5555268078763322     
  -1.5670424900518436     
  -1.5786391423476478     
  -1.5903173592302124     
  -1.6020777359781104     
  -1.6139208658207576     
  -1.6258473417951118     
  -1.6378577544466870     
  -1.6499526926476940     
  -1.6621327425668320     
  -1.6743984868907908     
  -1.6867505054445071     
  -1.6991893726147544     
  -1.7117156596152543     
  -1.7243299303274164     
  -1.7370327447600482     
  -1.7498246539806581     
  -1.7627062038881842     
  -1.7756779302511261     
  -1.7887403617324358     
  -1.8018940160289230     
  -1.8151394012581563     
  -1.8284770139512301     
  -1.8419073381874813     
  -1.8554308458974942     
  -1.8690479934402071     
  -1.8827592243525197     
  -1.8965649633940158     
  -1.9104656215410256     
  -1.9244615878688298     
  -1.9385532362398781     
  -1.9527409157388964     
  -1.9670249581778427     
  -1.9814056680765491     
  -1.9958833299377698     
  -2.0104581987906700     
  -2.0251305062824287     
  -2.0399004526443076     
  -2.0547682108330925     
  -2.0697339205863896     
  -2.0847976900397325     
  -2.0999595923486032     
  -2.1152196643930163     
  -2.1305779062641412     
  -2.1460342768419958     
  -2.1615886962798139     
  -2.1772410383970979     
  -2.1929911361498302     
  -2.2088387709161603     
  -2.2247836808191259     
  -2.2408255470921317     
  -2.2569640050261808     
  -2.2731986276844998     
  -2.2895289391802738     
  -2.3059543960630995     
  -2.3224744025962862     
  -2.3390882901625543     
  -2.3557953342012774     
  -2.3725947319786198     
  -2.3894856208619837     
  -2.4064670547741422     
  -2.4235380235205084     
  -2.4406974282021818     
  -2.4579441013676488     
  -2.4752767815992551     
  -2.4926941343291209     
  -2.5101947257478359     
  -2.5277770441899947     
  -2.5454394734588153     
  -2.5631803147367185     
  -2.5809977593827922     
  -2.5988899113543837     
  -2.6168547595186893     
  -2.6348902005796364     
  -2.6529940109530199     
  -2.6711638701764238     
  -2.6893973324320837     
  -2.7076918503732457     
  -2.7260447464429394     
  -2.7444532369760246     
  -2.7629144035566595     
  -2.7814252171506477     
  -2.7999825098690501     
  -2.8185829987530218     
  -2.8372232584590007     
  -2.8558997441723082     
  -2.8746087658769310     
  -2.8933465097443385     
  -2.9121090147675490     
  -2.9308921918867590     
  -2.9496918038259392     
  -2.9685034812048126     
  -2.9873227063858581     
  -3.0061448259160599     
  -3.0249650390392313     
  -3.0437784060432622     
  -3.0625798417870098     
  -3.0813641199258281     
  -3.1001258713229012     
  -3.1188595847009521     
  -3.1375596091514044     
  -3.1562201525040487     
  -3.1748352863386238     
  -3.1933989442329445     
  -3.2119049267869051     
  -3.2303469028094871     
  -3.2487184110099028     
  -3.2670128679531563     
  -3.2852235624609731     
  -3.3033436745517633     
  -3.3213662585317310     
  -3.3392842767703583     
  -3.3570905683855341     
  -3.3747779000821558     
  -3.3923389198187048     
  -3.4097662235352093     
  -3.4270522973457109     
  -3.4441895943713847     
  -3.4611704736777913     
  -3.4779872769934657     
  -3.4946322767019309     
  -3.5110977385073578     
  -3.5273758939614299     
  -3.5434589727335228     
  -3.5593392164830417     
  -3.5750088644319713     
  -3.5904602235804330     
  -3.6056855952385209     
  -3.6206774099795282     
  -3.6354280924862725     
  -3.6499302563071372     
  -3.6641765216763744     
  -3.6781597444533416     
  -3.6918728228543478     
  -3.7053089163203459     
  -3.7184612905283143     
  -3.7313234748164366     
  -3.7438891960185785     
  -3.7561524269179878     
  -3.7681074502371943     
  -3.7797487658008300     
  -3.7910713038429744     
  -3.8020701883495454     
  -3.8127410805820650     
  -3.8230798430226063     
  -3.8330829407163534     
  -3.8427471014785444     
  -3.8520696632335101     
  -3.8610483455440328     
  -3.8696814349137898     
  -3.8779677589959003     
  -3.8859066398268314     
  -3.8934981111992037     
  -3.9007426330880235     
  -3.9076415169154952     
  -3.9141964813157357     
  -3.9204101572255041     
  -3.9262856488639097     
  -3.9318269335881584     
  -3.9370386049032899     
  -3.9419260195575334     
  -3.9464953218375345     
  -3.9507532907443430     
  -3.9547076302861197     
  -3.9583665912636796     
  -3.9617393908445653     
  -3.9648357915958461     
  -3.9676664368428582     
  -3.9702425857522075     
  -3.9725762120868988     
  -3.9746799670680732     
  -3.9765670528895583     
  -3.9782513120311593     
  -3.9797470396775356     
  -3.9810689900638399     
  -3.9822323260626673     
  -3.9832523929257948     
  -3.9841448405234865     
  -3.9849252637132366     
  -3.9856092470492426     
  -3.9862122236541935     
  -3.9867490163022650     
  -3.9872343116323701     
  -3.9876814536751670     
  -3.9881034771854780     
  -3.9885114728172559     
  -3.9889154813584620     
  -3.9893236698240044     
  -3.9897418912380527     
  -3.9901740764142373     
  -3.9906191915906226     
  -3.9910748470637532     
  -3.9915353530196405     
  -3.9919919137847661     
  -3.9924327984468757     
  -3.9928593548553315     
  -3.9932733536238785     
  -3.9936741888291745     
  -3.9940610926130411     
  -3.9944340299008125     
  -3.9947931992858821     
  -3.9951386783816361     
  -3.9954704497711124     
  -3.9957885361817342     
  -3.9960930376899060     
  -3.9963840710107004     
  -3.9966617731412004     
  -3.9969262925857332     
  -3.9971777932922108     
  -3.9974164533371259     
  -3.9976424900579861     
  -3.9978561896699789     
  -3.9980578215347609     
  -3.9982474842373610     
  -3.9984252524797061     
  -3.9985917693224136     
  -3.9987481882762101     
  -3.9988945735333101     
  -3.9990283630296291     
  -3.9991479990077701     
  -3.9992618508712652     
  -3.9993822667562116     
  -3.9995081746231582     
  -3.9996226471370018     
  -3.9997127990997567     
  -3.9997829295378446     
  -3.9998406014519867     
  -3.9998888472426448     
  -3.9999278514328336     
  -3.9999582575123687     
  -3.9999815910829244     
  -3.9999993899093651     
  -4.0000125978287349     
  -4.0000219620944728     
  -4.0000281699196671     
  -4.0000318445993193     
  -4.0000335651196384     
  -4.0000337462015301     
  -4.0000327705005772     
  -4.0000309419091211     
  -4.0000285142456420     
  -4.0000257102120598     
  -4.0000226855269734     
  -4.0000195843947957     
  -4.0000165059993007     
  -4.0000135306298086     
  -4.0000107204679827     
  -4.0000081118941653     
  -4.0000057360724854     
  -4.0000036052579686     
  -4.0000017257907885     
  -4.0000000965309175     
  -3.9999987085851649     
  -3.9999975511669263     
  -3.9999966086695373     
  -3.9999958640333393     
  -3.9999952991664753     
  -3.9999948950386908     
  -3.9999946326173963     
  -3.9999944938012031     
  -3.9999944604393916     
  -3.9999945160446551     
  -3.9999946451448505     
  -3.9999948330287416     
  -3.9999950673190412     
  -3.9999953359461431     
  -3.9999956289021092     
  -3.9999959373615370     
  -3.9999962532856612     
  -3.9999965706211986     
  -3.9999968836223894     
  -3.9999971880360841     
  -3.9999974804543994     
  -3.9999977579792971     
  -3.9999980189157429     
  -3.9999982617769354     
  -3.9999984858466773     
  -3.9999986908724101     
  -3.9999988768281494     
  -3.9999990442108762     
  -3.9999991936265031     
  -3.9999993259265838     
  -3.9999994421344658     
  -3.9999995433275783     
  -3.9999996306756915     
  -3.9999997053862675     
  -3.9999997686460778     
  -3.9999998216329002     
  -3.9999998655123110     
  -3.9999999013434850     
  -3.9999999301785145     
  -3.9999999529728485     
  -3.9999999705886875     
  -3.9999999838670806     
  -3.9999999935020463     
  -4.0000000001559268     
  -4.0000000044121382     
  -4.0000000067475368     
  -4.0000000076241085     
  -4.0000000073947017     
  -4.0000000063726082     
  -4.0000000048313318     
  -4.0000000029647715     
  -4.0000000009566028     
  -3.9999999989351958     
  -3.9999999969962583     
  -3.9999999952222471     
  -3.9999999936543347     
  -3.9999999923260163     
  -3.9999999912528548     
  -3.9999999904330386     
  -3.9999999898616414     
  -3.9999999895218719     
  -3.9999999893928120     
  -3.9999999894514295     
  -3.9999999896715934     
  -3.9999999900265006     
  -3.9999999904906969     
  -3.9999999910392625     
  -3.9999999916481959     
  -3.9999999922974689     
  -3.9999999929675742     
  -3.9999999936420627     
  -3.9999999943079088     
  -3.9999999949526410     
  -3.9999999955678391     
  -3.9999999961466290     
  -3.9999999966834419     
  -3.9999999971757743     
  -3.9999999976215954     
  -3.9999999980205136     
  -3.9999999983735708     
  -3.9999999986820947     
  -3.9999999989485318     
  -3.9999999991757527     
  -3.9999999993668363     
  -3.9999999995252007     
  -3.9999999996543707     
  -3.9999999997577604     
  -3.9999999998387170     
  -3.9999999999005689     
  -3.9999999999462075     
  -3.9999999999784359     
  -3.9999999999998415     
  -4.0000000000125269     
  -4.0000000000185532     
  -4.0000000000196039     
  -4.0000000000170362     
  -4.0000000000121521     
  -4.0000000000058566     
  -3.9999999999989111     
  -3.9999999999919740     
  -3.9999999999854170     
  -3.9999999999795746     
  -3.9999999999746536     
  -3.9999999999707256     
  -3.9999999999678453     
  -3.9999999999659805     
  -3.9999999999650555     
  -3.9999999999649836     
  -3.9999999999656506     
  -3.9999999999669269     
  -3.9999999999686913     
  -3.9999999999708256     
  -3.9999999999732099     
  -3.9999999999757434     
  -3.9999999999783400     
  -3.9999999999809166     
  -3.9999999999834142     
  -3.9999999999857865     
  -3.9999999999879905     
  -3.9999999999900049     
  -3.9999999999918150     
  -3.9999999999934133     
  -3.9999999999948015     
  -3.9999999999959890     
  -3.9999999999969824     
  -3.9999999999978009     
  -3.9999999999984599     
  -3.9999999999989782     
  -3.9999999999993729     
  -3.9999999999996643     
  -3.9999999999998694     
  -4.0000000000000027     
  -4.0000000000000817     
  -4.0000000000001172     
  -4.0000000000001226     
  -4.0000000000001119     
  -4.0000000000000941     
  -4.0000000000000799     
  -4.0000000000000693     
  -4.0000000000000622     
  -4.0000000000000533     
  -4.0000000000000462     
  -4.0000000000000400     
  -4.0000000000000346     
  -4.0000000000000311     
  -4.0000000000000275     
  -4.0000000000000240     
  -4.0000000000000213     
  -4.0000000000000178     
  -4.0000000000000160     
  -4.0000000000000133     
  -4.0000000000000115     
  -4.0000000000000107     
  -4.0000000000000089     
  -4.0000000000000080     
  -4.0000000000000071     
  -4.0000000000000053     
  -4.0000000000000044     
  -4.0000000000000044     
  -4.0000000000000027     
  -4.0000000000000036     
  -4.0000000000000027     
  -4.0000000000000027     
  -4.0000000000000027     
  -4.0000000000000062     
  -4.0000000000000018     
  -4.0000000000000062     
  -4.0000000000000027     
  -4.0000000000000044     
  -4.0000000000000018     
  -4.0000000000000044     
  -4.0000000000000018     
  -4.0000000000000009     
  -4.0000000000000000     
  -4.0000000000000000     
  -4.0000000000000000     
  -3.9999999999999991     
  -4.0000000000000000     
  -3.9999999999999996     
  -3.9999999999999996     
  -4.0000000000000000     
  -4.0000000000000000     
  -3.9999999999999996     
  -3.9999999999999996     
  -4.0000000000000000     
  -3.9999999999999996     
  -4.0000000000000000     
  -4.0000000000000000     
  -4.0000000000000009     
  -4.0000000000000000     
  -4.0000000000000000     
  -4.0000000000000000     
  -3.9999999999999996     
  -4.0000000000000000     
  -4.0000000000000000     
  -3.9999999999999996     
  -4.0000000000000000     
  -3.9999999999999991     
  -4.0000000000000000     
  -4.0000000000000000     
  -4.0000000000000000     
  -4.0000000000000000     
  -3.9999999999999991     
  -4.0000000000000000     
  -3.9999999999999996     
  -4.0000000000000000     
  -3.9999999999999996     
  -4.0000000000000000     
  -4.0000000000000000     
  -4.0000000000000000     
  -3.9999999999999996     
  -4.0000000000000000     
  -4.0000000000000000     
  -4.0000000000000000     
  -4.0000000000000000     
  -4.0000000000000000     
  -3.9999999999999991     
  -4.0000000000000009     
  -3.9999999999999996     
  -3.9999999999999991     
  -4.0000000000000000     
  -4.0000000000000009     
  -4.0000000000000000     
  -4.0000000000000000     
  -3.9999999999999996     
  -4.0000000000000009     
  -4.0000000000000009     
  -3.9999999999999991     
  -4.0000000000000000     
  -4.0000000000000000     
  -4.0000000000000000     
  -4.0000000000000000     
  -3.9999999999999991     
  -3.9999999999999996     
  -4.0000000000000000     
  -3.9999999999999996     
  -4.0000000000000009     
  -4.0000000000000000     
  -4.0000000000000000     
  -4.0000000000000000     
  -4.0000000000000009     
  -4.0000000000000009     
  -4.0000000000000000     
  -4.0000000000000009     
  -3.9999999999999991     
  -4.0000000000000000     
  -3.9999999999999991     
  -4.0000000000000000     
  -4.0000000000000000     
  -4.0000000000000009     
  -4.0000000000000000     
  -4.0000000000000009     
  -4.0000000000000000     
  -3.9999999999999996     
  -3.9999999999999991     
  -4.0000000000000000     
  -4.0000000000000000     
  -4.0000000000000000     
  -4.0000000000000000     
  -4.0000000000000000     
  -4.0000000000000000     
  -4.0000000000000000     
  -4.0000000000000000     
  -4.0000000000000009     
  -4.0000000000000000     
  -4.0000000000000009     
  -4.0000000000000000     
  -4.0000000000000000     
  -4.0000000000000000     
  -4.0000000000000000     
  -4.0000000000000009     
  -4.0000000000000000     
  -4.0000000000000000     
  -4.0000000000000000     
  -3.9999999999999991     
  -4.0000000000000000     
  -4.0000000000000000     
  -3.9999999999999996     
  -3.9999999999999996     
  -3.9999999999999996     
  -4.0000000000000000     
  -4.0000000000000000     
  -4.0000000000000000     
  -4.0000000000000000     
  -4.0000000000000000     
  -4.0000000000000000     
  -3.9999999999999991     
  -4.0000000000000000     
  -4.0000000000000000     
  -4.0000000000000036     
  -4.0000000000000000     
  -4.0000000000000044     
  -4.0000000000000000     
  -4.0000000000000036     
  -4.0000000000000009     
  -4.0000000000000027     
  -4.0000000000000000     
  -4.0000000000000027     
  -3.9999999999999991     
  -3.9999999999999996     
  -3.9999999999999996     
  -3.9999999999999996     
  -4.0000000000000000     
  -4.0000000000000000     
  -4.0000000000000000     
  -4.0000000000000000     
  -4.0000000000000009     
  -4.0000000000000000     
  -3.9999999999999996     
  -4.0000000000000000     
  -4.0000000000000009     
  -3.9999999999999996     
  -4.0000000000000009     
  -3.9999999999999996     
  -3.9999999999999996     
  -4.0000000000000000     
  -4.0000000000000000     
  -4.0000000000000000     
  -4.0000000000000000     
  -4.0000000000000000     
  -4.0000000000000009     
  -4.0000000000000000     
  -4.0000000000000000     
  -4.0000000000000009     
  -3.9999999999999996     
  -4.0000000000000000     
  -4.0000000000000000     
  -4.0000000000000000     
  -3.9999999999999996     
  -4.0000000000000000     
  -4.0000000000000000     
  -3.9999999999999996     
  -4.0000000000000000     
  -4.0000000000000009     
  -4.0000000000000000     
  -3.9999999999999996     
  -4.0000000000000009     
  -4.0000000000000000     
  -3.9999999999999991     
  -4.0000000000000000     
  -4.0000000000000000     
  -3.9999999999999987     
  -3.9999999999999996     
  -4.0000000000000000     
  -3.9999999999999996     
  -3.9999999999999996     
  -4.0000000000000000     
  -4.0000000000000000     
  -3.9999999999999996     
  -4.0000000000000000     
  -4.0000000000000009     
  -3.9999999999999991     
  -4.0000000000000000     
  -4.0000000000000000     
  -3.9999999999999996     
  -4.0000000000000000     
  -4.0000000000000000     
  -4.0000000000000009     
  -3.9999999999999991     
  -4.0000000000000000     
  -4.0000000000000000     
  -4.0000000000000009     
  -3.9999999999999996     
  -3.9999999999999991     
  -4.0000000000000000     
  -4.0000000000000000     
  -4.0000000000000000     
  -3.9999999999999996     
  -3.9999999999999996     
  -3.9999999999999996     
  -3.9999999999999996     
  -4.0000000000000000     
  -3.9999999999999996     
  -4.0000000000000000     
  -4.0000000000000000     
  -4.0000000000000000     
  -3.9999999999999991     
  -4.0000000000000000     
  -3.9999999999999996     
  -4.0000000000000000     
  -4.0000000000000000     
  -4.0000000000000000     
  -4.0000000000000000     
  -4.0000000000000000     
  -4.0000000000000000     
  -4.0000000000000000     
  -4.0000000000000000     
  -4.0000000000000000     
  -3.9999999999999991     
  -4.0000000000000000     
  -4.0000000000000009     
  -4.0000000000000009     
  -4.0000000000000000     
  -4.0000000000000000     
  -4.0000000000000000     
  -3.9999999999999987     
  -4.0000000000000000     
  -4.0000000000000000     
  -4.0000000000000000     
  -3.9999999999999996     
  -4.0000000000000000     
  -4.0000000000000000     
  -4.0000000000000000     
  -3.9999999999999996     
  -4.0000000000000000     
  -4.0000000000000000     
  -4.0000000000000009     
  -4.0000000000000009     
  -3.9999999999999991     
  -4.0000000000000000     
  -4.0000000000000009     
  -4.0000000000000009     
  -3.9999999999999991     
  -4.0000000000000000     
  -4.0000000000000036     
  -3.9999999999999991     
  -4.0000000000000036     
  -3.9999999999999996     
  -4.0000000000000027     
  -4.0000000000000000     
  -4.0000000000000036     
  -4.0000000000000000     
  -4.0000000000000018     
  -4.0000000000000000     
  -4.0000000000000044     
  -3.9999999999999991     
  -4.0000000000000000     
  -4.0000000000000000     
  -4.0000000000000000     
  -4.0000000000000000     
  -4.0000000000000000     
  -4.0000000000000000     
  -4.0000000000000000     
  -4.0000000000000000     
  -4.0000000000000000     
  -4.0000000000000000     
  -4.0000000000000000     
  -4.0000000000000009     
  -4.0000000000000009     
  -3.9999999999999996     
  -4.0000000000000009     
  -4.0000000000000009     
  -4.0000000000000000     
  -4.0000000000000000     
  -4.0000000000000000     
  -4.0000000000000009     
  -4.0000000000000000     
  -4.0000000000000000     
  -4.0000000000000000     
  -3.9999999999999996     
  -4.0000000000000009     
  -3.9999999999999996     
  -4.0000000000000009     
  -4.0000000000000000     
  -4.0000000000000000     
  -4.0000000000000009     
  -4.0000000000000000     
  -4.0000000000000000     
  -4.0000000000000000     
  -4.0000000000000000     
  -3.9999999999999991     
  -4.0000000000000009     
  -4.0000000000000000     
  -4.0000000000000000     
  -3.9999999999999996     
  -4.0000000000000000     
  -3.9999999999999991     
  -4.0000000000000009     
  -4.0000000000000009     
  -3.9999999999999996     
  -4.0000000000000000     
  -4.0000000000000009     
  -4.0000000000000000     
  -4.0000000000000000     
  -4.0000000000000009     
  -4.0000000000000000     
  -3.9999999999999991     
  -4.0000000000000000     
  -4.0000000000000000     
  -4.0000000000000000     
  -4.0000000000000000     
  -4.0000000000000000     
  -4.0000000000000000     
  -3.9999999999999996     
  -4.0000000000000000     
  -4.0000000000000000     
  -4.0000000000000000     
  -4.0000000000000000     
  -3.9999999999999991     
  -4.0000000000000009     
  -4.0000000000000000     
  -4.0000000000000000     
  -4.0000000000000000     
  -3.9999999999999996     
  -3.9999999999999991     
  -4.0000000000000000     
  -4.0000000000000000     
  -4.0000000000000000     
  -4.0000000000000000     
  -4.0000000000000009     
  -4.0000000000000000     
  -4.0000000000000000     
  -4.0000000000000000     
  -3.9999999999999996     
  -4.0000000000000000     
  -4.0000000000000009     
  -3.9999999999999996     
  -4.0000000000000000     
  -4.0000000000000000     
  -4.0000000000000000     
  -3.9999999999999991     
  -4.0000000000000009     
  -4.0000000000000009     
  -3.9999999999999996     
  -4.0000000000000000     
  -4.0000000000000009     
  -4.0000000000000009     
  -3.9999999999999996     
  -4.0000000000000000     
  -3.9999999999999996     
  -4.0000000000000000     
  -4.0000000000000009     
  -4.0000000000000000     
  -3.9999999999999991     
  -4.0000000000000000     
  -4.0000000000000000     
  -4.0000000000000009     
  -3.9999999999999991     
  -4.0000000000000000     
  -4.0000000000000009     
  -3.9999999999999996     
  -4.0000000000000000     
  -4.0000000000000000     
  -4.0000000000000000     
  -4.0000000000000000     
  -4.0000000000000000     
  -3.9999999999999996     
  -3.9999999999999996     
  -3.9999999999999996     
  -4.0000000000000036     
  -3.9999999999999991     
  -4.0000000000000044     
  -4.0000000000000000     
  -4.0000000000000027     
  -3.9999999999999996     
  -4.0000000000000044     
  -4.0000000000000000     
  -4.0000000000000044     
  -4.0000000000000000     
  -4.0000000000000036     
  -3.9999999999999996     
  -4.0000000000000027     
  -4.0000000000000000     
  -4.0000000000000018     
  -3.9999999999999996     
  -4.0000000000000009     
  -3.9999999999999996     
  -4.0000000000000000     
  -4.0000000000000009     
  -4.0000000000000000     
  -4.0000000000000009     
  -4.0000000000000000     
  -3.9999999999999996     
  -4.0000000000000000     
  -4.0000000000000000     
  -3.9999999999999996     
  -4.0000000000000009     
  -3.9999999999999996     
  -4.0000000000000000     
  -4.0000000000000000     
  -4.0000000000000009     
  -4.0000000000000000     
  -3.9999999999999996     
  -4.0000000000000009     
  -3.9999999999999996     
  -3.9999999999999996     
  -4.0000000000000009     
  -3.9999999999999996     
  -4.0000000000000000     
  -3.9999999999999996     
  -4.0000000000000000     
  -4.0000000000000000     
  -3.9999999999999991     
  -4.0000000000000009     
  -3.9999999999999996     
  -4.0000000000000000     
  -4.0000000000000000     
  -4.0000000000000009     
  -4.0000000000000000     
  -4.0000000000000000     
  -4.0000000000000000     
  -4.0000000000000000     
  -3.9999999999999996     
  -4.0000000000000009     
  -4.0000000000000000     
  -4.0000000000000000     
  -4.0000000000000009     
  -4.0000000000000009     
  -4.0000000000000000     
  -4.0000000000000000     
  -4.0000000000000000     
  -4.0000000000000000     
  -3.9999999999999996     
  -4.0000000000000000     
  -4.0000000000000000     
  -4.0000000000000000     
  -4.0000000000000009     
  -4.0000000000000000     
  -3.9999999999999996     
  -3.9999999999999991     
  -4.0000000000000000     
  -4.0000000000000000     
  -4.0000000000000000     
  -4.0000000000000000     
  -4.0000000000000000     
  -4.0000000000000000     
  -4.0000000000000000     
  -4.0000000000000000     
  -3.9999999999999991     
  -3.9999999999999991     
  -4.0000000000000009     
  -4.0000000000000000     
  -3.9999999999999991     
  -4.0000000000000000     
  -4.0000000000000000     
  -4.0000000000000000     
  -4.0000000000000009     
  -4.0000000000000000     
  -4.0000000000000000     
  -4.0000000000000000     
  -4.0000000000000000     
  -4.0000000000000009     
  -4.0000000000000000     
  -3.9999999999999996     
  -4.0000000000000000     
  -4.0000000000000009     
  -4.0000000000000000     
  -4.0000000000000009     
  -4.0000000000000000     
  -4.0000000000000000     
  -4.0000000000000000     
  -4.0000000000000000     
  -4.0000000000000000     
  -4.0000000000000000     
  -4.0000000000000000     
  -4.0000000000000000     
  -4.0000000000000000     
  -4.0000000000000009     
  -3.9999999999999991     
  -4.0000000000000000     
  -4.0000000000000000     
  -4.0000000000000009     
  -4.0000000000000000     
  -4.0000000000000000     
  -4.0000000000000000     
  -3.9999999999999991     
  -3.9999999999999996     
  -4.0000000000000000     
  -4.0000000000000000     
  -4.0000000000000000     
  -4.0000000000000000     
  -4.0000000000000000     
  -4.0000000000000000     
  -4.0000000000000000     
  -4.0000000000000018     
  -4.0000000000000000     
  -4.0000000000000018     
  -4.0000000000000000     
  -4.0000000000000027     
  -4.0000000000000000     
  -4.0000000000000027     
  -4.0000000000000009     
  -4.0000000000000027     
  -4.0000000000000000     
  -4.0000000000000027     
  -3.9999999999999996     
  -4.0000000000000027     
  -3.9999999999999996     
  -4.0000000000000018     
  -4.0000000000000000     
  -4.0000000000000018     
  -4.0000000000000000     
  -4.0000000000000018     
  -4.0000000000000000     
  -4.0000000000000009     
  -3.9999999999999996     
  -4.0000000000000000     
  -3.9999999999999996     
  -4.0000000000000000     
  -4.0000000000000000     
  -4.0000000000000000     
  -4.0000000000000000     
  -3.9999999999999996     
  -4.0000000000000000     
  -4.0000000000000009     
  -4.0000000000000009     
  -3.9999999999999996     
  -4.0000000000000000     
  -4.0000000000000000     
  -4.0000000000000000     
  -4.0000000000000000     
  -4.0000000000000009     
  -4.0000000000000000     
  -4.0000000000000000     
  -4.0000000000000000     
  -4.0000000000000000     
  -4.0000000000000000     
  -4.0000000000000000     
  -4.0000000000000009     
  -3.9999999999999991     
  -4.0000000000000000     
  -4.0000000000000000     
  -4.0000000000000009     
  -3.9999999999999996     
  -4.0000000000000000     
  -4.0000000000000000     
  -4.0000000000000000     
  -4.0000000000000000     
  -4.0000000000000000     
  -4.0000000000000000     
  -3.9999999999999996     
  -3.9999999999999996     
  -4.0000000000000009     
  -4.0000000000000000     
  -4.0000000000000000     
  -4.0000000000000000     
  -4.0000000000000000     
  -4.0000000000000000     
  -3.9999999999999996     
  -3.9999999999999991     
  -3.9999999999999991     
  -3.9999999999999996     
  -4.0000000000000000     
  -4.0000000000000000     
  -3.9999999999999996     
  -4.0000000000000000     
  -4.0000000000000000     
  -3.9999999999999996     
  -3.9999999999999996     
  -4.0000000000000000     
  -3.9999999999999996     
  -3.9999999999999991     
  -4.0000000000000000     
  -3.9999999999999996     
  -4.0000000000000000     
  -4.0000000000000000     
  -3.9999999999999996     
  -4.0000000000000000     
  -3.9999999999999996     
  -4.0000000000000000     
  -4.0000000000000000     
  -3.9999999999999996     
  -4.0000000000000000     
  -4.0000000000000000     
  -4.0000000000000000     
  -4.0000000000000000     
  -4.0000000000000009     
  -4.0000000000000000     
  -3.9999999999999996     
  -4.0000000000000009     
  -4.0000000000000000     
  -3.9999999999999991     
  -4.0000000000000009     
  -4.0000000000000000     
  -3.9999999999999996     
  -4.0000000000000000     
  -4.0000000000000009     
  -4.0000000000000000     
  -4.0000000000000000     
  -4.0000000000000000     
  -4.0000000000000000     
  -4.0000000000000009     
  -4.0000000000000000     
  -4.0000000000000000     
  -4.0000000000000009     
  -4.0000000000000000     
  -4.0000000000000009     
  -3.9999999999999996     
  -4.0000000000000000     
  -4.0000000000000000     
  -3.9999999999999996     
  -3.9999999999999996     
  -4.0000000000000000     
  -3.9999999999999996     
  -3.9999999999999996     
  -4.0000000000000000     
  -4.0000000000000000     
  -3.9999999999999996     
  -4.0000000000000000     
  -4.0000000000000027     
  -3.9999999999999996     
  -4.0000000000000027     
  -4.0000000000000000     
  -4.0000000000000018     
  -4.0000000000000000     
  -4.0000000000000027     
  -3.9999999999999996     
  -4.0000000000000036     
  -4.0000000000000000     
  -4.0000000000000027     
  -4.0000000000000000     
  -4.0000000000000018     
  -3.9999999999999996     
  -4.0000000000000018     
  -4.0000000000000000     
  -4.0000000000000027     
  -4.0000000000000000     
  -4.0000000000000027     
  -3.9999999999999991     
  -4.0000000000000044     
  -4.0000000000000009     
  -4.0000000000000000     
  -4.0000000000000000     
  -3.9999999999999996     
  -4.0000000000000000     
  -4.0000000000000000     
  -4.0000000000000000     
  -3.9999999999999996     
  -3.9999999999999996     
  -3.9999999999999996     
  -4.0000000000000000     
  -3.9999999999999996     
  -3.9999999999999991     
  -4.0000000000000000     
  -4.0000000000000000     
  -3.9999999999999991     
  -4.0000000000000000     
  -4.0000000000000000     
  -3.9999999999999996     
  -4.0000000000000000     
  -4.0000000000000009     
  -3.9999999999999991     
  -3.9999999999999996     
  -4.0000000000000000     
  -3.9999999999999996     
  -3.9999999999999996     
  -4.0000000000000009     
  -4.0000000000000000     
  -3.9999999999999996     
  -4.0000000000000000     
  -4.0000000000000000     
  -3.9999999999999996     
  -4.0000000000000000     
  -4.0000000000000000     
  -4.0000000000000000     
  -3.9999999999999991     
  -4.0000000000000000     
  -4.0000000000000000     
  -4.0000000000000000     
  -4.0000000000000000     
  -4.0000000000000000     
  -4.0000000000000000     
  -3.9999999999999991     
  -4.0000000000000000     
  -4.0000000000000000     
  -4.0000000000000000     
  -4.0000000000000000     
  -4.0000000000000009     
  -3.9999999999999991     
  -3.9999999999999991     
  -4.0000000000000000     
  -4.0000000000000000     
  -4.0000000000000000     
  -4.0000000000000000     
  -4.0000000000000000     
  -4.0000000000000000     
  -4.0000000000000000     
  -4.0000000000000009     
  -4.0000000000000000     
  -4.0000000000000000     
  -4.0000000000000000     
  -4.0000000000000009     
  -4.0000000000000000     
  -4.0000000000000000     
  -4.0000000000000000     
  -3.9999999999999991     
  -4.0000000000000000     
  -3.9999999999999991     
  -4.0000000000000000     
  -4.0000000000000000     
  -4.0000000000000000     
  -4.0000000000000000     
  -4.0000000000000000     
  -4.0000000000000000     
  -4.0000000000000009     
  -4.0000000000000000     
  -4.0000000000000000     
  -4.0000000000000000     
  -3.9999999999999991     
  -4.0000000000000000     
  -4.0000000000000000     
  -4.0000000000000000     
  -3.9999999999999991     
  -4.0000000000000000     
  -4.0000000000000000     
  -3.9999999999999991     
  -4.0000000000000000     
  -4.0000000000000000     
  -3.9999999999999996     
  -4.0000000000000000     
  -4.0000000000000000     
  -4.0000000000000000     
  -4.0000000000000000     
  -4.0000000000000000     
  -4.0000000000000000     
  -4.0000000000000000     
  -4.0000000000000000     
  -3.9999999999999991     
  -3.9999999999999991     
  -4.0000000000000000     
  -4.0000000000000009     
  -4.0000000000000000     
  -4.0000000000000000     
  -3.9999999999999991     
  -4.0000000000000027     
  -4.0000000000000000     
  -4.0000000000000027     
  -4.0000000000000000     
  -4.0000000000000009     
  -4.0000000000000000     
  -4.0000000000000027     
  -4.0000000000000000     
  -4.0000000000000018     
  -4.0000000000000000     
  -4.0000000000000027     
  -4.0000000000000000     
  -4.0000000000000027     
  -4.0000000000000009     
  -4.0000000000000018     
  -4.0000000000000000     
  -4.0000000000000009     
  -4.0000000000000000     
  -4.0000000000000027     
  -4.0000000000000009     
  -4.0000000000000018     
  -4.0000000000000000     
  -4.0000000000000018     
  -4.0000000000000000     
  -4.0000000000000000     
  -3.9999999999999996     
  -4.0000000000000000     
  -4.0000000000000000     
  -4.0000000000000000     
  -4.0000000000000000     
  -4.0000000000000000     
  -4.0000000000000000     
  -3.9999999999999996     
  -4.0000000000000000     
  -4.0000000000000000     
  -4.0000000000000000     
  -4.0000000000000000     
  -4.0000000000000000     
  -4.0000000000000000     
  -4.0000000000000000     
  -4.0000000000000000     
  -3.9999999999999996     
  -4.0000000000000000     
  -4.0000000000000000     
  -4.0000000000000000     
  -4.0000000000000000     
  -4.0000000000000000     
  -4.0000000000000009     
  -4.0000000000000000     
  -4.0000000000000000     
  -4.0000000000000009     
  -4.0000000000000009     
  -4.0000000000000000     
  -4.0000000000000000     
  -4.0000000000000000     
  -3.9999999999999991     
  -3.9999999999999996     
  -4.0000000000000000     
  -4.0000000000000000     
  -3.9999999999999996     
  -3.9999999999999996     
  -4.0000000000000000     
  -4.0000000000000000     
  -4.0000000000000000     
  -3.9999999999999996     
  -4.0000000000000000     
  -4.0000000000000000     
  -4.0000000000000000     
  -4.0000000000000000     
  -4.0000000000000000     
  -4.0000000000000000     
  -3.9999999999999996     
  -4.0000000000000000     
  -4.0000000000000000     
  -4.0000000000000000     
  -4.0000000000000000     
  -4.0000000000000000     
  -3.9999999999999996     
  -4.0000000000000000     
  -4.0000000000000000     
  -4.0000000000000000     
  -4.0000000000000000     
  -4.0000000000000000     
  -3.9999999999999996     
  -3.9999999999999996     
  -4.0000000000000000     
  -3.9999999999999991     
  -3.9999999999999996     
  -4.0000000000000000     
  -3.9999999999999991     
  -3.9999999999999996     
  -4.0000000000000000     
  -4.0000000000000000     
  -4.0000000000000000     
  -4.0000000000000000     
  -4.0000000000000000     
  -4.0000000000000000     
  -4.0000000000000000     
  -4.0000000000000000     
  -3.9999999999999996     
  -3.9999999999999991     
  -4.0000000000000000     
  -4.0000000000000000     
  -4.0000000000000000     
  -4.0000000000000000     
  -4.0000000000000009     
  -4.0000000000000044     
  -3.9999999999999996     
  -3.9999999999999996     
  -4.0000000000000000     
  -4.0000000000000044     
  -4.0000000000000009     
  -4.0000000000000009     
  -3.9999999999999996     
  -4.0000000000000062     
  -4.0000000000000009     
  -4.0000000000000000     
  -4.0000000000000000     
  -4.0000000000000036     
  -4.0000000000000000     
  -4.0000000000000009     
  -4.0000000000000000     
  -4.0000000000000036     
  -3.9999999999999991     
  -4.0000000000000000     
 r*potential (L=2) in hartree
  -0.0000000000000000     
  -1.6727152672449432E-008
  -3.6962632922915697E-008
  -6.1231469550891814E-008
  -9.0108640041660277E-008
  -1.2422134096110182E-007
  -1.6425125835050394E-007
  -2.1093683812136955E-007
  -2.6507555645022630E-007
  -3.2752619017343335E-007
  -3.9921108718199213E-007
  -4.8111843681635363E-007
  -5.7430454026122793E-007
  -6.7989608094039156E-007
  -7.9909239491149718E-007
  -9.3316774126088180E-007
  -1.0834735724983763E-006
  -1.2514408049521106E-006
  -1.4385820891633300E-006
  -1.6464940802811941E-006
  -1.8768597084575913E-006
  -2.1314504492419486E-006
  -2.4121285939760344E-006
  -2.7208495201887735E-006
  -3.0596639619910482E-006
  -3.4307202804705191E-006
  -3.8362667340864201E-006
  -4.2786537490643779E-006
  -4.7603361897912108E-006
  -5.2838756292097490E-006
  -5.8519426192136289E-006
  -6.4673189610421123E-006
  -7.1328999756749001E-006
  -7.8516967742269151E-006
  -8.6268385283431544E-006
  -9.4615747405934555E-006
  -1.0359277514867320E-005
  -1.1323443826768729E-005
  -1.2357697794010948E-005
  -1.3465792946811340E-005
  -1.4651614498286146E-005
  -1.5919181614845353E-005
  -1.7272649686587457E-005
  -1.8716312597694300E-005
  -2.0254604996825837E-005
  -2.1892104567515003E-005
  -2.3633534298562495E-005
  -2.5483764754431555E-005
  -2.7447816345642842E-005
  -2.9530861599169195E-005
  -3.1738227428830448E-005
  -3.4075397405688261E-005
  -3.6548014028440908E-005
  -3.9161880993818065E-005
  -4.1922965466975785E-005
  -4.4837400351891102E-005
  -4.7911486561756905E-005
  -5.1151695289376880E-005
  -5.4564670277560141E-005
  -5.8157230089516226E-005
  -6.1936370379249783E-005
  -6.5909266161955413E-005
  -7.0083274084412568E-005
  -7.4465934695380217E-005
  -7.9064974715991948E-005
  -8.3888309310150552E-005
  -8.8944044354922968E-005
  -9.4240478710934980E-005
  -9.9786106492766180E-005
  -1.0558961933934498E-004
  -1.1165990868434309E-004
  -1.1800606802657065E-004
  -1.2463739520037081E-004
  -1.3156339464601496E-004
  -1.3879377968009730E-004
  -1.4633847476592984E-004
  -1.5420761778393735E-004
  -1.6241156230205195E-004
  -1.7096087984610835E-004
  -1.7986636217023861E-004
  -1.8913902352726735E-004
  -1.9879010293910560E-004
  -2.0883106646714755E-004
  -2.1927360948266410E-004
  -2.3012965893719781E-004
  -2.4141137563295863E-004
  -2.5313115649321929E-004
  -2.6530163683270887E-004
  -2.7793569262800865E-004
  -2.9104644278794747E-004
  -3.0464725142399649E-004
  -3.1875173012066405E-004
  -3.3337374020589157E-004
  -3.4852739502144780E-004
  -3.6422706219332504E-004
  -3.8048736590213432E-004
  -3.9732318915349955E-004
  -4.1474967604845404E-004
  -4.3278223405383555E-004
  -4.5143653627268088E-004
  -4.7072852371462452E-004
  -4.9067440756629015E-004
  -5.1129067146168808E-004
  -5.3259407375261204E-004
  -5.5460164977903337E-004
  -5.7733071413949757E-004
  -6.0079886296152097E-004
  -6.2502397617198488E-004
  -6.5002421976753460E-004
  -6.7581804808497222E-004
  -7.0242420607165680E-004
  -7.2986173155589794E-004
  -7.5814995751735355E-004
  -7.8730851435742798E-004
  -8.1735733216966818E-004
  -8.4831664301015825E-004
  -8.8020698316792069E-004
  -9.1304919543531385E-004
  -9.4686443137842404E-004
  -9.8167415360747340E-004
  -1.0175001380472090E-003
  -1.0543644762073035E-003
  -1.0922895774527618E-003
  -1.1312981712743068E-003
  -1.1714133095587899E-003
  -1.2126583688595834E-003
  -1.2550570526669888E-003
  -1.2986333936786288E-003
  -1.3434117560698492E-003
  -1.3894168377641316E-003
  -1.4366736727034711E-003
  -1.4852076331188123E-003
  -1.5350444318004196E-003
  -1.5862101243682995E-003
  -1.6387311115426012E-003
  -1.6926341414140135E-003
  -1.7479463117141846E-003
  -1.8046950720861101E-003
  -1.8629082263545576E-003
  -1.9226139347964580E-003
  -1.9838407164113258E-003
  -2.0466174511916584E-003
  -2.1109733823933626E-003
  -2.1769381188061375E-003
  -2.2445416370239172E-003
  -2.3138142837152635E-003
  -2.3847867778937909E-003
  -2.4574902131885719E-003
  -2.5319560601145714E-003
  -2.6082161683430374E-003
  -2.6863027689719501E-003
  -2.7662484767964233E-003
  -2.8480862925791407E-003
  -2.9318496053207591E-003
  -3.0175721945303723E-003
  -3.1052882324958896E-003
  -3.1950322865545045E-003
  -3.2868393213631251E-003
  -3.3807447011687817E-003
  -3.4767841920790884E-003
  -3.5749939643326734E-003
  -3.6754105945696123E-003
  -3.7780710681019013E-003
  -3.8830127811838575E-003
  -3.9902735432826263E-003
  -4.0998915793485835E-003
  -4.2119055320858174E-003
  -4.3263544642225902E-003
  -4.4432778607817911E-003
  -4.5627156313514201E-003
  -4.6847081123550273E-003
  -4.8092960693222331E-003
  -4.9365206991591713E-003
  -5.0664236324190022E-003
  -5.1990469355723545E-003
  -5.3344331132779092E-003
  -5.4726251106527821E-003
  -5.6136663155431261E-003
  -5.7576005607946224E-003
  -5.9044721265229388E-003
  -6.0543257423843417E-003
  -6.2072065898461414E-003
  -6.3631603044573071E-003
  -6.5222329781189532E-003
  -6.6844711613549242E-003
  -6.8499218655823473E-003
  -7.0186325653821954E-003
  -7.1906512007698549E-003
  -7.3660261794657490E-003
  -7.5448063791658960E-003
  -7.7270411498125422E-003
  -7.9127803158647574E-003
  -8.1020741785690666E-003
  -8.2949735182301157E-003
  -8.4915295964812648E-003
  -8.6917941585553243E-003
  -8.8958194355551693E-003
  -9.1036581467244804E-003
  -9.3153635017183597E-003
  -9.5309892028741915E-003
  -9.7505894474822236E-003
  -9.9742189300564155E-003
  -1.0201932844605169E-002
  -1.0433786886902123E-002
  -1.0669837256756942E-002
  -1.0910140660286109E-002
  -1.1154754312183868E-002
  -1.1403735937992947E-002
  -1.1657143776375519E-002
  -1.1915036581384085E-002
  -1.2177473624732411E-002
  -1.2444514698066480E-002
  -1.2716220115235408E-002
  -1.2992650714562534E-002
  -1.3273867861116345E-002
  -1.3559933448981635E-002
  -1.3850909903530502E-002
  -1.4146860183693500E-002
  -1.4447847784230803E-002
  -1.4753936738003300E-002
  -1.5065191618243908E-002
  -1.5381677540828682E-002
  -1.5703460166548333E-002
  -1.6030605703379192E-002
  -1.6363180908754948E-002
  -1.6701253091837735E-002
  -1.7044890115789732E-002
  -1.7394160400044659E-002
  -1.7749132922579177E-002
  -1.8109877222184611E-002
  -1.8476463400738507E-002
  -1.8848962125476255E-002
  -1.9227444631262858E-002
  -1.9611982722864792E-002
  -2.0002648777221667E-002
  -2.0399515745718338E-002
  -2.0802657156456659E-002
  -2.1212147116527573E-002
  -2.1628060314283295E-002
  -2.2050472021609251E-002
  -2.2479458096196465E-002
  -2.2915094983813878E-002
  -2.3357459720580440E-002
  -2.3806629935237938E-002
  -2.4262683851423127E-002
  -2.4725700289940693E-002
  -2.5195758671035656E-002
  -2.5672939016666251E-002
  -2.6157321952776803E-002
  -2.6648988711570738E-002
  -2.7148021133783482E-002
  -2.7654501670955785E-002
  -2.8168513387706838E-002
  -2.8690139964007783E-002
  -2.9219465697454990E-002
  -2.9756575505543892E-002
  -3.0301554927942571E-002
  -3.0854490128765524E-002
  -3.1415467898847693E-002
  -3.1984575658018551E-002
  -3.2561901457376502E-002
  -3.3147533981562706E-002
  -3.3741562551036205E-002
  -3.4344077124348303E-002
  -3.4955168300417283E-002
  -3.5574927320803369E-002
  -3.6203446071984176E-002
  -3.6840817087629506E-002
  -3.7487133550877176E-002
  -3.8142489296608587E-002
  -3.8806978813724455E-002
  -3.9480697247420753E-002
  -4.0163740401465198E-002
  -4.0856204740473349E-002
  -4.1558187392185350E-002
  -4.2269786149742812E-002
  -4.2991099473965837E-002
  -4.3722226495630075E-002
  -4.4463267017744459E-002
  -4.5214321517828976E-002
  -4.5975491150192345E-002
  -4.6746877748210507E-002
  -4.7528583826605117E-002
  -4.8320712583722301E-002
  -4.9123367903811437E-002
  -4.9936654359304847E-002
  -5.0760677213097107E-002
  -5.1595542420825195E-002
  -5.2441356633148611E-002
  -5.3298227198029714E-002
  -5.4166262163015011E-002
  -5.5045570277515984E-002
  -5.5936260995090713E-002
  -5.6838444475725849E-002
  -5.7752231588118860E-002
  -5.8677733911960454E-002
  -5.9615063740217897E-002
  -6.0564334081418113E-002
  -6.1525658661931680E-002
  -6.2499151928256842E-002
  -6.3484929049304431E-002
  -6.4483105918682573E-002
  -6.5493799156982585E-002
  -6.6517126114064462E-002
  -6.7553204871343878E-002
  -6.8602154244078353E-002
  -6.9664093783655692E-002
  -7.0739143779880650E-002
  -7.1827425263264494E-002
  -7.2929060007313098E-002
  -7.4044170530816911E-002
  -7.5172880100140893E-002
  -7.6315312731515011E-002
  -7.7471593193325430E-002
  -7.8641847008406457E-002
  -7.9826200456332722E-002
  -8.1024780575712246E-002
  -8.2237715166480208E-002
  -8.3465132792192961E-002
  -8.4707162782323223E-002
  -8.5963935234555588E-002
  -8.7235581017082675E-002
  -8.8522231770902474E-002
  -8.9824019912116082E-002
  -9.1141078634225325E-002
  -9.2473541910433152E-002
  -9.3821544495943113E-002
  -9.5185221930260022E-002
  -9.6564710539491075E-002
  -9.7960147438649559E-002
  -9.9371670533956430E-002
 -0.10079941852514543     
 -0.10224353090776743     
 -0.10370414797549662     
 -0.10518141082243636     
 -0.10667546134542762     
 -0.10818644224635666     
 -0.10971449703446494     
 -0.11125977002865899     
 -0.11282240635982205     
 -0.11440255197312590     
 -0.11600035363034461     
 -0.11761595891216786     
 -0.11924951622051747     
 -0.12090117478086226     
 -0.12257108464453635     
 -0.12425939669105701     
 -0.12596626263044428     
 -0.12769183500554082     
 -0.12943626719433476     
 -0.13119971341228084     
 -0.13298232871462509     
 -0.13478426899872936     
 -0.13660569100639727     
 -0.13844675232620168     
 -0.14030761139581191     
 -0.14218842750432481     
 -0.14408936079459295     
 -0.14601057226555847     
 -0.14795222377458445     
 -0.14991447803978908     
 -0.15189749864238133     
 -0.15390145002899630     
 -0.15592649751403284     
 -0.15797280728199289     
 -0.16004054638981866     
 -0.16212988276923651     
 -0.16424098522909614     
 -0.16637402345771407     
 -0.16852916802521914     
 -0.17070659038589472     
 -0.17290646288052750     
 -0.17512895873875189     
 -0.17737425208140037     
 -0.17964251792285010     
 -0.18193393217337489     
 -0.18424867164149428     
 -0.18658691403632585     
 -0.18894883796993767     
 -0.19133462295970036     
 -0.19374444943064162     
 -0.19617849871780041     
 -0.19863695306858220     
 -0.20111999564511349     
 -0.20362781052659870     
 -0.20616058271167512     
 -0.20871849812077109     
 -0.21130174359846096     
 -0.21391050691582275     
 -0.21654497677279441     
 -0.21920534280052995     
 -0.22189179556375799     
 -0.22460452656313437     
 -0.22734372823760021     
 -0.23010959396673519     
 -0.23290231807311174     
 -0.23572209582465026     
 -0.23856912343696690     
 -0.24144359807572768     
 -0.24434571785899631     
 -0.24727568185958149     
 -0.25023369010738239     
 -0.25321994359173261     
 -0.25623464426374098     
 -0.25927799503862997     
 -0.26235019979807045     
 -0.26545146339251524     
 -0.26858199164352786     
 -0.27174199134610738     
 -0.27493167027100951     
 -0.27815123716706236     
 -0.28140090176348154     
 -0.28468087477217097     
 -0.28799136789003044     
 -0.29133259380124560     
 -0.29470476617957947     
 -0.29810809969065316     
 -0.30154280999422173     
 -0.30500911374643869     
 -0.30850722860211560     
 -0.31203737321697089     
 -0.31559976724986954     
 -0.31919463136505227     
 -0.32282218723435335     
 -0.32648265753940536     
 -0.33017626597383704     
 -0.33390323724545418     
 -0.33766379707840666     
 -0.34145817221534430     
 -0.34528659041955423     
 -0.34914928047708205     
 -0.35304647219883811     
 -0.35697839642268236     
 -0.36094528501548417     
 -0.36494737087517404     
 -0.36898488793277112     
 -0.37305807115438588     
 -0.37716715654319816     
 -0.38131238114141375     
 -0.38549398303219273     
 -0.38971220134154755     
 -0.39396727624020156     
 -0.39825944894543475     
 -0.40258896172289560     
 -0.40695605788837841     
 -0.41136098180956265     
 -0.41580397890771542     
 -0.42028529565935407     
 -0.42480517959784631     
 -0.42936387931498626     
 -0.43396164446254487     
 -0.43859872575375874     
 -0.44327537496476743     
 -0.44799184493600158     
 -0.45274838957350422     
 -0.45754526385016236     
 -0.46238272380694434     
 -0.46726102655406904     
 -0.47218043027209788     
 -0.47714119421295742     
 -0.48214357870088170     
 -0.48718784513321090     
 -0.49227425598121272     
 -0.49740307479083612     
 -0.50257456618334706     
 -0.50778899585587967     
 -0.51304663058186084     
 -0.51834773821124236     
 -0.52369258767083293     
 -0.52908144896448883     
 -0.53451459317316241     
 -0.53999229245483527     
 -0.54551482004418617     
 -0.55108245025221736     
 -0.55669545846595458     
 -0.56235412114788230     
 -0.56805871583524292     
 -0.57380952113904848     
 -0.57960681674284875     
 -0.58545088340178852     
 -0.59134200294131767     
 -0.59728045825570708     
 -0.60326653330619440     
 -0.60930051311878575     
 -0.61538268378252114     
 -0.62151333244729023     
 -0.62769274732138813     
 -0.63392121766848064     
 -0.64019903380438803     
 -0.64652648709439886     
 -0.65290386994996052     
 -0.65933147582502116     
 -0.66580959921138405     
 -0.67233853563464208     
 -0.67891858165020336     
 -0.68555003483860377     
 -0.69223319380005333     
 -0.69896835814815506     
 -0.70575582850505925     
 -0.71259590649567595     
 -0.71948889474120237     
 -0.72643509685094776     
 -0.73343481741562766     
 -0.74048836200062151     
 -0.74759603713809442     
 -0.75475815031719673     
 -0.76197500997476431     
 -0.76924692548751272     
 -0.77657420716251202     
 -0.78395716622556522     
 -0.79139611480904137     
 -0.79889136594268761     
 -0.80644323354223502     
 -0.81405203239549551     
 -0.82171807814720443     
 -0.82944168728816581     
 -0.83722317714169125     
 -0.84506286584669232     
 -0.85296107233955076     
 -0.86091811634139559     
 -0.86893431834190704     
 -0.87700999957837744     
 -0.88514548201500709     
 -0.89334108832800663     
 -0.90159714188604678     
 -0.90991396672394986     
 -0.91829188752061019     
 -0.92673122958107512     
 -0.93523231881240765     
 -0.94379548169109340     
 -0.95242104524129068     
 -0.96110933701234080     
 -0.96986068504744438     
 -0.97867541784676204     
 -0.98755386434595072     
 -0.99649635388712865     
  -1.0055032161766422     
  -1.0145747812504098     
  -1.0237113794484007     
  -1.0329133413757454     
  -1.0421809978507979     
  -1.0515146798770965     
  -1.0609147186078871     
  -1.0703814452903484     
  -1.0799151912188163     
  -1.0895162877041449     
  -1.0991850660218951     
  -1.1089218573438901     
  -1.1187269927055195     
  -1.1286008029587440     
  -1.1385436186943065     
  -1.1485557701906159     
  -1.1586375873733896     
  -1.1687893997387000     
  -1.1790115362742954     
  -1.1893043254231814     
  -1.1996680950118548     
  -1.2101031721467426     
  -1.2206098831721297     
  -1.2311885536047353     
  -1.2418395080154598     
  -1.2525630699677834     
  -1.2633595619605307     
  -1.2742293053026574     
  -1.2851726200231013     
  -1.2961898248211539     
  -1.3072812369387197     
  -1.3184471720381310     
  -1.3296879441571272     
  -1.3410038655806675     
  -1.3523952466866880     
  -1.3638623959016680     
  -1.3754056195723392     
  -1.3870252217808514     
  -1.3987215042973071     
  -1.4104947664503285     
  -1.4223453049130121     
  -1.4342734136504325     
  -1.4462793837866887     
  -1.4583635033620550     
  -1.4705260572758658     
  -1.4827673271460229     
  -1.4950875910367694     
  -1.5074871234000142     
  -1.5199661949209329     
  -1.5325250722159260     
  -1.5451640177774397     
  -1.5578832897961068     
  -1.5706831418306901     
  -1.5835638227619055     
  -1.5965255765775292     
  -1.6095686420213544     
  -1.6226932525592941     
  -1.6358996361097256     
  -1.6491880146868574     
  -1.6625586043763982     
  -1.6760116149907356     
  -1.6895472497325199     
  -1.7031657051667075     
  -1.7168671707817902     
  -1.7306518287089923     
  -1.7445198536621234     
  -1.7584714123968930     
  -1.7725066635239264     
  -1.7866257573683930     
  -1.8008288353466608     
  -1.8151160298974878     
  -1.8294874641922747     
  -1.8439432515016860     
  -1.8584834952199414     
  -1.8731082883603016     
  -1.8878177130331031     
  -1.9026118404686390     
  -1.9174907302831790     
  -1.9324544301830717     
  -1.9475029758426794     
  -1.9626363900164365     
  -1.9778546825142684     
  -1.9931578497582159     
  -2.0085458739678743     
  -2.0240187232718783     
  -2.0395763508583897     
  -2.0552186945059612     
  -2.0709456765384604     
  -2.0867572026969965     
  -2.1026531621290165     
  -2.1186334268530316     
  -2.1346978507661221     
  -2.1508462698336053     
  -2.1670785009553049     
  -2.1833943415552066     
  -2.1997935694294721     
  -2.2162759413644664     
  -2.2328411933337429     
  -2.2494890395355007     
  -2.2662191715236379     
  -2.2830312583475623     
  -2.2999249449635033     
  -2.3168998522710100     
  -2.3339555763731008     
  -2.3510916873039300     
  -2.3683077293538979     
  -2.3856032193600303     
  -2.4029776465608865     
  -2.4204304720188552     
  -2.4379611270442423     
  -2.4555690136347033     
  -2.4732535026370077     
  -2.4910139335078294     
  -2.5088496137700376     
  -2.5267598172495633     
  -2.5447437845908767     
  -2.5628007212248236     
  -2.5809297971913163     
  -2.5991301464483150     
  -2.6174008650775322     
  -2.6357410118207700     
  -2.6541496057909537     
  -2.6726256265380348     
  -2.6911680129809072     
  -2.7097756618218671     
  -2.7284474279500879     
  -2.7471821219375232     
  -2.7659785104626331     
  -2.7848353146445541     
  -2.8037512089877987     
  -2.8227248213320926     
  -2.8417547304237232     
  -2.8608394665630938     
  -2.8799775093088642     
  -2.8991672872102754     
  -2.9184071768969591     
  -2.9376955012849364     
  -2.9570305299295478     
  -2.9764104765061998     
  -2.9958334991918232     
  -3.0152976987921121     
  -3.0348011180197760     
  -3.0543417408957914     
  -3.0739174908813434     
  -3.0935262310937461     
  -3.1131657621365609     
  -3.1328338221488243     
  -3.1525280852273920     
  -3.1722461607174850     
  -3.1919855924384990     
  -3.2117438573737616     
  -3.2315183653080881     
  -3.2513064574349317     
  -3.2711054059405753     
  -3.2909124128373977     
  -3.3107246094364498     
  -3.3305390552488632     
  -3.3503527376683229     
  -3.3701625706154972     
  -3.3899653946582489     
  -3.4097579754295158     
  -3.4295370038590147     
  -3.4492990949921416     
  -3.4690407875398819     
  -3.4887585439632351     
  -3.5084487485938358     
  -3.5281077095073958     
  -3.5477316551074218     
  -3.5673167373955770     
  -3.5868590280260833     
  -3.6063545214392847     
  -3.6257991322708385     
  -3.6451886964398601     
  -3.6645189716801623     
  -3.6837856351781735     
  -3.7029842881686923     
  -3.7221104498355442     
  -3.7411595655188381     
  -3.7601269982496102     
  -3.7790080383252955     
  -3.7977978954372658     
  -3.8164917063299102     
  -3.8350845308309371     
  -3.8535713546233792     
  -3.8719470916871646     
  -3.8902065803136465     
  -3.9083445931373948     
  -3.9263558260758629     
  -3.9442349153598268     
  -3.9619764210642803     
  -3.9795748484169988     
  -3.9970246296730827     
  -4.0143201452260948     
  -4.0314557086350034     
  -4.0484255829079681     
  -4.0652239729452306     
  -4.0818450332842344     
  -4.0982828710928265     
  -4.1145315429379670     
  -4.1305850700726134     
  -4.1464374232859527     
  -4.1620825506365833     
  -4.1775143511127784     
  -4.1927267132250527     
  -4.2077134799956939     
  -4.2224684950151241     
  -4.2369855630221380     
  -4.2512584985159698     
  -4.2652810871690052     
  -4.2790471318326411     
  -4.2925504196734705     
  -4.3057847611063771     
  -4.3187439666793077     
  -4.3314218753865701     
  -4.3438123443899626     
  -4.3559092641029977     
  -4.3677065628993637     
  -4.3791982072766586     
  -4.3903782228040438     
  -4.4012406785361957     
  -4.4117797246248518     
  -4.4219895609276545     
  -4.4318644909833651     
  -4.4413988754183817     
  -4.4505872013872985     
  -4.4594240219008903     
  -4.4679040393801959     
  -4.4760220323997011     
  -4.4837729517041112     
  -4.4911518360736640     
  -4.4981539190095416     
  -4.5047745354880240     
  -4.5110092375251414     
  -4.5168536935051717     
  -4.5223038109708069     
  -4.5273556300104412     
  -4.5320054518636610     
  -4.5362497275505058     
  -4.5400851912169458     
  -4.5435087448166724     
  -4.5465175954925963     
  -4.5491091367548391     
  -4.5512810895182527     
  -4.5530313799282123     
  -4.5543582839104566     
  -4.5552603015985822     
  -4.5557363053879181     
  -4.5557854108279949     
  -4.5554071281933268     
  -4.5546012297348888     
  -4.5533679046728075     
  -4.5517076228681415     
  -4.5496212928901327     
  -4.5471101224886405     
  -4.5441757789775705     
  -4.5408202473715820     
  -4.5370459917480392     
  -4.5328558125627900     
  -4.5282530069175166     
  -4.5232412273390192     
  -4.5178246380853651     
  -4.5120077784340706     
  -4.5057957114363125     
  -4.4991938953984336     
  -4.4922083209373467     
  -4.4848453947582199     
  -4.4771120605881407     
  -4.4690156994269605     
  -4.4605642300669395     
  -4.4517660295985291     
  -4.4426300098803120     
  -4.4331655611074705     
  -4.4233826018732758     
  -4.4132915469807203     
  -4.4029033306816139     
  -4.3922293976173634     
  -4.3812817014063823     
  -4.3700727147165557     
  -4.3586154084569957     
  -4.3469232737231698     
  -4.3350102901394107     
  -4.3228909491719776     
  -4.3105802231559158     
  -4.2980935768809170     
  -4.2854469507296642     
  -4.2726567464696235     
  -4.2597398375695779     
  -4.2467135171556025     
  -4.2335955443503090     
  -4.2204040490208872     
  -4.2071576138024795     
  -4.1938751415109001     
  -4.1805759598996914     
  -4.1672796706965398     
  -4.1540062510062103     
  -4.1407759156352197     
  -4.1276091772352848     
  -4.1145267637811473     
  -4.1015495916955187     
  -4.0886987848511387     
  -4.0759955148148546     
  -4.0634611621222003     
  -4.0511169905852755     
  -4.0389844698881747     
  -4.0270847832850345     
  -4.0154392858138968     
  -4.0040689008545050     
  -3.9929946272991437     
  -3.9822369378245832     
  -3.9718162018248813     
  -3.9617522299248624     
  -3.9520644627486980     
  -3.9427718093093720     
  -3.9338924643175943     
  -3.9254441568395562     
  -3.9174435129735348     
  -3.9099067506994931     
  -3.9028486162438951     
  -3.8962834158862378     
  -3.8902237280973804     
  -3.8846814860877212     
  -3.8796668174178226     
  -3.8751887983832662     
  -3.8712547946320051     
  -3.8678705523974872     
  -3.8650403182086195     
  -3.8627660793440191     
  -3.8610485401411205     
  -3.8598855829159113     
  -3.8592738633499297     
  -3.8592069192701843     
  -3.8596768058256794     
  -3.8606725402279385     
  -3.8621810925544895     
  -3.8641867699448142     
  -3.8666711268104237     
  -3.8696135381302090     
  -3.8729900276183686     
  -3.8767747909766563     
  -3.8809384562387064     
  -3.8854498337549712     
  -3.8902744960671791     
  -3.8953759067015583     
  -3.9007150004068514     
  -3.9062503514842404     
  -3.9119387392372769     
  -3.9177347876561006     
  -3.9235917918384038     
  -3.9294617905713833     
  -3.9352957341491641     
  -3.9410446984267007     
  -3.9466592362852522     
  -3.9520912522752365     
  -3.9572937874846787     
  -3.9622217572695999     
  -3.9668343520411034     
  -3.9710926393091670     
  -3.9749659802824375     
  -3.9784265537554240     
  -3.9814577941308302     
  -3.9840498162926088     
  -3.9862048003885922     
  -3.9879395315740105     
  -3.9892809777983946     
  -3.9902800318536520     
  -3.9909980560168536     
  -3.9915320354398922     
  -3.9919919137847661     
  -3.9924327984468757     
  -3.9928593548553315     
  -3.9932733536238785     
  -3.9936741888291745     
  -3.9940610926130411     
  -3.9944340299008125     
  -3.9947931992858821     
  -3.9951386783816361     
  -3.9954704497711124     
  -3.9957885361817342     
  -3.9960930376899060     
  -3.9963840710107004     
  -3.9966617731412004     
  -3.9969262925857332     
  -3.9971777932922108     
  -3.9974164533371259     
  -3.9976424900579861     
  -3.9978561896699789     
  -3.9980578215347609     
  -3.9982474842373610     
  -3.9984252524797061     
  -3.9985917693224136     
  -3.9987481882762101     
  -3.9988945735333101     
  -3.9990283630296291     
  -3.9991479990077701     
  -3.9992618508712652     
  -3.9993822667562116     
  -3.9995081746231582     
  -3.9996226471370018     
  -3.9997127990997567     
  -3.9997829295378446     
  -3.9998406014519867     
  -3.9998888472426448     
  -3.9999278514328336     
  -3.9999582575123687     
  -3.9999815910829244     
  -3.9999993899093651     
  -4.0000125978287349     
  -4.0000219620944728     
  -4.0000281699196671     
  -4.0000318445993193     
  -4.0000335651196384     
  -4.0000337462015301     
  -4.0000327705005772     
  -4.0000309419091211     
  -4.0000285142456420     
  -4.0000257102120598     
  -4.0000226855269734     
  -4.0000195843947957     
  -4.0000165059993007     
  -4.0000135306298086     
  -4.0000107204679827     
  -4.0000081118941653     
  -4.0000057360724854     
  -4.0000036052579686     
  -4.0000017257907885     
  -4.0000000965309175     
  -3.9999987085851649     
  -3.9999975511669263     
  -3.9999966086695373     
  -3.9999958640333393     
  -3.9999952991664753     
  -3.9999948950386908     
  -3.9999946326173963     
  -3.9999944938012031     
  -3.9999944604393916     
  -3.9999945160446551     
  -3.9999946451448505     
  -3.9999948330287416     
  -3.9999950673190412     
  -3.9999953359461431     
  -3.9999956289021092     
  -3.9999959373615370     
  -3.9999962532856612     
  -3.9999965706211986     
  -3.9999968836223894     
  -3.9999971880360841     
  -3.9999974804543994     
  -3.9999977579792971     
  -3.9999980189157429     
  -3.9999982617769354     
  -3.9999984858466773     
  -3.9999986908724101     
  -3.9999988768281494     
  -3.9999990442108762     
  -3.9999991936265031     
  -3.9999993259265838     
  -3.9999994421344658     
  -3.9999995433275783     
  -3.9999996306756915     
  -3.9999997053862675     
  -3.9999997686460778     
  -3.9999998216329002     
  -3.9999998655123110     
  -3.9999999013434850     
  -3.9999999301785145     
  -3.9999999529728485     
  -3.9999999705886875     
  -3.9999999838670806     
  -3.9999999935020463     
  -4.0000000001559268     
  -4.0000000044121382     
  -4.0000000067475368     
  -4.0000000076241085     
  -4.0000000073947017     
  -4.0000000063726082     
  -4.0000000048313318     
  -4.0000000029647715     
  -4.0000000009566028     
  -3.9999999989351958     
  -3.9999999969962583     
  -3.9999999952222471     
  -3.9999999936543347     
  -3.9999999923260163     
  -3.9999999912528548     
  -3.9999999904330386     
  -3.9999999898616414     
  -3.9999999895218719     
  -3.9999999893928120     
  -3.9999999894514295     
  -3.9999999896715934     
  -3.9999999900265006     
  -3.9999999904906969     
  -3.9999999910392625     
  -3.9999999916481959     
  -3.9999999922974689     
  -3.9999999929675742     
  -3.9999999936420627     
  -3.9999999943079088     
  -3.9999999949526410     
  -3.9999999955678391     
  -3.9999999961466290     
  -3.9999999966834419     
  -3.9999999971757743     
  -3.9999999976215954     
  -3.9999999980205136     
  -3.9999999983735708     
  -3.9999999986820947     
  -3.9999999989485318     
  -3.9999999991757527     
  -3.9999999993668363     
  -3.9999999995252007     
  -3.9999999996543707     
  -3.9999999997577604     
  -3.9999999998387170     
  -3.9999999999005689     
  -3.9999999999462075     
  -3.9999999999784359     
  -3.9999999999998415     
  -4.0000000000125269     
  -4.0000000000185532     
  -4.0000000000196039     
  -4.0000000000170362     
  -4.0000000000121521     
  -4.0000000000058566     
  -3.9999999999989111     
  -3.9999999999919740     
  -3.9999999999854170     
  -3.9999999999795746     
  -3.9999999999746536     
  -3.9999999999707256     
  -3.9999999999678453     
  -3.9999999999659805     
  -3.9999999999650555     
  -3.9999999999649836     
  -3.9999999999656506     
  -3.9999999999669269     
  -3.9999999999686913     
  -3.9999999999708256     
  -3.9999999999732099     
  -3.9999999999757434     
  -3.9999999999783400     
  -3.9999999999809166     
  -3.9999999999834142     
  -3.9999999999857865     
  -3.9999999999879905     
  -3.9999999999900049     
  -3.9999999999918150     
  -3.9999999999934133     
  -3.9999999999948015     
  -3.9999999999959890     
  -3.9999999999969824     
  -3.9999999999978009     
  -3.9999999999984599     
  -3.9999999999989782     
  -3.9999999999993729     
  -3.9999999999996643     
  -3.9999999999998694     
  -4.0000000000000027     
  -4.0000000000000817     
  -4.0000000000001172     
  -4.0000000000001226     
  -4.0000000000001119     
  -4.0000000000000941     
  -4.0000000000000799     
  -4.0000000000000693     
  -4.0000000000000622     
  -4.0000000000000533     
  -4.0000000000000462     
  -4.0000000000000400     
  -4.0000000000000346     
  -4.0000000000000311     
  -4.0000000000000275     
  -4.0000000000000240     
  -4.0000000000000213     
  -4.0000000000000178     
  -4.0000000000000160     
  -4.0000000000000133     
  -4.0000000000000115     
  -4.0000000000000107     
  -4.0000000000000089     
  -4.0000000000000080     
  -4.0000000000000071     
  -4.0000000000000053     
  -4.0000000000000044     
  -4.0000000000000044     
  -4.0000000000000027     
  -4.0000000000000036     
  -4.0000000000000027     
  -4.0000000000000027     
  -4.0000000000000027     
  -4.0000000000000062     
  -4.0000000000000018     
  -4.0000000000000062     
  -4.0000000000000027     
  -4.0000000000000044     
  -4.0000000000000018     
  -4.0000000000000044     
  -4.0000000000000018     
  -4.0000000000000009     
  -4.0000000000000000     
  -4.0000000000000000     
  -4.0000000000000000     
  -3.9999999999999991     
  -4.0000000000000000     
  -3.9999999999999996     
  -3.9999999999999996     
  -4.0000000000000000     
  -4.0000000000000000     
  -3.9999999999999996     
  -3.9999999999999996     
  -4.0000000000000000     
  -3.9999999999999996     
  -4.0000000000000000     
  -4.0000000000000000     
  -4.0000000000000009     
  -4.0000000000000000     
  -4.0000000000000000     
  -4.0000000000000000     
  -3.9999999999999996     
  -4.0000000000000000     
  -4.0000000000000000     
  -3.9999999999999996     
  -4.0000000000000000     
  -3.9999999999999991     
  -4.0000000000000000     
  -4.0000000000000000     
  -4.0000000000000000     
  -4.0000000000000000     
  -3.9999999999999991     
  -4.0000000000000000     
  -3.9999999999999996     
  -4.0000000000000000     
  -3.9999999999999996     
  -4.0000000000000000     
  -4.0000000000000000     
  -4.0000000000000000     
  -3.9999999999999996     
  -4.0000000000000000     
  -4.0000000000000000     
  -4.0000000000000000     
  -4.0000000000000000     
  -4.0000000000000000     
  -3.9999999999999991     
  -4.0000000000000009     
  -3.9999999999999996     
  -3.9999999999999991     
  -4.0000000000000000     
  -4.0000000000000009     
  -4.0000000000000000     
  -4.0000000000000000     
  -3.9999999999999996     
  -4.0000000000000009     
  -4.0000000000000009     
  -3.9999999999999991     
  -4.0000000000000000     
  -4.0000000000000000     
  -4.0000000000000000     
  -4.0000000000000000     
  -3.9999999999999991     
  -3.9999999999999996     
  -4.0000000000000000     
  -3.9999999999999996     
  -4.0000000000000009     
  -4.0000000000000000     
  -4.0000000000000000     
  -4.0000000000000000     
  -4.0000000000000009     
  -4.0000000000000009     
  -4.0000000000000000     
  -4.0000000000000009     
  -3.9999999999999991     
  -4.0000000000000000     
  -3.9999999999999991     
  -4.0000000000000000     
  -4.0000000000000000     
  -4.0000000000000009     
  -4.0000000000000000     
  -4.0000000000000009     
  -4.0000000000000000     
  -3.9999999999999996     
  -3.9999999999999991     
  -4.0000000000000000     
  -4.0000000000000000     
  -4.0000000000000000     
  -4.0000000000000000     
  -4.0000000000000000     
  -4.0000000000000000     
  -4.0000000000000000     
  -4.0000000000000000     
  -4.0000000000000009     
  -4.0000000000000000     
  -4.0000000000000009     
  -4.0000000000000000     
  -4.0000000000000000     
  -4.0000000000000000     
  -4.0000000000000000     
  -4.0000000000000009     
  -4.0000000000000000     
  -4.0000000000000000     
  -4.0000000000000000     
  -3.9999999999999991     
  -4.0000000000000000     
  -4.0000000000000000     
  -3.9999999999999996     
  -3.9999999999999996     
  -3.9999999999999996     
  -4.0000000000000000     
  -4.0000000000000000     
  -4.0000000000000000     
  -4.0000000000000000     
  -4.0000000000000000     
  -4.0000000000000000     
  -3.9999999999999991     
  -4.0000000000000000     
  -4.0000000000000000     
  -4.0000000000000036     
  -4.0000000000000000     
  -4.0000000000000044     
  -4.0000000000000000     
  -4.0000000000000036     
  -4.0000000000000009     
  -4.0000000000000027     
  -4.0000000000000000     
  -4.0000000000000027     
  -3.9999999999999991     
  -3.9999999999999996     
  -3.9999999999999996     
  -3.9999999999999996     
  -4.0000000000000000     
  -4.0000000000000000     
  -4.0000000000000000     
  -4.0000000000000000     
  -4.0000000000000009     
  -4.0000000000000000     
  -3.9999999999999996     
  -4.0000000000000000     
  -4.0000000000000009     
  -3.9999999999999996     
  -4.0000000000000009     
  -3.9999999999999996     
  -3.9999999999999996     
  -4.0000000000000000     
  -4.0000000000000000     
  -4.0000000000000000     
  -4.0000000000000000     
  -4.0000000000000000     
  -4.0000000000000009     
  -4.0000000000000000     
  -4.0000000000000000     
  -4.0000000000000009     
  -3.9999999999999996     
  -4.0000000000000000     
  -4.0000000000000000     
  -4.0000000000000000     
  -3.9999999999999996     
  -4.0000000000000000     
  -4.0000000000000000     
  -3.9999999999999996     
  -4.0000000000000000     
  -4.0000000000000009     
  -4.0000000000000000     
  -3.9999999999999996     
  -4.0000000000000009     
  -4.0000000000000000     
  -3.9999999999999991     
  -4.0000000000000000     
  -4.0000000000000000     
  -3.9999999999999987     
  -3.9999999999999996     
  -4.0000000000000000     
  -3.9999999999999996     
  -3.9999999999999996     
  -4.0000000000000000     
  -4.0000000000000000     
  -3.9999999999999996     
  -4.0000000000000000     
  -4.0000000000000009     
  -3.9999999999999991     
  -4.0000000000000000     
  -4.0000000000000000     
  -3.9999999999999996     
  -4.0000000000000000     
  -4.0000000000000000     
  -4.0000000000000009     
  -3.9999999999999991     
  -4.0000000000000000     
  -4.0000000000000000     
  -4.0000000000000009     
  -3.9999999999999996     
  -3.9999999999999991     
  -4.0000000000000000     
  -4.0000000000000000     
  -4.0000000000000000     
  -3.9999999999999996     
  -3.9999999999999996     
  -3.9999999999999996     
  -3.9999999999999996     
  -4.0000000000000000     
  -3.9999999999999996     
  -4.0000000000000000     
  -4.0000000000000000     
  -4.0000000000000000     
  -3.9999999999999991     
  -4.0000000000000000     
  -3.9999999999999996     
  -4.0000000000000000     
  -4.0000000000000000     
  -4.0000000000000000     
  -4.0000000000000000     
  -4.0000000000000000     
  -4.0000000000000000     
  -4.0000000000000000     
  -4.0000000000000000     
  -4.0000000000000000     
  -3.9999999999999991     
  -4.0000000000000000     
  -4.0000000000000009     
  -4.0000000000000009     
  -4.0000000000000000     
  -4.0000000000000000     
  -4.0000000000000000     
  -3.9999999999999987     
  -4.0000000000000000     
  -4.0000000000000000     
  -4.0000000000000000     
  -3.9999999999999996     
  -4.0000000000000000     
  -4.0000000000000000     
  -4.0000000000000000     
  -3.9999999999999996     
  -4.0000000000000000     
  -4.0000000000000000     
  -4.0000000000000009     
  -4.0000000000000009     
  -3.9999999999999991     
  -4.0000000000000000     
  -4.0000000000000009     
  -4.0000000000000009     
  -3.9999999999999991     
  -4.0000000000000000     
  -4.0000000000000036     
  -3.9999999999999991     
  -4.0000000000000036     
  -3.9999999999999996     
  -4.0000000000000027     
  -4.0000000000000000     
  -4.0000000000000036     
  -4.0000000000000000     
  -4.0000000000000018     
  -4.0000000000000000     
  -4.0000000000000044     
  -3.9999999999999991     
  -4.0000000000000000     
  -4.0000000000000000     
  -4.0000000000000000     
  -4.0000000000000000     
  -4.0000000000000000     
  -4.0000000000000000     
  -4.0000000000000000     
  -4.0000000000000000     
  -4.0000000000000000     
  -4.0000000000000000     
  -4.0000000000000000     
  -4.0000000000000009     
  -4.0000000000000009     
  -3.9999999999999996     
  -4.0000000000000009     
  -4.0000000000000009     
  -4.0000000000000000     
  -4.0000000000000000     
  -4.0000000000000000     
  -4.0000000000000009     
  -4.0000000000000000     
  -4.0000000000000000     
  -4.0000000000000000     
  -3.9999999999999996     
  -4.0000000000000009     
  -3.9999999999999996     
  -4.0000000000000009     
  -4.0000000000000000     
  -4.0000000000000000     
  -4.0000000000000009     
  -4.0000000000000000     
  -4.0000000000000000     
  -4.0000000000000000     
  -4.0000000000000000     
  -3.9999999999999991     
  -4.0000000000000009     
  -4.0000000000000000     
  -4.0000000000000000     
  -3.9999999999999996     
  -4.0000000000000000     
  -3.9999999999999991     
  -4.0000000000000009     
  -4.0000000000000009     
  -3.9999999999999996     
  -4.0000000000000000     
  -4.0000000000000009     
  -4.0000000000000000     
  -4.0000000000000000     
  -4.0000000000000009     
  -4.0000000000000000     
  -3.9999999999999991     
  -4.0000000000000000     
  -4.0000000000000000     
  -4.0000000000000000     
  -4.0000000000000000     
  -4.0000000000000000     
  -4.0000000000000000     
  -3.9999999999999996     
  -4.0000000000000000     
  -4.0000000000000000     
  -4.0000000000000000     
  -4.0000000000000000     
  -3.9999999999999991     
  -4.0000000000000009     
  -4.0000000000000000     
  -4.0000000000000000     
  -4.0000000000000000     
  -3.9999999999999996     
  -3.9999999999999991     
  -4.0000000000000000     
  -4.0000000000000000     
  -4.0000000000000000     
  -4.0000000000000000     
  -4.0000000000000009     
  -4.0000000000000000     
  -4.0000000000000000     
  -4.0000000000000000     
  -3.9999999999999996     
  -4.0000000000000000     
  -4.0000000000000009     
  -3.9999999999999996     
  -4.0000000000000000     
  -4.0000000000000000     
  -4.0000000000000000     
  -3.9999999999999991     
  -4.0000000000000009     
  -4.0000000000000009     
  -3.9999999999999996     
  -4.0000000000000000     
  -4.0000000000000009     
  -4.0000000000000009     
  -3.9999999999999996     
  -4.0000000000000000     
  -3.9999999999999996     
  -4.0000000000000000     
  -4.0000000000000009     
  -4.0000000000000000     
  -3.9999999999999991     
  -4.0000000000000000     
  -4.0000000000000000     
  -4.0000000000000009     
  -3.9999999999999991     
  -4.0000000000000000     
  -4.0000000000000009     
  -3.9999999999999996     
  -4.0000000000000000     
  -4.0000000000000000     
  -4.0000000000000000     
  -4.0000000000000000     
  -4.0000000000000000     
  -3.9999999999999996     
  -3.9999999999999996     
  -3.9999999999999996     
  -4.0000000000000036     
  -3.9999999999999991     
  -4.0000000000000044     
  -4.0000000000000000     
  -4.0000000000000027     
  -3.9999999999999996     
  -4.0000000000000044     
  -4.0000000000000000     
  -4.0000000000000044     
  -4.0000000000000000     
  -4.0000000000000036     
  -3.9999999999999996     
  -4.0000000000000027     
  -4.0000000000000000     
  -4.0000000000000018     
  -3.9999999999999996     
  -4.0000000000000009     
  -3.9999999999999996     
  -4.0000000000000000     
  -4.0000000000000009     
  -4.0000000000000000     
  -4.0000000000000009     
  -4.0000000000000000     
  -3.9999999999999996     
  -4.0000000000000000     
  -4.0000000000000000     
  -3.9999999999999996     
  -4.0000000000000009     
  -3.9999999999999996     
  -4.0000000000000000     
  -4.0000000000000000     
  -4.0000000000000009     
  -4.0000000000000000     
  -3.9999999999999996     
  -4.0000000000000009     
  -3.9999999999999996     
  -3.9999999999999996     
  -4.0000000000000009     
  -3.9999999999999996     
  -4.0000000000000000     
  -3.9999999999999996     
  -4.0000000000000000     
  -4.0000000000000000     
  -3.9999999999999991     
  -4.0000000000000009     
  -3.9999999999999996     
  -4.0000000000000000     
  -4.0000000000000000     
  -4.0000000000000009     
  -4.0000000000000000     
  -4.0000000000000000     
  -4.0000000000000000     
  -4.0000000000000000     
  -3.9999999999999996     
  -4.0000000000000009     
  -4.0000000000000000     
  -4.0000000000000000     
  -4.0000000000000009     
  -4.0000000000000009     
  -4.0000000000000000     
  -4.0000000000000000     
  -4.0000000000000000     
  -4.0000000000000000     
  -3.9999999999999996     
  -4.0000000000000000     
  -4.0000000000000000     
  -4.0000000000000000     
  -4.0000000000000009     
  -4.0000000000000000     
  -3.9999999999999996     
  -3.9999999999999991     
  -4.0000000000000000     
  -4.0000000000000000     
  -4.0000000000000000     
  -4.0000000000000000     
  -4.0000000000000000     
  -4.0000000000000000     
  -4.0000000000000000     
  -4.0000000000000000     
  -3.9999999999999991     
  -3.9999999999999991     
  -4.0000000000000009     
  -4.0000000000000000     
  -3.9999999999999991     
  -4.0000000000000000     
  -4.0000000000000000     
  -4.0000000000000000     
  -4.0000000000000009     
  -4.0000000000000000     
  -4.0000000000000000     
  -4.0000000000000000     
  -4.0000000000000000     
  -4.0000000000000009     
  -4.0000000000000000     
  -3.9999999999999996     
  -4.0000000000000000     
  -4.0000000000000009     
  -4.0000000000000000     
  -4.0000000000000009     
  -4.0000000000000000     
  -4.0000000000000000     
  -4.0000000000000000     
  -4.0000000000000000     
  -4.0000000000000000     
  -4.0000000000000000     
  -4.0000000000000000     
  -4.0000000000000000     
  -4.0000000000000000     
  -4.0000000000000009     
  -3.9999999999999991     
  -4.0000000000000000     
  -4.0000000000000000     
  -4.0000000000000009     
  -4.0000000000000000     
  -4.0000000000000000     
  -4.0000000000000000     
  -3.9999999999999991     
  -3.9999999999999996     
  -4.0000000000000000     
  -4.0000000000000000     
  -4.0000000000000000     
  -4.0000000000000000     
  -4.0000000000000000     
  -4.0000000000000000     
  -4.0000000000000000     
  -4.0000000000000018     
  -4.0000000000000000     
  -4.0000000000000018     
  -4.0000000000000000     
  -4.0000000000000027     
  -4.0000000000000000     
  -4.0000000000000027     
  -4.0000000000000009     
  -4.0000000000000027     
  -4.0000000000000000     
  -4.0000000000000027     
  -3.9999999999999996     
  -4.0000000000000027     
  -3.9999999999999996     
  -4.0000000000000018     
  -4.0000000000000000     
  -4.0000000000000018     
  -4.0000000000000000     
  -4.0000000000000018     
  -4.0000000000000000     
  -4.0000000000000009     
  -3.9999999999999996     
  -4.0000000000000000     
  -3.9999999999999996     
  -4.0000000000000000     
  -4.0000000000000000     
  -4.0000000000000000     
  -4.0000000000000000     
  -3.9999999999999996     
  -4.0000000000000000     
  -4.0000000000000009     
  -4.0000000000000009     
  -3.9999999999999996     
  -4.0000000000000000     
  -4.0000000000000000     
  -4.0000000000000000     
  -4.0000000000000000     
  -4.0000000000000009     
  -4.0000000000000000     
  -4.0000000000000000     
  -4.0000000000000000     
  -4.0000000000000000     
  -4.0000000000000000     
  -4.0000000000000000     
  -4.0000000000000009     
  -3.9999999999999991     
  -4.0000000000000000     
  -4.0000000000000000     
  -4.0000000000000009     
  -3.9999999999999996     
  -4.0000000000000000     
  -4.0000000000000000     
  -4.0000000000000000     
  -4.0000000000000000     
  -4.0000000000000000     
  -4.0000000000000000     
  -3.9999999999999996     
  -3.9999999999999996     
  -4.0000000000000009     
  -4.0000000000000000     
  -4.0000000000000000     
  -4.0000000000000000     
  -4.0000000000000000     
  -4.0000000000000000     
  -3.9999999999999996     
  -3.9999999999999991     
  -3.9999999999999991     
  -3.9999999999999996     
  -4.0000000000000000     
  -4.0000000000000000     
  -3.9999999999999996     
  -4.0000000000000000     
  -4.0000000000000000     
  -3.9999999999999996     
  -3.9999999999999996     
  -4.0000000000000000     
  -3.9999999999999996     
  -3.9999999999999991     
  -4.0000000000000000     
  -3.9999999999999996     
  -4.0000000000000000     
  -4.0000000000000000     
  -3.9999999999999996     
  -4.0000000000000000     
  -3.9999999999999996     
  -4.0000000000000000     
  -4.0000000000000000     
  -3.9999999999999996     
  -4.0000000000000000     
  -4.0000000000000000     
  -4.0000000000000000     
  -4.0000000000000000     
  -4.0000000000000009     
  -4.0000000000000000     
  -3.9999999999999996     
  -4.0000000000000009     
  -4.0000000000000000     
  -3.9999999999999991     
  -4.0000000000000009     
  -4.0000000000000000     
  -3.9999999999999996     
  -4.0000000000000000     
  -4.0000000000000009     
  -4.0000000000000000     
  -4.0000000000000000     
  -4.0000000000000000     
  -4.0000000000000000     
  -4.0000000000000009     
  -4.0000000000000000     
  -4.0000000000000000     
  -4.0000000000000009     
  -4.0000000000000000     
  -4.0000000000000009     
  -3.9999999999999996     
  -4.0000000000000000     
  -4.0000000000000000     
  -3.9999999999999996     
  -3.9999999999999996     
  -4.0000000000000000     
  -3.9999999999999996     
  -3.9999999999999996     
  -4.0000000000000000     
  -4.0000000000000000     
  -3.9999999999999996     
  -4.0000000000000000     
  -4.0000000000000027     
  -3.9999999999999996     
  -4.0000000000000027     
  -4.0000000000000000     
  -4.0000000000000018     
  -4.0000000000000000     
  -4.0000000000000027     
  -3.9999999999999996     
  -4.0000000000000036     
  -4.0000000000000000     
  -4.0000000000000027     
  -4.0000000000000000     
  -4.0000000000000018     
  -3.9999999999999996     
  -4.0000000000000018     
  -4.0000000000000000     
  -4.0000000000000027     
  -4.0000000000000000     
  -4.0000000000000027     
  -3.9999999999999991     
  -4.0000000000000044     
  -4.0000000000000009     
  -4.0000000000000000     
  -4.0000000000000000     
  -3.9999999999999996     
  -4.0000000000000000     
  -4.0000000000000000     
  -4.0000000000000000     
  -3.9999999999999996     
  -3.9999999999999996     
  -3.9999999999999996     
  -4.0000000000000000     
  -3.9999999999999996     
  -3.9999999999999991     
  -4.0000000000000000     
  -4.0000000000000000     
  -3.9999999999999991     
  -4.0000000000000000     
  -4.0000000000000000     
  -3.9999999999999996     
  -4.0000000000000000     
  -4.0000000000000009     
  -3.9999999999999991     
  -3.9999999999999996     
  -4.0000000000000000     
  -3.9999999999999996     
  -3.9999999999999996     
  -4.0000000000000009     
  -4.0000000000000000     
  -3.9999999999999996     
  -4.0000000000000000     
  -4.0000000000000000     
  -3.9999999999999996     
  -4.0000000000000000     
  -4.0000000000000000     
  -4.0000000000000000     
  -3.9999999999999991     
  -4.0000000000000000     
  -4.0000000000000000     
  -4.0000000000000000     
  -4.0000000000000000     
  -4.0000000000000000     
  -4.0000000000000000     
  -3.9999999999999991     
  -4.0000000000000000     
  -4.0000000000000000     
  -4.0000000000000000     
  -4.0000000000000000     
  -4.0000000000000009     
  -3.9999999999999991     
  -3.9999999999999991     
  -4.0000000000000000     
  -4.0000000000000000     
  -4.0000000000000000     
  -4.0000000000000000     
  -4.0000000000000000     
  -4.0000000000000000     
  -4.0000000000000000     
  -4.0000000000000009     
  -4.0000000000000000     
  -4.0000000000000000     
  -4.0000000000000000     
  -4.0000000000000009     
  -4.0000000000000000     
  -4.0000000000000000     
  -4.0000000000000000     
  -3.9999999999999991     
  -4.0000000000000000     
  -3.9999999999999991     
  -4.0000000000000000     
  -4.0000000000000000     
  -4.0000000000000000     
  -4.0000000000000000     
  -4.0000000000000000     
  -4.0000000000000000     
  -4.0000000000000009     
  -4.0000000000000000     
  -4.0000000000000000     
  -4.0000000000000000     
  -3.9999999999999991     
  -4.0000000000000000     
  -4.0000000000000000     
  -4.0000000000000000     
  -3.9999999999999991     
  -4.0000000000000000     
  -4.0000000000000000     
  -3.9999999999999991     
  -4.0000000000000000     
  -4.0000000000000000     
  -3.9999999999999996     
  -4.0000000000000000     
  -4.0000000000000000     
  -4.0000000000000000     
  -4.0000000000000000     
  -4.0000000000000000     
  -4.0000000000000000     
  -4.0000000000000000     
  -4.0000000000000000     
  -3.9999999999999991     
  -3.9999999999999991     
  -4.0000000000000000     
  -4.0000000000000009     
  -4.0000000000000000     
  -4.0000000000000000     
  -3.9999999999999991     
  -4.0000000000000027     
  -4.0000000000000000     
  -4.0000000000000027     
  -4.0000000000000000     
  -4.0000000000000009     
  -4.0000000000000000     
  -4.0000000000000027     
  -4.0000000000000000     
  -4.0000000000000018     
  -4.0000000000000000     
  -4.0000000000000027     
  -4.0000000000000000     
  -4.0000000000000027     
  -4.0000000000000009     
  -4.0000000000000018     
  -4.0000000000000000     
  -4.0000000000000009     
  -4.0000000000000000     
  -4.0000000000000027     
  -4.0000000000000009     
  -4.0000000000000018     
  -4.0000000000000000     
  -4.0000000000000018     
  -4.0000000000000000     
  -4.0000000000000000     
  -3.9999999999999996     
  -4.0000000000000000     
  -4.0000000000000000     
  -4.0000000000000000     
  -4.0000000000000000     
  -4.0000000000000000     
  -4.0000000000000000     
  -3.9999999999999996     
  -4.0000000000000000     
  -4.0000000000000000     
  -4.0000000000000000     
  -4.0000000000000000     
  -4.0000000000000000     
  -4.0000000000000000     
  -4.0000000000000000     
  -4.0000000000000000     
  -3.9999999999999996     
  -4.0000000000000000     
  -4.0000000000000000     
  -4.0000000000000000     
  -4.0000000000000000     
  -4.0000000000000000     
  -4.0000000000000009     
  -4.0000000000000000     
  -4.0000000000000000     
  -4.0000000000000009     
  -4.0000000000000009     
  -4.0000000000000000     
  -4.0000000000000000     
  -4.0000000000000000     
  -3.9999999999999991     
  -3.9999999999999996     
  -4.0000000000000000     
  -4.0000000000000000     
  -3.9999999999999996     
  -3.9999999999999996     
  -4.0000000000000000     
  -4.0000000000000000     
  -4.0000000000000000     
  -3.9999999999999996     
  -4.0000000000000000     
  -4.0000000000000000     
  -4.0000000000000000     
  -4.0000000000000000     
  -4.0000000000000000     
  -4.0000000000000000     
  -3.9999999999999996     
  -4.0000000000000000     
  -4.0000000000000000     
  -4.0000000000000000     
  -4.0000000000000000     
  -4.0000000000000000     
  -3.9999999999999996     
  -4.0000000000000000     
  -4.0000000000000000     
  -4.0000000000000000     
  -4.0000000000000000     
  -4.0000000000000000     
  -3.9999999999999996     
  -3.9999999999999996     
  -4.0000000000000000     
  -3.9999999999999991     
  -3.9999999999999996     
  -4.0000000000000000     
  -3.9999999999999991     
  -3.9999999999999996     
  -4.0000000000000000     
  -4.0000000000000000     
  -4.0000000000000000     
  -4.0000000000000000     
  -4.0000000000000000     
  -4.0000000000000000     
  -4.0000000000000000     
  -4.0000000000000000     
  -3.9999999999999996     
  -3.9999999999999991     
  -4.0000000000000000     
  -4.0000000000000000     
  -4.0000000000000000     
  -4.0000000000000000     
  -4.0000000000000009     
  -4.0000000000000044     
  -3.9999999999999996     
  -3.9999999999999996     
  -4.0000000000000000     
  -4.0000000000000044     
  -4.0000000000000009     
  -4.0000000000000009     
  -3.9999999999999996     
  -4.0000000000000062     
  -4.0000000000000009     
  -4.0000000000000000     
  -4.0000000000000000     
  -4.0000000000000036     
  -4.0000000000000000     
  -4.0000000000000009     
  -4.0000000000000000     
  -4.0000000000000036     
  -3.9999999999999991     
  -4.0000000000000000     
