TITLE
 generated from Orca output data.
BASIC_INFO
----------
Generated by:
 molden2qmc version: 4.0.5
Method:

DFT Functional:

Periodicity:
         0
Spin unrestricted:
    .false.
nuclear-nuclear repulsion energy (au/atom):
 2.6003254504117E+00
Number of electrons per primitive cell:
        10

GEOMETRY
--------
Number of atoms:
         2
Atomic positions (au):
 0.0000000000000E+00 0.0000000000000E+00-8.7193693500000E-02
 0.0000000000000E+00 0.0000000000000E+00 1.6433589184000E+00
Atomic numbers for each atom:
         9         1
Valence charges for each atom:
 9.0000000000000E+00 1.0000000000000E+00

BASIS SET
---------
Number of Gaussian centres
         2
Number of shells per primitive cell
        25
Number of basis functions ('AO') per primitive cell
        85
Number of Gaussian primitives per primitive cell
        45
Highest shell angular momentum (s/p/d/f... 1/2/3/4...)
         5
Code for shell types (s/sp/p/d/f... 1/2/3/4/5...)
         1         1         1         1         1         3         3         3
         3         4         4         4         5         5         6         1
         1         1         1         3         3         3         4         4
         5
Number of primitive Gaussians in each shell
         9         9         1         1         1         3         1         1
         1         1         1         1         1         1         1         3
         1         1         1         1         1         1         1         1
         1
Sequence number of first shell on each centre
         1        16        26
Exponents of Gaussian primitives
 7.4530000000000E+04 1.1170000000000E+04 2.5430000000000E+03 7.2100000000000E+02
 2.3590000000000E+02 8.5600000000000E+01 3.3550000000000E+01 1.3930000000000E+01
 5.9150000000000E+00 7.4530000000000E+04 1.1170000000000E+04 2.5430000000000E+03
 7.2100000000000E+02 2.3590000000000E+02 8.5600000000000E+01 3.3550000000000E+01
 1.3930000000000E+01 5.9150000000000E+00 1.8430000000000E+00 7.1240000000000E-01
 2.6370000000000E-01 8.0390000000000E+01 1.8630000000000E+01 5.6940000000000E+00
 1.9530000000000E+00 6.7020000000000E-01 2.1660000000000E-01 5.0140000000000E+00
 1.7250000000000E+00 5.8600000000000E-01 3.5620000000000E+00 1.1480000000000E+00
 2.3760000000000E+00 8.2640000000000E+01 1.2410000000000E+01 2.8240000000000E+00
 7.9770000000000E-01 2.5810000000000E-01 8.9890000000000E-02 2.2920000000000E+00
 8.3800000000000E-01 2.9200000000000E-01 2.0620000000000E+00 6.6200000000000E-01
 1.3970000000000E+00
Normalized contraction coefficients
 3.0790178320000E-01 5.7615123820000E-01 9.9268681000000E-01 1.5922029266000E+00
 2.3479998003000E+00 3.0232533111000E+00 3.0875610554000E+00 2.0456863027000E+00
 5.7511219480000E-01-1.9569821190000E-01-3.6853960200000E-01-6.2922114670000E-01
-1.0284113628000E+00-1.5267583245000E+00-2.1122793523000E+00-2.3707673689000E+00
-2.2162960728000E+00-8.2959908690000E-01 1.1273378632000E+00 5.5265362790000E-01
 2.6226642090000E-01 1.0768458362900E+01 1.2058967865800E+01 1.0446969217800E+01
 3.2909242964000E+00 8.6436190360000E-01 2.1062656890000E-01 2.7652349226883E+01
 4.2735656523203E+00 6.4599667735527E-01 2.5660538068288E+01 2.0082773853950E+00
 1.2023007698661E+01 4.4833211900000E-01 8.2720912110000E-01 1.3425357337000E+00
 6.0157500910000E-01 2.5807806610000E-01 1.1700209210000E-01 4.0198361784000E+00
 1.1428654696000E+00 3.0596281800000E-01 5.8400237441636E+00 7.9967024699702E-01
 3.1235349047773E+00
Position of each shell (au)
 0.0000000000000E+00 0.0000000000000E+00-8.7193693500000E-02
 0.0000000000000E+00 0.0000000000000E+00-8.7193693500000E-02
 0.0000000000000E+00 0.0000000000000E+00-8.7193693500000E-02
 0.0000000000000E+00 0.0000000000000E+00-8.7193693500000E-02
 0.0000000000000E+00 0.0000000000000E+00-8.7193693500000E-02
 0.0000000000000E+00 0.0000000000000E+00-8.7193693500000E-02
 0.0000000000000E+00 0.0000000000000E+00-8.7193693500000E-02
 0.0000000000000E+00 0.0000000000000E+00-8.7193693500000E-02
 0.0000000000000E+00 0.0000000000000E+00-8.7193693500000E-02
 0.0000000000000E+00 0.0000000000000E+00-8.7193693500000E-02
 0.0000000000000E+00 0.0000000000000E+00-8.7193693500000E-02
 0.0000000000000E+00 0.0000000000000E+00-8.7193693500000E-02
 0.0000000000000E+00 0.0000000000000E+00-8.7193693500000E-02
 0.0000000000000E+00 0.0000000000000E+00-8.7193693500000E-02
 0.0000000000000E+00 0.0000000000000E+00-8.7193693500000E-02
 0.0000000000000E+00 0.0000000000000E+00 1.6433589184000E+00
 0.0000000000000E+00 0.0000000000000E+00 1.6433589184000E+00
 0.0000000000000E+00 0.0000000000000E+00 1.6433589184000E+00
 0.0000000000000E+00 0.0000000000000E+00 1.6433589184000E+00
 0.0000000000000E+00 0.0000000000000E+00 1.6433589184000E+00
 0.0000000000000E+00 0.0000000000000E+00 1.6433589184000E+00
 0.0000000000000E+00 0.0000000000000E+00 1.6433589184000E+00
 0.0000000000000E+00 0.0000000000000E+00 1.6433589184000E+00
 0.0000000000000E+00 0.0000000000000E+00 1.6433589184000E+00
 0.0000000000000E+00 0.0000000000000E+00 1.6433589184000E+00

MULTIDETERMINANT INFORMATION
----------------------------
GS

ORBITAL COEFFICIENTS
------------------------
-9.9215760904100E-01-4.2893522500000E-04-1.7763842485000E-02 2.9743420020000E-03
-1.5379874930000E-03 0.0000000000000E+00 0.0000000000000E+00-1.1133625840000E-03
 0.0000000000000E+00 0.0000000000000E+00 2.1102572400000E-04 0.0000000000000E+00
 0.0000000000000E+00 4.5720597700000E-04 0.0000000000000E+00 0.0000000000000E+00
-2.4983000900000E-04-4.3463742500000E-05 0.0000000000000E+00 0.0000000000000E+00
 0.0000000000000E+00 0.0000000000000E+00 1.3198205350000E-04 0.0000000000000E+00
 0.0000000000000E+00 0.0000000000000E+00 0.0000000000000E+00 1.0031127000000E-04
 0.0000000000000E+00 0.0000000000000E+00 0.0000000000000E+00 0.0000000000000E+00
-3.8327570000000E-05 0.0000000000000E+00 0.0000000000000E+00 0.0000000000000E+00
 0.0000000000000E+00 0.0000000000000E+00 0.0000000000000E+00 1.1442852900000E-04
 0.0000000000000E+00 0.0000000000000E+00 0.0000000000000E+00 0.0000000000000E+00
 0.0000000000000E+00 0.0000000000000E+00 9.5374680000000E-06 0.0000000000000E+00
 0.0000000000000E+00 0.0000000000000E+00 0.0000000000000E+00 0.0000000000000E+00
 0.0000000000000E+00 4.2257712736426E-14 0.0000000000000E+00 2.7936280000000E-05
-7.9871007100000E-04 3.5407555800000E-04 1.8896690300000E-04 0.0000000000000E+00
 0.0000000000000E+00 2.4134850000000E-06 0.0000000000000E+00 0.0000000000000E+00
 6.2568167500000E-04 0.0000000000000E+00 0.0000000000000E+00-2.5680133500000E-04
-3.5478619000000E-05 0.0000000000000E+00 0.0000000000000E+00 0.0000000000000E+00
 0.0000000000000E+00-5.8188710500000E-05 0.0000000000000E+00 0.0000000000000E+00
 0.0000000000000E+00 0.0000000000000E+00 2.3857750000000E-06 0.0000000000000E+00
 0.0000000000000E+00 0.0000000000000E+00 0.0000000000000E+00 0.0000000000000E+00
 0.0000000000000E+00-1.8163439310000E-03 3.4042175201000E-01 2.7716919579300E-01
 5.3996109217400E-01 2.4518133155000E-01 0.0000000000000E+00 0.0000000000000E+00
 1.7159944730000E-02 0.0000000000000E+00 0.0000000000000E+00 3.3382602113000E-02
 0.0000000000000E+00 0.0000000000000E+00 3.9393183076000E-02 0.0000000000000E+00
 0.0000000000000E+00 6.6454016380000E-03 3.3888554800000E-04 0.0000000000000E+00
 0.0000000000000E+00 0.0000000000000E+00 0.0000000000000E+00 2.4701200320000E-03
 0.0000000000000E+00 0.0000000000000E+00 0.0000000000000E+00 0.0000000000000E+00
 1.9695803065000E-03 0.0000000000000E+00 0.0000000000000E+00 0.0000000000000E+00
 0.0000000000000E+00 6.2501957600000E-04 0.0000000000000E+00 0.0000000000000E+00
 0.0000000000000E+00 0.0000000000000E+00 0.0000000000000E+00 0.0000000000000E+00
 1.2059964750000E-03 0.0000000000000E+00 0.0000000000000E+00 0.0000000000000E+00
 0.0000000000000E+00 0.0000000000000E+00 0.0000000000000E+00 1.5692457100000E-04
 0.0000000000000E+00 0.0000000000000E+00 0.0000000000000E+00 0.0000000000000E+00
 0.0000000000000E+00 0.0000000000000E+00 1.3381609033202E-13 0.0000000000000E+00
 3.3124212941000E-02 8.0190562826000E-02 3.6004970136000E-02 2.7519448570000E-03
 0.0000000000000E+00 0.0000000000000E+00-7.5608341690000E-03 0.0000000000000E+00
 0.0000000000000E+00-1.4969979053000E-02 0.0000000000000E+00 0.0000000000000E+00
-6.4062857860000E-03 1.5954270810000E-03 0.0000000000000E+00 0.0000000000000E+00
 0.0000000000000E+00 0.0000000000000E+00 1.0627596555000E-03 0.0000000000000E+00
 0.0000000000000E+00 0.0000000000000E+00 0.0000000000000E+00-1.0804857520000E-03
 0.0000000000000E+00 0.0000000000000E+00 0.0000000000000E+00 0.0000000000000E+00
 0.0000000000000E+00 0.0000000000000E+00-2.5769598980000E-03-8.6082335653000E-02
-7.6998355924000E-02-1.3615329055500E-01-1.5224920769500E-01 0.0000000000000E+00
 0.0000000000000E+00 1.6429466096900E-01 0.0000000000000E+00 0.0000000000000E+00
 2.9433032431600E-01 0.0000000000000E+00 0.0000000000000E+00 3.5872801188000E-01
 0.0000000000000E+00 0.0000000000000E+00 1.7862129298800E-01 1.4858245620000E-03
 0.0000000000000E+00 0.0000000000000E+00 0.0000000000000E+00 0.0000000000000E+00
 6.0738390440000E-03 0.0000000000000E+00 0.0000000000000E+00 0.0000000000000E+00
 0.0000000000000E+00 9.2899007905000E-03 0.0000000000000E+00 0.0000000000000E+00
 0.0000000000000E+00 0.0000000000000E+00 1.5731477170000E-03 0.0000000000000E+00
 0.0000000000000E+00 0.0000000000000E+00 0.0000000000000E+00 0.0000000000000E+00
 0.0000000000000E+00 3.1294350100000E-03 0.0000000000000E+00 0.0000000000000E+00
 0.0000000000000E+00 0.0000000000000E+00 0.0000000000000E+00 0.0000000000000E+00
 3.2721875500000E-04 0.0000000000000E+00 0.0000000000000E+00 0.0000000000000E+00
 0.0000000000000E+00 0.0000000000000E+00 0.0000000000000E+00-2.6763218066403E-13
 0.0000000000000E+00 6.0254744457000E-02 1.6300089590700E-01 1.4883467657700E-01
 7.5720488950000E-03 0.0000000000000E+00 0.0000000000000E+00-9.1712775830000E-03
 0.0000000000000E+00 0.0000000000000E+00-1.2973839618000E-02 0.0000000000000E+00
 0.0000000000000E+00 3.1103857380000E-03 2.0867484560000E-03 0.0000000000000E+00
 0.0000000000000E+00 0.0000000000000E+00 0.0000000000000E+00-1.4066101295000E-03
 0.0000000000000E+00 0.0000000000000E+00 0.0000000000000E+00 0.0000000000000E+00
-6.5886666300000E-04 0.0000000000000E+00 0.0000000000000E+00 0.0000000000000E+00
 0.0000000000000E+00 0.0000000000000E+00 0.0000000000000E+00 0.0000000000000E+00
 0.0000000000000E+00 0.0000000000000E+00 0.0000000000000E+00 0.0000000000000E+00
 0.0000000000000E+00 1.9419305277500E-01 0.0000000000000E+00 0.0000000000000E+00
 3.4648740350600E-01 0.0000000000000E+00 0.0000000000000E+00 4.2421634824600E-01
 0.0000000000000E+00 0.0000000000000E+00 2.6189260287700E-01 0.0000000000000E+00
 0.0000000000000E+00 0.0000000000000E+00 2.3535357936305E-03 0.0000000000000E+00
 0.0000000000000E+00 0.0000000000000E+00 0.0000000000000E+00 9.9106202150582E-03
 0.0000000000000E+00 0.0000000000000E+00 0.0000000000000E+00 0.0000000000000E+00
 1.7956144580224E-02 0.0000000000000E+00 0.0000000000000E+00 0.0000000000000E+00
 0.0000000000000E+00 3.5145719860081E-04 0.0000000000000E+00 0.0000000000000E+00
 0.0000000000000E+00 1.7919573407621E-12 0.0000000000000E+00 0.0000000000000E+00
 1.0176423038080E-03 0.0000000000000E+00 0.0000000000000E+00 0.0000000000000E+00
 2.0554804791094E-12 0.0000000000000E+00 0.0000000000000E+00 8.7840121536073E-05
 0.0000000000000E+00 0.0000000000000E+00 0.0000000000000E+00-4.5817096691152E-13
 0.0000000000000E+00 0.0000000000000E+00 0.0000000000000E+00 0.0000000000000E+00
 0.0000000000000E+00 0.0000000000000E+00 0.0000000000000E+00 4.4718019030000E-03
 0.0000000000000E+00 0.0000000000000E+00 1.3569011504000E-02 0.0000000000000E+00
 0.0000000000000E+00 2.8210564967000E-02 0.0000000000000E+00 0.0000000000000E+00
 0.0000000000000E+00-3.8658767963039E-03 0.0000000000000E+00 0.0000000000000E+00
 0.0000000000000E+00 0.0000000000000E+00-1.1971647822563E-02 0.0000000000000E+00
 0.0000000000000E+00 0.0000000000000E+00 0.0000000000000E+00 6.9140303321936E-04
 0.0000000000000E+00 0.0000000000000E+00 0.0000000000000E+00-2.0027758514400E-12
 0.0000000000000E+00 0.0000000000000E+00 0.0000000000000E+00 0.0000000000000E+00
 0.0000000000000E+00-1.9419305277500E-01 0.0000000000000E+00 0.0000000000000E+00
-3.4648740350600E-01 0.0000000000000E+00 0.0000000000000E+00-4.2421634824600E-01
 0.0000000000000E+00 0.0000000000000E+00-2.6189260287700E-01 0.0000000000000E+00
 0.0000000000000E+00 0.0000000000000E+00-2.3535357936305E-03 0.0000000000000E+00
 0.0000000000000E+00 0.0000000000000E+00 0.0000000000000E+00-9.9106202150582E-03
 0.0000000000000E+00 0.0000000000000E+00 0.0000000000000E+00 0.0000000000000E+00
-1.7956144580224E-02 0.0000000000000E+00 0.0000000000000E+00 0.0000000000000E+00
 0.0000000000000E+00-3.5145719860081E-04 0.0000000000000E+00 0.0000000000000E+00
 0.0000000000000E+00 1.7919573407621E-12 0.0000000000000E+00 0.0000000000000E+00
-1.0176423038080E-03 0.0000000000000E+00 0.0000000000000E+00 0.0000000000000E+00
 2.0554804791094E-12 0.0000000000000E+00 0.0000000000000E+00-8.7840121536073E-05
 0.0000000000000E+00 0.0000000000000E+00 0.0000000000000E+00-4.5817096691152E-13
 0.0000000000000E+00 0.0000000000000E+00 0.0000000000000E+00 0.0000000000000E+00
 0.0000000000000E+00 0.0000000000000E+00 0.0000000000000E+00-4.4718019030000E-03
 0.0000000000000E+00 0.0000000000000E+00-1.3569011504000E-02 0.0000000000000E+00
 0.0000000000000E+00-2.8210564967000E-02 0.0000000000000E+00 0.0000000000000E+00
 0.0000000000000E+00 3.8658767963039E-03 0.0000000000000E+00 0.0000000000000E+00
 0.0000000000000E+00 0.0000000000000E+00 1.1971647822563E-02 0.0000000000000E+00
 0.0000000000000E+00 0.0000000000000E+00 0.0000000000000E+00-6.9140303321936E-04
 0.0000000000000E+00 0.0000000000000E+00 0.0000000000000E+00-2.0027758514400E-12
 0.0000000000000E+00-1.4688854007000E-02-8.8465320546000E-02-1.2208941478000E-01
 1.5791554101600E-01-5.6082252332500E-01 0.0000000000000E+00 0.0000000000000E+00
-4.7567374098000E-02 0.0000000000000E+00 0.0000000000000E+00-7.4330169874000E-02
 0.0000000000000E+00 0.0000000000000E+00-2.9756471474000E-02 0.0000000000000E+00
 0.0000000000000E+00-1.5384791839700E-01-7.3131122100000E-04 0.0000000000000E+00
 0.0000000000000E+00 0.0000000000000E+00 0.0000000000000E+00 6.1608224690000E-03
 0.0000000000000E+00 0.0000000000000E+00 0.0000000000000E+00 0.0000000000000E+00
-4.9228026150000E-04 0.0000000000000E+00 0.0000000000000E+00 0.0000000000000E+00
 0.0000000000000E+00 2.5442513360000E-03 0.0000000000000E+00 0.0000000000000E+00
 0.0000000000000E+00 0.0000000000000E+00 0.0000000000000E+00 0.0000000000000E+00
-6.9015059850000E-03 0.0000000000000E+00 0.0000000000000E+00 0.0000000000000E+00
 0.0000000000000E+00 0.0000000000000E+00 0.0000000000000E+00-4.9814149800000E-04
 0.0000000000000E+00 0.0000000000000E+00 0.0000000000000E+00 0.0000000000000E+00
 0.0000000000000E+00 0.0000000000000E+00 0.0000000000000E+00 0.0000000000000E+00
 7.4192168500000E-03 1.0749826349800E-01-3.7045140741200E-01 1.4651267199060E+00
 0.0000000000000E+00 0.0000000000000E+00-6.4910162110000E-03 0.0000000000000E+00
 0.0000000000000E+00 7.6501534258000E-02 0.0000000000000E+00 0.0000000000000E+00
 8.4206794546000E-02-1.8571064230000E-03 0.0000000000000E+00 0.0000000000000E+00
 0.0000000000000E+00 0.0000000000000E+00-2.7875942756000E-02 0.0000000000000E+00
 0.0000000000000E+00 0.0000000000000E+00 0.0000000000000E+00 1.5276244860000E-02
 0.0000000000000E+00 0.0000000000000E+00 0.0000000000000E+00 0.0000000000000E+00
 0.0000000000000E+00 0.0000000000000E+00-7.1486386360000E-03 3.0882852919000E-02
-2.9323561146000E-02 3.2323027055000E-01-5.3275751090000E-03 0.0000000000000E+00
 0.0000000000000E+00 8.6410148567000E-02 0.0000000000000E+00 0.0000000000000E+00
 1.5305773062800E-01 0.0000000000000E+00 0.0000000000000E+00 4.5531287353100E-01
 0.0000000000000E+00 0.0000000000000E+00 3.9639176563600E-01-3.3210719995000E-03
 0.0000000000000E+00 0.0000000000000E+00 0.0000000000000E+00 0.0000000000000E+00
 8.6358385935000E-03 0.0000000000000E+00 0.0000000000000E+00 0.0000000000000E+00
 0.0000000000000E+00 4.7200821863000E-02 0.0000000000000E+00 0.0000000000000E+00
 0.0000000000000E+00 0.0000000000000E+00-1.6787370700000E-04 0.0000000000000E+00
 0.0000000000000E+00 0.0000000000000E+00 0.0000000000000E+00 0.0000000000000E+00
 0.0000000000000E+00 2.6896772537000E-02 0.0000000000000E+00 0.0000000000000E+00
 0.0000000000000E+00 0.0000000000000E+00 0.0000000000000E+00 0.0000000000000E+00
 1.3395999300000E-03 0.0000000000000E+00 0.0000000000000E+00 0.0000000000000E+00
 0.0000000000000E+00 0.0000000000000E+00 0.0000000000000E+00 0.0000000000000E+00
 0.0000000000000E+00-5.8701001581000E-02-1.4182852036000E-01-1.9448655025100E+00
 1.3471550070300E+00 0.0000000000000E+00 0.0000000000000E+00-5.0688938572000E-02
 0.0000000000000E+00 0.0000000000000E+00 3.1320872438800E-01 0.0000000000000E+00
 0.0000000000000E+00-5.7971166659200E-01-9.9713606545000E-03 0.0000000000000E+00
 0.0000000000000E+00 0.0000000000000E+00 0.0000000000000E+00-3.3042039814500E-02
 0.0000000000000E+00 0.0000000000000E+00 0.0000000000000E+00 0.0000000000000E+00
 1.6493391901000E-02 0.0000000000000E+00 0.0000000000000E+00 0.0000000000000E+00
 0.0000000000000E+00 0.0000000000000E+00 0.0000000000000E+00-2.1807094032000E-02
 5.0688303391000E-02-8.4999981392000E-02 7.1119204552800E-01 5.9504376546920E+00
 0.0000000000000E+00 0.0000000000000E+00-5.3539614001000E-02 0.0000000000000E+00
 0.0000000000000E+00-1.4283171227200E-01 0.0000000000000E+00 0.0000000000000E+00
 8.2470812648400E-01 0.0000000000000E+00 0.0000000000000E+00 3.7630736574630E+00
-1.7522634085000E-03 0.0000000000000E+00 0.0000000000000E+00 0.0000000000000E+00
 0.0000000000000E+00 2.1803524280000E-03 0.0000000000000E+00 0.0000000000000E+00
 0.0000000000000E+00 0.0000000000000E+00 3.0790382467650E-01 0.0000000000000E+00
 0.0000000000000E+00 0.0000000000000E+00 0.0000000000000E+00-4.5580301720000E-03
 0.0000000000000E+00 0.0000000000000E+00 0.0000000000000E+00 0.0000000000000E+00
 0.0000000000000E+00 0.0000000000000E+00 8.6911428676000E-02 0.0000000000000E+00
 0.0000000000000E+00 0.0000000000000E+00 0.0000000000000E+00 0.0000000000000E+00
 0.0000000000000E+00 1.1533401389000E-02 0.0000000000000E+00 0.0000000000000E+00
 0.0000000000000E+00 0.0000000000000E+00 0.0000000000000E+00 0.0000000000000E+00
 0.0000000000000E+00 0.0000000000000E+00 1.8991425296000E-02-4.6476382315400E-01
-6.7227932636120E+00 8.7490072117000E-02 0.0000000000000E+00 0.0000000000000E+00
-1.1176271429000E-02 0.0000000000000E+00 0.0000000000000E+00 5.5604222927900E-01
 0.0000000000000E+00 0.0000000000000E+00 2.9196596949780E+00-9.0630556920000E-03
 0.0000000000000E+00 0.0000000000000E+00 0.0000000000000E+00 0.0000000000000E+00
-2.2582746123200E-01 0.0000000000000E+00 0.0000000000000E+00 0.0000000000000E+00
 0.0000000000000E+00 4.1988820801000E-02 0.0000000000000E+00 0.0000000000000E+00
 0.0000000000000E+00 0.0000000000000E+00 0.0000000000000E+00 0.0000000000000E+00
 0.0000000000000E+00 0.0000000000000E+00 0.0000000000000E+00 0.0000000000000E+00
 0.0000000000000E+00 0.0000000000000E+00-1.0024865585500E-01 0.0000000000000E+00
 0.0000000000000E+00-9.6075586096000E-02 0.0000000000000E+00 0.0000000000000E+00
-5.1561070859600E-01 0.0000000000000E+00 0.0000000000000E+00 1.4531540999600E-01
 0.0000000000000E+00 0.0000000000000E+00 0.0000000000000E+00 1.0496340494490E-03
 0.0000000000000E+00 0.0000000000000E+00 0.0000000000000E+00 0.0000000000000E+00
 2.8514485511728E-02 0.0000000000000E+00 0.0000000000000E+00 0.0000000000000E+00
 0.0000000000000E+00-1.0882428726185E-01 0.0000000000000E+00 0.0000000000000E+00
 0.0000000000000E+00 0.0000000000000E+00 5.0516033130804E-05 0.0000000000000E+00
 0.0000000000000E+00 0.0000000000000E+00 0.0000000000000E+00 0.0000000000000E+00
 0.0000000000000E+00-2.5240675545655E-03 0.0000000000000E+00 0.0000000000000E+00
 0.0000000000000E+00-5.2704627669473E-14 0.0000000000000E+00 0.0000000000000E+00
-3.0715210850532E-04 0.0000000000000E+00 0.0000000000000E+00 0.0000000000000E+00
 0.0000000000000E+00 0.0000000000000E+00 0.0000000000000E+00 0.0000000000000E+00
 0.0000000000000E+00 0.0000000000000E+00 0.0000000000000E+00 0.0000000000000E+00
 5.8931748525000E-02 0.0000000000000E+00 0.0000000000000E+00-2.0837613614400E-01
 0.0000000000000E+00 0.0000000000000E+00 1.1596298786450E+00 0.0000000000000E+00
 0.0000000000000E+00 0.0000000000000E+00-6.0352639410575E-03 0.0000000000000E+00
 0.0000000000000E+00 0.0000000000000E+00 0.0000000000000E+00-6.7604859183291E-02
 0.0000000000000E+00 0.0000000000000E+00 0.0000000000000E+00 0.0000000000000E+00
 8.7523728181203E-03 0.0000000000000E+00 0.0000000000000E+00 0.0000000000000E+00
 0.0000000000000E+00 0.0000000000000E+00 0.0000000000000E+00 0.0000000000000E+00
 0.0000000000000E+00 0.0000000000000E+00 1.0024865585500E-01 0.0000000000000E+00
 0.0000000000000E+00 9.6075586096000E-02 0.0000000000000E+00 0.0000000000000E+00
 5.1561070859600E-01 0.0000000000000E+00 0.0000000000000E+00-1.4531540999600E-01
 0.0000000000000E+00 0.0000000000000E+00 0.0000000000000E+00-1.0496340494490E-03
 0.0000000000000E+00 0.0000000000000E+00 0.0000000000000E+00 0.0000000000000E+00
-2.8514485511728E-02 0.0000000000000E+00 0.0000000000000E+00 0.0000000000000E+00
 0.0000000000000E+00 1.0882428726185E-01 0.0000000000000E+00 0.0000000000000E+00
 0.0000000000000E+00 0.0000000000000E+00-5.0516033130804E-05 0.0000000000000E+00
 0.0000000000000E+00 0.0000000000000E+00 0.0000000000000E+00 0.0000000000000E+00
 0.0000000000000E+00 2.5240675545655E-03 0.0000000000000E+00 0.0000000000000E+00
 0.0000000000000E+00-5.2704627669473E-14 0.0000000000000E+00 0.0000000000000E+00
 3.0715210850532E-04 0.0000000000000E+00 0.0000000000000E+00 0.0000000000000E+00
 0.0000000000000E+00 0.0000000000000E+00 0.0000000000000E+00 0.0000000000000E+00
 0.0000000000000E+00 0.0000000000000E+00 0.0000000000000E+00 0.0000000000000E+00
-5.8931748525000E-02 0.0000000000000E+00 0.0000000000000E+00 2.0837613614400E-01
 0.0000000000000E+00 0.0000000000000E+00-1.1596298786450E+00 0.0000000000000E+00
 0.0000000000000E+00 0.0000000000000E+00 6.0352639410575E-03 0.0000000000000E+00
 0.0000000000000E+00 0.0000000000000E+00 0.0000000000000E+00 6.7604859183291E-02
 0.0000000000000E+00 0.0000000000000E+00 0.0000000000000E+00 0.0000000000000E+00
-8.7523728181203E-03 0.0000000000000E+00 0.0000000000000E+00 0.0000000000000E+00
 0.0000000000000E+00 0.0000000000000E+00 0.0000000000000E+00 0.0000000000000E+00
 0.0000000000000E+00 0.0000000000000E+00 0.0000000000000E+00 9.3831586612000E-02
 0.0000000000000E+00 0.0000000000000E+00 7.7556758632000E-02 0.0000000000000E+00
 0.0000000000000E+00 4.3913564493200E-01 0.0000000000000E+00 0.0000000000000E+00
-1.6990603291540E+00 0.0000000000000E+00 0.0000000000000E+00 0.0000000000000E+00
 9.2351617112502E-05 0.0000000000000E+00 0.0000000000000E+00 0.0000000000000E+00
 0.0000000000000E+00 5.3751798329564E-02 0.0000000000000E+00 0.0000000000000E+00
 0.0000000000000E+00 0.0000000000000E+00-3.5561644915864E-01 0.0000000000000E+00
 0.0000000000000E+00 0.0000000000000E+00 0.0000000000000E+00 3.1276351846631E-03
 0.0000000000000E+00 0.0000000000000E+00 0.0000000000000E+00 0.0000000000000E+00
 0.0000000000000E+00 0.0000000000000E+00-2.1670452804055E-02 0.0000000000000E+00
 0.0000000000000E+00 0.0000000000000E+00-5.2704627669473E-14 0.0000000000000E+00
 0.0000000000000E+00-1.2656706415802E-03 0.0000000000000E+00 0.0000000000000E+00
 0.0000000000000E+00 0.0000000000000E+00 0.0000000000000E+00 0.0000000000000E+00
 0.0000000000000E+00 0.0000000000000E+00 0.0000000000000E+00 0.0000000000000E+00
 0.0000000000000E+00 2.4550658661000E-02 0.0000000000000E+00 0.0000000000000E+00
-4.7262739751000E-02 0.0000000000000E+00 0.0000000000000E+00 1.2013880013240E+00
 0.0000000000000E+00 0.0000000000000E+00 0.0000000000000E+00 1.6847505959689E-02
 0.0000000000000E+00 0.0000000000000E+00 0.0000000000000E+00 0.0000000000000E+00
-3.4751830670421E-01 0.0000000000000E+00 0.0000000000000E+00 0.0000000000000E+00
 0.0000000000000E+00 1.1649625696157E-02 0.0000000000000E+00 0.0000000000000E+00
 0.0000000000000E+00 0.0000000000000E+00 0.0000000000000E+00 0.0000000000000E+00
 0.0000000000000E+00 0.0000000000000E+00 0.0000000000000E+00 0.0000000000000E+00
 0.0000000000000E+00-9.3831586612000E-02 0.0000000000000E+00 0.0000000000000E+00
-7.7556758632000E-02 0.0000000000000E+00 0.0000000000000E+00-4.3913564493200E-01
 0.0000000000000E+00 0.0000000000000E+00 1.6990603291540E+00 0.0000000000000E+00
 0.0000000000000E+00 0.0000000000000E+00-9.2351617112502E-05 0.0000000000000E+00
 0.0000000000000E+00 0.0000000000000E+00 0.0000000000000E+00-5.3751798329564E-02
 0.0000000000000E+00 0.0000000000000E+00 0.0000000000000E+00 0.0000000000000E+00
 3.5561644915864E-01 0.0000000000000E+00 0.0000000000000E+00 0.0000000000000E+00
 0.0000000000000E+00-3.1276351846631E-03 0.0000000000000E+00 0.0000000000000E+00
 0.0000000000000E+00 0.0000000000000E+00 0.0000000000000E+00 0.0000000000000E+00
 2.1670452804055E-02 0.0000000000000E+00 0.0000000000000E+00 0.0000000000000E+00
-5.2704627669473E-14 0.0000000000000E+00 0.0000000000000E+00 1.2656706415802E-03
 0.0000000000000E+00 0.0000000000000E+00 0.0000000000000E+00 0.0000000000000E+00
 0.0000000000000E+00 0.0000000000000E+00 0.0000000000000E+00 0.0000000000000E+00
 0.0000000000000E+00 0.0000000000000E+00 0.0000000000000E+00-2.4550658661000E-02
 0.0000000000000E+00 0.0000000000000E+00 4.7262739751000E-02 0.0000000000000E+00
 0.0000000000000E+00-1.2013880013240E+00 0.0000000000000E+00 0.0000000000000E+00
 0.0000000000000E+00-1.6847505959689E-02 0.0000000000000E+00 0.0000000000000E+00
 0.0000000000000E+00 0.0000000000000E+00 3.4751830670421E-01 0.0000000000000E+00
 0.0000000000000E+00 0.0000000000000E+00 0.0000000000000E+00-1.1649625696157E-02
 0.0000000000000E+00 0.0000000000000E+00 0.0000000000000E+00 0.0000000000000E+00
-3.9130862084000E-02 9.8962303800000E-02-1.0915444324300E-01 1.9210379730510E+00
-3.0047208755900E-01 0.0000000000000E+00 0.0000000000000E+00 6.8203149385000E-02
 0.0000000000000E+00 0.0000000000000E+00 1.7150394753600E-01 0.0000000000000E+00
 0.0000000000000E+00 5.1340772001800E-01 0.0000000000000E+00 0.0000000000000E+00
-4.9230755388900E-01-9.8654408150000E-04 0.0000000000000E+00 0.0000000000000E+00
 0.0000000000000E+00 0.0000000000000E+00 2.9634316275000E-02 0.0000000000000E+00
 0.0000000000000E+00 0.0000000000000E+00 0.0000000000000E+00-1.2330563338550E-01
 0.0000000000000E+00 0.0000000000000E+00 0.0000000000000E+00 0.0000000000000E+00
 1.9798357527000E-02 0.0000000000000E+00 0.0000000000000E+00 0.0000000000000E+00
 0.0000000000000E+00 0.0000000000000E+00 0.0000000000000E+00-1.0122872179400E-01
 0.0000000000000E+00 0.0000000000000E+00 0.0000000000000E+00 0.0000000000000E+00
 0.0000000000000E+00 0.0000000000000E+00-7.3867467220000E-03 0.0000000000000E+00
 0.0000000000000E+00 0.0000000000000E+00 0.0000000000000E+00 0.0000000000000E+00
 0.0000000000000E+00 0.0000000000000E+00 0.0000000000000E+00-3.0833950182000E-02
 5.6057766409800E-01-1.6108652482530E+00 4.7824020195400E-01 0.0000000000000E+00
 0.0000000000000E+00-9.9737309600000E-03 0.0000000000000E+00 0.0000000000000E+00
-2.4210742826300E-01 0.0000000000000E+00 0.0000000000000E+00 1.7122770072860E+00
 1.4795741175000E-02 0.0000000000000E+00 0.0000000000000E+00 0.0000000000000E+00
 0.0000000000000E+00-1.5856339828750E-01 0.0000000000000E+00 0.0000000000000E+00
 0.0000000000000E+00 0.0000000000000E+00 7.7298109689000E-02 0.0000000000000E+00
 0.0000000000000E+00 0.0000000000000E+00 0.0000000000000E+00 0.0000000000000E+00
 0.0000000000000E+00-4.0833144827000E-02 4.3833102771000E-02-7.3134361822000E-02
 1.0762495887090E+00-8.4456556594740E+00 0.0000000000000E+00 0.0000000000000E+00
-1.0955245844200E-01 0.0000000000000E+00 0.0000000000000E+00-2.7111515742000E-02
 0.0000000000000E+00 0.0000000000000E+00-1.5031832496970E+00 0.0000000000000E+00
 0.0000000000000E+00-2.4099628735510E+00 8.4788687350000E-03 0.0000000000000E+00
 0.0000000000000E+00 0.0000000000000E+00 0.0000000000000E+00-1.7848549530000E-02
 0.0000000000000E+00 0.0000000000000E+00 0.0000000000000E+00 0.0000000000000E+00
-9.5967710796500E-02 0.0000000000000E+00 0.0000000000000E+00 0.0000000000000E+00
 0.0000000000000E+00 1.3729846660000E-03 0.0000000000000E+00 0.0000000000000E+00
 0.0000000000000E+00 0.0000000000000E+00 0.0000000000000E+00 0.0000000000000E+00
-5.0191075771000E-02 0.0000000000000E+00 0.0000000000000E+00 0.0000000000000E+00
 0.0000000000000E+00 0.0000000000000E+00 0.0000000000000E+00-8.1374352610000E-03
 0.0000000000000E+00 0.0000000000000E+00 0.0000000000000E+00 0.0000000000000E+00
 0.0000000000000E+00 0.0000000000000E+00 0.0000000000000E+00 0.0000000000000E+00
 8.7514325690000E-03 4.9931982344900E-01 6.2299874003140E+00 7.9913322890500E-01
 0.0000000000000E+00 0.0000000000000E+00-1.4503373872000E-02 0.0000000000000E+00
 0.0000000000000E+00-2.5693941945200E-01 0.0000000000000E+00 0.0000000000000E+00
-3.8493372891960E+00 3.6732069905000E-03 0.0000000000000E+00 0.0000000000000E+00
 0.0000000000000E+00 0.0000000000000E+00 1.9865851657200E-01 0.0000000000000E+00
 0.0000000000000E+00 0.0000000000000E+00 0.0000000000000E+00-2.9957823720000E-02
 0.0000000000000E+00 0.0000000000000E+00 0.0000000000000E+00 0.0000000000000E+00
 0.0000000000000E+00 0.0000000000000E+00-4.4891612537000E-02-1.3531580160500E-01
-4.2019996910200E-01 1.1491425121930E+00 8.6538053782270E+00 0.0000000000000E+00
 0.0000000000000E+00-1.7232188056000E-02 0.0000000000000E+00 0.0000000000000E+00
-1.8212296998200E-01 0.0000000000000E+00 0.0000000000000E+00 2.5564085284200E+00
 0.0000000000000E+00 0.0000000000000E+00 3.3541186302520E+00-7.7681312270000E-03
 0.0000000000000E+00 0.0000000000000E+00 0.0000000000000E+00 0.0000000000000E+00
 9.5147041694500E-02 0.0000000000000E+00 0.0000000000000E+00 0.0000000000000E+00
 0.0000000000000E+00 6.2969697944500E-01 0.0000000000000E+00 0.0000000000000E+00
 0.0000000000000E+00 0.0000000000000E+00 3.0302681150000E-03 0.0000000000000E+00
 0.0000000000000E+00 0.0000000000000E+00 0.0000000000000E+00 0.0000000000000E+00
 0.0000000000000E+00 1.9775279951500E-01 0.0000000000000E+00 0.0000000000000E+00
 0.0000000000000E+00 0.0000000000000E+00 0.0000000000000E+00 0.0000000000000E+00
 2.2198405907000E-02 0.0000000000000E+00 0.0000000000000E+00 0.0000000000000E+00
 0.0000000000000E+00 0.0000000000000E+00 0.0000000000000E+00 0.0000000000000E+00
 0.0000000000000E+00 1.5787545960400E-01 2.9531034605500E-01-1.0605149971138E+01
 8.0468068913100E-01 0.0000000000000E+00 0.0000000000000E+00-1.4787130485000E-01
 0.0000000000000E+00 0.0000000000000E+00 1.8445422484900E+00 0.0000000000000E+00
 0.0000000000000E+00 3.6292443210180E+00-4.0664308424000E-02 0.0000000000000E+00
 0.0000000000000E+00 0.0000000000000E+00 0.0000000000000E+00-5.0441441151400E-01
 0.0000000000000E+00 0.0000000000000E+00 0.0000000000000E+00 0.0000000000000E+00
 1.3243850584800E-01 0.0000000000000E+00 0.0000000000000E+00 0.0000000000000E+00
 0.0000000000000E+00 0.0000000000000E+00 0.0000000000000E+00 0.0000000000000E+00
 0.0000000000000E+00 0.0000000000000E+00 0.0000000000000E+00 0.0000000000000E+00
 0.0000000000000E+00 0.0000000000000E+00 0.0000000000000E+00 0.0000000000000E+00
 0.0000000000000E+00 0.0000000000000E+00 0.0000000000000E+00 0.0000000000000E+00
 0.0000000000000E+00 0.0000000000000E+00 0.0000000000000E+00 0.0000000000000E+00
 0.0000000000000E+00 0.0000000000000E+00 0.0000000000000E+00 0.0000000000000E+00
 8.1075428314429E-02 0.0000000000000E+00 0.0000000000000E+00 0.0000000000000E+00
 0.0000000000000E+00-1.6456255542819E-01 0.0000000000000E+00 0.0000000000000E+00
 0.0000000000000E+00 0.0000000000000E+00 1.5576499755690E+00 0.0000000000000E+00
 0.0000000000000E+00 0.0000000000000E+00 0.0000000000000E+00 2.5627622720659E-04
 0.0000000000000E+00 0.0000000000000E+00 0.0000000000000E+00 0.0000000000000E+00
 0.0000000000000E+00 0.0000000000000E+00-4.3607100767780E-04 0.0000000000000E+00
 0.0000000000000E+00 0.0000000000000E+00 0.0000000000000E+00 0.0000000000000E+00
 0.0000000000000E+00 3.0124899531000E-05 0.0000000000000E+00 0.0000000000000E+00
 0.0000000000000E+00 0.0000000000000E+00 0.0000000000000E+00 0.0000000000000E+00
 0.0000000000000E+00 0.0000000000000E+00 0.0000000000000E+00 0.0000000000000E+00
 0.0000000000000E+00 0.0000000000000E+00 0.0000000000000E+00 0.0000000000000E+00
 0.0000000000000E+00 0.0000000000000E+00 0.0000000000000E+00 0.0000000000000E+00
 0.0000000000000E+00 0.0000000000000E+00 0.0000000000000E+00-8.6143571492239E-02
 0.0000000000000E+00 0.0000000000000E+00 0.0000000000000E+00 0.0000000000000E+00
 5.4167422774213E-01 0.0000000000000E+00 0.0000000000000E+00 0.0000000000000E+00
 0.0000000000000E+00 2.0637023785106E-03 0.0000000000000E+00 0.0000000000000E+00
 0.0000000000000E+00 0.0000000000000E+00 0.0000000000000E+00 0.0000000000000E+00
 0.0000000000000E+00 0.0000000000000E+00 0.0000000000000E+00 0.0000000000000E+00
 0.0000000000000E+00 0.0000000000000E+00 0.0000000000000E+00 0.0000000000000E+00
 0.0000000000000E+00 0.0000000000000E+00 0.0000000000000E+00 0.0000000000000E+00
 0.0000000000000E+00 0.0000000000000E+00 0.0000000000000E+00 0.0000000000000E+00
-4.0537714156349E-02 0.0000000000000E+00 0.0000000000000E+00 0.0000000000000E+00
 0.0000000000000E+00 8.2281277717561E-02 0.0000000000000E+00 0.0000000000000E+00
 0.0000000000000E+00 0.0000000000000E+00-7.7882498777932E-01 0.0000000000000E+00
 0.0000000000000E+00 0.0000000000000E+00 0.0000000000000E+00-2.5627622720659E-04
 0.0000000000000E+00 0.0000000000000E+00 0.0000000000000E+00 0.0000000000000E+00
 0.0000000000000E+00 0.0000000000000E+00 4.3607100754870E-04 0.0000000000000E+00
 0.0000000000000E+00 0.0000000000000E+00 0.0000000000000E+00 0.0000000000000E+00
 0.0000000000000E+00-3.0124899531000E-05 0.0000000000000E+00 0.0000000000000E+00
 0.0000000000000E+00 0.0000000000000E+00 0.0000000000000E+00 0.0000000000000E+00
 0.0000000000000E+00 0.0000000000000E+00 0.0000000000000E+00 0.0000000000000E+00
 0.0000000000000E+00 0.0000000000000E+00 0.0000000000000E+00 0.0000000000000E+00
 0.0000000000000E+00 0.0000000000000E+00 0.0000000000000E+00 0.0000000000000E+00
 0.0000000000000E+00 0.0000000000000E+00 0.0000000000000E+00 4.3071785746986E-02
 0.0000000000000E+00 0.0000000000000E+00 0.0000000000000E+00 0.0000000000000E+00
-2.7083711388232E-01 0.0000000000000E+00 0.0000000000000E+00 0.0000000000000E+00
 0.0000000000000E+00-2.0637023783815E-03 0.0000000000000E+00 0.0000000000000E+00
 0.0000000000000E+00 0.0000000000000E+00 0.0000000000000E+00 0.0000000000000E+00
 0.0000000000000E+00 0.0000000000000E+00 1.7197264626000E-02 0.0000000000000E+00
 0.0000000000000E+00 7.5693651984000E-02 0.0000000000000E+00 0.0000000000000E+00
-1.8312526072200E-01 0.0000000000000E+00 0.0000000000000E+00-6.8340671116300E-01
 0.0000000000000E+00 0.0000000000000E+00 0.0000000000000E+00-7.8166236250905E-02
 0.0000000000000E+00 0.0000000000000E+00 0.0000000000000E+00 0.0000000000000E+00
 1.2062250436074E-01 0.0000000000000E+00 0.0000000000000E+00 0.0000000000000E+00
 0.0000000000000E+00-2.3785021468189E+00 0.0000000000000E+00 0.0000000000000E+00
 0.0000000000000E+00 0.0000000000000E+00 2.5376929474043E-03 0.0000000000000E+00
 0.0000000000000E+00 0.0000000000000E+00 0.0000000000000E+00 0.0000000000000E+00
 0.0000000000000E+00-4.0799404372050E-02 0.0000000000000E+00 0.0000000000000E+00
 0.0000000000000E+00 0.0000000000000E+00 0.0000000000000E+00 0.0000000000000E+00
-6.9576439390931E-03 0.0000000000000E+00 0.0000000000000E+00 0.0000000000000E+00
 0.0000000000000E+00 0.0000000000000E+00 0.0000000000000E+00 0.0000000000000E+00
 0.0000000000000E+00 0.0000000000000E+00 0.0000000000000E+00 0.0000000000000E+00
 2.5347911734000E-02 0.0000000000000E+00 0.0000000000000E+00-1.6240076271500E-01
 0.0000000000000E+00 0.0000000000000E+00 1.1572257968020E+00 0.0000000000000E+00
 0.0000000000000E+00 0.0000000000000E+00-6.4083961353187E-02 0.0000000000000E+00
 0.0000000000000E+00 0.0000000000000E+00 0.0000000000000E+00-3.3631206102586E-01
 0.0000000000000E+00 0.0000000000000E+00 0.0000000000000E+00 0.0000000000000E+00
 3.8368829524149E-02 0.0000000000000E+00 0.0000000000000E+00 0.0000000000000E+00
-5.2704627669473E-14 0.0000000000000E+00 0.0000000000000E+00 0.0000000000000E+00
 0.0000000000000E+00 0.0000000000000E+00 0.0000000000000E+00 0.0000000000000E+00
-1.7197264626000E-02 0.0000000000000E+00 0.0000000000000E+00-7.5693651984000E-02
 0.0000000000000E+00 0.0000000000000E+00 1.8312526072200E-01 0.0000000000000E+00
 0.0000000000000E+00 6.8340671116300E-01 0.0000000000000E+00 0.0000000000000E+00
 0.0000000000000E+00 7.8166236250905E-02 0.0000000000000E+00 0.0000000000000E+00
 0.0000000000000E+00 0.0000000000000E+00-1.2062250436074E-01 0.0000000000000E+00
 0.0000000000000E+00 0.0000000000000E+00 0.0000000000000E+00 2.3785021468189E+00
 0.0000000000000E+00 0.0000000000000E+00 0.0000000000000E+00 0.0000000000000E+00
-2.5376929474043E-03 0.0000000000000E+00 0.0000000000000E+00 0.0000000000000E+00
 0.0000000000000E+00 0.0000000000000E+00 0.0000000000000E+00 4.0799404372050E-02
 0.0000000000000E+00 0.0000000000000E+00 0.0000000000000E+00 0.0000000000000E+00
 0.0000000000000E+00 0.0000000000000E+00 6.9576439390931E-03 0.0000000000000E+00
 0.0000000000000E+00 0.0000000000000E+00 0.0000000000000E+00 0.0000000000000E+00
 0.0000000000000E+00 0.0000000000000E+00 0.0000000000000E+00 0.0000000000000E+00
 0.0000000000000E+00 0.0000000000000E+00-2.5347911734000E-02 0.0000000000000E+00
 0.0000000000000E+00 1.6240076271500E-01 0.0000000000000E+00 0.0000000000000E+00
-1.1572257968020E+00 0.0000000000000E+00 0.0000000000000E+00 0.0000000000000E+00
 6.4083961353187E-02 0.0000000000000E+00 0.0000000000000E+00 0.0000000000000E+00
 0.0000000000000E+00 3.3631206102586E-01 0.0000000000000E+00 0.0000000000000E+00
 0.0000000000000E+00 0.0000000000000E+00-3.8368829524149E-02 0.0000000000000E+00
 0.0000000000000E+00 0.0000000000000E+00-5.2704627669473E-14-3.9754633448000E-02
-7.8148050125000E-02-2.0234312549200E-01 7.6678403550000E-02 5.6938550755170E+00
 0.0000000000000E+00 0.0000000000000E+00 9.2762972249000E-02 0.0000000000000E+00
 0.0000000000000E+00 6.4723232620000E-02 0.0000000000000E+00 0.0000000000000E+00
 1.3665750703610E+00 0.0000000000000E+00 0.0000000000000E+00 2.4253161593650E+00
 1.8225144513500E-02 0.0000000000000E+00 0.0000000000000E+00 0.0000000000000E+00
 0.0000000000000E+00-3.5530846443000E-02 0.0000000000000E+00 0.0000000000000E+00
 0.0000000000000E+00 0.0000000000000E+00 9.9161950533250E-01 0.0000000000000E+00
 0.0000000000000E+00 0.0000000000000E+00 0.0000000000000E+00-2.1328547172000E-02
 0.0000000000000E+00 0.0000000000000E+00 0.0000000000000E+00 0.0000000000000E+00
 0.0000000000000E+00 0.0000000000000E+00 1.8730305716100E-01 0.0000000000000E+00
 0.0000000000000E+00 0.0000000000000E+00 0.0000000000000E+00 0.0000000000000E+00
 0.0000000000000E+00 2.9773962867000E-02 0.0000000000000E+00 0.0000000000000E+00
 0.0000000000000E+00 0.0000000000000E+00 0.0000000000000E+00 0.0000000000000E+00
 0.0000000000000E+00 0.0000000000000E+00 6.3913224215000E-02-2.2067902390290E+00
-4.2486262220030E+00-3.2686366252800E-01 0.0000000000000E+00 0.0000000000000E+00
 5.2714164768000E-02 0.0000000000000E+00 0.0000000000000E+00 5.4679351507800E-01
 0.0000000000000E+00 0.0000000000000E+00 2.1825002815540E+00-1.1153296677500E-02
 0.0000000000000E+00 0.0000000000000E+00 0.0000000000000E+00 0.0000000000000E+00
-2.7315605850750E-01 0.0000000000000E+00 0.0000000000000E+00 0.0000000000000E+00
 0.0000000000000E+00-1.6719764303000E-02 0.0000000000000E+00 0.0000000000000E+00
 0.0000000000000E+00 0.0000000000000E+00 0.0000000000000E+00 0.0000000000000E+00
 0.0000000000000E+00 0.0000000000000E+00 0.0000000000000E+00 0.0000000000000E+00
 0.0000000000000E+00 0.0000000000000E+00 0.0000000000000E+00 0.0000000000000E+00
 0.0000000000000E+00 0.0000000000000E+00 0.0000000000000E+00 0.0000000000000E+00
 0.0000000000000E+00 0.0000000000000E+00 0.0000000000000E+00 0.0000000000000E+00
 0.0000000000000E+00 0.0000000000000E+00 0.0000000000000E+00 0.0000000000000E+00
 0.0000000000000E+00 4.3544483667233E-02 0.0000000000000E+00 0.0000000000000E+00
 0.0000000000000E+00 0.0000000000000E+00-1.0675680863112E-01 0.0000000000000E+00
 0.0000000000000E+00 0.0000000000000E+00 0.0000000000000E+00 1.2699723549435E+00
 0.0000000000000E+00 0.0000000000000E+00 0.0000000000000E+00 0.0000000000000E+00
-6.8277929715073E-04 0.0000000000000E+00 0.0000000000000E+00 0.0000000000000E+00
 0.0000000000000E+00 0.0000000000000E+00 0.0000000000000E+00 2.4537521467285E-03
 0.0000000000000E+00 0.0000000000000E+00 0.0000000000000E+00 0.0000000000000E+00
 0.0000000000000E+00 0.0000000000000E+00 8.4322222601132E-04 0.0000000000000E+00
 0.0000000000000E+00 0.0000000000000E+00 0.0000000000000E+00 0.0000000000000E+00
 0.0000000000000E+00 0.0000000000000E+00 0.0000000000000E+00 0.0000000000000E+00
 0.0000000000000E+00 0.0000000000000E+00 0.0000000000000E+00 0.0000000000000E+00
 0.0000000000000E+00 0.0000000000000E+00 0.0000000000000E+00 0.0000000000000E+00
 0.0000000000000E+00 0.0000000000000E+00 0.0000000000000E+00 0.0000000000000E+00
 2.3988812345649E-01 0.0000000000000E+00 0.0000000000000E+00 0.0000000000000E+00
 0.0000000000000E+00-1.9770528266682E+00 0.0000000000000E+00 0.0000000000000E+00
 0.0000000000000E+00 0.0000000000000E+00 1.9066440727743E-03 0.0000000000000E+00
 0.0000000000000E+00 0.0000000000000E+00 0.0000000000000E+00 0.0000000000000E+00
 0.0000000000000E+00 0.0000000000000E+00 0.0000000000000E+00 0.0000000000000E+00
 0.0000000000000E+00 0.0000000000000E+00 0.0000000000000E+00 0.0000000000000E+00
 0.0000000000000E+00 0.0000000000000E+00 0.0000000000000E+00 0.0000000000000E+00
 0.0000000000000E+00 0.0000000000000E+00 0.0000000000000E+00 0.0000000000000E+00
 0.0000000000000E+00-2.1772241834482E-02 0.0000000000000E+00 0.0000000000000E+00
 0.0000000000000E+00 0.0000000000000E+00 5.3378404319022E-02 0.0000000000000E+00
 0.0000000000000E+00 0.0000000000000E+00 0.0000000000000E+00-6.3498617748300E-01
 0.0000000000000E+00 0.0000000000000E+00 0.0000000000000E+00 0.0000000000000E+00
 6.8277929715073E-04 0.0000000000000E+00 0.0000000000000E+00 0.0000000000000E+00
 0.0000000000000E+00 0.0000000000000E+00 0.0000000000000E+00-2.4537521467285E-03
 0.0000000000000E+00 0.0000000000000E+00 0.0000000000000E+00 0.0000000000000E+00
 0.0000000000000E+00 0.0000000000000E+00-8.4322222601132E-04 0.0000000000000E+00
 0.0000000000000E+00 0.0000000000000E+00 0.0000000000000E+00 0.0000000000000E+00
 0.0000000000000E+00 0.0000000000000E+00 0.0000000000000E+00 0.0000000000000E+00
 0.0000000000000E+00 0.0000000000000E+00 0.0000000000000E+00 0.0000000000000E+00
 0.0000000000000E+00 0.0000000000000E+00 0.0000000000000E+00 0.0000000000000E+00
 0.0000000000000E+00 0.0000000000000E+00 0.0000000000000E+00 0.0000000000000E+00
-1.1994406172825E-01 0.0000000000000E+00 0.0000000000000E+00 0.0000000000000E+00
 0.0000000000000E+00 9.8852641333064E-01 0.0000000000000E+00 0.0000000000000E+00
 0.0000000000000E+00 0.0000000000000E+00-1.9066440729034E-03 0.0000000000000E+00
 0.0000000000000E+00 0.0000000000000E+00 0.0000000000000E+00 0.0000000000000E+00
 0.0000000000000E+00 0.0000000000000E+00 0.0000000000000E+00 0.0000000000000E+00
-6.4327615580000E-03 0.0000000000000E+00 0.0000000000000E+00-1.2026564421500E-01
 0.0000000000000E+00 0.0000000000000E+00 6.8932749873700E-01 0.0000000000000E+00
 0.0000000000000E+00 5.1524204870500E-01 0.0000000000000E+00 0.0000000000000E+00
 0.0000000000000E+00-2.9713604457272E-02 0.0000000000000E+00 0.0000000000000E+00
 0.0000000000000E+00 0.0000000000000E+00 1.2709904687322E-01 0.0000000000000E+00
 0.0000000000000E+00 0.0000000000000E+00 0.0000000000000E+00 6.1712922407935E-01
 0.0000000000000E+00 0.0000000000000E+00 0.0000000000000E+00 0.0000000000000E+00
-5.9371088639367E-03 0.0000000000000E+00 0.0000000000000E+00 0.0000000000000E+00
 0.0000000000000E+00 0.0000000000000E+00 0.0000000000000E+00 7.9367604230139E-02
 0.0000000000000E+00 0.0000000000000E+00 0.0000000000000E+00 0.0000000000000E+00
 0.0000000000000E+00 0.0000000000000E+00 3.1345925055399E-03 0.0000000000000E+00
 0.0000000000000E+00 0.0000000000000E+00 0.0000000000000E+00 0.0000000000000E+00
 0.0000000000000E+00 0.0000000000000E+00 0.0000000000000E+00 0.0000000000000E+00
 0.0000000000000E+00 0.0000000000000E+00-1.3262291389600E-01 0.0000000000000E+00
 0.0000000000000E+00 1.0363725234910E+00 0.0000000000000E+00 0.0000000000000E+00
-1.4156771280530E+00 0.0000000000000E+00 0.0000000000000E+00 0.0000000000000E+00
-1.4074743463973E-01 0.0000000000000E+00 0.0000000000000E+00 0.0000000000000E+00
 0.0000000000000E+00 2.0552868425082E+00 0.0000000000000E+00 0.0000000000000E+00
 0.0000000000000E+00 0.0000000000000E+00-4.6601115898245E-02 0.0000000000000E+00
 0.0000000000000E+00 0.0000000000000E+00 0.0000000000000E+00 0.0000000000000E+00
 0.0000000000000E+00 0.0000000000000E+00 0.0000000000000E+00 0.0000000000000E+00
-6.4327615580000E-03 0.0000000000000E+00 0.0000000000000E+00-1.2026564421500E-01
 0.0000000000000E+00 0.0000000000000E+00 6.8932749873700E-01 0.0000000000000E+00
 0.0000000000000E+00 5.1524204870500E-01 0.0000000000000E+00 0.0000000000000E+00
 0.0000000000000E+00-2.9713604457272E-02 0.0000000000000E+00 0.0000000000000E+00
 0.0000000000000E+00 0.0000000000000E+00 1.2709904687322E-01 0.0000000000000E+00
 0.0000000000000E+00 0.0000000000000E+00 0.0000000000000E+00 6.1712922407935E-01
 0.0000000000000E+00 0.0000000000000E+00 0.0000000000000E+00 0.0000000000000E+00
-5.9371088639367E-03 0.0000000000000E+00 0.0000000000000E+00 0.0000000000000E+00
 0.0000000000000E+00 0.0000000000000E+00 0.0000000000000E+00 7.9367604230139E-02
 0.0000000000000E+00 0.0000000000000E+00 0.0000000000000E+00 0.0000000000000E+00
 0.0000000000000E+00 0.0000000000000E+00 3.1345925055399E-03 0.0000000000000E+00
 0.0000000000000E+00 0.0000000000000E+00 0.0000000000000E+00 0.0000000000000E+00
 0.0000000000000E+00 0.0000000000000E+00 0.0000000000000E+00 0.0000000000000E+00
 0.0000000000000E+00 0.0000000000000E+00-1.3262291389600E-01 0.0000000000000E+00
 0.0000000000000E+00 1.0363725234910E+00 0.0000000000000E+00 0.0000000000000E+00
-1.4156771280530E+00 0.0000000000000E+00 0.0000000000000E+00 0.0000000000000E+00
-1.4074743463973E-01 0.0000000000000E+00 0.0000000000000E+00 0.0000000000000E+00
 0.0000000000000E+00 2.0552868425065E+00 0.0000000000000E+00 0.0000000000000E+00
 0.0000000000000E+00 0.0000000000000E+00-4.6601115898245E-02 0.0000000000000E+00
 0.0000000000000E+00 0.0000000000000E+00 0.0000000000000E+00 0.0000000000000E+00
 2.7592910839000E-02 1.1798850342500E-01 3.0160245532000E-01-2.0070184376910E+00
-3.0085110389970E+00 0.0000000000000E+00 0.0000000000000E+00 1.0979143847700E-01
 0.0000000000000E+00 0.0000000000000E+00 9.0199124854000E-02 0.0000000000000E+00
 0.0000000000000E+00-1.0248924456290E+00 0.0000000000000E+00 0.0000000000000E+00
-4.2781207013400E-01 1.3025414949500E-02 0.0000000000000E+00 0.0000000000000E+00
 0.0000000000000E+00 0.0000000000000E+00-1.0347630988900E-01 0.0000000000000E+00
 0.0000000000000E+00 0.0000000000000E+00 0.0000000000000E+00 4.2706039265550E-01
 0.0000000000000E+00 0.0000000000000E+00 0.0000000000000E+00 0.0000000000000E+00
-2.8342246191000E-02 0.0000000000000E+00 0.0000000000000E+00 0.0000000000000E+00
 0.0000000000000E+00 0.0000000000000E+00 0.0000000000000E+00 1.6628425910000E-01
 0.0000000000000E+00 0.0000000000000E+00 0.0000000000000E+00 0.0000000000000E+00
 0.0000000000000E+00 0.0000000000000E+00 2.7819014037000E-02 0.0000000000000E+00
 0.0000000000000E+00 0.0000000000000E+00 0.0000000000000E+00 0.0000000000000E+00
 0.0000000000000E+00 0.0000000000000E+00 0.0000000000000E+00-3.2803807211000E-02
-1.1170233940880E+00 4.1925666138320E+00 7.0018017857000E-02 0.0000000000000E+00
 0.0000000000000E+00 4.1590581475000E-02 0.0000000000000E+00 0.0000000000000E+00
 5.5043855853400E-01 0.0000000000000E+00 0.0000000000000E+00-3.3546641626450E+00
-7.3068525659000E-02 0.0000000000000E+00 0.0000000000000E+00 0.0000000000000E+00
 0.0000000000000E+00 9.5904712200750E-01 0.0000000000000E+00 0.0000000000000E+00
 0.0000000000000E+00 0.0000000000000E+00-1.7106510182100E-01 0.0000000000000E+00
 0.0000000000000E+00 0.0000000000000E+00 0.0000000000000E+00 0.0000000000000E+00
 0.0000000000000E+00 0.0000000000000E+00 0.0000000000000E+00 0.0000000000000E+00
 0.0000000000000E+00 0.0000000000000E+00 0.0000000000000E+00-1.4096793989100E-01
 0.0000000000000E+00 0.0000000000000E+00-4.1641152374500E-01 0.0000000000000E+00
 0.0000000000000E+00-5.9978229249400E-01 0.0000000000000E+00 0.0000000000000E+00
-9.3339762815800E-01 0.0000000000000E+00 0.0000000000000E+00 0.0000000000000E+00
-1.5627245643557E-02 0.0000000000000E+00 0.0000000000000E+00 0.0000000000000E+00
 0.0000000000000E+00 7.9465467572046E-02 0.0000000000000E+00 0.0000000000000E+00
 0.0000000000000E+00 0.0000000000000E+00-3.0617668783652E+00 0.0000000000000E+00
 0.0000000000000E+00 0.0000000000000E+00 0.0000000000000E+00 1.1615524655626E-02
 0.0000000000000E+00 0.0000000000000E+00 0.0000000000000E+00 0.0000000000000E+00
 0.0000000000000E+00 0.0000000000000E+00-1.2368575514130E-01 0.0000000000000E+00
 0.0000000000000E+00 0.0000000000000E+00-1.0540925533895E-13 0.0000000000000E+00
 0.0000000000000E+00-1.4161228111328E-02 0.0000000000000E+00 0.0000000000000E+00
 0.0000000000000E+00 0.0000000000000E+00 0.0000000000000E+00 0.0000000000000E+00
 0.0000000000000E+00 0.0000000000000E+00 0.0000000000000E+00 0.0000000000000E+00
 0.0000000000000E+00-1.7510848551000E-01 0.0000000000000E+00 0.0000000000000E+00
 1.4401366403510E+00 0.0000000000000E+00 0.0000000000000E+00 8.3169151455200E-01
 0.0000000000000E+00 0.0000000000000E+00 0.0000000000000E+00 1.3860854355940E-01
 0.0000000000000E+00 0.0000000000000E+00 0.0000000000000E+00 0.0000000000000E+00
-3.1858047831132E+00 0.0000000000000E+00 0.0000000000000E+00 0.0000000000000E+00
 0.0000000000000E+00 6.4634583686034E-02 0.0000000000000E+00 0.0000000000000E+00
 0.0000000000000E+00 0.0000000000000E+00 0.0000000000000E+00 0.0000000000000E+00
 0.0000000000000E+00 0.0000000000000E+00 0.0000000000000E+00-1.4096793989100E-01
 0.0000000000000E+00 0.0000000000000E+00-4.1641152374500E-01 0.0000000000000E+00
 0.0000000000000E+00-5.9978229249400E-01 0.0000000000000E+00 0.0000000000000E+00
-9.3339762815800E-01 0.0000000000000E+00 0.0000000000000E+00 0.0000000000000E+00
-1.5627245643557E-02 0.0000000000000E+00 0.0000000000000E+00 0.0000000000000E+00
 0.0000000000000E+00 7.9465467572046E-02 0.0000000000000E+00 0.0000000000000E+00
 0.0000000000000E+00 0.0000000000000E+00-3.0617668783652E+00 0.0000000000000E+00
 0.0000000000000E+00 0.0000000000000E+00 0.0000000000000E+00 1.1615524655626E-02
 0.0000000000000E+00 0.0000000000000E+00 0.0000000000000E+00 0.0000000000000E+00
 0.0000000000000E+00 0.0000000000000E+00-1.2368575514130E-01 0.0000000000000E+00
 0.0000000000000E+00 0.0000000000000E+00 1.0540925533895E-13 0.0000000000000E+00
 0.0000000000000E+00-1.4161228111328E-02 0.0000000000000E+00 0.0000000000000E+00
 0.0000000000000E+00 0.0000000000000E+00 0.0000000000000E+00 0.0000000000000E+00
 0.0000000000000E+00 0.0000000000000E+00 0.0000000000000E+00 0.0000000000000E+00
 0.0000000000000E+00-1.7510848551000E-01 0.0000000000000E+00 0.0000000000000E+00
 1.4401366403510E+00 0.0000000000000E+00 0.0000000000000E+00 8.3169151455200E-01
 0.0000000000000E+00 0.0000000000000E+00 0.0000000000000E+00 1.3860854355940E-01
 0.0000000000000E+00 0.0000000000000E+00 0.0000000000000E+00 0.0000000000000E+00
-3.1858047831132E+00 0.0000000000000E+00 0.0000000000000E+00 0.0000000000000E+00
 0.0000000000000E+00 6.4634583686034E-02 0.0000000000000E+00 0.0000000000000E+00
 0.0000000000000E+00 0.0000000000000E+00 0.0000000000000E+00 6.5000264209000E-02
-2.3092060940000E-02 6.3283418166500E-01-4.4710913264380E+00-6.7636779408340E+00
 0.0000000000000E+00 0.0000000000000E+00-1.0864148232500E-01 0.0000000000000E+00
 0.0000000000000E+00-2.0335798459300E-01 0.0000000000000E+00 0.0000000000000E+00
-4.4771818610840E+00 0.0000000000000E+00 0.0000000000000E+00-2.2430669614600E+00
 2.7115717111500E-02 0.0000000000000E+00 0.0000000000000E+00 0.0000000000000E+00
 0.0000000000000E+00-8.7450655043000E-02 0.0000000000000E+00 0.0000000000000E+00
 0.0000000000000E+00 0.0000000000000E+00-8.3464629558750E-01 0.0000000000000E+00
 0.0000000000000E+00 0.0000000000000E+00 0.0000000000000E+00 1.5194008211000E-02
 0.0000000000000E+00 0.0000000000000E+00 0.0000000000000E+00 0.0000000000000E+00
 0.0000000000000E+00 0.0000000000000E+00-3.9406358959600E-01 0.0000000000000E+00
 0.0000000000000E+00 0.0000000000000E+00 0.0000000000000E+00 0.0000000000000E+00
 0.0000000000000E+00-2.4264543868000E-02 0.0000000000000E+00 0.0000000000000E+00
 0.0000000000000E+00 0.0000000000000E+00 0.0000000000000E+00 0.0000000000000E+00
 0.0000000000000E+00 0.0000000000000E+00-3.2192979790000E-03 2.4632638242910E+00
 8.3220380205790E+00-4.0771806764000E-01 0.0000000000000E+00 0.0000000000000E+00
 3.0814470748600E-01 0.0000000000000E+00 0.0000000000000E+00-4.1937438780630E+00
 0.0000000000000E+00 0.0000000000000E+00-3.2849765179550E+00 2.5952226535000E-02
 0.0000000000000E+00 0.0000000000000E+00 0.0000000000000E+00 0.0000000000000E+00
 1.2478274057495E+00 0.0000000000000E+00 0.0000000000000E+00 0.0000000000000E+00
 0.0000000000000E+00-1.7446559433700E-01 0.0000000000000E+00 0.0000000000000E+00
 0.0000000000000E+00 0.0000000000000E+00 0.0000000000000E+00 0.0000000000000E+00
 0.0000000000000E+00 0.0000000000000E+00 0.0000000000000E+00 0.0000000000000E+00
 0.0000000000000E+00 0.0000000000000E+00 1.6349955598200E-01 0.0000000000000E+00
 0.0000000000000E+00 1.1155180914680E+00 0.0000000000000E+00 0.0000000000000E+00
-2.5095086967350E+00 0.0000000000000E+00 0.0000000000000E+00 3.1726803485800E-01
 0.0000000000000E+00 0.0000000000000E+00 0.0000000000000E+00 3.7134375931084E-03
 0.0000000000000E+00 0.0000000000000E+00 0.0000000000000E+00 0.0000000000000E+00
 7.8942726563500E-02 0.0000000000000E+00 0.0000000000000E+00 0.0000000000000E+00
 0.0000000000000E+00-1.9314187673753E+00 0.0000000000000E+00 0.0000000000000E+00
 0.0000000000000E+00 0.0000000000000E+00 4.1841372841818E-04 0.0000000000000E+00
 0.0000000000000E+00 0.0000000000000E+00 0.0000000000000E+00 0.0000000000000E+00
 0.0000000000000E+00-1.7566236790243E-02 0.0000000000000E+00 0.0000000000000E+00
 0.0000000000000E+00 1.0540925533895E-13 0.0000000000000E+00 0.0000000000000E+00
-1.1026402168348E-02 0.0000000000000E+00 0.0000000000000E+00 0.0000000000000E+00
 0.0000000000000E+00 0.0000000000000E+00 0.0000000000000E+00 0.0000000000000E+00
 0.0000000000000E+00 0.0000000000000E+00 0.0000000000000E+00 0.0000000000000E+00
-9.5846932415000E-02 0.0000000000000E+00 0.0000000000000E+00 1.0131580022260E+00
 0.0000000000000E+00 0.0000000000000E+00 4.1486276719100E-01 0.0000000000000E+00
 0.0000000000000E+00 0.0000000000000E+00 2.9212813489588E-02 0.0000000000000E+00
 0.0000000000000E+00 0.0000000000000E+00 0.0000000000000E+00-2.0706588007554E+00
 0.0000000000000E+00 0.0000000000000E+00 0.0000000000000E+00 0.0000000000000E+00
 6.0988286068616E-02 0.0000000000000E+00 0.0000000000000E+00 0.0000000000000E+00
 0.0000000000000E+00 0.0000000000000E+00 0.0000000000000E+00 0.0000000000000E+00
 0.0000000000000E+00 0.0000000000000E+00-1.6349955598200E-01 0.0000000000000E+00
 0.0000000000000E+00-1.1155180914680E+00 0.0000000000000E+00 0.0000000000000E+00
 2.5095086967350E+00 0.0000000000000E+00 0.0000000000000E+00-3.1726803485800E-01
 0.0000000000000E+00 0.0000000000000E+00 0.0000000000000E+00-3.7134375931084E-03
 0.0000000000000E+00 0.0000000000000E+00 0.0000000000000E+00 0.0000000000000E+00
-7.8942726565232E-02 0.0000000000000E+00 0.0000000000000E+00 0.0000000000000E+00
 0.0000000000000E+00 1.9314187673753E+00 0.0000000000000E+00 0.0000000000000E+00
 0.0000000000000E+00 0.0000000000000E+00-4.1841372841818E-04 0.0000000000000E+00
 0.0000000000000E+00 0.0000000000000E+00 0.0000000000000E+00 0.0000000000000E+00
 0.0000000000000E+00 1.7566236790243E-02 0.0000000000000E+00 0.0000000000000E+00
 0.0000000000000E+00 1.0540925533895E-13 0.0000000000000E+00 0.0000000000000E+00
 1.1026402168348E-02 0.0000000000000E+00 0.0000000000000E+00 0.0000000000000E+00
 0.0000000000000E+00 0.0000000000000E+00 0.0000000000000E+00 0.0000000000000E+00
 0.0000000000000E+00 0.0000000000000E+00 0.0000000000000E+00 0.0000000000000E+00
 9.5846932415000E-02 0.0000000000000E+00 0.0000000000000E+00-1.0131580022260E+00
 0.0000000000000E+00 0.0000000000000E+00-4.1486276719100E-01 0.0000000000000E+00
 0.0000000000000E+00 0.0000000000000E+00-2.9212813489588E-02 0.0000000000000E+00
 0.0000000000000E+00 0.0000000000000E+00 0.0000000000000E+00 2.0706588007554E+00
 0.0000000000000E+00 0.0000000000000E+00 0.0000000000000E+00 0.0000000000000E+00
-6.0988286068616E-02 0.0000000000000E+00 0.0000000000000E+00 0.0000000000000E+00
 0.0000000000000E+00 0.0000000000000E+00-2.2109268040000E-03 8.2250337276000E-02
-2.3789769929500E-01 1.6891459413800E+00 7.4017490242250E+00 0.0000000000000E+00
 0.0000000000000E+00-1.5230229941200E-01 0.0000000000000E+00 0.0000000000000E+00
-1.1678369503970E+00 0.0000000000000E+00 0.0000000000000E+00 5.2240361950020E+00
 0.0000000000000E+00 0.0000000000000E+00 2.0676145026470E+00-1.8951708200000E-02
 0.0000000000000E+00 0.0000000000000E+00 0.0000000000000E+00 0.0000000000000E+00
 9.1520896212500E-02 0.0000000000000E+00 0.0000000000000E+00 0.0000000000000E+00
 0.0000000000000E+00 1.0072497694230E+00 0.0000000000000E+00 0.0000000000000E+00
 0.0000000000000E+00 0.0000000000000E+00 1.6130822048000E-02 0.0000000000000E+00
 0.0000000000000E+00 0.0000000000000E+00 0.0000000000000E+00 0.0000000000000E+00
 0.0000000000000E+00 8.9945001326000E-02 0.0000000000000E+00 0.0000000000000E+00
 0.0000000000000E+00 0.0000000000000E+00 0.0000000000000E+00 0.0000000000000E+00
 5.7488543518000E-02 0.0000000000000E+00 0.0000000000000E+00 0.0000000000000E+00
 0.0000000000000E+00 0.0000000000000E+00 0.0000000000000E+00 0.0000000000000E+00
 0.0000000000000E+00 2.9148055288000E-02-2.8929345201510E+00-6.9810196838400E+00
 1.0970295125700E-01 0.0000000000000E+00 0.0000000000000E+00-1.2022678268900E-01
 0.0000000000000E+00 0.0000000000000E+00 2.7949385203110E+00 0.0000000000000E+00
 0.0000000000000E+00 2.8948037394660E+00-1.1783095074050E-01 0.0000000000000E+00
 0.0000000000000E+00 0.0000000000000E+00 0.0000000000000E+00-4.2864674265150E-01
 0.0000000000000E+00 0.0000000000000E+00 0.0000000000000E+00 0.0000000000000E+00
 2.3227409390300E-01 0.0000000000000E+00 0.0000000000000E+00 0.0000000000000E+00
 0.0000000000000E+00 0.0000000000000E+00 0.0000000000000E+00 0.0000000000000E+00
 0.0000000000000E+00 0.0000000000000E+00 0.0000000000000E+00 0.0000000000000E+00
 0.0000000000000E+00-9.0000000000000E-12 0.0000000000000E+00 0.0000000000000E+00
-1.7000000000000E-11 0.0000000000000E+00 0.0000000000000E+00-1.3000000000000E-11
 0.0000000000000E+00 0.0000000000000E+00-1.1000000000000E-11 0.0000000000000E+00
 0.0000000000000E+00 0.0000000000000E+00 0.0000000000000E+00 0.0000000000000E+00
 0.0000000000000E+00 0.0000000000000E+00 0.0000000000000E+00-1.7320508075689E-12
 0.0000000000000E+00 0.0000000000000E+00 0.0000000000000E+00 0.0000000000000E+00
 0.0000000000000E+00 0.0000000000000E+00 0.0000000000000E+00 0.0000000000000E+00
 0.0000000000000E+00 0.0000000000000E+00 0.0000000000000E+00 0.0000000000000E+00
 0.0000000000000E+00-4.8824699452054E-03 0.0000000000000E+00 0.0000000000000E+00
-4.0824829046386E-13 0.0000000000000E+00 0.0000000000000E+00 0.0000000000000E+00
 5.3007715283528E-02 0.0000000000000E+00 0.0000000000000E+00 0.0000000000000E+00
 0.0000000000000E+00 0.0000000000000E+00 0.0000000000000E+00 9.0648073165608E-05
 0.0000000000000E+00 0.0000000000000E+00 0.0000000000000E+00 0.0000000000000E+00
 0.0000000000000E+00 0.0000000000000E+00 0.0000000000000E+00 0.0000000000000E+00
 0.0000000000000E+00 0.0000000000000E+00 1.0000000000000E-12 0.0000000000000E+00
 0.0000000000000E+00-1.0000000000000E-12 0.0000000000000E+00 0.0000000000000E+00
 0.0000000000000E+00 0.0000000000000E+00 0.0000000000000E+00 0.0000000000000E+00
 0.0000000000000E+00 0.0000000000000E+00 0.0000000000000E+00 0.0000000000000E+00
 0.0000000000000E+00 0.0000000000000E+00 0.0000000000000E+00 0.0000000000000E+00
 0.0000000000000E+00 0.0000000000000E+00 0.0000000000000E+00 8.5318354932913E-03
 0.0000000000000E+00 0.0000000000000E+00 0.0000000000000E+00 0.0000000000000E+00
 0.0000000000000E+00-9.0000000000000E-12 0.0000000000000E+00 0.0000000000000E+00
-1.7000000000000E-11 0.0000000000000E+00 0.0000000000000E+00-1.3000000000000E-11
 0.0000000000000E+00 0.0000000000000E+00-1.1000000000000E-11 0.0000000000000E+00
 0.0000000000000E+00 0.0000000000000E+00 0.0000000000000E+00 0.0000000000000E+00
 0.0000000000000E+00 0.0000000000000E+00 0.0000000000000E+00-1.7320508075689E-12
 0.0000000000000E+00 0.0000000000000E+00 0.0000000000000E+00 0.0000000000000E+00
 0.0000000000000E+00 0.0000000000000E+00 0.0000000000000E+00 0.0000000000000E+00
 0.0000000000000E+00 0.0000000000000E+00 0.0000000000000E+00 0.0000000000000E+00
 0.0000000000000E+00 4.8824699452054E-03 0.0000000000000E+00 0.0000000000000E+00
-4.0824829046386E-13 0.0000000000000E+00 0.0000000000000E+00 0.0000000000000E+00
-5.3007715283528E-02 0.0000000000000E+00 0.0000000000000E+00 0.0000000000000E+00
 0.0000000000000E+00 0.0000000000000E+00 0.0000000000000E+00-9.0648073165608E-05
 0.0000000000000E+00 0.0000000000000E+00 0.0000000000000E+00 0.0000000000000E+00
 0.0000000000000E+00 0.0000000000000E+00 0.0000000000000E+00 0.0000000000000E+00
 0.0000000000000E+00 0.0000000000000E+00 1.0000000000000E-12 0.0000000000000E+00
 0.0000000000000E+00-1.0000000000000E-12 0.0000000000000E+00 0.0000000000000E+00
 0.0000000000000E+00 0.0000000000000E+00 0.0000000000000E+00 0.0000000000000E+00
 0.0000000000000E+00 0.0000000000000E+00 0.0000000000000E+00 0.0000000000000E+00
 0.0000000000000E+00 0.0000000000000E+00 0.0000000000000E+00 0.0000000000000E+00
 0.0000000000000E+00 0.0000000000000E+00 0.0000000000000E+00-8.5318354932913E-03
 0.0000000000000E+00 4.0723571901600E-01 9.4409029821600E-01 2.2953036706030E+00
-3.3702049236380E+00 3.2062065643260E+00 0.0000000000000E+00 0.0000000000000E+00
-2.0668666780000E-02 0.0000000000000E+00 0.0000000000000E+00-4.4418615574200E-01
 0.0000000000000E+00 0.0000000000000E+00 7.8851040220800E-01 0.0000000000000E+00
 0.0000000000000E+00 7.5052844570500E-01-2.3395549600000E-03 0.0000000000000E+00
 0.0000000000000E+00 0.0000000000000E+00 0.0000000000000E+00 6.8183201580500E-02
 0.0000000000000E+00 0.0000000000000E+00 0.0000000000000E+00 0.0000000000000E+00
 2.2454826617750E-01 0.0000000000000E+00 0.0000000000000E+00 0.0000000000000E+00
 0.0000000000000E+00-6.3899462236000E-02 0.0000000000000E+00 0.0000000000000E+00
 0.0000000000000E+00 0.0000000000000E+00 0.0000000000000E+00 0.0000000000000E+00
 5.9962787240000E-01 0.0000000000000E+00 0.0000000000000E+00 0.0000000000000E+00
 0.0000000000000E+00 0.0000000000000E+00 0.0000000000000E+00 1.0886034764000E-02
 0.0000000000000E+00 0.0000000000000E+00 0.0000000000000E+00 0.0000000000000E+00
 0.0000000000000E+00 0.0000000000000E+00 0.0000000000000E+00 0.0000000000000E+00
 1.4313698791700E-01-9.8996577196000E-01-8.8661802907000E-01-4.7195196603100E-01
 0.0000000000000E+00 0.0000000000000E+00 5.4476874520000E-02 0.0000000000000E+00
 0.0000000000000E+00-7.0274370530000E-03 0.0000000000000E+00 0.0000000000000E+00
 5.3417411196400E-01-8.4950666175000E-03 0.0000000000000E+00 0.0000000000000E+00
 0.0000000000000E+00 0.0000000000000E+00 7.0954874591000E-02 0.0000000000000E+00
 0.0000000000000E+00 0.0000000000000E+00 0.0000000000000E+00-2.7259347978800E-01
 0.0000000000000E+00 0.0000000000000E+00 0.0000000000000E+00 0.0000000000000E+00
 0.0000000000000E+00 0.0000000000000E+00 0.0000000000000E+00 0.0000000000000E+00
 1.0000000000000E-12-1.0000000000000E-12 1.0000000000000E-12 0.0000000000000E+00
 0.0000000000000E+00 0.0000000000000E+00 0.0000000000000E+00 0.0000000000000E+00
 0.0000000000000E+00 0.0000000000000E+00 0.0000000000000E+00 0.0000000000000E+00
 0.0000000000000E+00 0.0000000000000E+00 0.0000000000000E+00 0.0000000000000E+00
 0.0000000000000E+00 0.0000000000000E+00-9.9079068076457E-03 0.0000000000000E+00
 0.0000000000000E+00 0.0000000000000E+00 0.0000000000000E+00 2.3624293184525E-01
 0.0000000000000E+00 0.0000000000000E+00 0.0000000000000E+00 0.0000000000000E+00
-5.6983667723370E-02 0.0000000000000E+00 0.0000000000000E+00 0.0000000000000E+00
 0.0000000000000E+00-1.0026079909180E-02 0.0000000000000E+00 0.0000000000000E+00
 0.0000000000000E+00 0.0000000000000E+00 0.0000000000000E+00 0.0000000000000E+00
 1.2246387068200E-01 0.0000000000000E+00 0.0000000000000E+00 0.0000000000000E+00
 0.0000000000000E+00 0.0000000000000E+00 0.0000000000000E+00-1.0977524576025E-03
 0.0000000000000E+00 0.0000000000000E+00 0.0000000000000E+00 0.0000000000000E+00
 0.0000000000000E+00 0.0000000000000E+00 0.0000000000000E+00 0.0000000000000E+00
 0.0000000000000E+00 0.0000000000000E+00 0.0000000000000E+00 0.0000000000000E+00
 0.0000000000000E+00 0.0000000000000E+00 0.0000000000000E+00 0.0000000000000E+00
 0.0000000000000E+00 0.0000000000000E+00 0.0000000000000E+00 0.0000000000000E+00
 0.0000000000000E+00 5.5825027808923E-02 0.0000000000000E+00 0.0000000000000E+00
 0.0000000000000E+00 0.0000000000000E+00-3.0155369233719E-01 0.0000000000000E+00
 0.0000000000000E+00 0.0000000000000E+00 0.0000000000000E+00-2.7156993621337E-02
 0.0000000000000E+00 0.0000000000000E+00 0.0000000000000E+00 0.0000000000000E+00
 0.0000000000000E+00 0.0000000000000E+00 0.0000000000000E+00 0.0000000000000E+00
 0.0000000000000E+00 0.0000000000000E+00 0.0000000000000E+00 0.0000000000000E+00
 0.0000000000000E+00 0.0000000000000E+00 0.0000000000000E+00 0.0000000000000E+00
 0.0000000000000E+00 0.0000000000000E+00 0.0000000000000E+00 0.0000000000000E+00
 0.0000000000000E+00 0.0000000000000E+00 0.0000000000000E+00 0.0000000000000E+00
-1.9815813615291E-02 0.0000000000000E+00 0.0000000000000E+00 0.0000000000000E+00
 0.0000000000000E+00 4.7248586369396E-01 0.0000000000000E+00 0.0000000000000E+00
 0.0000000000000E+00 0.0000000000000E+00-1.1396733545020E-01 0.0000000000000E+00
 0.0000000000000E+00 0.0000000000000E+00 0.0000000000000E+00-1.0026079909180E-02
 0.0000000000000E+00 0.0000000000000E+00 0.0000000000000E+00 0.0000000000000E+00
 0.0000000000000E+00 0.0000000000000E+00 1.2246387068187E-01 0.0000000000000E+00
 0.0000000000000E+00 0.0000000000000E+00 0.0000000000000E+00 0.0000000000000E+00
 0.0000000000000E+00-1.0977524576770E-03 0.0000000000000E+00 0.0000000000000E+00
 0.0000000000000E+00 0.0000000000000E+00 0.0000000000000E+00 0.0000000000000E+00
 0.0000000000000E+00 0.0000000000000E+00 0.0000000000000E+00 0.0000000000000E+00
 0.0000000000000E+00 0.0000000000000E+00 0.0000000000000E+00 0.0000000000000E+00
 0.0000000000000E+00 0.0000000000000E+00 0.0000000000000E+00 0.0000000000000E+00
 0.0000000000000E+00 0.0000000000000E+00 0.0000000000000E+00 1.1165005561611E-01
 0.0000000000000E+00 0.0000000000000E+00 0.0000000000000E+00 0.0000000000000E+00
-6.0310738467264E-01 0.0000000000000E+00 0.0000000000000E+00 0.0000000000000E+00
 0.0000000000000E+00-2.7156993621337E-02 0.0000000000000E+00 0.0000000000000E+00
 0.0000000000000E+00 0.0000000000000E+00 0.0000000000000E+00 0.0000000000000E+00
 0.0000000000000E+00 0.0000000000000E+00 3.8566772932000E-02 0.0000000000000E+00
 0.0000000000000E+00 6.0719749258000E-02 0.0000000000000E+00 0.0000000000000E+00
 2.1636229627100E-01 0.0000000000000E+00 0.0000000000000E+00 2.8720738352900E-01
 0.0000000000000E+00 0.0000000000000E+00 0.0000000000000E+00 3.6313067496144E-02
 0.0000000000000E+00 0.0000000000000E+00 0.0000000000000E+00 0.0000000000000E+00
-1.8072133334995E+00 0.0000000000000E+00 0.0000000000000E+00 0.0000000000000E+00
 0.0000000000000E+00 1.7566314899853E+00 0.0000000000000E+00 0.0000000000000E+00
 0.0000000000000E+00 0.0000000000000E+00-4.0318845784504E-03 0.0000000000000E+00
 0.0000000000000E+00 0.0000000000000E+00 0.0000000000000E+00 0.0000000000000E+00
 0.0000000000000E+00 5.0165392790492E-02 0.0000000000000E+00 0.0000000000000E+00
 0.0000000000000E+00-5.2704627669473E-14 0.0000000000000E+00 0.0000000000000E+00
 2.0329876067106E-02 0.0000000000000E+00 0.0000000000000E+00 0.0000000000000E+00
 0.0000000000000E+00 0.0000000000000E+00 0.0000000000000E+00 0.0000000000000E+00
 0.0000000000000E+00 0.0000000000000E+00 0.0000000000000E+00 0.0000000000000E+00
-6.2705724159000E-02 0.0000000000000E+00 0.0000000000000E+00-8.1425361816000E-02
 0.0000000000000E+00 0.0000000000000E+00-5.0476016167700E-01 0.0000000000000E+00
 0.0000000000000E+00 0.0000000000000E+00 4.0011534061332E-01 0.0000000000000E+00
 0.0000000000000E+00 0.0000000000000E+00 0.0000000000000E+00 3.0120376481869E-01
 0.0000000000000E+00 0.0000000000000E+00 0.0000000000000E+00 0.0000000000000E+00
-1.6007048360835E-01 0.0000000000000E+00 0.0000000000000E+00 0.0000000000000E+00
 5.2704627669473E-14 0.0000000000000E+00 0.0000000000000E+00 0.0000000000000E+00
 0.0000000000000E+00 0.0000000000000E+00-3.8566772932000E-02 0.0000000000000E+00
 0.0000000000000E+00-6.0719749258000E-02 0.0000000000000E+00 0.0000000000000E+00
-2.1636229627100E-01 0.0000000000000E+00 0.0000000000000E+00-2.8720738352900E-01
 0.0000000000000E+00 0.0000000000000E+00 0.0000000000000E+00-3.6313067496144E-02
 0.0000000000000E+00 0.0000000000000E+00 0.0000000000000E+00 0.0000000000000E+00
 1.8072133334995E+00 0.0000000000000E+00 0.0000000000000E+00 0.0000000000000E+00
 0.0000000000000E+00-1.7566314899853E+00 0.0000000000000E+00 0.0000000000000E+00
 0.0000000000000E+00 0.0000000000000E+00 4.0318845784504E-03 0.0000000000000E+00
 0.0000000000000E+00 0.0000000000000E+00 0.0000000000000E+00 0.0000000000000E+00
 0.0000000000000E+00-5.0165392790492E-02 0.0000000000000E+00 0.0000000000000E+00
 0.0000000000000E+00-5.2704627669473E-14 0.0000000000000E+00 0.0000000000000E+00
-2.0329876067106E-02 0.0000000000000E+00 0.0000000000000E+00 0.0000000000000E+00
 0.0000000000000E+00 0.0000000000000E+00 0.0000000000000E+00 0.0000000000000E+00
 0.0000000000000E+00 0.0000000000000E+00 0.0000000000000E+00 0.0000000000000E+00
 6.2705724159000E-02 0.0000000000000E+00 0.0000000000000E+00 8.1425361816000E-02
 0.0000000000000E+00 0.0000000000000E+00 5.0476016167700E-01 0.0000000000000E+00
 0.0000000000000E+00 0.0000000000000E+00-4.0011534061332E-01 0.0000000000000E+00
 0.0000000000000E+00 0.0000000000000E+00 0.0000000000000E+00-3.0120376481869E-01
 0.0000000000000E+00 0.0000000000000E+00 0.0000000000000E+00 0.0000000000000E+00
 1.6007048360835E-01 0.0000000000000E+00 0.0000000000000E+00 0.0000000000000E+00
 5.2704627669473E-14 0.0000000000000E+00 0.0000000000000E+00 0.0000000000000E+00
 0.0000000000000E+00 0.0000000000000E+00 0.0000000000000E+00 0.0000000000000E+00
 0.0000000000000E+00 0.0000000000000E+00 0.0000000000000E+00 0.0000000000000E+00
 0.0000000000000E+00 0.0000000000000E+00 0.0000000000000E+00 0.0000000000000E+00
 0.0000000000000E+00 0.0000000000000E+00 0.0000000000000E+00 0.0000000000000E+00
 0.0000000000000E+00 0.0000000000000E+00 0.0000000000000E+00-8.8555824686396E-02
 0.0000000000000E+00 0.0000000000000E+00 0.0000000000000E+00 0.0000000000000E+00
 2.1938335070404E+00 0.0000000000000E+00 0.0000000000000E+00 0.0000000000000E+00
 0.0000000000000E+00-1.4526648918986E+00 0.0000000000000E+00 0.0000000000000E+00
 0.0000000000000E+00 0.0000000000000E+00 4.1524983403940E-03 0.0000000000000E+00
 0.0000000000000E+00 0.0000000000000E+00 0.0000000000000E+00 0.0000000000000E+00
 0.0000000000000E+00-4.7693075576449E-02 0.0000000000000E+00 0.0000000000000E+00
 0.0000000000000E+00 0.0000000000000E+00 0.0000000000000E+00 0.0000000000000E+00
 1.5921999520996E-04 0.0000000000000E+00 0.0000000000000E+00 0.0000000000000E+00
 0.0000000000000E+00 0.0000000000000E+00 0.0000000000000E+00 0.0000000000000E+00
 0.0000000000000E+00 0.0000000000000E+00 0.0000000000000E+00 0.0000000000000E+00
 0.0000000000000E+00 0.0000000000000E+00 0.0000000000000E+00 0.0000000000000E+00
 0.0000000000000E+00 0.0000000000000E+00 0.0000000000000E+00 0.0000000000000E+00
 0.0000000000000E+00 0.0000000000000E+00 6.9924400239156E-02 0.0000000000000E+00
 0.0000000000000E+00 0.0000000000000E+00 0.0000000000000E+00 4.0240059007004E-01
 0.0000000000000E+00 0.0000000000000E+00 0.0000000000000E+00 0.0000000000000E+00
-1.2352656886802E-02 0.0000000000000E+00 0.0000000000000E+00 0.0000000000000E+00
 0.0000000000000E+00 0.0000000000000E+00 0.0000000000000E+00 0.0000000000000E+00
 0.0000000000000E+00 0.0000000000000E+00 0.0000000000000E+00 0.0000000000000E+00
 0.0000000000000E+00 0.0000000000000E+00 0.0000000000000E+00 0.0000000000000E+00
 0.0000000000000E+00 0.0000000000000E+00 0.0000000000000E+00 0.0000000000000E+00
 0.0000000000000E+00 0.0000000000000E+00 0.0000000000000E+00 4.4277912344064E-02
 0.0000000000000E+00 0.0000000000000E+00 0.0000000000000E+00 0.0000000000000E+00
-1.0969167535211E+00 0.0000000000000E+00 0.0000000000000E+00 0.0000000000000E+00
 0.0000000000000E+00 7.2633244594499E-01 0.0000000000000E+00 0.0000000000000E+00
 0.0000000000000E+00 0.0000000000000E+00-4.1524983403940E-03 0.0000000000000E+00
 0.0000000000000E+00 0.0000000000000E+00 0.0000000000000E+00 0.0000000000000E+00
 0.0000000000000E+00 4.7693075576449E-02 0.0000000000000E+00 0.0000000000000E+00
 0.0000000000000E+00 0.0000000000000E+00 0.0000000000000E+00 0.0000000000000E+00
-1.5921999520996E-04 0.0000000000000E+00 0.0000000000000E+00 0.0000000000000E+00
 0.0000000000000E+00 0.0000000000000E+00 0.0000000000000E+00 0.0000000000000E+00
 0.0000000000000E+00 0.0000000000000E+00 0.0000000000000E+00 0.0000000000000E+00
 0.0000000000000E+00 0.0000000000000E+00 0.0000000000000E+00 0.0000000000000E+00
 0.0000000000000E+00 0.0000000000000E+00 0.0000000000000E+00 0.0000000000000E+00
 0.0000000000000E+00 0.0000000000000E+00-3.4962200120444E-02 0.0000000000000E+00
 0.0000000000000E+00 0.0000000000000E+00 0.0000000000000E+00-2.0120029503329E-01
 0.0000000000000E+00 0.0000000000000E+00 0.0000000000000E+00 0.0000000000000E+00
 1.2352656887061E-02 0.0000000000000E+00 0.0000000000000E+00 0.0000000000000E+00
-1.4062447502400E-01-2.4949235399800E-01-7.4539429939500E-01 3.9124693680800E-01
 2.3105230835450E+00 0.0000000000000E+00 0.0000000000000E+00-3.3947518626000E-02
 0.0000000000000E+00 0.0000000000000E+00-5.2812684811400E-01 0.0000000000000E+00
 0.0000000000000E+00 1.9560814798170E+00 0.0000000000000E+00 0.0000000000000E+00
 1.0928856217200E+00 1.4881297240000E-03 0.0000000000000E+00 0.0000000000000E+00
 0.0000000000000E+00 0.0000000000000E+00-4.9470121269850E-01 0.0000000000000E+00
 0.0000000000000E+00 0.0000000000000E+00 0.0000000000000E+00 1.1064040662990E+00
 0.0000000000000E+00 0.0000000000000E+00 0.0000000000000E+00 0.0000000000000E+00
-8.2985868749000E-02 0.0000000000000E+00 0.0000000000000E+00 0.0000000000000E+00
 0.0000000000000E+00 0.0000000000000E+00 0.0000000000000E+00 1.0897679813100E+00
 0.0000000000000E+00 0.0000000000000E+00 0.0000000000000E+00 0.0000000000000E+00
 0.0000000000000E+00 0.0000000000000E+00 8.4565788620000E-02 0.0000000000000E+00
 0.0000000000000E+00 0.0000000000000E+00 0.0000000000000E+00 0.0000000000000E+00
 0.0000000000000E+00 0.0000000000000E+00 0.0000000000000E+00 3.0264670645500E-01
-3.1012598005760E+00-8.3733325560800E-01-1.4248691188800E-01 0.0000000000000E+00
 0.0000000000000E+00 3.9869819363700E-01 0.0000000000000E+00 0.0000000000000E+00
 6.9033055373200E-01 0.0000000000000E+00 0.0000000000000E+00 1.2337951021000E-01
-1.7176914839350E-01 0.0000000000000E+00 0.0000000000000E+00 0.0000000000000E+00
 0.0000000000000E+00 2.4215445132400E-01 0.0000000000000E+00 0.0000000000000E+00
 0.0000000000000E+00 0.0000000000000E+00 8.6549112330000E-03 0.0000000000000E+00
 0.0000000000000E+00 0.0000000000000E+00 0.0000000000000E+00 0.0000000000000E+00
 0.0000000000000E+00 0.0000000000000E+00 0.0000000000000E+00 0.0000000000000E+00
 0.0000000000000E+00 0.0000000000000E+00 0.0000000000000E+00-5.6266396426000E-02
 0.0000000000000E+00 0.0000000000000E+00-3.9402723850800E-01 0.0000000000000E+00
 0.0000000000000E+00 1.9621964417030E+00 0.0000000000000E+00 0.0000000000000E+00
 4.9065990219800E-01 0.0000000000000E+00 0.0000000000000E+00 0.0000000000000E+00
-7.1860296416305E-03 0.0000000000000E+00 0.0000000000000E+00 0.0000000000000E+00
 0.0000000000000E+00-3.1141722692598E-01 0.0000000000000E+00 0.0000000000000E+00
 0.0000000000000E+00 0.0000000000000E+00 3.5592987375573E+00 0.0000000000000E+00
 0.0000000000000E+00 0.0000000000000E+00 0.0000000000000E+00-4.2732697554009E-02
 0.0000000000000E+00 0.0000000000000E+00 0.0000000000000E+00 0.0000000000000E+00
 0.0000000000000E+00 0.0000000000000E+00 6.9691819274179E-01 0.0000000000000E+00
 0.0000000000000E+00 0.0000000000000E+00 5.2704627669473E-14 0.0000000000000E+00
 0.0000000000000E+00 1.3397339174114E-02 0.0000000000000E+00 0.0000000000000E+00
 0.0000000000000E+00 0.0000000000000E+00 0.0000000000000E+00 0.0000000000000E+00
 0.0000000000000E+00 0.0000000000000E+00 0.0000000000000E+00 0.0000000000000E+00
 0.0000000000000E+00 1.7644102806500E-01 0.0000000000000E+00 0.0000000000000E+00
-2.0111585997230E+00 0.0000000000000E+00 0.0000000000000E+00-7.5543647943300E-01
 0.0000000000000E+00 0.0000000000000E+00 0.0000000000000E+00-3.2818615930664E-02
 0.0000000000000E+00 0.0000000000000E+00 0.0000000000000E+00 0.0000000000000E+00
 3.0409622066052E+00 0.0000000000000E+00 0.0000000000000E+00 0.0000000000000E+00
 0.0000000000000E+00-1.4892330438850E-01 0.0000000000000E+00 0.0000000000000E+00
 0.0000000000000E+00 0.0000000000000E+00 0.0000000000000E+00 0.0000000000000E+00
 0.0000000000000E+00 0.0000000000000E+00 0.0000000000000E+00-5.6266396426000E-02
 0.0000000000000E+00 0.0000000000000E+00-3.9402723850800E-01 0.0000000000000E+00
 0.0000000000000E+00 1.9621964417030E+00 0.0000000000000E+00 0.0000000000000E+00
 4.9065990219800E-01 0.0000000000000E+00 0.0000000000000E+00 0.0000000000000E+00
-7.1860296416305E-03 0.0000000000000E+00 0.0000000000000E+00 0.0000000000000E+00
 0.0000000000000E+00-3.1141722692598E-01 0.0000000000000E+00 0.0000000000000E+00
 0.0000000000000E+00 0.0000000000000E+00 3.5592987375573E+00 0.0000000000000E+00
 0.0000000000000E+00 0.0000000000000E+00 0.0000000000000E+00-4.2732697554009E-02
 0.0000000000000E+00 0.0000000000000E+00 0.0000000000000E+00 0.0000000000000E+00
 0.0000000000000E+00 0.0000000000000E+00 6.9691819274179E-01 0.0000000000000E+00
 0.0000000000000E+00 0.0000000000000E+00-5.2704627669473E-14 0.0000000000000E+00
 0.0000000000000E+00 1.3397339174114E-02 0.0000000000000E+00 0.0000000000000E+00
 0.0000000000000E+00 0.0000000000000E+00 0.0000000000000E+00 0.0000000000000E+00
 0.0000000000000E+00 0.0000000000000E+00 0.0000000000000E+00 0.0000000000000E+00
 0.0000000000000E+00 1.7644102806500E-01 0.0000000000000E+00 0.0000000000000E+00
-2.0111585997220E+00 0.0000000000000E+00 0.0000000000000E+00-7.5543647943300E-01
 0.0000000000000E+00 0.0000000000000E+00 0.0000000000000E+00-3.2818615930664E-02
 0.0000000000000E+00 0.0000000000000E+00 0.0000000000000E+00 0.0000000000000E+00
 3.0409622066052E+00 0.0000000000000E+00 0.0000000000000E+00 0.0000000000000E+00
 0.0000000000000E+00-1.4892330438850E-01 0.0000000000000E+00 0.0000000000000E+00
 0.0000000000000E+00 0.0000000000000E+00 0.0000000000000E+00-1.8260275479200E-01
-3.8735895343200E-01-1.6296465048100E+00 4.8223889305420E+00 2.2249905528520E+00
 0.0000000000000E+00 0.0000000000000E+00-6.7639582236000E-02 0.0000000000000E+00
 0.0000000000000E+00 4.3840288029000E-02 0.0000000000000E+00 0.0000000000000E+00
 3.7854447697060E+00 0.0000000000000E+00 0.0000000000000E+00 7.3010679255600E-01
-3.0246882321000E-02 0.0000000000000E+00 0.0000000000000E+00 0.0000000000000E+00
 0.0000000000000E+00 4.7842660495900E-01 0.0000000000000E+00 0.0000000000000E+00
 0.0000000000000E+00 0.0000000000000E+00 6.3194829845450E-01 0.0000000000000E+00
 0.0000000000000E+00 0.0000000000000E+00 0.0000000000000E+00-1.7254859618000E-02
 0.0000000000000E+00 0.0000000000000E+00 0.0000000000000E+00 0.0000000000000E+00
 0.0000000000000E+00 0.0000000000000E+00 1.1584822991220E+00 0.0000000000000E+00
 0.0000000000000E+00 0.0000000000000E+00 0.0000000000000E+00 0.0000000000000E+00
 0.0000000000000E+00 9.9872873300000E-04 0.0000000000000E+00 0.0000000000000E+00
 0.0000000000000E+00 0.0000000000000E+00 0.0000000000000E+00 0.0000000000000E+00
 0.0000000000000E+00 0.0000000000000E+00-3.0636348963200E-01-2.9310334974670E+00
-3.3987568540800E+00 3.6272289781900E-01 0.0000000000000E+00 0.0000000000000E+00
-5.6105148806500E-01 0.0000000000000E+00 0.0000000000000E+00 3.7546602373960E+00
 0.0000000000000E+00 0.0000000000000E+00 9.5701284260000E-01-1.1927336208000E-01
 0.0000000000000E+00 0.0000000000000E+00 0.0000000000000E+00 0.0000000000000E+00
-6.4349122091300E-01 0.0000000000000E+00 0.0000000000000E+00 0.0000000000000E+00
 0.0000000000000E+00 7.1378885322300E-01 0.0000000000000E+00 0.0000000000000E+00
 0.0000000000000E+00 0.0000000000000E+00 0.0000000000000E+00 0.0000000000000E+00
 0.0000000000000E+00 0.0000000000000E+00 0.0000000000000E+00 0.0000000000000E+00
 0.0000000000000E+00-1.0000000000000E-11 0.0000000000000E+00 0.0000000000000E+00
-1.8000000000000E-11 0.0000000000000E+00 0.0000000000000E+00-2.1000000000000E-11
 0.0000000000000E+00 0.0000000000000E+00-1.3000000000000E-11 0.0000000000000E+00
 0.0000000000000E+00 0.0000000000000E+00 0.0000000000000E+00 0.0000000000000E+00
 0.0000000000000E+00 0.0000000000000E+00 0.0000000000000E+00-1.7320508075689E-12
 0.0000000000000E+00 0.0000000000000E+00 0.0000000000000E+00 0.0000000000000E+00
 0.0000000000000E+00 0.0000000000000E+00 0.0000000000000E+00 0.0000000000000E+00
 0.0000000000000E+00 0.0000000000000E+00 0.0000000000000E+00 0.0000000000000E+00
 0.0000000000000E+00 1.0639013611013E-03 0.0000000000000E+00 0.0000000000000E+00
-4.0824829046386E-13 0.0000000000000E+00 0.0000000000000E+00 0.0000000000000E+00
-1.6937921388223E-02 0.0000000000000E+00 0.0000000000000E+00 0.0000000000000E+00
 0.0000000000000E+00 0.0000000000000E+00 0.0000000000000E+00 6.7907017569642E-04
 0.0000000000000E+00 0.0000000000000E+00 0.0000000000000E+00 0.0000000000000E+00
 0.0000000000000E+00 0.0000000000000E+00 0.0000000000000E+00 0.0000000000000E+00
 0.0000000000000E+00 0.0000000000000E+00-1.0000000000000E-12 0.0000000000000E+00
 0.0000000000000E+00-2.0000000000000E-12 0.0000000000000E+00 0.0000000000000E+00
 0.0000000000000E+00 0.0000000000000E+00 0.0000000000000E+00 0.0000000000000E+00
 0.0000000000000E+00 0.0000000000000E+00 0.0000000000000E+00 0.0000000000000E+00
 0.0000000000000E+00 0.0000000000000E+00 0.0000000000000E+00 0.0000000000000E+00
 0.0000000000000E+00 0.0000000000000E+00 0.0000000000000E+00 5.2358464715856E-02
 0.0000000000000E+00 0.0000000000000E+00 0.0000000000000E+00 0.0000000000000E+00
 0.0000000000000E+00 0.0000000000000E+00 0.0000000000000E+00-1.0000000000000E-11
 0.0000000000000E+00 0.0000000000000E+00-1.8000000000000E-11 0.0000000000000E+00
 0.0000000000000E+00-2.1000000000000E-11 0.0000000000000E+00 0.0000000000000E+00
-1.3000000000000E-11 0.0000000000000E+00 0.0000000000000E+00 0.0000000000000E+00
 0.0000000000000E+00 0.0000000000000E+00 0.0000000000000E+00 0.0000000000000E+00
 0.0000000000000E+00-1.7320508075689E-12 0.0000000000000E+00 0.0000000000000E+00
 0.0000000000000E+00 0.0000000000000E+00 0.0000000000000E+00 0.0000000000000E+00
 0.0000000000000E+00 0.0000000000000E+00 0.0000000000000E+00 0.0000000000000E+00
 0.0000000000000E+00 0.0000000000000E+00 0.0000000000000E+00-1.0639013611013E-03
 0.0000000000000E+00 0.0000000000000E+00-4.0824829046386E-13 0.0000000000000E+00
 0.0000000000000E+00 0.0000000000000E+00 1.6937921388223E-02 0.0000000000000E+00
 0.0000000000000E+00 0.0000000000000E+00 0.0000000000000E+00 0.0000000000000E+00
 0.0000000000000E+00-6.7907017569642E-04 0.0000000000000E+00 0.0000000000000E+00
 0.0000000000000E+00 0.0000000000000E+00 0.0000000000000E+00 0.0000000000000E+00
 0.0000000000000E+00 0.0000000000000E+00 0.0000000000000E+00 0.0000000000000E+00
-1.0000000000000E-12 0.0000000000000E+00 0.0000000000000E+00-2.0000000000000E-12
 0.0000000000000E+00 0.0000000000000E+00 0.0000000000000E+00 0.0000000000000E+00
 0.0000000000000E+00 0.0000000000000E+00 0.0000000000000E+00 0.0000000000000E+00
 0.0000000000000E+00 0.0000000000000E+00 0.0000000000000E+00 0.0000000000000E+00
 0.0000000000000E+00 0.0000000000000E+00 0.0000000000000E+00 0.0000000000000E+00
 0.0000000000000E+00-5.2358464715856E-02 0.0000000000000E+00 0.0000000000000E+00
 0.0000000000000E+00 0.0000000000000E+00 0.0000000000000E+00 0.0000000000000E+00
 0.0000000000000E+00 0.0000000000000E+00 0.0000000000000E+00 0.0000000000000E+00
 0.0000000000000E+00 0.0000000000000E+00 0.0000000000000E+00 0.0000000000000E+00
 0.0000000000000E+00 0.0000000000000E+00 0.0000000000000E+00 0.0000000000000E+00
 0.0000000000000E+00 0.0000000000000E+00 0.0000000000000E+00 1.7024864323345E-05
 0.0000000000000E+00 0.0000000000000E+00 0.0000000000000E+00 0.0000000000000E+00
-3.8602828932050E-01 0.0000000000000E+00 0.0000000000000E+00 0.0000000000000E+00
 0.0000000000000E+00-5.6318174127880E-01 0.0000000000000E+00 0.0000000000000E+00
 0.0000000000000E+00 0.0000000000000E+00 6.9982804181282E-03 0.0000000000000E+00
 0.0000000000000E+00 0.0000000000000E+00 0.0000000000000E+00 0.0000000000000E+00
 0.0000000000000E+00-1.0319452650755E-01 0.0000000000000E+00 0.0000000000000E+00
 0.0000000000000E+00 0.0000000000000E+00 0.0000000000000E+00 0.0000000000000E+00
 2.0141413415507E-03 0.0000000000000E+00 0.0000000000000E+00 0.0000000000000E+00
 0.0000000000000E+00 0.0000000000000E+00 0.0000000000000E+00 0.0000000000000E+00
 0.0000000000000E+00 0.0000000000000E+00 0.0000000000000E+00 0.0000000000000E+00
 0.0000000000000E+00 0.0000000000000E+00 0.0000000000000E+00 0.0000000000000E+00
 0.0000000000000E+00 0.0000000000000E+00 0.0000000000000E+00 0.0000000000000E+00
 0.0000000000000E+00 0.0000000000000E+00-3.0862398988763E-02 0.0000000000000E+00
 0.0000000000000E+00 0.0000000000000E+00 0.0000000000000E+00 7.6193709119501E-01
 0.0000000000000E+00 0.0000000000000E+00 0.0000000000000E+00 0.0000000000000E+00
-1.5221256427033E-01 0.0000000000000E+00 0.0000000000000E+00 0.0000000000000E+00
 0.0000000000000E+00 0.0000000000000E+00 0.0000000000000E+00 0.0000000000000E+00
 0.0000000000000E+00 0.0000000000000E+00 0.0000000000000E+00 0.0000000000000E+00
 0.0000000000000E+00 0.0000000000000E+00 0.0000000000000E+00 0.0000000000000E+00
 0.0000000000000E+00 0.0000000000000E+00 0.0000000000000E+00 0.0000000000000E+00
 0.0000000000000E+00 0.0000000000000E+00 0.0000000000000E+00-8.5124330276978E-06
 0.0000000000000E+00 0.0000000000000E+00 0.0000000000000E+00 0.0000000000000E+00
 1.9301414466285E-01 0.0000000000000E+00 0.0000000000000E+00 0.0000000000000E+00
 0.0000000000000E+00 2.8159087063854E-01 0.0000000000000E+00 0.0000000000000E+00
 0.0000000000000E+00 0.0000000000000E+00-6.9982804182573E-03 0.0000000000000E+00
 0.0000000000000E+00 0.0000000000000E+00 0.0000000000000E+00 0.0000000000000E+00
 0.0000000000000E+00 1.0319452650742E-01 0.0000000000000E+00 0.0000000000000E+00
 0.0000000000000E+00 0.0000000000000E+00 0.0000000000000E+00 0.0000000000000E+00
-2.0141413415507E-03 0.0000000000000E+00 0.0000000000000E+00 0.0000000000000E+00
 0.0000000000000E+00 0.0000000000000E+00 0.0000000000000E+00 0.0000000000000E+00
 0.0000000000000E+00 0.0000000000000E+00 0.0000000000000E+00 0.0000000000000E+00
 0.0000000000000E+00 0.0000000000000E+00 0.0000000000000E+00 0.0000000000000E+00
 0.0000000000000E+00 0.0000000000000E+00 0.0000000000000E+00 0.0000000000000E+00
 0.0000000000000E+00 0.0000000000000E+00 1.5431199494382E-02 0.0000000000000E+00
 0.0000000000000E+00 0.0000000000000E+00 0.0000000000000E+00-3.8096854559751E-01
 0.0000000000000E+00 0.0000000000000E+00 0.0000000000000E+00 0.0000000000000E+00
 1.5221256427033E-01 0.0000000000000E+00 0.0000000000000E+00 0.0000000000000E+00
 0.0000000000000E+00 0.0000000000000E+00 0.0000000000000E+00 0.0000000000000E+00
 0.0000000000000E+00 0.0000000000000E+00 4.6763002590000E-02 0.0000000000000E+00
 0.0000000000000E+00-2.8882722966000E-02 0.0000000000000E+00 0.0000000000000E+00
 1.0164990072310E+00 0.0000000000000E+00 0.0000000000000E+00 2.5559848765800E-01
 0.0000000000000E+00 0.0000000000000E+00 0.0000000000000E+00-6.5219506082247E-02
 0.0000000000000E+00 0.0000000000000E+00 0.0000000000000E+00 0.0000000000000E+00
 1.0854644829154E+00 0.0000000000000E+00 0.0000000000000E+00 0.0000000000000E+00
 0.0000000000000E+00 8.8519345722717E-01 0.0000000000000E+00 0.0000000000000E+00
 0.0000000000000E+00 0.0000000000000E+00-7.0897490692359E-03 0.0000000000000E+00
 0.0000000000000E+00 0.0000000000000E+00 0.0000000000000E+00 0.0000000000000E+00
 0.0000000000000E+00 1.5639257747686E-01 0.0000000000000E+00 0.0000000000000E+00
 0.0000000000000E+00 0.0000000000000E+00 0.0000000000000E+00 0.0000000000000E+00
 1.5865452867073E-02 0.0000000000000E+00 0.0000000000000E+00 0.0000000000000E+00
 0.0000000000000E+00 0.0000000000000E+00 0.0000000000000E+00 0.0000000000000E+00
 0.0000000000000E+00 0.0000000000000E+00 0.0000000000000E+00 0.0000000000000E+00
-9.9770068645500E-01 0.0000000000000E+00 0.0000000000000E+00 2.9764411533600E-01
 0.0000000000000E+00 0.0000000000000E+00-8.3296282751200E-01 0.0000000000000E+00
 0.0000000000000E+00 0.0000000000000E+00-5.5547411955682E-01 0.0000000000000E+00
 0.0000000000000E+00 0.0000000000000E+00 0.0000000000000E+00 2.0027816253347E+00
 0.0000000000000E+00 0.0000000000000E+00 0.0000000000000E+00 0.0000000000000E+00
-4.0957216011164E-01 0.0000000000000E+00 0.0000000000000E+00 0.0000000000000E+00
 0.0000000000000E+00 0.0000000000000E+00 0.0000000000000E+00 0.0000000000000E+00
 0.0000000000000E+00 0.0000000000000E+00 4.6763002590000E-02 0.0000000000000E+00
 0.0000000000000E+00-2.8882722966000E-02 0.0000000000000E+00 0.0000000000000E+00
 1.0164990072310E+00 0.0000000000000E+00 0.0000000000000E+00 2.5559848765800E-01
 0.0000000000000E+00 0.0000000000000E+00 0.0000000000000E+00-6.5219506082247E-02
 0.0000000000000E+00 0.0000000000000E+00 0.0000000000000E+00 0.0000000000000E+00
 1.0854644829154E+00 0.0000000000000E+00 0.0000000000000E+00 0.0000000000000E+00
 0.0000000000000E+00 8.8519345722717E-01 0.0000000000000E+00 0.0000000000000E+00
 0.0000000000000E+00 0.0000000000000E+00-7.0897490692359E-03 0.0000000000000E+00
 0.0000000000000E+00 0.0000000000000E+00 0.0000000000000E+00 0.0000000000000E+00
 0.0000000000000E+00 1.5639257747686E-01 0.0000000000000E+00 0.0000000000000E+00
 0.0000000000000E+00 0.0000000000000E+00 0.0000000000000E+00 0.0000000000000E+00
 1.5865452867073E-02 0.0000000000000E+00 0.0000000000000E+00 0.0000000000000E+00
 0.0000000000000E+00 0.0000000000000E+00 0.0000000000000E+00 0.0000000000000E+00
 0.0000000000000E+00 0.0000000000000E+00 0.0000000000000E+00 0.0000000000000E+00
-9.9770068645500E-01 0.0000000000000E+00 0.0000000000000E+00 2.9764411533600E-01
 0.0000000000000E+00 0.0000000000000E+00-8.3296282751200E-01 0.0000000000000E+00
 0.0000000000000E+00 0.0000000000000E+00-5.5547411955682E-01 0.0000000000000E+00
 0.0000000000000E+00 0.0000000000000E+00 0.0000000000000E+00 2.0027816253347E+00
 0.0000000000000E+00 0.0000000000000E+00 0.0000000000000E+00 0.0000000000000E+00
-4.0957216011164E-01 0.0000000000000E+00 0.0000000000000E+00 0.0000000000000E+00
 0.0000000000000E+00 0.0000000000000E+00-2.5050436972500E-01-5.3083395171500E-01
-1.4829530077530E+00 8.6940855592500E-01-9.1749677368000E-02 0.0000000000000E+00
 0.0000000000000E+00-1.1070415785200E-01 0.0000000000000E+00 0.0000000000000E+00
-6.7720243167400E-01 0.0000000000000E+00 0.0000000000000E+00 1.0731976364080E+00
 0.0000000000000E+00 0.0000000000000E+00 1.4314994807000E-01 1.3179564783500E-02
 0.0000000000000E+00 0.0000000000000E+00 0.0000000000000E+00 0.0000000000000E+00
-1.5029263055400E-01 0.0000000000000E+00 0.0000000000000E+00 0.0000000000000E+00
 0.0000000000000E+00 3.7911449105750E-01 0.0000000000000E+00 0.0000000000000E+00
 0.0000000000000E+00 0.0000000000000E+00-1.0318458900000E-03 0.0000000000000E+00
 0.0000000000000E+00 0.0000000000000E+00 0.0000000000000E+00 0.0000000000000E+00
 0.0000000000000E+00 2.3500631909000E-02 0.0000000000000E+00 0.0000000000000E+00
 0.0000000000000E+00 0.0000000000000E+00 0.0000000000000E+00 0.0000000000000E+00
 2.7221713563000E-02 0.0000000000000E+00 0.0000000000000E+00 0.0000000000000E+00
 0.0000000000000E+00 0.0000000000000E+00 0.0000000000000E+00 0.0000000000000E+00
 0.0000000000000E+00-9.0449603798000E-02-9.1395255378500E-01 1.5030223040200E-01
 1.5271574408400E-01 0.0000000000000E+00 0.0000000000000E+00-8.2121488900000E-01
 0.0000000000000E+00 0.0000000000000E+00 1.1519872035330E+00 0.0000000000000E+00
 0.0000000000000E+00-8.1060752898800E-01-1.3596796448700E-01 0.0000000000000E+00
 0.0000000000000E+00 0.0000000000000E+00 0.0000000000000E+00 3.5621831320850E-01
 0.0000000000000E+00 0.0000000000000E+00 0.0000000000000E+00 0.0000000000000E+00
-1.0183979539760E+00 0.0000000000000E+00 0.0000000000000E+00 0.0000000000000E+00
 0.0000000000000E+00 0.0000000000000E+00 0.0000000000000E+00 0.0000000000000E+00
 0.0000000000000E+00 0.0000000000000E+00 0.0000000000000E+00 0.0000000000000E+00
 0.0000000000000E+00 1.8760890607000E-02 0.0000000000000E+00 0.0000000000000E+00
 4.6352134216000E-02 0.0000000000000E+00 0.0000000000000E+00-1.3636215751940E+00
 0.0000000000000E+00 0.0000000000000E+00-1.7726066368800E-01 0.0000000000000E+00
 0.0000000000000E+00 0.0000000000000E+00 9.5026775151603E-02 0.0000000000000E+00
 0.0000000000000E+00 0.0000000000000E+00 0.0000000000000E+00-6.1895228631933E-01
 0.0000000000000E+00 0.0000000000000E+00 0.0000000000000E+00 0.0000000000000E+00
-1.6702602396090E+00 0.0000000000000E+00 0.0000000000000E+00 0.0000000000000E+00
 0.0000000000000E+00-1.4209907857973E-02 0.0000000000000E+00 0.0000000000000E+00
 0.0000000000000E+00 0.0000000000000E+00 0.0000000000000E+00 0.0000000000000E+00
-1.1720950056185E-01 0.0000000000000E+00 0.0000000000000E+00 0.0000000000000E+00
 0.0000000000000E+00 0.0000000000000E+00 0.0000000000000E+00-6.9880717129764E-02
 0.0000000000000E+00 0.0000000000000E+00 0.0000000000000E+00 0.0000000000000E+00
 0.0000000000000E+00 0.0000000000000E+00 0.0000000000000E+00 0.0000000000000E+00
 0.0000000000000E+00 0.0000000000000E+00 0.0000000000000E+00-1.2415748212510E+00
 0.0000000000000E+00 0.0000000000000E+00 1.9414831546520E+00 0.0000000000000E+00
 0.0000000000000E+00 2.1260984147300E-01 0.0000000000000E+00 0.0000000000000E+00
 0.0000000000000E+00 1.0942940658082E+00 0.0000000000000E+00 0.0000000000000E+00
 0.0000000000000E+00 0.0000000000000E+00-2.6353542838001E+00 0.0000000000000E+00
 0.0000000000000E+00 0.0000000000000E+00 0.0000000000000E+00 3.6201681501325E-01
 0.0000000000000E+00 0.0000000000000E+00 0.0000000000000E+00 0.0000000000000E+00
 0.0000000000000E+00 0.0000000000000E+00 0.0000000000000E+00 0.0000000000000E+00
 0.0000000000000E+00-1.8760890607000E-02 0.0000000000000E+00 0.0000000000000E+00
-4.6352134216000E-02 0.0000000000000E+00 0.0000000000000E+00 1.3636215751940E+00
 0.0000000000000E+00 0.0000000000000E+00 1.7726066368800E-01 0.0000000000000E+00
 0.0000000000000E+00 0.0000000000000E+00-9.5026775151603E-02 0.0000000000000E+00
 0.0000000000000E+00 0.0000000000000E+00 0.0000000000000E+00 6.1895228631933E-01
 0.0000000000000E+00 0.0000000000000E+00 0.0000000000000E+00 0.0000000000000E+00
 1.6702602396090E+00 0.0000000000000E+00 0.0000000000000E+00 0.0000000000000E+00
 0.0000000000000E+00 1.4209907857973E-02 0.0000000000000E+00 0.0000000000000E+00
 0.0000000000000E+00 0.0000000000000E+00 0.0000000000000E+00 0.0000000000000E+00
 1.1720950056185E-01 0.0000000000000E+00 0.0000000000000E+00 0.0000000000000E+00
 0.0000000000000E+00 0.0000000000000E+00 0.0000000000000E+00 6.9880717129764E-02
 0.0000000000000E+00 0.0000000000000E+00 0.0000000000000E+00 0.0000000000000E+00
 0.0000000000000E+00 0.0000000000000E+00 0.0000000000000E+00 0.0000000000000E+00
 0.0000000000000E+00 0.0000000000000E+00 0.0000000000000E+00 1.2415748212510E+00
 0.0000000000000E+00 0.0000000000000E+00-1.9414831546520E+00 0.0000000000000E+00
 0.0000000000000E+00-2.1260984147300E-01 0.0000000000000E+00 0.0000000000000E+00
 0.0000000000000E+00-1.0942940658082E+00 0.0000000000000E+00 0.0000000000000E+00
 0.0000000000000E+00 0.0000000000000E+00 2.6353542838001E+00 0.0000000000000E+00
 0.0000000000000E+00 0.0000000000000E+00 0.0000000000000E+00-3.6201681501325E-01
 0.0000000000000E+00 0.0000000000000E+00 0.0000000000000E+00 0.0000000000000E+00
 0.0000000000000E+00 0.0000000000000E+00 0.0000000000000E+00 0.0000000000000E+00
 0.0000000000000E+00 0.0000000000000E+00 0.0000000000000E+00 0.0000000000000E+00
 0.0000000000000E+00 0.0000000000000E+00 0.0000000000000E+00 0.0000000000000E+00
 0.0000000000000E+00 0.0000000000000E+00 0.0000000000000E+00 0.0000000000000E+00
 0.0000000000000E+00 0.0000000000000E+00 0.0000000000000E+00 0.0000000000000E+00
 0.0000000000000E+00 1.0422839963245E-02 0.0000000000000E+00 0.0000000000000E+00
 0.0000000000000E+00 0.0000000000000E+00 8.2191013108222E-02 0.0000000000000E+00
 0.0000000000000E+00 0.0000000000000E+00 0.0000000000000E+00-1.5966649158125E-01
 0.0000000000000E+00 0.0000000000000E+00 0.0000000000000E+00 0.0000000000000E+00
-1.8449094969636E-03 0.0000000000000E+00 0.0000000000000E+00 0.0000000000000E+00
 0.0000000000000E+00 0.0000000000000E+00 0.0000000000000E+00 2.4687175459618E-03
 0.0000000000000E+00 0.0000000000000E+00 0.0000000000000E+00 0.0000000000000E+00
 0.0000000000000E+00 0.0000000000000E+00-7.6419818156750E-03 0.0000000000000E+00
 0.0000000000000E+00 0.0000000000000E+00 0.0000000000000E+00 0.0000000000000E+00
 0.0000000000000E+00 0.0000000000000E+00 0.0000000000000E+00 0.0000000000000E+00
 0.0000000000000E+00 0.0000000000000E+00 0.0000000000000E+00 0.0000000000000E+00
 0.0000000000000E+00 0.0000000000000E+00 0.0000000000000E+00 0.0000000000000E+00
 0.0000000000000E+00 0.0000000000000E+00 0.0000000000000E+00 0.0000000000000E+00
-1.0524469577340E+00 0.0000000000000E+00 0.0000000000000E+00 0.0000000000000E+00
 0.0000000000000E+00 5.7085342131841E-01 0.0000000000000E+00 0.0000000000000E+00
 0.0000000000000E+00 0.0000000000000E+00-1.0590614782185E-02 0.0000000000000E+00
 0.0000000000000E+00 0.0000000000000E+00 0.0000000000000E+00 0.0000000000000E+00
 0.0000000000000E+00 0.0000000000000E+00 0.0000000000000E+00 0.0000000000000E+00
 0.0000000000000E+00 0.0000000000000E+00 0.0000000000000E+00 0.0000000000000E+00
 0.0000000000000E+00 0.0000000000000E+00 0.0000000000000E+00 0.0000000000000E+00
 0.0000000000000E+00 0.0000000000000E+00 0.0000000000000E+00 0.0000000000000E+00
 0.0000000000000E+00 0.0000000000000E+00 0.0000000000000E+00 2.0845679926490E-02
 0.0000000000000E+00 0.0000000000000E+00 0.0000000000000E+00 0.0000000000000E+00
 1.6438202621298E-01 0.0000000000000E+00 0.0000000000000E+00 0.0000000000000E+00
 0.0000000000000E+00-3.1933298316251E-01 0.0000000000000E+00 0.0000000000000E+00
 0.0000000000000E+00 0.0000000000000E+00-1.8449094969636E-03 0.0000000000000E+00
 0.0000000000000E+00 0.0000000000000E+00 0.0000000000000E+00 0.0000000000000E+00
 0.0000000000000E+00 2.4687175459618E-03 0.0000000000000E+00 0.0000000000000E+00
 0.0000000000000E+00 0.0000000000000E+00 0.0000000000000E+00 0.0000000000000E+00
-7.6419818156750E-03 0.0000000000000E+00 0.0000000000000E+00 0.0000000000000E+00
 0.0000000000000E+00 0.0000000000000E+00 0.0000000000000E+00 0.0000000000000E+00
 0.0000000000000E+00 0.0000000000000E+00 0.0000000000000E+00 0.0000000000000E+00
 0.0000000000000E+00 0.0000000000000E+00 0.0000000000000E+00 0.0000000000000E+00
 0.0000000000000E+00 0.0000000000000E+00 0.0000000000000E+00 0.0000000000000E+00
 0.0000000000000E+00 0.0000000000000E+00-2.1048939154679E+00 0.0000000000000E+00
 0.0000000000000E+00 0.0000000000000E+00 0.0000000000000E+00 1.1417068426368E+00
 0.0000000000000E+00 0.0000000000000E+00 0.0000000000000E+00 0.0000000000000E+00
-1.0590614782185E-02 0.0000000000000E+00 0.0000000000000E+00 1.9293229379900E-01
 4.3556147555300E-01 1.4702238008960E+00-2.9977359348820E+00-3.8642870565590E+00
 0.0000000000000E+00 0.0000000000000E+00 1.9409926450900E-01 0.0000000000000E+00
 0.0000000000000E+00 4.8435067571700E-01 0.0000000000000E+00 0.0000000000000E+00
-3.1293085067250E+00 0.0000000000000E+00 0.0000000000000E+00-1.1853180721600E+00
-3.2415799951000E-02 0.0000000000000E+00 0.0000000000000E+00 0.0000000000000E+00
 0.0000000000000E+00-9.9739744935000E-03 0.0000000000000E+00 0.0000000000000E+00
 0.0000000000000E+00 0.0000000000000E+00-6.2508229306550E-01 0.0000000000000E+00
 0.0000000000000E+00 0.0000000000000E+00 0.0000000000000E+00 1.7708655732000E-02
 0.0000000000000E+00 0.0000000000000E+00 0.0000000000000E+00 0.0000000000000E+00
 0.0000000000000E+00 0.0000000000000E+00-3.5710556247300E-01 0.0000000000000E+00
 0.0000000000000E+00 0.0000000000000E+00 0.0000000000000E+00 0.0000000000000E+00
 0.0000000000000E+00 1.7675139334000E-02 0.0000000000000E+00 0.0000000000000E+00
 0.0000000000000E+00 0.0000000000000E+00 0.0000000000000E+00 0.0000000000000E+00
 0.0000000000000E+00 0.0000000000000E+00-8.8866114472100E-01 3.0563201502690E+00
 3.5716385888220E+00 1.1848860231400E-01 0.0000000000000E+00 0.0000000000000E+00
-2.2060207037600E-01 0.0000000000000E+00 0.0000000000000E+00-1.6406028796670E+00
 0.0000000000000E+00 0.0000000000000E+00-2.0195550228960E+00-4.3483571397900E-01
 0.0000000000000E+00 0.0000000000000E+00 0.0000000000000E+00 0.0000000000000E+00
 6.5464564826250E-01 0.0000000000000E+00 0.0000000000000E+00 0.0000000000000E+00
 0.0000000000000E+00 1.8330180149100E-01 0.0000000000000E+00 0.0000000000000E+00
 0.0000000000000E+00 0.0000000000000E+00 0.0000000000000E+00 0.0000000000000E+00
-1.9568999435600E-01-3.8525316505100E-01-9.7024011509300E-01-1.1369657993760E+00
-1.2768361527370E+00 0.0000000000000E+00 0.0000000000000E+00-3.7411126370000E-03
 0.0000000000000E+00 0.0000000000000E+00-8.6060825905500E-01 0.0000000000000E+00
 0.0000000000000E+00-1.1604016660000E-02 0.0000000000000E+00 0.0000000000000E+00
-3.3581906339100E-01 4.7224393063500E-02 0.0000000000000E+00 0.0000000000000E+00
 0.0000000000000E+00 0.0000000000000E+00-7.1792940880000E-03 0.0000000000000E+00
 0.0000000000000E+00 0.0000000000000E+00 0.0000000000000E+00 2.8949620961850E-01
 0.0000000000000E+00 0.0000000000000E+00 0.0000000000000E+00 0.0000000000000E+00
-1.2688999231000E-01 0.0000000000000E+00 0.0000000000000E+00 0.0000000000000E+00
 0.0000000000000E+00 0.0000000000000E+00 0.0000000000000E+00 6.9360640057500E-01
 0.0000000000000E+00 0.0000000000000E+00 0.0000000000000E+00 0.0000000000000E+00
 0.0000000000000E+00 0.0000000000000E+00-2.4135642039200E-01 0.0000000000000E+00
 0.0000000000000E+00 0.0000000000000E+00 0.0000000000000E+00 0.0000000000000E+00
 0.0000000000000E+00 0.0000000000000E+00 0.0000000000000E+00-6.4186276857800E-01
-4.6649605552100E-01 2.6257102290850E+00-1.8210026512200E-01 0.0000000000000E+00
 0.0000000000000E+00 1.5862329672830E+00 0.0000000000000E+00 0.0000000000000E+00
-1.8459025989000E+00 0.0000000000000E+00 0.0000000000000E+00-1.2147163363220E+00
-2.0327398223750E-01 0.0000000000000E+00 0.0000000000000E+00 0.0000000000000E+00
 0.0000000000000E+00 7.7965458862950E-01 0.0000000000000E+00 0.0000000000000E+00
 0.0000000000000E+00 0.0000000000000E+00-8.0454687286100E-01 0.0000000000000E+00
 0.0000000000000E+00 0.0000000000000E+00 0.0000000000000E+00 0.0000000000000E+00
 0.0000000000000E+00 0.0000000000000E+00 0.0000000000000E+00 0.0000000000000E+00
 0.0000000000000E+00 0.0000000000000E+00 0.0000000000000E+00 1.1320879774600E-01
 0.0000000000000E+00 0.0000000000000E+00-2.9517303753000E-01 0.0000000000000E+00
 0.0000000000000E+00 1.9744463764680E+00 0.0000000000000E+00 0.0000000000000E+00
 6.5557403759000E-02 0.0000000000000E+00 0.0000000000000E+00 0.0000000000000E+00
 5.0169300604390E-02 0.0000000000000E+00 0.0000000000000E+00 0.0000000000000E+00
 0.0000000000000E+00 1.5270665578324E+00 0.0000000000000E+00 0.0000000000000E+00
 0.0000000000000E+00 0.0000000000000E+00 2.1714201088460E+00 0.0000000000000E+00
 0.0000000000000E+00 0.0000000000000E+00 0.0000000000000E+00-4.0715937546520E-02
 0.0000000000000E+00 0.0000000000000E+00 0.0000000000000E+00 0.0000000000000E+00
 0.0000000000000E+00 0.0000000000000E+00 4.8725822132322E-01 0.0000000000000E+00
 0.0000000000000E+00 0.0000000000000E+00 0.0000000000000E+00 0.0000000000000E+00
 0.0000000000000E+00-2.8727587341639E-02 0.0000000000000E+00 0.0000000000000E+00
 0.0000000000000E+00 0.0000000000000E+00 0.0000000000000E+00 0.0000000000000E+00
 0.0000000000000E+00 0.0000000000000E+00 0.0000000000000E+00 0.0000000000000E+00
 0.0000000000000E+00 7.8111951617600E-01 0.0000000000000E+00 0.0000000000000E+00
-2.3095969289810E+00 0.0000000000000E+00 0.0000000000000E+00-2.3414501979100E-01
 0.0000000000000E+00 0.0000000000000E+00 0.0000000000000E+00 1.7217668335814E+00
 0.0000000000000E+00 0.0000000000000E+00 0.0000000000000E+00 0.0000000000000E+00
 2.1391765532846E+00 0.0000000000000E+00 0.0000000000000E+00 0.0000000000000E+00
 0.0000000000000E+00-4.7169150107042E-01 0.0000000000000E+00 0.0000000000000E+00
 0.0000000000000E+00 0.0000000000000E+00 0.0000000000000E+00 0.0000000000000E+00
 0.0000000000000E+00 0.0000000000000E+00 0.0000000000000E+00 1.1320879774600E-01
 0.0000000000000E+00 0.0000000000000E+00-2.9517303753000E-01 0.0000000000000E+00
 0.0000000000000E+00 1.9744463764680E+00 0.0000000000000E+00 0.0000000000000E+00
 6.5557403759000E-02 0.0000000000000E+00 0.0000000000000E+00 0.0000000000000E+00
 5.0169300604390E-02 0.0000000000000E+00 0.0000000000000E+00 0.0000000000000E+00
 0.0000000000000E+00 1.5270665578324E+00 0.0000000000000E+00 0.0000000000000E+00
 0.0000000000000E+00 0.0000000000000E+00 2.1714201088460E+00 0.0000000000000E+00
 0.0000000000000E+00 0.0000000000000E+00 0.0000000000000E+00-4.0715937546520E-02
 0.0000000000000E+00 0.0000000000000E+00 0.0000000000000E+00 0.0000000000000E+00
 0.0000000000000E+00 0.0000000000000E+00 4.8725822132322E-01 0.0000000000000E+00
 0.0000000000000E+00 0.0000000000000E+00 0.0000000000000E+00 0.0000000000000E+00
 0.0000000000000E+00-2.8727587341639E-02 0.0000000000000E+00 0.0000000000000E+00
 0.0000000000000E+00 0.0000000000000E+00 0.0000000000000E+00 0.0000000000000E+00
 0.0000000000000E+00 0.0000000000000E+00 0.0000000000000E+00 0.0000000000000E+00
 0.0000000000000E+00 7.8111951617600E-01 0.0000000000000E+00 0.0000000000000E+00
-2.3095969289810E+00 0.0000000000000E+00 0.0000000000000E+00-2.3414501979100E-01
 0.0000000000000E+00 0.0000000000000E+00 0.0000000000000E+00 1.7217668335814E+00
 0.0000000000000E+00 0.0000000000000E+00 0.0000000000000E+00 0.0000000000000E+00
 2.1391765532846E+00 0.0000000000000E+00 0.0000000000000E+00 0.0000000000000E+00
 0.0000000000000E+00-4.7169150107042E-01 0.0000000000000E+00 0.0000000000000E+00
 0.0000000000000E+00 0.0000000000000E+00 0.0000000000000E+00 2.2856339382000E-01
 4.0554077379500E-01 2.5312358910850E+00-7.3750382144610E+00-6.9114829462990E+00
 0.0000000000000E+00 0.0000000000000E+00-6.3963404660100E-01 0.0000000000000E+00
 0.0000000000000E+00 1.1343259495050E+00 0.0000000000000E+00 0.0000000000000E+00
-8.2837816316940E+00 0.0000000000000E+00 0.0000000000000E+00-2.0368253995200E+00
-3.1421594782500E-02 0.0000000000000E+00 0.0000000000000E+00 0.0000000000000E+00
 0.0000000000000E+00-6.6197764427400E-01 0.0000000000000E+00 0.0000000000000E+00
 0.0000000000000E+00 0.0000000000000E+00-1.5176795165340E+00 0.0000000000000E+00
 0.0000000000000E+00 0.0000000000000E+00 0.0000000000000E+00 1.0636976920800E-01
 0.0000000000000E+00 0.0000000000000E+00 0.0000000000000E+00 0.0000000000000E+00
 0.0000000000000E+00 0.0000000000000E+00-1.2824859020370E+00 0.0000000000000E+00
 0.0000000000000E+00 0.0000000000000E+00 0.0000000000000E+00 0.0000000000000E+00
 0.0000000000000E+00-1.7196339434500E-01 0.0000000000000E+00 0.0000000000000E+00
 0.0000000000000E+00 0.0000000000000E+00 0.0000000000000E+00 0.0000000000000E+00
-1.4085904245475E-14 0.0000000000000E+00-1.6958447613530E+00 8.2773743650190E+00
 6.6147340607700E+00-9.8267619424000E-02 0.0000000000000E+00 0.0000000000000E+00
 1.5109662198500E-01 0.0000000000000E+00 0.0000000000000E+00-6.2520459459660E+00
 0.0000000000000E+00 0.0000000000000E+00-2.7064133518470E+00 6.0455318420700E-01
 0.0000000000000E+00 0.0000000000000E+00 0.0000000000000E+00 0.0000000000000E+00
 8.7065062795800E-01 0.0000000000000E+00 0.0000000000000E+00 0.0000000000000E+00
 0.0000000000000E+00-4.5170317595500E-01 0.0000000000000E+00 0.0000000000000E+00
 0.0000000000000E+00 0.0000000000000E+00 0.0000000000000E+00 0.0000000000000E+00
-6.0000000000000E-12 9.0000000000000E-12 3.0000000000000E-12 3.2000000000000E-11
 2.5000000000000E-11 0.0000000000000E+00 0.0000000000000E+00-5.0000000000000E-12
 0.0000000000000E+00 0.0000000000000E+00-1.4000000000000E-11 0.0000000000000E+00
 0.0000000000000E+00 5.0000000000000E-12 0.0000000000000E+00 0.0000000000000E+00
-2.0000000000000E-12-5.0000000000000E-13 0.0000000000000E+00 0.0000000000000E+00
 0.0000000000000E+00 0.0000000000000E+00 1.5000000000000E-12 0.0000000000000E+00
 0.0000000000000E+00 0.0000000000000E+00 0.0000000000000E+00 2.5000000000000E-12
 0.0000000000000E+00 0.0000000000000E+00 0.0000000000000E+00 0.0000000000000E+00
 0.0000000000000E+00 0.0000000000000E+00 0.0000000000000E+00 0.0000000000000E+00
 0.0000000000000E+00 0.0000000000000E+00 0.0000000000000E+00 2.0000000000000E-12
 0.0000000000000E+00 0.0000000000000E+00 0.0000000000000E+00 0.0000000000000E+00
 0.0000000000000E+00 0.0000000000000E+00-1.0000000000000E-12 0.0000000000000E+00
 0.0000000000000E+00 0.0000000000000E+00 0.0000000000000E+00 0.0000000000000E+00
 0.0000000000000E+00-7.0429521227376E-03 0.0000000000000E+00 2.0000000000000E-12
-2.2000000000000E-11-1.9000000000000E-11 0.0000000000000E+00 0.0000000000000E+00
 0.0000000000000E+00-1.0000000000000E-12 0.0000000000000E+00 0.0000000000000E+00
 1.4000000000000E-11 0.0000000000000E+00 0.0000000000000E+00 6.0000000000000E-12
-1.0000000000000E-12 0.0000000000000E+00 0.0000000000000E+00 0.0000000000000E+00
 0.0000000000000E+00-2.0000000000000E-12 0.0000000000000E+00 0.0000000000000E+00
 0.0000000000000E+00 0.0000000000000E+00 1.0000000000000E-12 0.0000000000000E+00
 0.0000000000000E+00 0.0000000000000E+00 0.0000000000000E+00 0.0000000000000E+00
 0.0000000000000E+00 0.0000000000000E+00 0.0000000000000E+00 0.0000000000000E+00
 0.0000000000000E+00 0.0000000000000E+00 0.0000000000000E+00 0.0000000000000E+00
 0.0000000000000E+00 0.0000000000000E+00 0.0000000000000E+00 0.0000000000000E+00
 0.0000000000000E+00 0.0000000000000E+00 0.0000000000000E+00 0.0000000000000E+00
 0.0000000000000E+00 0.0000000000000E+00 0.0000000000000E+00 0.0000000000000E+00
 0.0000000000000E+00 0.0000000000000E+00 0.0000000000000E+00 0.0000000000000E+00
 0.0000000000000E+00 0.0000000000000E+00 0.0000000000000E+00 0.0000000000000E+00
 0.0000000000000E+00 0.0000000000000E+00 0.0000000000000E+00 0.0000000000000E+00
 0.0000000000000E+00 0.0000000000000E+00 0.0000000000000E+00 0.0000000000000E+00
 0.0000000000000E+00 0.0000000000000E+00 0.0000000000000E+00 0.0000000000000E+00
 0.0000000000000E+00 0.0000000000000E+00 0.0000000000000E+00 0.0000000000000E+00
 0.0000000000000E+00 0.0000000000000E+00 0.0000000000000E+00 0.0000000000000E+00
 0.0000000000000E+00 0.0000000000000E+00 0.0000000000000E+00 0.0000000000000E+00
 0.0000000000000E+00 0.0000000000000E+00 0.0000000000000E+00 7.0429521227376E-03
 0.0000000000000E+00 0.0000000000000E+00 0.0000000000000E+00 0.0000000000000E+00
 0.0000000000000E+00 0.0000000000000E+00 0.0000000000000E+00 0.0000000000000E+00
 0.0000000000000E+00 0.0000000000000E+00 0.0000000000000E+00 0.0000000000000E+00
 0.0000000000000E+00 0.0000000000000E+00 0.0000000000000E+00 0.0000000000000E+00
 0.0000000000000E+00 0.0000000000000E+00 0.0000000000000E+00 0.0000000000000E+00
 0.0000000000000E+00 0.0000000000000E+00 0.0000000000000E+00 0.0000000000000E+00
 0.0000000000000E+00 0.0000000000000E+00 0.0000000000000E+00 0.0000000000000E+00
 0.0000000000000E+00 0.0000000000000E+00 0.0000000000000E+00 0.0000000000000E+00
 0.0000000000000E+00 0.0000000000000E+00 0.0000000000000E+00 0.0000000000000E+00
 4.0000000000000E-12 0.0000000000000E+00 0.0000000000000E+00 8.0000000000000E-12
 0.0000000000000E+00 0.0000000000000E+00 9.0000000000000E-12 0.0000000000000E+00
 0.0000000000000E+00 5.0000000000000E-12 0.0000000000000E+00 0.0000000000000E+00
 0.0000000000000E+00 1.7320508075689E-12 0.0000000000000E+00 0.0000000000000E+00
 0.0000000000000E+00 0.0000000000000E+00 0.0000000000000E+00 0.0000000000000E+00
 0.0000000000000E+00 0.0000000000000E+00 0.0000000000000E+00 1.7320508075689E-12
 0.0000000000000E+00 0.0000000000000E+00 0.0000000000000E+00 0.0000000000000E+00
 0.0000000000000E+00 0.0000000000000E+00 0.0000000000000E+00 0.0000000000000E+00
 1.2071267798783E-03 0.0000000000000E+00 0.0000000000000E+00 4.0824829046386E-13
 0.0000000000000E+00 0.0000000000000E+00 0.0000000000000E+00 8.0062265906947E-04
 0.0000000000000E+00 0.0000000000000E+00 3.1622776601684E-13 0.0000000000000E+00
 0.0000000000000E+00 0.0000000000000E+00 2.0053353417521E-02 0.0000000000000E+00
 0.0000000000000E+00 0.0000000000000E+00 0.0000000000000E+00 0.0000000000000E+00
 0.0000000000000E+00 0.0000000000000E+00 0.0000000000000E+00 0.0000000000000E+00
 0.0000000000000E+00 0.0000000000000E+00 0.0000000000000E+00 0.0000000000000E+00
 0.0000000000000E+00 0.0000000000000E+00 0.0000000000000E+00 0.0000000000000E+00
 1.7320508075689E-12 0.0000000000000E+00 0.0000000000000E+00 0.0000000000000E+00
 0.0000000000000E+00 0.0000000000000E+00 0.0000000000000E+00 0.0000000000000E+00
 0.0000000000000E+00 0.0000000000000E+00 0.0000000000000E+00 0.0000000000000E+00
 0.0000000000000E+00 0.0000000000000E+00-8.3412530549037E-03 0.0000000000000E+00
 0.0000000000000E+00 0.0000000000000E+00 0.0000000000000E+00 0.0000000000000E+00
-4.0000000000000E-12 0.0000000000000E+00 0.0000000000000E+00-7.0000000000000E-12
 0.0000000000000E+00 0.0000000000000E+00-9.0000000000000E-12 0.0000000000000E+00
 0.0000000000000E+00-5.0000000000000E-12 0.0000000000000E+00 0.0000000000000E+00
 0.0000000000000E+00-1.7320508075689E-12 0.0000000000000E+00 0.0000000000000E+00
 0.0000000000000E+00 0.0000000000000E+00 0.0000000000000E+00 0.0000000000000E+00
 0.0000000000000E+00 0.0000000000000E+00 0.0000000000000E+00-1.7320508075689E-12
 0.0000000000000E+00 0.0000000000000E+00 0.0000000000000E+00 0.0000000000000E+00
 0.0000000000000E+00 0.0000000000000E+00 0.0000000000000E+00 0.0000000000000E+00
 1.2071267798783E-03 0.0000000000000E+00 0.0000000000000E+00-4.0824829046386E-13
 0.0000000000000E+00 0.0000000000000E+00 0.0000000000000E+00 8.0062265906947E-04
 0.0000000000000E+00 0.0000000000000E+00-3.1622776601684E-13 0.0000000000000E+00
 0.0000000000000E+00 0.0000000000000E+00 2.0053353417521E-02 0.0000000000000E+00
 0.0000000000000E+00 0.0000000000000E+00 0.0000000000000E+00 0.0000000000000E+00
 0.0000000000000E+00 0.0000000000000E+00 0.0000000000000E+00 0.0000000000000E+00
 0.0000000000000E+00 0.0000000000000E+00 0.0000000000000E+00 0.0000000000000E+00
 0.0000000000000E+00 0.0000000000000E+00 0.0000000000000E+00 0.0000000000000E+00
-1.7320508075689E-12 0.0000000000000E+00 0.0000000000000E+00 0.0000000000000E+00
 0.0000000000000E+00 0.0000000000000E+00 0.0000000000000E+00 0.0000000000000E+00
 0.0000000000000E+00 0.0000000000000E+00 0.0000000000000E+00 0.0000000000000E+00
 0.0000000000000E+00 0.0000000000000E+00-8.3412530549037E-03 0.0000000000000E+00
 0.0000000000000E+00 0.0000000000000E+00 0.0000000000000E+00 0.0000000000000E+00
 0.0000000000000E+00 0.0000000000000E+00 0.0000000000000E+00 0.0000000000000E+00
 0.0000000000000E+00 0.0000000000000E+00 0.0000000000000E+00 0.0000000000000E+00
 0.0000000000000E+00 0.0000000000000E+00 0.0000000000000E+00 0.0000000000000E+00
 0.0000000000000E+00 0.0000000000000E+00 0.0000000000000E+00 0.0000000000000E+00
-3.8172757905585E-02 0.0000000000000E+00 0.0000000000000E+00 0.0000000000000E+00
 0.0000000000000E+00 1.3808515221081E-03 0.0000000000000E+00 0.0000000000000E+00
 0.0000000000000E+00 0.0000000000000E+00-1.6143831864204E-01 0.0000000000000E+00
 0.0000000000000E+00 0.0000000000000E+00 0.0000000000000E+00-1.8697933401370E-02
 0.0000000000000E+00 0.0000000000000E+00 0.0000000000000E+00 0.0000000000000E+00
 0.0000000000000E+00 0.0000000000000E+00-3.1649515925374E-02 0.0000000000000E+00
 0.0000000000000E+00 0.0000000000000E+00 0.0000000000000E+00 0.0000000000000E+00
 0.0000000000000E+00-7.8805481201514E-02 0.0000000000000E+00 0.0000000000000E+00
 0.0000000000000E+00 0.0000000000000E+00 0.0000000000000E+00 0.0000000000000E+00
 0.0000000000000E+00 0.0000000000000E+00 0.0000000000000E+00 0.0000000000000E+00
 0.0000000000000E+00 0.0000000000000E+00 0.0000000000000E+00 0.0000000000000E+00
 0.0000000000000E+00 0.0000000000000E+00 0.0000000000000E+00 0.0000000000000E+00
 0.0000000000000E+00 0.0000000000000E+00 0.0000000000000E+00 2.1040787729866E-01
 0.0000000000000E+00 0.0000000000000E+00 0.0000000000000E+00 0.0000000000000E+00
 1.1218207874209E-01 0.0000000000000E+00 0.0000000000000E+00 0.0000000000000E+00
 0.0000000000000E+00-5.8624535975694E-02 0.0000000000000E+00 0.0000000000000E+00
 0.0000000000000E+00 0.0000000000000E+00 0.0000000000000E+00 0.0000000000000E+00
 0.0000000000000E+00 0.0000000000000E+00 0.0000000000000E+00 0.0000000000000E+00
 0.0000000000000E+00 0.0000000000000E+00 0.0000000000000E+00 0.0000000000000E+00
 0.0000000000000E+00 0.0000000000000E+00 0.0000000000000E+00 0.0000000000000E+00
 0.0000000000000E+00 0.0000000000000E+00 0.0000000000000E+00 0.0000000000000E+00
 0.0000000000000E+00 0.0000000000000E+00-7.6345515809438E-02 0.0000000000000E+00
 0.0000000000000E+00 0.0000000000000E+00 0.0000000000000E+00 2.7617030424841E-03
 0.0000000000000E+00 0.0000000000000E+00 0.0000000000000E+00 0.0000000000000E+00
-3.2287663728407E-01 0.0000000000000E+00 0.0000000000000E+00 0.0000000000000E+00
 0.0000000000000E+00-1.8697933401370E-02 0.0000000000000E+00 0.0000000000000E+00
 0.0000000000000E+00 0.0000000000000E+00 0.0000000000000E+00 0.0000000000000E+00
-3.1649515925374E-02 0.0000000000000E+00 0.0000000000000E+00 0.0000000000000E+00
 0.0000000000000E+00 0.0000000000000E+00 0.0000000000000E+00-7.8805481201514E-02
 0.0000000000000E+00 0.0000000000000E+00 0.0000000000000E+00 0.0000000000000E+00
 0.0000000000000E+00 0.0000000000000E+00 0.0000000000000E+00 0.0000000000000E+00
 0.0000000000000E+00 0.0000000000000E+00 0.0000000000000E+00 0.0000000000000E+00
 0.0000000000000E+00 0.0000000000000E+00 0.0000000000000E+00 0.0000000000000E+00
 0.0000000000000E+00 0.0000000000000E+00 0.0000000000000E+00 0.0000000000000E+00
 0.0000000000000E+00 4.2081575459732E-01 0.0000000000000E+00 0.0000000000000E+00
 0.0000000000000E+00 0.0000000000000E+00 2.2436415748419E-01 0.0000000000000E+00
 0.0000000000000E+00 0.0000000000000E+00 0.0000000000000E+00-5.8624535975694E-02
 0.0000000000000E+00 0.0000000000000E+00 0.0000000000000E+00 0.0000000000000E+00
 0.0000000000000E+00 0.0000000000000E+00 0.0000000000000E+00 0.0000000000000E+00
-1.3977539910900E+00 0.0000000000000E+00 0.0000000000000E+00 1.7999647222360E+00
 0.0000000000000E+00 0.0000000000000E+00-1.2018596552230E+00 0.0000000000000E+00
 0.0000000000000E+00 2.7401787802000E-01 0.0000000000000E+00 0.0000000000000E+00
 0.0000000000000E+00 1.0332385794802E-02 0.0000000000000E+00 0.0000000000000E+00
 0.0000000000000E+00 0.0000000000000E+00 8.0531292501622E-02 0.0000000000000E+00
 0.0000000000000E+00 0.0000000000000E+00 0.0000000000000E+00-3.7578497838154E-01
 0.0000000000000E+00 0.0000000000000E+00 0.0000000000000E+00 0.0000000000000E+00
-4.8725174798809E-02 0.0000000000000E+00 0.0000000000000E+00 0.0000000000000E+00
-1.0540925533895E-13 0.0000000000000E+00 0.0000000000000E+00-2.1665091225776E-02
 0.0000000000000E+00 0.0000000000000E+00 0.0000000000000E+00 5.2704627669473E-14
 0.0000000000000E+00 0.0000000000000E+00-3.2156928692525E-02 0.0000000000000E+00
 0.0000000000000E+00 0.0000000000000E+00 0.0000000000000E+00 0.0000000000000E+00
 0.0000000000000E+00 0.0000000000000E+00 0.0000000000000E+00 0.0000000000000E+00
 0.0000000000000E+00 0.0000000000000E+00-2.2299089041000E-02 0.0000000000000E+00
 0.0000000000000E+00 2.2325514552600E-01 0.0000000000000E+00 0.0000000000000E+00
 4.3225408401000E-02 0.0000000000000E+00 0.0000000000000E+00 0.0000000000000E+00
 4.0533347063035E-02 0.0000000000000E+00 0.0000000000000E+00 0.0000000000000E+00
 0.0000000000000E+00-3.4421769872030E-01 0.0000000000000E+00 0.0000000000000E+00
 0.0000000000000E+00 0.0000000000000E+00-2.6392737549717E-02 0.0000000000000E+00
 0.0000000000000E+00 0.0000000000000E+00 0.0000000000000E+00 0.0000000000000E+00
 0.0000000000000E+00 0.0000000000000E+00 0.0000000000000E+00 0.0000000000000E+00
-1.3977539910900E+00 0.0000000000000E+00 0.0000000000000E+00 1.7999647222360E+00
 0.0000000000000E+00 0.0000000000000E+00-1.2018596552230E+00 0.0000000000000E+00
 0.0000000000000E+00 2.7401787802000E-01 0.0000000000000E+00 0.0000000000000E+00
 0.0000000000000E+00 1.0332385794802E-02 0.0000000000000E+00 0.0000000000000E+00
 0.0000000000000E+00 0.0000000000000E+00 8.0531292501622E-02 0.0000000000000E+00
 0.0000000000000E+00 0.0000000000000E+00 0.0000000000000E+00-3.7578497838154E-01
 0.0000000000000E+00 0.0000000000000E+00 0.0000000000000E+00 0.0000000000000E+00
-4.8725174798809E-02 0.0000000000000E+00 0.0000000000000E+00 0.0000000000000E+00
 1.0540925533895E-13 0.0000000000000E+00 0.0000000000000E+00-2.1665091225776E-02
 0.0000000000000E+00 0.0000000000000E+00 0.0000000000000E+00-5.2704627669473E-14
 0.0000000000000E+00 0.0000000000000E+00-3.2156928692525E-02 0.0000000000000E+00
 0.0000000000000E+00 0.0000000000000E+00 0.0000000000000E+00 0.0000000000000E+00
 0.0000000000000E+00 0.0000000000000E+00 0.0000000000000E+00 0.0000000000000E+00
 0.0000000000000E+00 0.0000000000000E+00-2.2299089041000E-02 0.0000000000000E+00
 0.0000000000000E+00 2.2325514552600E-01 0.0000000000000E+00 0.0000000000000E+00
 4.3225408401000E-02 0.0000000000000E+00 0.0000000000000E+00 0.0000000000000E+00
 4.0533347063035E-02 0.0000000000000E+00 0.0000000000000E+00 0.0000000000000E+00
 0.0000000000000E+00-3.4421769872030E-01 0.0000000000000E+00 0.0000000000000E+00
 0.0000000000000E+00 0.0000000000000E+00-2.6392737549717E-02 0.0000000000000E+00
 0.0000000000000E+00 0.0000000000000E+00 0.0000000000000E+00 0.0000000000000E+00
 6.3441669483000E-02 1.3533535012800E-01 6.2180369122300E-01-4.1258415466400E-01
-1.2369845596520E+00 0.0000000000000E+00 0.0000000000000E+00-1.3380020575800E-01
 0.0000000000000E+00 0.0000000000000E+00 5.7846889184300E-01 0.0000000000000E+00
 0.0000000000000E+00-1.4458707505030E+00 0.0000000000000E+00 0.0000000000000E+00
-4.4704878839200E-01-1.5452936916250E-01 0.0000000000000E+00 0.0000000000000E+00
 0.0000000000000E+00 0.0000000000000E+00 1.4244885800000E-02 0.0000000000000E+00
 0.0000000000000E+00 0.0000000000000E+00 0.0000000000000E+00-5.2675969386800E-01
 0.0000000000000E+00 0.0000000000000E+00 0.0000000000000E+00 0.0000000000000E+00
-1.5262788472100E-01 0.0000000000000E+00 0.0000000000000E+00 0.0000000000000E+00
 0.0000000000000E+00 0.0000000000000E+00 0.0000000000000E+00-6.6414164412500E-01
 0.0000000000000E+00 0.0000000000000E+00 0.0000000000000E+00 0.0000000000000E+00
 0.0000000000000E+00 0.0000000000000E+00-1.0561747674900E+00 0.0000000000000E+00
 0.0000000000000E+00 0.0000000000000E+00 0.0000000000000E+00 0.0000000000000E+00
 0.0000000000000E+00 7.0429521227376E-15 0.0000000000000E+00 4.0601746149000E-01
 1.4878991330490E+00 4.2004644797900E-01 9.9437275873000E-02 0.0000000000000E+00
 0.0000000000000E+00-1.0513465033620E+00 0.0000000000000E+00 0.0000000000000E+00
 1.1723308014000E-01 0.0000000000000E+00 0.0000000000000E+00-2.1283666311500E-01
 1.8837512407100E-01 0.0000000000000E+00 0.0000000000000E+00 0.0000000000000E+00
 0.0000000000000E+00-1.7881122253550E-01 0.0000000000000E+00 0.0000000000000E+00
 0.0000000000000E+00 0.0000000000000E+00 3.0493182682000E-02 0.0000000000000E+00
 0.0000000000000E+00 0.0000000000000E+00 0.0000000000000E+00 0.0000000000000E+00
 0.0000000000000E+00 0.0000000000000E+00 0.0000000000000E+00 0.0000000000000E+00
 0.0000000000000E+00 0.0000000000000E+00 0.0000000000000E+00-1.3022199717900E-01
 0.0000000000000E+00 0.0000000000000E+00 2.2138252557000E-02 0.0000000000000E+00
 0.0000000000000E+00 9.7573712063100E-01 0.0000000000000E+00 0.0000000000000E+00
 1.4948776389000E-01 0.0000000000000E+00 0.0000000000000E+00 0.0000000000000E+00
 6.8154727480479E-01 0.0000000000000E+00 0.0000000000000E+00 0.0000000000000E+00
 0.0000000000000E+00 1.2499637071148E-01 0.0000000000000E+00 0.0000000000000E+00
 0.0000000000000E+00 0.0000000000000E+00 1.7004173271054E+00 0.0000000000000E+00
 0.0000000000000E+00 0.0000000000000E+00 0.0000000000000E+00 7.5440495930812E-02
 0.0000000000000E+00 0.0000000000000E+00 0.0000000000000E+00 0.0000000000000E+00
 0.0000000000000E+00 0.0000000000000E+00 3.0586972213352E-01 0.0000000000000E+00
 0.0000000000000E+00 0.0000000000000E+00 0.0000000000000E+00 0.0000000000000E+00
 0.0000000000000E+00 3.3437478847373E-01 0.0000000000000E+00 0.0000000000000E+00
 0.0000000000000E+00-1.9920476822240E-14 0.0000000000000E+00 0.0000000000000E+00
 0.0000000000000E+00 0.0000000000000E+00 0.0000000000000E+00 0.0000000000000E+00
 0.0000000000000E+00-9.4815257882000E-02 0.0000000000000E+00 0.0000000000000E+00
-1.0358657714320E+00 0.0000000000000E+00 0.0000000000000E+00-2.8034187477100E-01
 0.0000000000000E+00 0.0000000000000E+00 0.0000000000000E+00 1.3630936462256E+00
 0.0000000000000E+00 0.0000000000000E+00 0.0000000000000E+00 0.0000000000000E+00
 1.0143108814931E+00 0.0000000000000E+00 0.0000000000000E+00 0.0000000000000E+00
 0.0000000000000E+00-2.2268701515085E-01 0.0000000000000E+00 0.0000000000000E+00
 0.0000000000000E+00 0.0000000000000E+00 0.0000000000000E+00 0.0000000000000E+00
 0.0000000000000E+00 0.0000000000000E+00 0.0000000000000E+00-1.3022199717900E-01
 0.0000000000000E+00 0.0000000000000E+00 2.2138252557000E-02 0.0000000000000E+00
 0.0000000000000E+00 9.7573712063100E-01 0.0000000000000E+00 0.0000000000000E+00
 1.4948776389000E-01 0.0000000000000E+00 0.0000000000000E+00 0.0000000000000E+00
 6.8154727480479E-01 0.0000000000000E+00 0.0000000000000E+00 0.0000000000000E+00
 0.0000000000000E+00 1.2499637071148E-01 0.0000000000000E+00 0.0000000000000E+00
 0.0000000000000E+00 0.0000000000000E+00 1.7004173271054E+00 0.0000000000000E+00
 0.0000000000000E+00 0.0000000000000E+00 0.0000000000000E+00 7.5440495930812E-02
 0.0000000000000E+00 0.0000000000000E+00 0.0000000000000E+00 0.0000000000000E+00
 0.0000000000000E+00 0.0000000000000E+00 3.0586972213352E-01 0.0000000000000E+00
 0.0000000000000E+00 0.0000000000000E+00 0.0000000000000E+00 0.0000000000000E+00
 0.0000000000000E+00 3.3437478847373E-01 0.0000000000000E+00 0.0000000000000E+00
 0.0000000000000E+00 1.9920476822240E-14 0.0000000000000E+00 0.0000000000000E+00
 0.0000000000000E+00 0.0000000000000E+00 0.0000000000000E+00 0.0000000000000E+00
 0.0000000000000E+00-9.4815257882000E-02 0.0000000000000E+00 0.0000000000000E+00
-1.0358657714320E+00 0.0000000000000E+00 0.0000000000000E+00-2.8034187477100E-01
 0.0000000000000E+00 0.0000000000000E+00 0.0000000000000E+00 1.3630936462256E+00
 0.0000000000000E+00 0.0000000000000E+00 0.0000000000000E+00 0.0000000000000E+00
 1.0143108814931E+00 0.0000000000000E+00 0.0000000000000E+00 0.0000000000000E+00
 0.0000000000000E+00-2.2268701515085E-01 0.0000000000000E+00 0.0000000000000E+00
 0.0000000000000E+00 0.0000000000000E+00 0.0000000000000E+00 6.1561959378000E-02
 5.0014998095000E-02 4.7082189656700E-01-2.4048995679470E+00-2.5709384943000E-01
 0.0000000000000E+00 0.0000000000000E+00 1.0324115024130E+00 0.0000000000000E+00
 0.0000000000000E+00-1.6096082390360E+00 0.0000000000000E+00 0.0000000000000E+00
-9.7466186798000E-01 0.0000000000000E+00 0.0000000000000E+00-2.4542634518900E-01
-1.0980362743500E-01 0.0000000000000E+00 0.0000000000000E+00 0.0000000000000E+00
 0.0000000000000E+00-2.2711190583250E-01 0.0000000000000E+00 0.0000000000000E+00
 0.0000000000000E+00 0.0000000000000E+00-2.8523765663650E-01 0.0000000000000E+00
 0.0000000000000E+00 0.0000000000000E+00 0.0000000000000E+00 6.7282271677800E-01
 0.0000000000000E+00 0.0000000000000E+00 0.0000000000000E+00 0.0000000000000E+00
 0.0000000000000E+00 0.0000000000000E+00-6.7942511250100E-01 0.0000000000000E+00
 0.0000000000000E+00 0.0000000000000E+00 0.0000000000000E+00 0.0000000000000E+00
 0.0000000000000E+00-2.4474587715000E-01 0.0000000000000E+00 0.0000000000000E+00
 0.0000000000000E+00 0.0000000000000E+00 0.0000000000000E+00 0.0000000000000E+00
 0.0000000000000E+00 0.0000000000000E+00-4.4363875541500E-01 2.1673398738640E+00
 5.5782075057900E-01-7.0763228414000E-02 0.0000000000000E+00 0.0000000000000E+00
 2.7997519268000E-02 0.0000000000000E+00 0.0000000000000E+00-1.8781172744690E+00
 0.0000000000000E+00 0.0000000000000E+00-8.0165110215000E-02 2.9005261185900E-01
 0.0000000000000E+00 0.0000000000000E+00 0.0000000000000E+00 0.0000000000000E+00
 3.0619517994400E-01 0.0000000000000E+00 0.0000000000000E+00 0.0000000000000E+00
 0.0000000000000E+00-4.9344045040900E-01 0.0000000000000E+00 0.0000000000000E+00
 0.0000000000000E+00 0.0000000000000E+00 0.0000000000000E+00 0.0000000000000E+00
 0.0000000000000E+00 0.0000000000000E+00 0.0000000000000E+00 0.0000000000000E+00
 0.0000000000000E+00-9.0000000000000E-12 0.0000000000000E+00 0.0000000000000E+00
-1.0000000000000E-11 0.0000000000000E+00 0.0000000000000E+00-1.5000000000000E-11
 0.0000000000000E+00 0.0000000000000E+00-8.0000000000000E-12 0.0000000000000E+00
 0.0000000000000E+00 0.0000000000000E+00 0.0000000000000E+00 0.0000000000000E+00
 0.0000000000000E+00 0.0000000000000E+00 0.0000000000000E+00 0.0000000000000E+00
 0.0000000000000E+00 0.0000000000000E+00 0.0000000000000E+00 0.0000000000000E+00
 0.0000000000000E+00 0.0000000000000E+00 0.0000000000000E+00 0.0000000000000E+00
 0.0000000000000E+00-4.0824829046386E-13 0.0000000000000E+00 0.0000000000000E+00
 0.0000000000000E+00-6.0876950642990E-02 0.0000000000000E+00 0.0000000000000E+00
 0.0000000000000E+00 0.0000000000000E+00 0.0000000000000E+00 0.0000000000000E+00
 2.6768673421504E-02 0.0000000000000E+00 0.0000000000000E+00 0.0000000000000E+00
 0.0000000000000E+00 0.0000000000000E+00 0.0000000000000E+00 5.3018129474991E-04
 0.0000000000000E+00 0.0000000000000E+00 0.0000000000000E+00 0.0000000000000E+00
 0.0000000000000E+00 0.0000000000000E+00 0.0000000000000E+00 0.0000000000000E+00
 0.0000000000000E+00 0.0000000000000E+00 0.0000000000000E+00 0.0000000000000E+00
 0.0000000000000E+00-1.0000000000000E-12 0.0000000000000E+00 0.0000000000000E+00
 0.0000000000000E+00 0.0000000000000E+00 0.0000000000000E+00 0.0000000000000E+00
 0.0000000000000E+00 0.0000000000000E+00 0.0000000000000E+00 0.0000000000000E+00
 0.0000000000000E+00 0.0000000000000E+00 0.0000000000000E+00 0.0000000000000E+00
 0.0000000000000E+00 0.0000000000000E+00 0.0000000000000E+00-2.7288620723796E-03
 0.0000000000000E+00 0.0000000000000E+00 0.0000000000000E+00 0.0000000000000E+00
 0.0000000000000E+00 0.0000000000000E+00 0.0000000000000E+00-9.0000000000000E-12
 0.0000000000000E+00 0.0000000000000E+00-1.0000000000000E-11 0.0000000000000E+00
 0.0000000000000E+00-1.5000000000000E-11 0.0000000000000E+00 0.0000000000000E+00
-8.0000000000000E-12 0.0000000000000E+00 0.0000000000000E+00 0.0000000000000E+00
 0.0000000000000E+00 0.0000000000000E+00 0.0000000000000E+00 0.0000000000000E+00
 0.0000000000000E+00 0.0000000000000E+00 0.0000000000000E+00 0.0000000000000E+00
 0.0000000000000E+00 0.0000000000000E+00 0.0000000000000E+00 0.0000000000000E+00
 0.0000000000000E+00 0.0000000000000E+00 0.0000000000000E+00-4.0824829046386E-13
 0.0000000000000E+00 0.0000000000000E+00 0.0000000000000E+00 6.0876950642990E-02
 0.0000000000000E+00 0.0000000000000E+00 0.0000000000000E+00 0.0000000000000E+00
 0.0000000000000E+00 0.0000000000000E+00-2.6768673421504E-02 0.0000000000000E+00
 0.0000000000000E+00 0.0000000000000E+00 0.0000000000000E+00 0.0000000000000E+00
 0.0000000000000E+00-5.3018129474991E-04 0.0000000000000E+00 0.0000000000000E+00
 0.0000000000000E+00 0.0000000000000E+00 0.0000000000000E+00 0.0000000000000E+00
 0.0000000000000E+00 0.0000000000000E+00 0.0000000000000E+00 0.0000000000000E+00
 0.0000000000000E+00 0.0000000000000E+00 0.0000000000000E+00-1.0000000000000E-12
 0.0000000000000E+00 0.0000000000000E+00 0.0000000000000E+00 0.0000000000000E+00
 0.0000000000000E+00 0.0000000000000E+00 0.0000000000000E+00 0.0000000000000E+00
 0.0000000000000E+00 0.0000000000000E+00 0.0000000000000E+00 0.0000000000000E+00
 0.0000000000000E+00 0.0000000000000E+00 0.0000000000000E+00 0.0000000000000E+00
 0.0000000000000E+00 2.7288620723796E-03 0.0000000000000E+00 0.0000000000000E+00
 0.0000000000000E+00 0.0000000000000E+00 0.0000000000000E+00 0.0000000000000E+00
 0.0000000000000E+00 0.0000000000000E+00 0.0000000000000E+00 0.0000000000000E+00
 0.0000000000000E+00 0.0000000000000E+00 0.0000000000000E+00 0.0000000000000E+00
 0.0000000000000E+00 0.0000000000000E+00 0.0000000000000E+00 0.0000000000000E+00
 0.0000000000000E+00 0.0000000000000E+00 0.0000000000000E+00-2.6084988030124E-02
 0.0000000000000E+00 0.0000000000000E+00 0.0000000000000E+00 0.0000000000000E+00
 1.5032561507561E-02 0.0000000000000E+00 0.0000000000000E+00 0.0000000000000E+00
 0.0000000000000E+00 2.3076002830656E-01 0.0000000000000E+00 0.0000000000000E+00
 0.0000000000000E+00 0.0000000000000E+00-1.5083265754862E-01 0.0000000000000E+00
 0.0000000000000E+00 0.0000000000000E+00 0.0000000000000E+00 0.0000000000000E+00
 0.0000000000000E+00 8.7845001858750E-02 0.0000000000000E+00 0.0000000000000E+00
 0.0000000000000E+00 0.0000000000000E+00 0.0000000000000E+00 0.0000000000000E+00
 1.5436611532234E-02 0.0000000000000E+00 0.0000000000000E+00 0.0000000000000E+00
 0.0000000000000E+00 0.0000000000000E+00 0.0000000000000E+00 0.0000000000000E+00
 0.0000000000000E+00 0.0000000000000E+00 0.0000000000000E+00 0.0000000000000E+00
 0.0000000000000E+00 0.0000000000000E+00 0.0000000000000E+00 0.0000000000000E+00
 0.0000000000000E+00 0.0000000000000E+00 0.0000000000000E+00 0.0000000000000E+00
 0.0000000000000E+00 0.0000000000000E+00-5.5761967885090E-02 0.0000000000000E+00
 0.0000000000000E+00 0.0000000000000E+00 0.0000000000000E+00-3.5728544025542E-01
 0.0000000000000E+00 0.0000000000000E+00 0.0000000000000E+00 0.0000000000000E+00
 2.5477518479682E-02 0.0000000000000E+00 0.0000000000000E+00 0.0000000000000E+00
 0.0000000000000E+00 0.0000000000000E+00 0.0000000000000E+00 0.0000000000000E+00
 0.0000000000000E+00 0.0000000000000E+00 0.0000000000000E+00 0.0000000000000E+00
 0.0000000000000E+00 0.0000000000000E+00 0.0000000000000E+00 0.0000000000000E+00
 0.0000000000000E+00 0.0000000000000E+00 0.0000000000000E+00 0.0000000000000E+00
 0.0000000000000E+00 0.0000000000000E+00 0.0000000000000E+00-1.3042494016794E-02
 0.0000000000000E+00 0.0000000000000E+00 0.0000000000000E+00 0.0000000000000E+00
 7.5162807555126E-03 0.0000000000000E+00 0.0000000000000E+00 0.0000000000000E+00
 0.0000000000000E+00 1.1538001415242E-01 0.0000000000000E+00 0.0000000000000E+00
 0.0000000000000E+00 0.0000000000000E+00-1.5083265754862E-01 0.0000000000000E+00
 0.0000000000000E+00 0.0000000000000E+00 0.0000000000000E+00 0.0000000000000E+00
 0.0000000000000E+00 8.7845001858621E-02 0.0000000000000E+00 0.0000000000000E+00
 0.0000000000000E+00 0.0000000000000E+00 0.0000000000000E+00 0.0000000000000E+00
 1.5436611532234E-02 0.0000000000000E+00 0.0000000000000E+00 0.0000000000000E+00
 0.0000000000000E+00 0.0000000000000E+00 0.0000000000000E+00 0.0000000000000E+00
 0.0000000000000E+00 0.0000000000000E+00 0.0000000000000E+00 0.0000000000000E+00
 0.0000000000000E+00 0.0000000000000E+00 0.0000000000000E+00 0.0000000000000E+00
 0.0000000000000E+00 0.0000000000000E+00 0.0000000000000E+00 0.0000000000000E+00
 0.0000000000000E+00 0.0000000000000E+00-2.7880983942545E-02 0.0000000000000E+00
 0.0000000000000E+00 0.0000000000000E+00 0.0000000000000E+00-1.7864272012771E-01
 0.0000000000000E+00 0.0000000000000E+00 0.0000000000000E+00 0.0000000000000E+00
 2.5477518479682E-02 0.0000000000000E+00 0.0000000000000E+00 0.0000000000000E+00
 0.0000000000000E+00 0.0000000000000E+00 0.0000000000000E+00 0.0000000000000E+00
 0.0000000000000E+00-1.6311296012900E-01 0.0000000000000E+00 0.0000000000000E+00
 3.6063243834900E-01 0.0000000000000E+00 0.0000000000000E+00-8.4740874341100E-01
 0.0000000000000E+00 0.0000000000000E+00-1.8040489579900E-01 0.0000000000000E+00
 0.0000000000000E+00 0.0000000000000E+00-2.1371516605888E-01 0.0000000000000E+00
 0.0000000000000E+00 0.0000000000000E+00 0.0000000000000E+00 1.7232408119363E-01
 0.0000000000000E+00 0.0000000000000E+00 0.0000000000000E+00 0.0000000000000E+00
-1.4657071831157E+00 0.0000000000000E+00 0.0000000000000E+00 0.0000000000000E+00
 0.0000000000000E+00 4.8758513953398E-01 0.0000000000000E+00 0.0000000000000E+00
 0.0000000000000E+00 0.0000000000000E+00 0.0000000000000E+00 0.0000000000000E+00
-4.1250393730448E-01 0.0000000000000E+00 0.0000000000000E+00 0.0000000000000E+00
 0.0000000000000E+00 0.0000000000000E+00 0.0000000000000E+00-9.6332024140404E-02
 0.0000000000000E+00 0.0000000000000E+00 0.0000000000000E+00 0.0000000000000E+00
 0.0000000000000E+00 0.0000000000000E+00 0.0000000000000E+00 0.0000000000000E+00
 0.0000000000000E+00 0.0000000000000E+00 0.0000000000000E+00-3.2345506283000E-02
 0.0000000000000E+00 0.0000000000000E+00 8.4879566809400E-01 0.0000000000000E+00
 0.0000000000000E+00 2.7984725502700E-01 0.0000000000000E+00 0.0000000000000E+00
 0.0000000000000E+00-3.0090938988363E-01 0.0000000000000E+00 0.0000000000000E+00
 0.0000000000000E+00 0.0000000000000E+00-1.0432942556023E+00 0.0000000000000E+00
 0.0000000000000E+00 0.0000000000000E+00 0.0000000000000E+00 3.5051852046314E-02
 0.0000000000000E+00 0.0000000000000E+00 0.0000000000000E+00 0.0000000000000E+00
 0.0000000000000E+00 0.0000000000000E+00 0.0000000000000E+00 0.0000000000000E+00
 0.0000000000000E+00 0.0000000000000E+00 0.0000000000000E+00 1.6311296012900E-01
 0.0000000000000E+00 0.0000000000000E+00-3.6063243834900E-01 0.0000000000000E+00
 0.0000000000000E+00 8.4740874341100E-01 0.0000000000000E+00 0.0000000000000E+00
 1.8040489579900E-01 0.0000000000000E+00 0.0000000000000E+00 0.0000000000000E+00
 2.1371516605888E-01 0.0000000000000E+00 0.0000000000000E+00 0.0000000000000E+00
 0.0000000000000E+00-1.7232408119363E-01 0.0000000000000E+00 0.0000000000000E+00
 0.0000000000000E+00 0.0000000000000E+00 1.4657071831157E+00 0.0000000000000E+00
 0.0000000000000E+00 0.0000000000000E+00 0.0000000000000E+00-4.8758513953398E-01
 0.0000000000000E+00 0.0000000000000E+00 0.0000000000000E+00 0.0000000000000E+00
 0.0000000000000E+00 0.0000000000000E+00 4.1250393730448E-01 0.0000000000000E+00
 0.0000000000000E+00 0.0000000000000E+00 0.0000000000000E+00 0.0000000000000E+00
 0.0000000000000E+00 9.6332024140404E-02 0.0000000000000E+00 0.0000000000000E+00
 0.0000000000000E+00 0.0000000000000E+00 0.0000000000000E+00 0.0000000000000E+00
 0.0000000000000E+00 0.0000000000000E+00 0.0000000000000E+00 0.0000000000000E+00
 0.0000000000000E+00 3.2345506283000E-02 0.0000000000000E+00 0.0000000000000E+00
-8.4879566809400E-01 0.0000000000000E+00 0.0000000000000E+00-2.7984725502700E-01
 0.0000000000000E+00 0.0000000000000E+00 0.0000000000000E+00 3.0090938988363E-01
 0.0000000000000E+00 0.0000000000000E+00 0.0000000000000E+00 0.0000000000000E+00
 1.0432942556023E+00 0.0000000000000E+00 0.0000000000000E+00 0.0000000000000E+00
 0.0000000000000E+00-3.5051852046314E-02 0.0000000000000E+00 0.0000000000000E+00
 0.0000000000000E+00 0.0000000000000E+00 0.0000000000000E+00 0.0000000000000E+00
 0.0000000000000E+00 0.0000000000000E+00 0.0000000000000E+00 0.0000000000000E+00
 0.0000000000000E+00 0.0000000000000E+00 0.0000000000000E+00 0.0000000000000E+00
 0.0000000000000E+00 0.0000000000000E+00 0.0000000000000E+00 0.0000000000000E+00
 0.0000000000000E+00 0.0000000000000E+00 0.0000000000000E+00 0.0000000000000E+00
 0.0000000000000E+00 0.0000000000000E+00 0.0000000000000E+00 2.3395879606395E+00
 0.0000000000000E+00 0.0000000000000E+00 0.0000000000000E+00 0.0000000000000E+00
-1.8557910814970E+00 0.0000000000000E+00 0.0000000000000E+00 0.0000000000000E+00
 0.0000000000000E+00 6.4600335928397E-01 0.0000000000000E+00 0.0000000000000E+00
 0.0000000000000E+00 0.0000000000000E+00-2.3956241263174E-03 0.0000000000000E+00
 0.0000000000000E+00 0.0000000000000E+00 0.0000000000000E+00 0.0000000000000E+00
 0.0000000000000E+00-2.0502501887274E-03 0.0000000000000E+00 0.0000000000000E+00
 0.0000000000000E+00 0.0000000000000E+00 0.0000000000000E+00 0.0000000000000E+00
-3.3490881625045E-03 0.0000000000000E+00 0.0000000000000E+00 0.0000000000000E+00
 0.0000000000000E+00 0.0000000000000E+00 0.0000000000000E+00 0.0000000000000E+00
 0.0000000000000E+00 0.0000000000000E+00 0.0000000000000E+00 0.0000000000000E+00
 0.0000000000000E+00 0.0000000000000E+00 0.0000000000000E+00 0.0000000000000E+00
 0.0000000000000E+00 0.0000000000000E+00 0.0000000000000E+00 0.0000000000000E+00
 0.0000000000000E+00 0.0000000000000E+00 9.1606775343217E-02 0.0000000000000E+00
 0.0000000000000E+00 0.0000000000000E+00 0.0000000000000E+00-8.2415621812713E-02
 0.0000000000000E+00 0.0000000000000E+00 0.0000000000000E+00 0.0000000000000E+00
-9.4431283290474E-03 0.0000000000000E+00 0.0000000000000E+00 0.0000000000000E+00
 0.0000000000000E+00 0.0000000000000E+00 0.0000000000000E+00 0.0000000000000E+00
 0.0000000000000E+00 0.0000000000000E+00 0.0000000000000E+00 0.0000000000000E+00
 0.0000000000000E+00 0.0000000000000E+00 0.0000000000000E+00 0.0000000000000E+00
 0.0000000000000E+00 0.0000000000000E+00 0.0000000000000E+00 0.0000000000000E+00
 0.0000000000000E+00 0.0000000000000E+00 0.0000000000000E+00-1.1697939803197E+00
 0.0000000000000E+00 0.0000000000000E+00 0.0000000000000E+00 0.0000000000000E+00
 9.2789554074763E-01 0.0000000000000E+00 0.0000000000000E+00 0.0000000000000E+00
 0.0000000000000E+00-3.2300167964112E-01 0.0000000000000E+00 0.0000000000000E+00
 0.0000000000000E+00 0.0000000000000E+00 2.3956241265756E-03 0.0000000000000E+00
 0.0000000000000E+00 0.0000000000000E+00 0.0000000000000E+00 0.0000000000000E+00
 0.0000000000000E+00 2.0502501885983E-03 0.0000000000000E+00 0.0000000000000E+00
 0.0000000000000E+00 0.0000000000000E+00 0.0000000000000E+00 0.0000000000000E+00
 3.3490881625045E-03 0.0000000000000E+00 0.0000000000000E+00 0.0000000000000E+00
 0.0000000000000E+00 0.0000000000000E+00 0.0000000000000E+00 0.0000000000000E+00
 0.0000000000000E+00 0.0000000000000E+00 0.0000000000000E+00 0.0000000000000E+00
 0.0000000000000E+00 0.0000000000000E+00 0.0000000000000E+00 0.0000000000000E+00
 0.0000000000000E+00 0.0000000000000E+00 0.0000000000000E+00 0.0000000000000E+00
 0.0000000000000E+00 0.0000000000000E+00-4.5803387671609E-02 0.0000000000000E+00
 0.0000000000000E+00 0.0000000000000E+00 0.0000000000000E+00 4.1207810906356E-02
 0.0000000000000E+00 0.0000000000000E+00 0.0000000000000E+00 0.0000000000000E+00
 9.4431283290474E-03 0.0000000000000E+00 0.0000000000000E+00 0.0000000000000E+00
-1.1091530036900E-01 1.7801584980000E-03 4.8690149006100E-01 7.8841776452100E-01
-1.2866340996910E+00 0.0000000000000E+00 0.0000000000000E+00-7.6023274997200E-01
 0.0000000000000E+00 0.0000000000000E+00 1.7414255077920E+00 0.0000000000000E+00
 0.0000000000000E+00-1.2518792075260E+00 0.0000000000000E+00 0.0000000000000E+00
-3.6540075161000E-01 2.2771344198350E-01 0.0000000000000E+00 0.0000000000000E+00
 0.0000000000000E+00 0.0000000000000E+00 2.8842917872500E-02 0.0000000000000E+00
 0.0000000000000E+00 0.0000000000000E+00 0.0000000000000E+00-4.1515254178500E-01
 0.0000000000000E+00 0.0000000000000E+00 0.0000000000000E+00 0.0000000000000E+00
 9.9170360712200E-01 0.0000000000000E+00 0.0000000000000E+00 0.0000000000000E+00
 0.0000000000000E+00 0.0000000000000E+00 0.0000000000000E+00-8.4879044209700E-01
 0.0000000000000E+00 0.0000000000000E+00 0.0000000000000E+00 0.0000000000000E+00
 0.0000000000000E+00 0.0000000000000E+00-2.4221736533200E-01 0.0000000000000E+00
 0.0000000000000E+00 0.0000000000000E+00 0.0000000000000E+00 0.0000000000000E+00
 0.0000000000000E+00 0.0000000000000E+00 0.0000000000000E+00 5.2173431310900E-01
 7.0237592730000E-01 1.2699253594000E-01 1.6959096319600E-01 0.0000000000000E+00
 0.0000000000000E+00-5.4121216946400E-01 0.0000000000000E+00 0.0000000000000E+00
 6.1444096325500E-01 0.0000000000000E+00 0.0000000000000E+00-4.6971008478000E-02
-1.8161614407900E-01 0.0000000000000E+00 0.0000000000000E+00 0.0000000000000E+00
 0.0000000000000E+00-2.6196962206450E-01 0.0000000000000E+00 0.0000000000000E+00
 0.0000000000000E+00 0.0000000000000E+00 5.0291916493600E-01 0.0000000000000E+00
 0.0000000000000E+00 0.0000000000000E+00 0.0000000000000E+00 0.0000000000000E+00
 0.0000000000000E+00 0.0000000000000E+00 0.0000000000000E+00 0.0000000000000E+00
 0.0000000000000E+00 0.0000000000000E+00 0.0000000000000E+00 3.3526811187000E-02
 0.0000000000000E+00 0.0000000000000E+00 9.2347687431000E-02 0.0000000000000E+00
 0.0000000000000E+00-1.2533810696490E+00 0.0000000000000E+00 0.0000000000000E+00
-1.0854885515000E-02 0.0000000000000E+00 0.0000000000000E+00 0.0000000000000E+00
 2.3592505121300E+00 0.0000000000000E+00 0.0000000000000E+00 0.0000000000000E+00
 0.0000000000000E+00-2.6893468971693E+00 0.0000000000000E+00 0.0000000000000E+00
 0.0000000000000E+00 0.0000000000000E+00-8.7423804841117E-01 0.0000000000000E+00
 0.0000000000000E+00 0.0000000000000E+00 0.0000000000000E+00 3.2448567143902E-02
 0.0000000000000E+00 0.0000000000000E+00 0.0000000000000E+00 0.0000000000000E+00
 0.0000000000000E+00 0.0000000000000E+00-3.4837886291632E-01 0.0000000000000E+00
 0.0000000000000E+00 0.0000000000000E+00 0.0000000000000E+00 0.0000000000000E+00
 0.0000000000000E+00-1.6656574264638E-01 0.0000000000000E+00 0.0000000000000E+00
 0.0000000000000E+00 0.0000000000000E+00 0.0000000000000E+00 0.0000000000000E+00
 0.0000000000000E+00 0.0000000000000E+00 0.0000000000000E+00 0.0000000000000E+00
 0.0000000000000E+00-1.0208136144200E-01 0.0000000000000E+00 0.0000000000000E+00
 1.2805983436130E+00 0.0000000000000E+00 0.0000000000000E+00 1.2570762782500E-01
 0.0000000000000E+00 0.0000000000000E+00 0.0000000000000E+00-1.1331840500972E+00
 0.0000000000000E+00 0.0000000000000E+00 0.0000000000000E+00 0.0000000000000E+00
-1.4457292667544E+00 0.0000000000000E+00 0.0000000000000E+00 0.0000000000000E+00
 0.0000000000000E+00 2.9380294708493E-01 0.0000000000000E+00 0.0000000000000E+00
 0.0000000000000E+00 0.0000000000000E+00 0.0000000000000E+00 0.0000000000000E+00
 0.0000000000000E+00 0.0000000000000E+00 0.0000000000000E+00 3.3526811187000E-02
 0.0000000000000E+00 0.0000000000000E+00 9.2347687431000E-02 0.0000000000000E+00
 0.0000000000000E+00-1.2533810696490E+00 0.0000000000000E+00 0.0000000000000E+00
-1.0854885515000E-02 0.0000000000000E+00 0.0000000000000E+00 0.0000000000000E+00
 2.3592505121300E+00 0.0000000000000E+00 0.0000000000000E+00 0.0000000000000E+00
 0.0000000000000E+00-2.6893468971693E+00 0.0000000000000E+00 0.0000000000000E+00
 0.0000000000000E+00 0.0000000000000E+00-8.7423804841117E-01 0.0000000000000E+00
 0.0000000000000E+00 0.0000000000000E+00 0.0000000000000E+00 3.2448567143902E-02
 0.0000000000000E+00 0.0000000000000E+00 0.0000000000000E+00 0.0000000000000E+00
 0.0000000000000E+00 0.0000000000000E+00-3.4837886291632E-01 0.0000000000000E+00
 0.0000000000000E+00 0.0000000000000E+00 0.0000000000000E+00 0.0000000000000E+00
 0.0000000000000E+00-1.6656574264638E-01 0.0000000000000E+00 0.0000000000000E+00
 0.0000000000000E+00 0.0000000000000E+00 0.0000000000000E+00 0.0000000000000E+00
 0.0000000000000E+00 0.0000000000000E+00 0.0000000000000E+00 0.0000000000000E+00
 0.0000000000000E+00-1.0208136144200E-01 0.0000000000000E+00 0.0000000000000E+00
 1.2805983436130E+00 0.0000000000000E+00 0.0000000000000E+00 1.2570762782500E-01
 0.0000000000000E+00 0.0000000000000E+00 0.0000000000000E+00-1.1331840500972E+00
 0.0000000000000E+00 0.0000000000000E+00 0.0000000000000E+00 0.0000000000000E+00
-1.4457292667544E+00 0.0000000000000E+00 0.0000000000000E+00 0.0000000000000E+00
 0.0000000000000E+00 2.9380294708493E-01 0.0000000000000E+00 0.0000000000000E+00
 0.0000000000000E+00 0.0000000000000E+00 0.0000000000000E+00 3.0141338978000E-02
 1.5878975119900E-01 2.1946263891800E+00-6.6649247792970E+00-3.9082385924570E+00
 0.0000000000000E+00 0.0000000000000E+00 4.6210579500300E-01 0.0000000000000E+00
 0.0000000000000E+00-4.5501875838600E-01 0.0000000000000E+00 0.0000000000000E+00
-5.9671129807940E+00 0.0000000000000E+00 0.0000000000000E+00-1.0720887877200E+00
 7.1592799888450E-01 0.0000000000000E+00 0.0000000000000E+00 0.0000000000000E+00
 0.0000000000000E+00-1.2868098413015E+00 0.0000000000000E+00 0.0000000000000E+00
 0.0000000000000E+00 0.0000000000000E+00-8.8553796485550E-01 0.0000000000000E+00
 0.0000000000000E+00 0.0000000000000E+00 0.0000000000000E+00-2.4114528225700E-01
 0.0000000000000E+00 0.0000000000000E+00 0.0000000000000E+00 0.0000000000000E+00
 0.0000000000000E+00 0.0000000000000E+00-1.1378738013600E+00 0.0000000000000E+00
 0.0000000000000E+00 0.0000000000000E+00 0.0000000000000E+00 0.0000000000000E+00
 0.0000000000000E+00-5.1544717701400E-01 0.0000000000000E+00 0.0000000000000E+00
 0.0000000000000E+00 0.0000000000000E+00 0.0000000000000E+00 0.0000000000000E+00
 0.0000000000000E+00 0.0000000000000E+00-9.8507972641100E-01 6.3810153086990E+00
 4.0816614155010E+00-1.0575568084500E-01 0.0000000000000E+00 0.0000000000000E+00
-5.3511733968700E-01 0.0000000000000E+00 0.0000000000000E+00-4.8290476059320E+00
 0.0000000000000E+00 0.0000000000000E+00-1.7207735534750E+00 6.4755171506100E-01
 0.0000000000000E+00 0.0000000000000E+00 0.0000000000000E+00 0.0000000000000E+00
 7.1980060387950E-01 0.0000000000000E+00 0.0000000000000E+00 0.0000000000000E+00
 0.0000000000000E+00-5.2812152606400E-01 0.0000000000000E+00 0.0000000000000E+00
 0.0000000000000E+00 0.0000000000000E+00 0.0000000000000E+00 0.0000000000000E+00
 1.1780951775011E+01 1.2640046588470E+01 2.9573978241530E+00-3.1912905374640E+00
-8.2080722968400E-01 0.0000000000000E+00 0.0000000000000E+00-8.3510265722000E-02
 0.0000000000000E+00 0.0000000000000E+00 4.8704863765600E-01 0.0000000000000E+00
 0.0000000000000E+00-2.1593027561170E+00 0.0000000000000E+00 0.0000000000000E+00
-3.6605387045600E-01 6.7376194915000E-02 0.0000000000000E+00 0.0000000000000E+00
 0.0000000000000E+00 0.0000000000000E+00-1.4283277546450E-01 0.0000000000000E+00
 0.0000000000000E+00 0.0000000000000E+00 0.0000000000000E+00-4.8412437934900E-01
 0.0000000000000E+00 0.0000000000000E+00 0.0000000000000E+00 0.0000000000000E+00
 8.2685535474000E-02 0.0000000000000E+00 0.0000000000000E+00 0.0000000000000E+00
 0.0000000000000E+00 0.0000000000000E+00 0.0000000000000E+00-4.7451363086400E-01
 0.0000000000000E+00 0.0000000000000E+00 0.0000000000000E+00 0.0000000000000E+00
 0.0000000000000E+00 0.0000000000000E+00-1.0044464302600E-01 0.0000000000000E+00
 0.0000000000000E+00 0.0000000000000E+00 0.0000000000000E+00 0.0000000000000E+00
 0.0000000000000E+00 0.0000000000000E+00 0.0000000000000E+00-1.5532201065200E-01
 2.1145202324880E+00 1.1207498633840E+00-1.3039801849700E-01 0.0000000000000E+00
 0.0000000000000E+00-1.7504372214000E-01 0.0000000000000E+00 0.0000000000000E+00
-1.3285810516420E+00 0.0000000000000E+00 0.0000000000000E+00-3.4440255088700E-01
 8.5649164526500E-02 0.0000000000000E+00 0.0000000000000E+00 0.0000000000000E+00
 0.0000000000000E+00 9.9897043023500E-02 0.0000000000000E+00 0.0000000000000E+00
 0.0000000000000E+00 0.0000000000000E+00 1.3288416100800E-01 0.0000000000000E+00
 0.0000000000000E+00 0.0000000000000E+00 0.0000000000000E+00 0.0000000000000E+00
 0.0000000000000E+00

EIGENVALUES
-----------
k 1 0.00000000 0.00000000 0.00000000
-2.6291301824915E+01-1.5988083726928E+00-7.6585297646719E-01-6.4797963751609E-01
-6.4797963751608E-01 1.1734833864395E-01 4.6540413275640E-01 5.5610542405369E-01
 6.3587138357101E-01 6.3587138357101E-01 7.3975423233105E-01 7.3975423233106E-01
 9.5596470346946E-01 1.2327069114898E+00 1.4192488747186E+00 1.5632864567992E+00
 1.5632864568087E+00 1.8595339526426E+00 1.8595339526426E+00 2.2003393205731E+00
 2.2722003849372E+00 2.2722003849386E+00 2.3776427085600E+00 2.3776427085600E+00
 2.6168005475423E+00 2.7823383632754E+00 2.7823383632754E+00 3.4479264151606E+00
 3.5322983052008E+00 3.5322983052008E+00 3.9316142985574E+00 4.5084273469382E+00
 4.5084273469382E+00 4.7558482937459E+00 4.7626391227667E+00 4.7626391227671E+00
 5.3086757698079E+00 5.3086757698079E+00 5.4346381372293E+00 5.4346381372501E+00
 5.6677334803712E+00 5.8326629866360E+00 5.8326629866360E+00 6.0718828250758E+00
 6.1253033042827E+00 6.1253033042828E+00 7.1323869600295E+00 7.1323869600296E+00
 7.4973231770950E+00 7.4973231770950E+00 7.5717717993325E+00 8.0326969823938E+00
 8.0326969823939E+00 8.0744068178317E+00 8.0744068178322E+00 8.3875624509659E+00
 9.6231508856014E+00 9.6302891428345E+00 9.6302891428346E+00 1.1666313625537E+01
 1.1989235189659E+01 1.1989235189659E+01 1.2106314986853E+01 1.2106314986853E+01
 1.2981614794380E+01 1.2981614794383E+01 1.3069114751855E+01 1.3069114751855E+01
 1.3742830333461E+01 1.4007295727251E+01 1.4007295727251E+01 1.4631923327005E+01
 1.5268356921187E+01 1.5268356921187E+01 1.5532129918306E+01 1.5532129918306E+01
 1.6033323185248E+01 1.6033323185248E+01 1.6525607790308E+01 1.6525607790311E+01
 1.7003620189586E+01 1.7862691896597E+01 1.7862691896597E+01 2.0040307679208E+01
 5.5262876741141E+01
