TITLE
 generated from Orca output data.
BASIC_INFO
----------
Generated by:
 molden2qmc version: 4.0.5
Method:

DFT Functional:

Periodicity:
         0
Spin unrestricted:
    .true.
nuclear-nuclear repulsion energy (au/atom):
 0.0000000000000E+00
Number of electrons per primitive cell:
         6

GEOMETRY
--------
Number of atoms:
         1
Atomic positions (au):
 0.0000000000000E+00 0.0000000000000E+00 0.0000000000000E+00
Atomic numbers for each atom:
         6
Valence charges for each atom:
 6.0000000000000E+00

BASIS SET
---------
Number of Gaussian centres
         1
Number of shells per primitive cell
        15
Number of basis functions ('AO') per primitive cell
        55
Number of Gaussian primitives per primitive cell
        33
Highest shell angular momentum (s/p/d/f... 1/2/3/4...)
         5
Code for shell types (s/sp/p/d/f... 1/2/3/4/5...)
         1         1         1         1         1         3         3         3
         3         4         4         4         5         5         6
Number of primitive Gaussians in each shell
         9         9         1         1         1         3         1         1
         1         1         1         1         1         1         1
Sequence number of first shell on each centre
         1        16
Exponents of Gaussian primitives
 3.3980000000000E+04 5.0890000000000E+03 1.1570000000000E+03 3.2660000000000E+02
 1.0610000000000E+02 3.8110000000000E+01 1.4750000000000E+01 6.0350000000000E+00
 2.5300000000000E+00 3.3980000000000E+04 5.0890000000000E+03 1.1570000000000E+03
 3.2660000000000E+02 1.0610000000000E+02 3.8110000000000E+01 1.4750000000000E+01
 6.0350000000000E+00 2.5300000000000E+00 7.3550000000000E-01 2.9050000000000E-01
 1.1110000000000E-01 3.4510000000000E+01 7.9150000000000E+00 2.3680000000000E+00
 8.1320000000000E-01 2.8900000000000E-01 1.0070000000000E-01 1.8480000000000E+00
 6.4900000000000E-01 2.2800000000000E-01 1.4190000000000E+00 4.8500000000000E-01
 1.0110000000000E+00
Normalized contraction coefficients
 1.6345072610000E-01 3.0442122430000E-01 5.2578386900000E-01 8.4689834070000E-01
 1.2557643734000E+00 1.6186445796000E+00 1.6508946063000E+00 1.1035299844000E+00
 3.1248567480000E-01-9.9371899100000E-02-1.9012697710000E-01-3.2543340760000E-01
-5.3366117510000E-01-7.9529779190000E-01-1.0949380078000E+00-1.2138132005000E+00
-1.1385061172000E+00-4.9474883370000E-01 5.6603997100000E-01 2.8201336770000E-01
 1.3714994460000E-01 3.7780189504000E+00 4.0287265029000E+00 3.5154650741000E+00
 1.1007452001000E+00 3.0203856020000E-01 8.0858731900000E-02 4.8210085116501E+00
 7.7239183749914E-01 1.2382132254020E-01 3.2353020987478E+00 2.8898370952098E-01
 1.1468354346880E+00
Position of each shell (au)
 0.0000000000000E+00 0.0000000000000E+00 0.0000000000000E+00
 0.0000000000000E+00 0.0000000000000E+00 0.0000000000000E+00
 0.0000000000000E+00 0.0000000000000E+00 0.0000000000000E+00
 0.0000000000000E+00 0.0000000000000E+00 0.0000000000000E+00
 0.0000000000000E+00 0.0000000000000E+00 0.0000000000000E+00
 0.0000000000000E+00 0.0000000000000E+00 0.0000000000000E+00
 0.0000000000000E+00 0.0000000000000E+00 0.0000000000000E+00
 0.0000000000000E+00 0.0000000000000E+00 0.0000000000000E+00
 0.0000000000000E+00 0.0000000000000E+00 0.0000000000000E+00
 0.0000000000000E+00 0.0000000000000E+00 0.0000000000000E+00
 0.0000000000000E+00 0.0000000000000E+00 0.0000000000000E+00
 0.0000000000000E+00 0.0000000000000E+00 0.0000000000000E+00
 0.0000000000000E+00 0.0000000000000E+00 0.0000000000000E+00
 0.0000000000000E+00 0.0000000000000E+00 0.0000000000000E+00
 0.0000000000000E+00 0.0000000000000E+00 0.0000000000000E+00

MULTIDETERMINANT INFORMATION
----------------------------
GS

ORBITAL COEFFICIENTS
------------------------
-9.9033190960700E-01 1.2698094940000E-03-1.9101178270000E-02 3.5814865750000E-03
-1.4032959650000E-03 0.0000000000000E+00 0.0000000000000E+00 0.0000000000000E+00
 0.0000000000000E+00 0.0000000000000E+00 0.0000000000000E+00 0.0000000000000E+00
 0.0000000000000E+00 0.0000000000000E+00 0.0000000000000E+00 0.0000000000000E+00
 0.0000000000000E+00 1.0013291900000E-04-1.3557057851530E-05 1.2768621620888E-03
-3.2552124166114E-04-1.3826419464920E-05 8.0084212500000E-05-1.0842650179737E-05
 1.0212076263991E-03-2.6034507390284E-04-1.1058080927131E-05 1.2913368500000E-05
-1.7483494056681E-06 1.6466704368813E-04-4.1979958776185E-05-1.7830856846139E-06
 0.0000000000000E+00 0.0000000000000E+00 0.0000000000000E+00 0.0000000000000E+00
 0.0000000000000E+00 0.0000000000000E+00 0.0000000000000E+00 0.0000000000000E+00
 0.0000000000000E+00 0.0000000000000E+00 0.0000000000000E+00 0.0000000000000E+00
 0.0000000000000E+00 0.0000000000000E+00 2.8677100000000E-07 3.9813075741520E-10
-3.7486904294700E-08 3.5939426175163E-08 7.6324453631993E-10-2.3542019508523E-10
 7.3885247738456E-09-9.4159339814516E-10-4.0011011009273E-11-1.0968906530000E-03
-3.5303566993900E-01-2.8643472328200E-01-6.1859072640500E-01-2.3901525687200E-01
 0.0000000000000E+00 0.0000000000000E+00 0.0000000000000E+00 0.0000000000000E+00
 0.0000000000000E+00 0.0000000000000E+00 0.0000000000000E+00 0.0000000000000E+00
 0.0000000000000E+00 0.0000000000000E+00 0.0000000000000E+00 0.0000000000000E+00
 6.9903878400000E-04-9.4643291803945E-05 8.9139134311371E-03-2.2724991387664E-03
-9.6523730868300E-05 2.0598150480000E-03-2.7887962575301E-04 2.6266086293309E-02
-6.6962349310523E-03-2.8442060524279E-04 2.8003961875000E-03-3.7914736284310E-04
 3.5709734222413E-02-9.1037837539722E-03-3.8668053158329E-04 0.0000000000000E+00
 0.0000000000000E+00 0.0000000000000E+00 0.0000000000000E+00 0.0000000000000E+00
 0.0000000000000E+00 0.0000000000000E+00 0.0000000000000E+00 0.0000000000000E+00
 0.0000000000000E+00 0.0000000000000E+00 0.0000000000000E+00 0.0000000000000E+00
 0.0000000000000E+00-2.8281798000000E-05-3.9253036367904E-08 3.6970222910083E-06
-3.5444003699424E-06-7.5273650753766E-08 2.3216817724400E-08-7.2866727702869E-07
 9.2861697014758E-08 3.9460533871359E-09 0.0000000000000E+00 0.0000000000000E+00
 0.0000000000000E+00 0.0000000000000E+00 0.0000000000000E+00-9.3799576267000E-02
 9.9164237739000E-02-1.0215020585300E-01-1.9023081566000E-01 2.0111065081500E-01
-2.0716636207300E-01-2.5624536755200E-01 2.7090076052000E-01-2.7905794552400E-01
-1.3338052322200E-01 1.4100893032500E-01-1.4525489822100E-01 0.0000000000000E+00
 0.0000000000000E+00 0.0000000000000E+00 0.0000000000000E+00 0.0000000000000E+00
 0.0000000000000E+00 0.0000000000000E+00 0.0000000000000E+00 0.0000000000000E+00
 0.0000000000000E+00 0.0000000000000E+00 0.0000000000000E+00 0.0000000000000E+00
 0.0000000000000E+00 0.0000000000000E+00 1.4039936300000E-04 2.0630886962842E-05
 5.7915297427950E-05 7.2752303537767E-06 1.4799533944841E-05-3.8598720010406E-06
 3.9108491818335E-06 8.2223199400000E-04 1.2082230916539E-04 3.3917397672220E-04
 4.2606511763493E-05 8.6671691560128E-05-2.2604876457789E-05 2.2903418184604E-05
 0.0000000000000E+00 0.0000000000000E+00 0.0000000000000E+00 0.0000000000000E+00
 0.0000000000000E+00 0.0000000000000E+00 0.0000000000000E+00 0.0000000000000E+00
 0.0000000000000E+00 0.0000000000000E+00 0.0000000000000E+00 0.0000000000000E+00
 0.0000000000000E+00 0.0000000000000E+00 1.4236059890200E-01 6.6443220917000E-02
-6.6221819550000E-02 2.8871530048000E-01 1.3475058857600E-01-1.3430157415200E-01
 3.8890627700100E-01 1.8151220125700E-01-1.8090736830300E-01 2.0243301647200E-01
 9.4480507516000E-02-9.4165680611000E-02 0.0000000000000E+00 0.0000000000000E+00
 0.0000000000000E+00 0.0000000000000E+00 0.0000000000000E+00 0.0000000000000E+00
 0.0000000000000E+00 0.0000000000000E+00 0.0000000000000E+00 0.0000000000000E+00
 0.0000000000000E+00 0.0000000000000E+00 0.0000000000000E+00 0.0000000000000E+00
 0.0000000000000E+00 9.1017940000000E-05-3.3166016407847E-05 3.7051119429012E-05
 5.3974647271516E-06-2.2476001113003E-05 5.6727378473500E-06 2.7957932383234E-06
 5.3303562400000E-04-1.9423278844165E-04 2.1698542791042E-04 3.1609603516597E-05
-1.3162799873622E-04 3.3221707196454E-05 1.6373226905037E-05 0.0000000000000E+00
 0.0000000000000E+00 0.0000000000000E+00 0.0000000000000E+00 0.0000000000000E+00
 0.0000000000000E+00 0.0000000000000E+00 0.0000000000000E+00 0.0000000000000E+00
 0.0000000000000E+00 0.0000000000000E+00 0.0000000000000E+00 0.0000000000000E+00
 0.0000000000000E+00-8.5949124800000E-04 8.0950593553000E-02 7.9373543610000E-02
-1.9144087560000E-03 1.8030727526800E-01 1.7679459468500E-01-2.0378646000000E-03
 1.9193487930300E-01 1.8819567397900E-01-4.5531491360000E-03 4.2883522764700E-01
 4.2048081612800E-01 0.0000000000000E+00 0.0000000000000E+00 0.0000000000000E+00
 0.0000000000000E+00 0.0000000000000E+00 0.0000000000000E+00 0.0000000000000E+00
 0.0000000000000E+00 0.0000000000000E+00 0.0000000000000E+00 0.0000000000000E+00
 0.0000000000000E+00 0.0000000000000E+00 0.0000000000000E+00 0.0000000000000E+00
 1.1280142500000E-04 1.6128624386527E-06-1.5190632951058E-04 5.2337872611432E-05
 1.1115178184837E-06-2.8338993692886E-07 8.8942870790909E-06 2.1734442300000E-04
 3.1076435500199E-06-2.9269128197507E-04 1.0084398113471E-04 2.1416592219851E-06
-5.4603227553861E-07 1.7137405004820E-05 0.0000000000000E+00 0.0000000000000E+00
 0.0000000000000E+00 0.0000000000000E+00 0.0000000000000E+00 0.0000000000000E+00
 0.0000000000000E+00 0.0000000000000E+00 0.0000000000000E+00 7.5415368565000E-02
-8.6607728128000E-02 2.1059048908500E-01-1.9886262277200E+00 2.0115332467190E+00
 0.0000000000000E+00 0.0000000000000E+00 0.0000000000000E+00 0.0000000000000E+00
 0.0000000000000E+00 0.0000000000000E+00 0.0000000000000E+00 0.0000000000000E+00
 0.0000000000000E+00 0.0000000000000E+00 0.0000000000000E+00 0.0000000000000E+00
 3.9326144000000E-04-5.3243908664228E-05 5.0147409718260E-03-1.2784502145223E-03
-5.4301796800069E-05-3.9129783200000E-04 5.2978054453724E-05-4.9897016884456E-03
 1.2720667386730E-03 5.4030659834601E-05 2.9066007860000E-03-3.9352646932841E-04
 3.7064020455097E-02-9.4490433660960E-03-4.0134533118905E-04 0.0000000000000E+00
 0.0000000000000E+00 0.0000000000000E+00 0.0000000000000E+00 0.0000000000000E+00
 0.0000000000000E+00 0.0000000000000E+00 0.0000000000000E+00 0.0000000000000E+00
 0.0000000000000E+00 0.0000000000000E+00 0.0000000000000E+00 0.0000000000000E+00
 0.0000000000000E+00-1.5040514000000E-05-2.0875143518070E-08 1.9661097690166E-06
-1.8849439622341E-06-4.0031206967190E-08 1.2346910739193E-08-3.8751180055347E-07
 4.9384680235036E-08 2.0985461862994E-09 0.0000000000000E+00 0.0000000000000E+00
 0.0000000000000E+00 0.0000000000000E+00 0.0000000000000E+00 9.2616053048000E-02
 5.8212822840000E-02-5.8366549653000E-02 5.9324888660000E-02 3.7288019948000E-02
-3.7386489120000E-02 6.4546874767200E-01 4.0570243084500E-01-4.0677379860600E-01
-1.0121839214440E+00-6.3619730447500E-01 6.3787735672400E-01 0.0000000000000E+00
 0.0000000000000E+00 0.0000000000000E+00 0.0000000000000E+00 0.0000000000000E+00
 0.0000000000000E+00 0.0000000000000E+00 0.0000000000000E+00 0.0000000000000E+00
 0.0000000000000E+00 0.0000000000000E+00 0.0000000000000E+00 0.0000000000000E+00
 0.0000000000000E+00 0.0000000000000E+00-2.5579518200000E-04 6.9209045883727E-05
-1.0438262081044E-04-1.4817713857767E-05 4.6628118909120E-05-1.1726856236282E-05
-7.7229261493859E-06 5.1484579500000E-04-1.3929889561910E-04 2.1009368972302E-04
 2.9824008567739E-05-9.3849660586827E-05 2.3602956851895E-05 1.5544139788592E-05
 0.0000000000000E+00 0.0000000000000E+00 0.0000000000000E+00 0.0000000000000E+00
 0.0000000000000E+00 0.0000000000000E+00 0.0000000000000E+00 0.0000000000000E+00
 0.0000000000000E+00 0.0000000000000E+00 0.0000000000000E+00 0.0000000000000E+00
 0.0000000000000E+00 0.0000000000000E+00-8.2428777463000E-02 6.4397768894000E-02
-6.6569844156000E-02-5.2799464936000E-02 4.1249765498000E-02-4.2641080706000E-02
-5.7447060212800E-01 4.4880715462100E-01-4.6394499145900E-01 9.0084904794000E-01
-7.0379144981800E-01 7.2752966349200E-01 0.0000000000000E+00 0.0000000000000E+00
 0.0000000000000E+00 0.0000000000000E+00 0.0000000000000E+00 0.0000000000000E+00
 0.0000000000000E+00 0.0000000000000E+00 0.0000000000000E+00 0.0000000000000E+00
 0.0000000000000E+00 0.0000000000000E+00 0.0000000000000E+00 0.0000000000000E+00
 0.0000000000000E+00-2.9174665100000E-04-5.8429286108127E-05-1.2051185185393E-04
-1.4890070352735E-05-4.1474347070791E-05 1.0753677250315E-05-8.0395773970861E-06
 5.8720627800000E-04 1.1760218504638E-04 2.4255742394941E-04 2.9969642294915E-05
 8.3476526388008E-05-2.1644213450574E-05 1.6181472185234E-05 0.0000000000000E+00
 0.0000000000000E+00 0.0000000000000E+00 0.0000000000000E+00 0.0000000000000E+00
 0.0000000000000E+00 0.0000000000000E+00 0.0000000000000E+00 0.0000000000000E+00
 0.0000000000000E+00 0.0000000000000E+00 0.0000000000000E+00 0.0000000000000E+00
 0.0000000000000E+00-1.1656503420000E-03 1.0978597779900E-01 1.0764716741600E-01
-8.8874538000000E-04 8.3705873844000E-02 8.2075146535000E-02-8.0164693060000E-03
 7.5502566182600E-01 7.4031652722300E-01 9.5592373300000E-03-9.0033020972700E-01
-8.8279030491100E-01 0.0000000000000E+00 0.0000000000000E+00 0.0000000000000E+00
 0.0000000000000E+00 0.0000000000000E+00 0.0000000000000E+00 0.0000000000000E+00
 0.0000000000000E+00 0.0000000000000E+00 0.0000000000000E+00 0.0000000000000E+00
 0.0000000000000E+00 0.0000000000000E+00 0.0000000000000E+00 0.0000000000000E+00
-1.0191804100000E-04-1.4572492130317E-06 1.3724999991958E-04-4.7288174419687E-05
-1.0042756842238E-06 2.5604772477724E-07-8.0361424256824E-06 3.3118316300000E-04
 4.7353376490651E-06-4.4599453262405E-04 1.5366314951568E-04 3.2633984890167E-06
-8.3202824548722E-07 2.6113483446908E-05 0.0000000000000E+00 0.0000000000000E+00
 0.0000000000000E+00 0.0000000000000E+00 0.0000000000000E+00 0.0000000000000E+00
 0.0000000000000E+00 0.0000000000000E+00 0.0000000000000E+00 0.0000000000000E+00
 0.0000000000000E+00 0.0000000000000E+00 0.0000000000000E+00 0.0000000000000E+00
 0.0000000000000E+00 0.0000000000000E+00 0.0000000000000E+00 0.0000000000000E+00
 0.0000000000000E+00 0.0000000000000E+00 0.0000000000000E+00 0.0000000000000E+00
 0.0000000000000E+00 0.0000000000000E+00 0.0000000000000E+00 0.0000000000000E+00
-3.5539699400000E-04-7.0300001600362E-02 6.4748430709958E-04 3.0682369603576E-04
 6.8944504835636E-02 7.3108223350000E-04 1.4461315963391E-01-1.3319310010531E-03
-6.3116277578164E-04-1.4182478601236E-01-6.6301676310000E-03-1.3114933529498E+00
 1.2079251016525E-02 5.7240004073066E-03 1.2862056579662E+00 0.0000000000000E+00
 0.0000000000000E+00 0.0000000000000E+00 0.0000000000000E+00 0.0000000000000E+00
 0.0000000000000E+00 0.0000000000000E+00 0.0000000000000E+00 0.0000000000000E+00
 0.0000000000000E+00 0.0000000000000E+00 0.0000000000000E+00 0.0000000000000E+00
 0.0000000000000E+00-1.9478827000000E-05-1.9259284523661E-04-3.8331905995107E-06
 5.9125170312499E-07-4.0629411500084E-05-6.2173571921229E-06 5.8742836725368E-08
 4.0730342924328E-08-3.3021689276641E-06 0.0000000000000E+00 0.0000000000000E+00
 0.0000000000000E+00 0.0000000000000E+00 0.0000000000000E+00 0.0000000000000E+00
 0.0000000000000E+00 0.0000000000000E+00 0.0000000000000E+00 0.0000000000000E+00
 0.0000000000000E+00 0.0000000000000E+00 0.0000000000000E+00 0.0000000000000E+00
 0.0000000000000E+00 0.0000000000000E+00 0.0000000000000E+00 1.2547450924500E-02
-1.4683261275515E-03-4.9227614167207E-02-3.6683834011592E-02 3.9429644039056E-04
-2.5811187513500E-02 3.0204733401228E-03 1.0126544329851E-01 7.5461806871853E-02
-8.1110174531883E-04 2.3408105418250E-01-2.7392601879615E-02-9.1837393017799E-01
-6.8436135663206E-01 7.3558627000573E-03 0.0000000000000E+00 0.0000000000000E+00
 0.0000000000000E+00 0.0000000000000E+00 0.0000000000000E+00 0.0000000000000E+00
 0.0000000000000E+00 0.0000000000000E+00 0.0000000000000E+00 0.0000000000000E+00
 0.0000000000000E+00 0.0000000000000E+00 0.0000000000000E+00 0.0000000000000E+00
 6.8770875500000E-04-6.1258757395037E-06 6.3073104715726E-05 9.6094059823823E-06
-9.4707444256736E-07 1.1275709010601E-07-9.0642723561398E-06 3.5137578239536E-06
 5.5732725400679E-08 0.0000000000000E+00 0.0000000000000E+00 0.0000000000000E+00
 0.0000000000000E+00 0.0000000000000E+00 0.0000000000000E+00 0.0000000000000E+00
 0.0000000000000E+00 0.0000000000000E+00 0.0000000000000E+00 0.0000000000000E+00
 0.0000000000000E+00 0.0000000000000E+00 0.0000000000000E+00 0.0000000000000E+00
 0.0000000000000E+00 0.0000000000000E+00-4.1310514700000E-04-6.7665941642038E-02
-7.5104838282769E-04 3.1970797252608E-04-6.9020492597903E-02 9.9410137900000E-04
 1.6283216602108E-01 1.8073321962153E-03-7.6934925417712E-04 1.6609177433587E-01
-7.9272496170000E-03-1.2984704102524E+00-1.4412185479153E-02 6.1350116844522E-03
-1.3244634621654E+00 0.0000000000000E+00 0.0000000000000E+00 0.0000000000000E+00
 0.0000000000000E+00 0.0000000000000E+00 0.0000000000000E+00 0.0000000000000E+00
 0.0000000000000E+00 0.0000000000000E+00 0.0000000000000E+00 0.0000000000000E+00
 0.0000000000000E+00 0.0000000000000E+00 0.0000000000000E+00-4.0256090000000E-06
-3.2899999361365E-05-6.9031234274468E-06 1.6968536756692E-06-6.3209500078811E-05
 1.9499343818600E-05 4.6868752447885E-07-1.0110796567947E-07 3.3142001985298E-06
 0.0000000000000E+00 0.0000000000000E+00 0.0000000000000E+00 0.0000000000000E+00
 0.0000000000000E+00 0.0000000000000E+00 0.0000000000000E+00 0.0000000000000E+00
 0.0000000000000E+00 0.0000000000000E+00 0.0000000000000E+00 0.0000000000000E+00
 0.0000000000000E+00 0.0000000000000E+00 0.0000000000000E+00 0.0000000000000E+00
 0.0000000000000E+00-2.4159833976500E-02 1.1772597905844E-03-1.8944514471868E-03
-2.4166916134956E-02 1.5391994728734E-04 5.8138525847000E-02-2.8329726463898E-03
 4.5588315940241E-03 5.8155568440503E-02-3.7039488056385E-04-4.6361328570650E-01
 2.2590936696552E-02-3.6353431116365E-02-4.6374918824029E-01 2.9536350427160E-03
 0.0000000000000E+00 0.0000000000000E+00 0.0000000000000E+00 0.0000000000000E+00
 0.0000000000000E+00 0.0000000000000E+00 0.0000000000000E+00 0.0000000000000E+00
 0.0000000000000E+00 0.0000000000000E+00 0.0000000000000E+00 0.0000000000000E+00
 0.0000000000000E+00 0.0000000000000E+00-2.3543171000000E-04 4.6328525115090E-06
-3.8324044066879E-04 2.0697244507930E-05 1.5209799974281E-06-4.9264693773823E-08
-8.9262029137501E-06 2.3214895891421E-06 4.1906635659012E-08-3.5021743510000E-03
 1.0484331359000E-02-1.0206947490000E-03 7.5012736278000E-02-4.1276575723000E-02
 0.0000000000000E+00 0.0000000000000E+00 0.0000000000000E+00 0.0000000000000E+00
 0.0000000000000E+00 0.0000000000000E+00 0.0000000000000E+00 0.0000000000000E+00
 0.0000000000000E+00 0.0000000000000E+00 0.0000000000000E+00 0.0000000000000E+00
 6.4955673390000E-03-8.7943885730351E-04 8.2829345487485E-02-2.1116383702587E-02
-8.9691217382965E-04-1.6597417332500E-02 2.2471345424694E-03-2.1164482526268E-01
 5.3956400507485E-02 2.2917822084975E-03 1.2632749418850E-01-1.7103557152334E-02
 1.6108867963055E+00-4.1067695865424E-01-1.7443382773746E-02 0.0000000000000E+00
 0.0000000000000E+00 0.0000000000000E+00 0.0000000000000E+00 0.0000000000000E+00
 0.0000000000000E+00 0.0000000000000E+00 0.0000000000000E+00 0.0000000000000E+00
 0.0000000000000E+00 0.0000000000000E+00 0.0000000000000E+00 0.0000000000000E+00
 0.0000000000000E+00-6.1920041700000E-04-8.5940461023758E-07 8.0942443866985E-05
-7.7600943074795E-05-1.6480385974016E-06 5.0830777916062E-07-1.5953408784163E-05
 2.0331097800653E-06 8.6394703430714E-08 0.0000000000000E+00 0.0000000000000E+00
 0.0000000000000E+00 0.0000000000000E+00 0.0000000000000E+00-1.5299230561500E-01
-7.2192209012000E-02 7.1969907879000E-02-1.0769615438660E+00-5.0818394140800E-01
 5.0661909296700E-01 1.5851664614180E+00 7.4798969818300E-01-7.4568641699400E-01
-6.6560595893300E-01-3.1407830814500E-01 3.1311116827600E-01 0.0000000000000E+00
 0.0000000000000E+00 0.0000000000000E+00 0.0000000000000E+00 0.0000000000000E+00
 0.0000000000000E+00 0.0000000000000E+00 0.0000000000000E+00 0.0000000000000E+00
 0.0000000000000E+00 0.0000000000000E+00 0.0000000000000E+00 0.0000000000000E+00
 0.0000000000000E+00 0.0000000000000E+00 1.4189640860000E-03-5.1138690647331E-04
 5.7768486811143E-04 8.4063178407110E-05-3.4649290380092E-04 8.7441811055878E-05
 4.3554515384543E-05-6.8684713110000E-03 2.4753595461521E-03-2.7962736921762E-03
-4.0690637245916E-04 1.6771929552346E-03-4.2326058593541E-04-2.1082488445933E-04
 0.0000000000000E+00 0.0000000000000E+00 0.0000000000000E+00 0.0000000000000E+00
 0.0000000000000E+00 0.0000000000000E+00 0.0000000000000E+00 0.0000000000000E+00
 0.0000000000000E+00 0.0000000000000E+00 0.0000000000000E+00 0.0000000000000E+00
 0.0000000000000E+00 0.0000000000000E+00-1.0192860382900E-01 1.0656389026400E-01
-1.0978490457600E-01-7.1750789101900E-01 7.5013714786400E-01-7.7281089300700E-01
 1.0560910471910E+00-1.1041176493530E+00 1.1374908561880E+00-4.4344900759300E-01
 4.6361521307700E-01-4.7762850813300E-01 0.0000000000000E+00 0.0000000000000E+00
 0.0000000000000E+00 0.0000000000000E+00 0.0000000000000E+00 0.0000000000000E+00
 0.0000000000000E+00 0.0000000000000E+00 0.0000000000000E+00 0.0000000000000E+00
 0.0000000000000E+00 0.0000000000000E+00 0.0000000000000E+00 0.0000000000000E+00
 0.0000000000000E+00-2.1645273890000E-03-3.2174022827486E-04-8.9291520262292E-04
-1.1210794397688E-04-2.3069595119094E-04 6.0152953959733E-05-6.0272725489635E-05
 1.0477357685000E-02 1.5573780548538E-03 4.3221407177524E-03 5.4265657895433E-04
 1.1166797934298E-03-2.9116934162078E-04 2.9174909347383E-04 0.0000000000000E+00
 0.0000000000000E+00 0.0000000000000E+00 0.0000000000000E+00 0.0000000000000E+00
 0.0000000000000E+00 0.0000000000000E+00 0.0000000000000E+00 0.0000000000000E+00
 0.0000000000000E+00 0.0000000000000E+00 0.0000000000000E+00 0.0000000000000E+00
 0.0000000000000E+00 1.4156873810000E-03-1.3333554477100E-01-1.3073795031200E-01
 1.0066276849000E-02-9.4808537900400E-01-9.2961512539600E-01-1.4023039269000E-02
 1.3207503329550E+00 1.2950199566160E+00 5.8023002610000E-03-5.4648566937300E-01
-5.3583923485300E-01 0.0000000000000E+00 0.0000000000000E+00 0.0000000000000E+00
 0.0000000000000E+00 0.0000000000000E+00 0.0000000000000E+00 0.0000000000000E+00
 0.0000000000000E+00 0.0000000000000E+00 0.0000000000000E+00 0.0000000000000E+00
 0.0000000000000E+00 0.0000000000000E+00 0.0000000000000E+00 0.0000000000000E+00
 1.0404379620000E-03 1.4876435840305E-05-1.4011269135181E-03 4.8274487362071E-04
 1.0252223144435E-05-2.6138821618297E-06 8.2037562703940E-05-5.3023021430000E-03
-7.5813610384421E-05 7.1404528704525E-03-2.4601747250812E-03-5.2247598146311E-05
 1.3320922035804E-05-4.1808157734519E-04 0.0000000000000E+00 0.0000000000000E+00
 0.0000000000000E+00 0.0000000000000E+00 0.0000000000000E+00 0.0000000000000E+00
 0.0000000000000E+00 0.0000000000000E+00 0.0000000000000E+00 0.0000000000000E+00
 0.0000000000000E+00 0.0000000000000E+00 0.0000000000000E+00 0.0000000000000E+00
-4.4398375000000E-05 4.1816304740000E-03 4.1001654740000E-03-2.4801568900000E-04
 2.3359187564000E-02 2.2904112391000E-02 3.3122241400000E-04-3.1195955822000E-02
-3.0588207587000E-02-1.3574871800000E-04 1.2785399860000E-02 1.2536319363000E-02
 0.0000000000000E+00 0.0000000000000E+00 0.0000000000000E+00 0.0000000000000E+00
 0.0000000000000E+00 0.0000000000000E+00 0.0000000000000E+00 0.0000000000000E+00
 0.0000000000000E+00 0.0000000000000E+00 0.0000000000000E+00 0.0000000000000E+00
 0.0000000000000E+00 0.0000000000000E+00 0.0000000000000E+00 2.2111913186000E-02
 3.1616153212386E-04-2.9777456985847E-02 1.0259537928793E-02 2.1788542476599E-04
-5.5551544238522E-05 1.7435037262688E-03-2.0322511602300E-01-2.9057623139555E-03
 2.7367723000640E-01-9.4292871376690E-02-2.0025309595237E-03 5.1056048071609E-04
-1.6024110807462E-02 0.0000000000000E+00 0.0000000000000E+00 0.0000000000000E+00
 0.0000000000000E+00 0.0000000000000E+00 0.0000000000000E+00 0.0000000000000E+00
 0.0000000000000E+00 0.0000000000000E+00 0.0000000000000E+00 0.0000000000000E+00
 0.0000000000000E+00 0.0000000000000E+00 0.0000000000000E+00 2.6313360730000E-03
 2.4571920340000E-03-2.4775200190000E-03 1.3740047841000E-02 1.2830719896000E-02
-1.2936866539000E-02-1.9141558663000E-02-1.7874754179000E-02 1.8022629370000E-02
 7.9376298620000E-03 7.4123108290000E-03-7.4736317770000E-03 0.0000000000000E+00
 0.0000000000000E+00 0.0000000000000E+00 0.0000000000000E+00 0.0000000000000E+00
 0.0000000000000E+00 0.0000000000000E+00 0.0000000000000E+00 0.0000000000000E+00
 0.0000000000000E+00 0.0000000000000E+00 0.0000000000000E+00 0.0000000000000E+00
 0.0000000000000E+00 0.0000000000000E+00 5.7835610069000E-02-1.0590378035029E-02
 2.3654742850715E-02 3.2762854163640E-03-7.0573919315366E-03 1.7630241969970E-03
 1.7178559931949E-03-5.3229149323200E-01 9.7468810848225E-02-2.1770702131379E-01
-3.0153375307399E-02 6.4952884305283E-02-1.6226037579435E-02-1.5810330878726E-02
 0.0000000000000E+00 0.0000000000000E+00 0.0000000000000E+00 0.0000000000000E+00
 0.0000000000000E+00 0.0000000000000E+00 0.0000000000000E+00 0.0000000000000E+00
 0.0000000000000E+00 0.0000000000000E+00 0.0000000000000E+00 0.0000000000000E+00
 0.0000000000000E+00 0.0000000000000E+00-3.4892406700000E-03 1.8234091510000E-03
-1.8974209550000E-03-1.8219768364000E-02 9.5212957520000E-03-9.9077631940000E-03
 2.5382354487000E-02-1.3264323625000E-02 1.3802719801000E-02-1.0525565786000E-02
 5.5004554830000E-03-5.7237178440000E-03 0.0000000000000E+00 0.0000000000000E+00
 0.0000000000000E+00 0.0000000000000E+00 0.0000000000000E+00 0.0000000000000E+00
 0.0000000000000E+00 0.0000000000000E+00 0.0000000000000E+00 0.0000000000000E+00
 0.0000000000000E+00 0.0000000000000E+00 0.0000000000000E+00 0.0000000000000E+00
 0.0000000000000E+00 4.4293687891000E-02 1.3305476768385E-02 1.8343487495460E-02
 2.1957497233567E-03 9.3525345749215E-03-2.4116020269898E-03 1.1957692444688E-03
-4.0765807156000E-01-1.2245729038946E-01-1.6882474894552E-01-2.0208637855529E-02
-8.6076287401791E-02 2.2195239965086E-02-1.1005292344089E-02 0.0000000000000E+00
 0.0000000000000E+00 0.0000000000000E+00 0.0000000000000E+00 0.0000000000000E+00
 0.0000000000000E+00 0.0000000000000E+00 0.0000000000000E+00 0.0000000000000E+00
 0.0000000000000E+00 0.0000000000000E+00 0.0000000000000E+00 0.0000000000000E+00
 0.0000000000000E+00 0.0000000000000E+00 0.0000000000000E+00 0.0000000000000E+00
 0.0000000000000E+00 0.0000000000000E+00 0.0000000000000E+00 0.0000000000000E+00
 0.0000000000000E+00 0.0000000000000E+00 0.0000000000000E+00 0.0000000000000E+00
 0.0000000000000E+00 0.0000000000000E+00 0.0000000000000E+00 0.0000000000000E+00
 0.0000000000000E+00 0.0000000000000E+00 0.0000000000000E+00 0.0000000000000E+00
 0.0000000000000E+00 0.0000000000000E+00 0.0000000000000E+00 0.0000000000000E+00
 0.0000000000000E+00 0.0000000000000E+00 0.0000000000000E+00 0.0000000000000E+00
-7.7754951621000E-02-6.6777582552416E-03 1.2124354748371E-02 2.3918232172548E-03
-9.0172850947575E-07-7.7755218866594E-04 3.8401198242725E-03 7.1894745202800E-01
 6.1744714422504E-02-1.1210570866812E-01-2.2115571701819E-02 8.3376733420817E-06
 7.1894992304237E-03-3.5506990944892E-02 0.0000000000000E+00 0.0000000000000E+00
 0.0000000000000E+00 0.0000000000000E+00 0.0000000000000E+00 0.0000000000000E+00
 0.0000000000000E+00 0.0000000000000E+00 0.0000000000000E+00 0.0000000000000E+00
 0.0000000000000E+00 0.0000000000000E+00 0.0000000000000E+00 0.0000000000000E+00
 0.0000000000000E+00 0.0000000000000E+00 0.0000000000000E+00 0.0000000000000E+00
 0.0000000000000E+00 0.0000000000000E+00 0.0000000000000E+00 0.0000000000000E+00
 0.0000000000000E+00 0.0000000000000E+00 0.0000000000000E+00 0.0000000000000E+00
 0.0000000000000E+00 0.0000000000000E+00 0.0000000000000E+00 0.0000000000000E+00
 0.0000000000000E+00 0.0000000000000E+00 0.0000000000000E+00 0.0000000000000E+00
 0.0000000000000E+00 0.0000000000000E+00 0.0000000000000E+00 0.0000000000000E+00
 0.0000000000000E+00 0.0000000000000E+00 0.0000000000000E+00 1.4028161181000E-02
-3.6272344862750E-02-2.5853281764734E-03-4.2524004592293E-04-2.9557985025188E-04
-3.6057394410014E-03-8.1217109580544E-04-1.2970891921000E-01 3.3538584198502E-01
 2.3904781192702E-02 3.9319071155863E-03 2.7330269747649E-03 3.3339834052149E-02
 7.5095968521738E-03 0.0000000000000E+00 0.0000000000000E+00 0.0000000000000E+00
 0.0000000000000E+00 0.0000000000000E+00 0.0000000000000E+00 0.0000000000000E+00
 0.0000000000000E+00 0.0000000000000E+00 0.0000000000000E+00 0.0000000000000E+00
 0.0000000000000E+00 0.0000000000000E+00 0.0000000000000E+00 0.0000000000000E+00
 0.0000000000000E+00 0.0000000000000E+00 0.0000000000000E+00 0.0000000000000E+00
 0.0000000000000E+00 0.0000000000000E+00 0.0000000000000E+00 0.0000000000000E+00
 0.0000000000000E+00 0.0000000000000E+00 0.0000000000000E+00 0.0000000000000E+00
 0.0000000000000E+00 0.0000000000000E+00 0.0000000000000E+00 0.0000000000000E+00
 0.0000000000000E+00 0.0000000000000E+00 0.0000000000000E+00 0.0000000000000E+00
 0.0000000000000E+00 0.0000000000000E+00 0.0000000000000E+00 0.0000000000000E+00
 0.0000000000000E+00 0.0000000000000E+00 9.8635304690000E-03 2.1810644861610E-02
-4.6041123132796E-03-2.7008790013888E-03-8.5934442426899E-03-3.5478477757714E-03
 9.9083589516293E-04-9.1984852974000E-02-2.0340069583468E-01 4.2936816136858E-02
 2.5187731575202E-02 8.0140342006102E-02 3.3086353516396E-02-9.2402912346658E-03
 0.0000000000000E+00 0.0000000000000E+00 0.0000000000000E+00 0.0000000000000E+00
 0.0000000000000E+00 0.0000000000000E+00 0.0000000000000E+00 0.0000000000000E+00
 0.0000000000000E+00 0.0000000000000E+00 0.0000000000000E+00 0.0000000000000E+00
 0.0000000000000E+00 0.0000000000000E+00 0.0000000000000E+00 0.0000000000000E+00
 0.0000000000000E+00 0.0000000000000E+00 0.0000000000000E+00 0.0000000000000E+00
 0.0000000000000E+00 0.0000000000000E+00 0.0000000000000E+00 0.0000000000000E+00
 0.0000000000000E+00 0.0000000000000E+00 0.0000000000000E+00 0.0000000000000E+00
 0.0000000000000E+00 0.0000000000000E+00 0.0000000000000E+00 0.0000000000000E+00
 0.0000000000000E+00 0.0000000000000E+00 0.0000000000000E+00 0.0000000000000E+00
 0.0000000000000E+00 0.0000000000000E+00 0.0000000000000E+00 0.0000000000000E+00
 0.0000000000000E+00 3.1076110846000E-02-6.7446425614457E-03-1.5306959796206E-02
-9.1378191220874E-03 2.5152827566479E-03 1.0042315947353E-03 3.5098812588379E-03
-2.8980814689200E-01 6.2898873410648E-02 1.4274893261431E-01 8.5217047896860E-02
-2.3456906761028E-02-9.3652162253276E-03-3.2732287141147E-02 0.0000000000000E+00
 0.0000000000000E+00 0.0000000000000E+00 0.0000000000000E+00 0.0000000000000E+00
 0.0000000000000E+00 0.0000000000000E+00 0.0000000000000E+00 0.0000000000000E+00
-5.3640236214300E-01-1.2203583496640E+00-3.0375842415430E+00 3.5863052631290E+00
-1.3696260911820E+00 0.0000000000000E+00 0.0000000000000E+00 0.0000000000000E+00
 0.0000000000000E+00 0.0000000000000E+00 0.0000000000000E+00 0.0000000000000E+00
 0.0000000000000E+00 0.0000000000000E+00 0.0000000000000E+00 0.0000000000000E+00
 0.0000000000000E+00-7.3833545800000E-04 9.9963691159282E-05-9.4150117373803E-03
 2.4002483569378E-03 1.0194984074852E-04 1.0624220640500E-02-1.4384197675454E-03
 1.3547657903371E-01-3.4538187024644E-02-1.4669993142790E-03-6.2155057240000E-03
 8.4152114397027E-04-7.9258091579707E-02 2.0205933820511E-02 8.5824108421305E-04
 0.0000000000000E+00 0.0000000000000E+00 0.0000000000000E+00 0.0000000000000E+00
 0.0000000000000E+00 0.0000000000000E+00 0.0000000000000E+00 0.0000000000000E+00
 0.0000000000000E+00 0.0000000000000E+00 0.0000000000000E+00 0.0000000000000E+00
 0.0000000000000E+00 0.0000000000000E+00-1.4779700400000E-04-2.0513125971533E-07
 1.9320159254057E-05-1.8522576199276E-05-3.9337049477815E-07 1.2132803462259E-07
-3.8079205997183E-06 4.8528315713413E-07 2.0621559569764E-08 0.0000000000000E+00
 0.0000000000000E+00 0.0000000000000E+00 0.0000000000000E+00 0.0000000000000E+00
 0.0000000000000E+00 0.0000000000000E+00 0.0000000000000E+00 0.0000000000000E+00
 0.0000000000000E+00 0.0000000000000E+00 0.0000000000000E+00 0.0000000000000E+00
 0.0000000000000E+00 0.0000000000000E+00 0.0000000000000E+00 0.0000000000000E+00
 3.4709004950000E-04-8.1418473544629E-02-2.2257716252626E-03-1.8618549507369E-03
 7.9785401679393E-02-7.0785522495000E-03 1.6604478277573E+00 4.5392372278244E-02
 3.7970657940059E-02-1.6271429705949E+00 4.1179669920000E-03-9.6597003260221E-01
-2.6407135831771E-02-2.2089533362305E-02 9.4659484151120E-01 0.0000000000000E+00
 0.0000000000000E+00 0.0000000000000E+00 0.0000000000000E+00 0.0000000000000E+00
 0.0000000000000E+00 0.0000000000000E+00 0.0000000000000E+00 0.0000000000000E+00
 0.0000000000000E+00 0.0000000000000E+00 0.0000000000000E+00 0.0000000000000E+00
 0.0000000000000E+00-5.9270158000000E-05 6.9534453115762E-04 1.9412469933691E-06
-3.9403790889451E-06 1.4662497069220E-04 2.2388919540312E-05 1.4948697921916E-06
-8.0837465579744E-07 1.1892007495568E-05 0.0000000000000E+00 0.0000000000000E+00
 0.0000000000000E+00 0.0000000000000E+00 0.0000000000000E+00 0.0000000000000E+00
 0.0000000000000E+00 0.0000000000000E+00 0.0000000000000E+00 0.0000000000000E+00
 0.0000000000000E+00 0.0000000000000E+00 0.0000000000000E+00 0.0000000000000E+00
 0.0000000000000E+00 0.0000000000000E+00 0.0000000000000E+00-1.4537563883000E-02
-2.5495558511925E-03 5.6990323602314E-02 4.2457896939940E-02 3.7101825794706E-03
 2.9647898467250E-01 5.1995625676482E-02-1.1622602943701E+00-8.6588607813623E-01
-7.5665439755172E-02-1.7247745439650E-01-3.0248596427456E-02 6.7614808226890E-01
 5.0373157719526E-01 4.4018575040541E-02 0.0000000000000E+00 0.0000000000000E+00
 0.0000000000000E+00 0.0000000000000E+00 0.0000000000000E+00 0.0000000000000E+00
 0.0000000000000E+00 0.0000000000000E+00 0.0000000000000E+00 0.0000000000000E+00
 0.0000000000000E+00 0.0000000000000E+00 0.0000000000000E+00 0.0000000000000E+00
 2.4824788350000E-03 1.4180634915408E-05 2.2806551969937E-04 3.4525297431396E-05
 4.2359526910526E-06 1.5770204043322E-06-3.2682770878006E-05 1.2657493580279E-05
 8.2261239200478E-07 0.0000000000000E+00 0.0000000000000E+00 0.0000000000000E+00
 0.0000000000000E+00 0.0000000000000E+00 0.0000000000000E+00 0.0000000000000E+00
 0.0000000000000E+00 0.0000000000000E+00 0.0000000000000E+00 0.0000000000000E+00
 0.0000000000000E+00 0.0000000000000E+00 0.0000000000000E+00 0.0000000000000E+00
 0.0000000000000E+00 0.0000000000000E+00-9.3975705600000E-04-8.5689398983810E-02
-9.8398103597906E-04-1.1654596627182E-05-8.7422794990371E-02 1.7890321743500E-02
 1.6312842856693E+00 1.8732221483468E-02 2.2187062574648E-04 1.6642832528383E+00
-1.0208233712000E-02-9.3081228373429E-01-1.0688622462516E-02-1.2659957897412E-04
-9.4964152414368E-01 0.0000000000000E+00 0.0000000000000E+00 0.0000000000000E+00
 0.0000000000000E+00 0.0000000000000E+00 0.0000000000000E+00 0.0000000000000E+00
 0.0000000000000E+00 0.0000000000000E+00 0.0000000000000E+00 0.0000000000000E+00
 0.0000000000000E+00 0.0000000000000E+00 0.0000000000000E+00 2.6987095000000E-05
 1.2257223768876E-04 4.5237179138907E-05-7.3854057656147E-06 2.3586823267767E-04
-7.2783747163823E-05-1.2960229750172E-06 2.5947399115856E-07-1.2373222375924E-05
 0.0000000000000E+00 0.0000000000000E+00 0.0000000000000E+00 0.0000000000000E+00
 0.0000000000000E+00 0.0000000000000E+00 0.0000000000000E+00 0.0000000000000E+00
 0.0000000000000E+00 0.0000000000000E+00 0.0000000000000E+00 0.0000000000000E+00
 0.0000000000000E+00 0.0000000000000E+00 0.0000000000000E+00 0.0000000000000E+00
 0.0000000000000E+00 3.0595156692500E-02-2.6576863974684E-03 2.3866771413030E-03
 3.0616760405795E-02-1.3848146985750E-03-5.8244542407050E-01 5.0594847287420E-02
-4.5435596028767E-02-5.8285669780207E-01 2.6362963033453E-02 3.3234388395250E-01
-2.8869465463998E-02 2.5925592046591E-02 3.3257855711406E-01-1.5042730467919E-02
 0.0000000000000E+00 0.0000000000000E+00 0.0000000000000E+00 0.0000000000000E+00
 0.0000000000000E+00 0.0000000000000E+00 0.0000000000000E+00 0.0000000000000E+00
 0.0000000000000E+00 0.0000000000000E+00 0.0000000000000E+00 0.0000000000000E+00
 0.0000000000000E+00 0.0000000000000E+00-8.7860410100000E-04 1.8964695527972E-05
-1.4301915192226E-03 7.7171514120490E-05 8.8886358554374E-06-1.1745056759443E-06
-3.3343128310111E-05 8.6706856224631E-06-1.1942050748170E-08-3.8799619588000E-02
-9.0376471256000E-02-2.0706226719600E-01 2.2298790858200E-01-9.3054724917000E-02
 0.0000000000000E+00 0.0000000000000E+00 0.0000000000000E+00 0.0000000000000E+00
 0.0000000000000E+00 0.0000000000000E+00 0.0000000000000E+00 0.0000000000000E+00
 0.0000000000000E+00 0.0000000000000E+00 0.0000000000000E+00 0.0000000000000E+00
 8.4897157745000E-03-1.1494278420126E-03 1.0825807266312E-01-2.7599143609763E-02
-1.1722654896307E-03-1.5801375780800E-01 2.1393579875414E-02-2.0149396433639E+00
 5.1368555910050E-01 2.1818642716979E-02 8.9526667294000E-02-1.2121070558818E-02
 1.1416147148890E+00-2.9104146867438E-01-1.2361900598085E-02 0.0000000000000E+00
 0.0000000000000E+00 0.0000000000000E+00 0.0000000000000E+00 0.0000000000000E+00
 0.0000000000000E+00 0.0000000000000E+00 0.0000000000000E+00 0.0000000000000E+00
 0.0000000000000E+00 0.0000000000000E+00 0.0000000000000E+00 0.0000000000000E+00
 0.0000000000000E+00 2.3395460130000E-03 3.2471180912853E-06-3.0582759103718E-04
 2.9320228466387E-04 6.2268402869554E-06-1.9205565570719E-06 6.0277307389617E-05
-7.6817678892969E-06-3.2642805497374E-07-3.6792786000000E-05-7.6580694000000E-05
-6.6374467000000E-05-5.1139117000000E-05-1.9061346000000E-05 0.0000000000000E+00
 0.0000000000000E+00 0.0000000000000E+00 0.0000000000000E+00 0.0000000000000E+00
 0.0000000000000E+00 0.0000000000000E+00 0.0000000000000E+00 0.0000000000000E+00
 0.0000000000000E+00 0.0000000000000E+00 0.0000000000000E+00-5.7137521750000E-04
 7.7358841561968E-05-7.2859894807088E-03 1.8574787554966E-03 7.8895863448605E-05
-3.8997766550000E-04 5.2799315470637E-05-4.9728673566393E-03 1.2677750207467E-03
 5.3848370147358E-05 1.4711660500000E-04-1.9918208432017E-05 1.8759827245257E-03
-4.7826010003870E-04-2.0313956060784E-05 0.0000000000000E+00 0.0000000000000E+00
 0.0000000000000E+00 0.0000000000000E+00 0.0000000000000E+00 0.0000000000000E+00
 0.0000000000000E+00 0.0000000000000E+00 0.0000000000000E+00 0.0000000000000E+00
 0.0000000000000E+00 0.0000000000000E+00 0.0000000000000E+00 0.0000000000000E+00
-4.1197915605700E-01-5.7179682251676E-04 5.3854291449516E-02-5.1631055398156E-02
-1.0965069300986E-03 3.3819778031247E-04-1.0614450021660E-02 1.3527104126711E-03
 5.7481901862018E-05 0.0000000000000E+00 0.0000000000000E+00 0.0000000000000E+00
 0.0000000000000E+00 0.0000000000000E+00 0.0000000000000E+00 0.0000000000000E+00
 0.0000000000000E+00 0.0000000000000E+00 0.0000000000000E+00 0.0000000000000E+00
 0.0000000000000E+00 0.0000000000000E+00 0.0000000000000E+00 0.0000000000000E+00
 0.0000000000000E+00 0.0000000000000E+00-1.9404134765000E-03 3.4991668624934E-04
-1.4944282977664E-04-1.9437474803210E-03 2.7277085056364E-04-1.2724025245000E-03
 2.2945360913392E-04-9.7995317607477E-05-1.2745887562032E-03 1.7886616584582E-04
 4.8534803900000E-04-8.7523293391595E-05 3.7379551290920E-05 4.8618196003267E-04
-6.8227105973796E-05 0.0000000000000E+00 0.0000000000000E+00 0.0000000000000E+00
 0.0000000000000E+00 0.0000000000000E+00 0.0000000000000E+00 0.0000000000000E+00
 0.0000000000000E+00 0.0000000000000E+00 0.0000000000000E+00 0.0000000000000E+00
 0.0000000000000E+00 0.0000000000000E+00 0.0000000000000E+00 1.6996385070200E-01
-4.4629561508045E-03 2.7665867720054E-01-1.4896299724041E-02-3.2424683106490E-03
 6.9685368029980E-04 6.4651119433273E-03-1.6807144209098E-03 8.2113102992527E-05
 0.0000000000000E+00 0.0000000000000E+00 0.0000000000000E+00 0.0000000000000E+00
 0.0000000000000E+00 0.0000000000000E+00 0.0000000000000E+00 0.0000000000000E+00
 0.0000000000000E+00 0.0000000000000E+00 0.0000000000000E+00 0.0000000000000E+00
 0.0000000000000E+00 0.0000000000000E+00 0.0000000000000E+00 0.0000000000000E+00
 0.0000000000000E+00-1.2435506900000E-04-5.4345596641083E-03-6.7516748636341E-05
-6.5478130898011E-05-5.5472995578497E-03-8.1544323500000E-05-3.5636463665080E-03
-4.4273286710125E-05-4.2936487298767E-05-3.6375741782329E-03 3.1104447500000E-05
 1.3593251685871E-03 1.6887699755792E-05 1.6377789194196E-05 1.3875243569634E-03
 0.0000000000000E+00 0.0000000000000E+00 0.0000000000000E+00 0.0000000000000E+00
 0.0000000000000E+00 0.0000000000000E+00 0.0000000000000E+00 0.0000000000000E+00
 0.0000000000000E+00 0.0000000000000E+00 0.0000000000000E+00 0.0000000000000E+00
 0.0000000000000E+00 0.0000000000000E+00 1.0892454962000E-02 2.3613274331522E-02
 1.7983945029347E-02-1.9278664789610E-03 4.5617541252653E-02-1.4086684469704E-02
-3.5924171184773E-05-5.6751994743061E-06-2.3959442419386E-03 0.0000000000000E+00
 0.0000000000000E+00 0.0000000000000E+00 0.0000000000000E+00 0.0000000000000E+00
 0.0000000000000E+00 0.0000000000000E+00 0.0000000000000E+00 0.0000000000000E+00
 0.0000000000000E+00 0.0000000000000E+00 0.0000000000000E+00 0.0000000000000E+00
 0.0000000000000E+00 0.0000000000000E+00 0.0000000000000E+00 0.0000000000000E+00
 4.8935357350000E-04 3.0217582758708E-03-1.8871972061767E-03-1.3986272902123E-03
-3.0029806783212E-03 2.8540693500000E-04 1.7623878021711E-03-1.1006748501078E-03
-8.1572496910938E-04-1.7514360951443E-03-1.1273386200000E-04-6.9613158847943E-04
 4.3475932617528E-04 3.2220599682253E-04 6.9180573789395E-04 0.0000000000000E+00
 0.0000000000000E+00 0.0000000000000E+00 0.0000000000000E+00 0.0000000000000E+00
 0.0000000000000E+00 0.0000000000000E+00 0.0000000000000E+00 0.0000000000000E+00
 0.0000000000000E+00 0.0000000000000E+00 0.0000000000000E+00 0.0000000000000E+00
 0.0000000000000E+00-4.6725006312400E-01-1.4283527405116E-01-4.4414510658283E-02
-5.8704957459943E-03-3.0359658160485E-02-4.8153303026673E-03 6.0075547685979E-03
-2.2803991959686E-03-2.5547897744103E-03 0.0000000000000E+00 0.0000000000000E+00
 0.0000000000000E+00 0.0000000000000E+00 0.0000000000000E+00 0.0000000000000E+00
 0.0000000000000E+00 0.0000000000000E+00 0.0000000000000E+00 0.0000000000000E+00
 0.0000000000000E+00 0.0000000000000E+00 0.0000000000000E+00 0.0000000000000E+00
 0.0000000000000E+00 0.0000000000000E+00 0.0000000000000E+00 5.3581265450000E-04
-2.7188295957725E-03-2.1303637075053E-03-1.5941552790680E-03 2.6206325669921E-03
 3.1250338350000E-04-1.5857099318322E-03-1.2424974686630E-03-9.2976325749957E-04
 1.5284382290816E-03-1.2343678100000E-04 6.2634499245592E-04 4.9077832664340E-04
 3.6725037090155E-04-6.0372304751714E-04 0.0000000000000E+00 0.0000000000000E+00
 0.0000000000000E+00 0.0000000000000E+00 0.0000000000000E+00 0.0000000000000E+00
 0.0000000000000E+00 0.0000000000000E+00 0.0000000000000E+00 0.0000000000000E+00
 0.0000000000000E+00 0.0000000000000E+00 0.0000000000000E+00 0.0000000000000E+00
-5.1161064323400E-01 1.3136493925138E-01-4.5575914976842E-02-7.7167654129759E-03
 2.7449494871259E-02 4.0039854056701E-03 6.8734776191866E-03-2.7062715797721E-03
 2.1297691293668E-03 0.0000000000000E+00 0.0000000000000E+00 0.0000000000000E+00
 0.0000000000000E+00 0.0000000000000E+00 0.0000000000000E+00 0.0000000000000E+00
 0.0000000000000E+00 0.0000000000000E+00 0.0000000000000E+00 0.0000000000000E+00
 0.0000000000000E+00 0.0000000000000E+00 0.0000000000000E+00 0.0000000000000E+00
 0.0000000000000E+00 0.0000000000000E+00 0.0000000000000E+00 0.0000000000000E+00
 0.0000000000000E+00 0.0000000000000E+00 0.0000000000000E+00 0.0000000000000E+00
 0.0000000000000E+00 0.0000000000000E+00 0.0000000000000E+00 0.0000000000000E+00
 0.0000000000000E+00 0.0000000000000E+00 0.0000000000000E+00 0.0000000000000E+00
 0.0000000000000E+00 0.0000000000000E+00 0.0000000000000E+00 0.0000000000000E+00
 0.0000000000000E+00 0.0000000000000E+00 0.0000000000000E+00 0.0000000000000E+00
 0.0000000000000E+00 0.0000000000000E+00 0.0000000000000E+00 0.0000000000000E+00
 0.0000000000000E+00 0.0000000000000E+00 0.0000000000000E+00 5.1541372258000E-01
 5.8302295808580E-02-9.8421404104163E-02-3.2896869144194E-02-6.6862245948877E-03
 6.1164855604882E-04-2.7198035267004E-03-4.1486956562629E-03-1.3000732396964E-03
 0.0000000000000E+00 0.0000000000000E+00 0.0000000000000E+00 0.0000000000000E+00
 0.0000000000000E+00 0.0000000000000E+00 0.0000000000000E+00 0.0000000000000E+00
 0.0000000000000E+00 0.0000000000000E+00 0.0000000000000E+00 0.0000000000000E+00
 0.0000000000000E+00 0.0000000000000E+00 0.0000000000000E+00 0.0000000000000E+00
 0.0000000000000E+00 0.0000000000000E+00 0.0000000000000E+00 0.0000000000000E+00
 0.0000000000000E+00 0.0000000000000E+00 0.0000000000000E+00 0.0000000000000E+00
 0.0000000000000E+00 0.0000000000000E+00 0.0000000000000E+00 0.0000000000000E+00
 0.0000000000000E+00 0.0000000000000E+00 0.0000000000000E+00 0.0000000000000E+00
 0.0000000000000E+00 0.0000000000000E+00 0.0000000000000E+00 0.0000000000000E+00
 0.0000000000000E+00 0.0000000000000E+00 0.0000000000000E+00 0.0000000000000E+00
 0.0000000000000E+00 0.0000000000000E+00 0.0000000000000E+00 0.0000000000000E+00
 0.0000000000000E+00 0.0000000000000E+00-1.3627378205000E-01 2.1625577471796E-01
 2.8482071596839E-02 9.2121636510796E-03-2.2450548491806E-02 1.9605472003506E-03
 7.8672722431046E-04 1.2897936228547E-03-4.1955409458159E-03 0.0000000000000E+00
 0.0000000000000E+00 0.0000000000000E+00 0.0000000000000E+00 0.0000000000000E+00
 0.0000000000000E+00 0.0000000000000E+00 0.0000000000000E+00 0.0000000000000E+00
 0.0000000000000E+00 0.0000000000000E+00 0.0000000000000E+00 0.0000000000000E+00
 0.0000000000000E+00 0.0000000000000E+00 0.0000000000000E+00 0.0000000000000E+00
 0.0000000000000E+00 0.0000000000000E+00 0.0000000000000E+00 0.0000000000000E+00
 0.0000000000000E+00 0.0000000000000E+00 0.0000000000000E+00 0.0000000000000E+00
 0.0000000000000E+00 0.0000000000000E+00 0.0000000000000E+00 0.0000000000000E+00
 0.0000000000000E+00 0.0000000000000E+00 0.0000000000000E+00 0.0000000000000E+00
 0.0000000000000E+00 0.0000000000000E+00 0.0000000000000E+00 0.0000000000000E+00
 0.0000000000000E+00 0.0000000000000E+00 0.0000000000000E+00 0.0000000000000E+00
 0.0000000000000E+00 0.0000000000000E+00 0.0000000000000E+00 0.0000000000000E+00
 0.0000000000000E+00-1.8883396994500E-01-2.0978553065915E-02 7.3839330810555E-02
 3.6644187860865E-02 7.3793504704256E-03 2.7127679398073E-03-1.1989772988704E-02
-3.5830723329755E-03-8.4174466676551E-04 0.0000000000000E+00 0.0000000000000E+00
 0.0000000000000E+00 0.0000000000000E+00 0.0000000000000E+00 0.0000000000000E+00
 0.0000000000000E+00 0.0000000000000E+00 0.0000000000000E+00 0.0000000000000E+00
 0.0000000000000E+00 0.0000000000000E+00 0.0000000000000E+00 0.0000000000000E+00
 0.0000000000000E+00 0.0000000000000E+00 0.0000000000000E+00 0.0000000000000E+00
 0.0000000000000E+00 0.0000000000000E+00 0.0000000000000E+00 0.0000000000000E+00
 0.0000000000000E+00 0.0000000000000E+00 0.0000000000000E+00 0.0000000000000E+00
 0.0000000000000E+00 0.0000000000000E+00 0.0000000000000E+00 0.0000000000000E+00
 0.0000000000000E+00 0.0000000000000E+00 0.0000000000000E+00 0.0000000000000E+00
 0.0000000000000E+00 0.0000000000000E+00 0.0000000000000E+00 0.0000000000000E+00
 0.0000000000000E+00 0.0000000000000E+00 0.0000000000000E+00 0.0000000000000E+00
 0.0000000000000E+00 0.0000000000000E+00 0.0000000000000E+00 0.0000000000000E+00
 3.6047666475000E-02-1.0562624275606E-01-1.5259644034999E-02-7.7560316104783E-03
 3.4414958409886E-02 1.2123760420251E-02 2.6915881950627E-03 8.4278186763302E-04
-3.5760265181322E-03 0.0000000000000E+00 0.0000000000000E+00 0.0000000000000E+00
 0.0000000000000E+00 0.0000000000000E+00-1.2546214243600E-01-1.0015137402540E+00
 1.0200539679610E+00 1.5712748809300E-01 1.2542854381510E+00-1.2775050273560E+00
-9.6576492141000E-02-7.7093123062600E-01 7.8520286763600E-01 3.1820028340000E-02
 2.5400646744000E-01-2.5870868724600E-01 0.0000000000000E+00 0.0000000000000E+00
 0.0000000000000E+00 0.0000000000000E+00 0.0000000000000E+00 0.0000000000000E+00
 0.0000000000000E+00 0.0000000000000E+00 0.0000000000000E+00 0.0000000000000E+00
 0.0000000000000E+00 0.0000000000000E+00 0.0000000000000E+00 0.0000000000000E+00
 0.0000000000000E+00-1.1932873221000E-02 3.1737708977572E-04-4.9003706438719E-03
-6.4864426178337E-04 1.6913225140548E-04-3.5691281716016E-05-3.4398213953022E-04
 5.1370805450000E-03-1.3663026880845E-04 2.1096007836835E-03 2.7924019272095E-04
-7.2811131185509E-05 1.5365032861814E-05 1.4808369488394E-04 0.0000000000000E+00
 0.0000000000000E+00 0.0000000000000E+00 0.0000000000000E+00 0.0000000000000E+00
 0.0000000000000E+00 0.0000000000000E+00 0.0000000000000E+00 0.0000000000000E+00
 0.0000000000000E+00 0.0000000000000E+00 0.0000000000000E+00 0.0000000000000E+00
 0.0000000000000E+00 1.4294829557330E+00-8.0102714117000E-02 9.7173314839000E-02
-1.7902696522220E+00 1.0031980973900E-01-1.2169885332600E-01 1.1003673838180E+00
-6.1660346223000E-02 7.4800714341000E-02-3.6254911066800E-01 2.0315854518000E-02
-2.4645343783000E-02 0.0000000000000E+00 0.0000000000000E+00 0.0000000000000E+00
 0.0000000000000E+00 0.0000000000000E+00 0.0000000000000E+00 0.0000000000000E+00
 0.0000000000000E+00 0.0000000000000E+00 0.0000000000000E+00 0.0000000000000E+00
 0.0000000000000E+00 0.0000000000000E+00 0.0000000000000E+00 0.0000000000000E+00
-1.1367602920000E-03-2.7801495956714E-03-4.9666278643719E-04-2.0663874033533E-05
-1.9204697154930E-03 4.9025338899266E-04-1.7039947296658E-05 4.8937326900000E-04
 1.1968494208385E-03 2.1381243973078E-04 8.8957606889113E-06 8.2675877231322E-04
-2.1105320575522E-04 7.3356667755201E-06 0.0000000000000E+00 0.0000000000000E+00
 0.0000000000000E+00 0.0000000000000E+00 0.0000000000000E+00 0.0000000000000E+00
 0.0000000000000E+00 0.0000000000000E+00 0.0000000000000E+00 0.0000000000000E+00
 0.0000000000000E+00 0.0000000000000E+00 0.0000000000000E+00 0.0000000000000E+00
 1.0896195615000E-02-1.0262507083710E+00-1.0062576663320E+00-1.3537592491000E-02
 1.2750288608800E+00 1.2501892136010E+00 8.3006487740000E-03-7.8179090991700E-01
-7.6656034452000E-01-2.7375489870000E-03 2.5783417320000E-01 2.5281114186700E-01
 0.0000000000000E+00 0.0000000000000E+00 0.0000000000000E+00 0.0000000000000E+00
 0.0000000000000E+00 0.0000000000000E+00 0.0000000000000E+00 0.0000000000000E+00
 0.0000000000000E+00 0.0000000000000E+00 0.0000000000000E+00 0.0000000000000E+00
 0.0000000000000E+00 0.0000000000000E+00 0.0000000000000E+00-4.4787133360000E-03
-6.4037736619289E-05 6.0313502763288E-03-2.0780440368744E-03-4.4132154006646E-05
 1.1251827898663E-05-3.5314236825761E-04 1.9349481910000E-03 2.7666361616603E-05
-2.6057372809195E-03 8.9778185152924E-04 1.9066509819184E-05-4.8611515133414E-06
 1.5256885975270E-04 0.0000000000000E+00 0.0000000000000E+00 0.0000000000000E+00
 0.0000000000000E+00 0.0000000000000E+00 0.0000000000000E+00 0.0000000000000E+00
 0.0000000000000E+00 0.0000000000000E+00 0.0000000000000E+00 0.0000000000000E+00
 0.0000000000000E+00 0.0000000000000E+00 0.0000000000000E+00 2.1268080200000E-04
-2.0031195382000E-02-1.9640954939000E-02-2.8846779300000E-04 2.7169141154000E-02
 2.6639841854000E-02 1.9315741200000E-04-1.8192398365000E-02-1.7837980695000E-02
-6.0816892000000E-05 5.7279972160000E-03 5.6164064630000E-03 0.0000000000000E+00
 0.0000000000000E+00 0.0000000000000E+00 0.0000000000000E+00 0.0000000000000E+00
 0.0000000000000E+00 0.0000000000000E+00 0.0000000000000E+00 0.0000000000000E+00
 0.0000000000000E+00 0.0000000000000E+00 0.0000000000000E+00 0.0000000000000E+00
 0.0000000000000E+00 0.0000000000000E+00 2.2704393344800E-01 3.2463295800393E-03
-3.0575332425848E-01 1.0534438278453E-01 2.2372358049215E-03-5.7040026398903E-04
 1.7902202340760E-02-1.0356923182700E-01-1.4808581569640E-03 1.3947360953911E-01
-4.8054297846969E-02-1.0205460688000E-03 2.6019597299462E-04-8.1663373087417E-03
 0.0000000000000E+00 0.0000000000000E+00 0.0000000000000E+00 0.0000000000000E+00
 0.0000000000000E+00 0.0000000000000E+00 0.0000000000000E+00 0.0000000000000E+00
 0.0000000000000E+00 0.0000000000000E+00 0.0000000000000E+00 0.0000000000000E+00
 0.0000000000000E+00 0.0000000000000E+00 2.2470978845000E-02 2.5056936840000E-03
-2.3121530550000E-03-3.0626055421000E-02-3.4150498810000E-03 3.1512702710000E-03
 2.0587847507000E-02 2.2957094940000E-03-2.1183881140000E-03-6.4755993800000E-03
-7.2208107100000E-04 6.6630728400000E-04 0.0000000000000E+00 0.0000000000000E+00
 0.0000000000000E+00 0.0000000000000E+00 0.0000000000000E+00 0.0000000000000E+00
 0.0000000000000E+00 0.0000000000000E+00 0.0000000000000E+00 0.0000000000000E+00
 0.0000000000000E+00 0.0000000000000E+00 0.0000000000000E+00 0.0000000000000E+00
 0.0000000000000E+00-1.0671676447500E-01 1.7350765282205E-01-4.2012379903690E-02
-8.2985023786567E-03 1.1911752845859E-01-3.0297834633239E-02-4.0314434391954E-03
 4.8695013228000E-02-7.9171791714323E-02 1.9170309419073E-02 3.7866185795405E-03
-5.4353499682910E-02 1.3824945551167E-02 1.8395534437954E-03 0.0000000000000E+00
 0.0000000000000E+00 0.0000000000000E+00 0.0000000000000E+00 0.0000000000000E+00
 0.0000000000000E+00 0.0000000000000E+00 0.0000000000000E+00 0.0000000000000E+00
 0.0000000000000E+00 0.0000000000000E+00 0.0000000000000E+00 0.0000000000000E+00
 0.0000000000000E+00-3.4051233260000E-03 1.5714341960000E-02-1.6063437824000E-02
 4.6408968840000E-03-2.1417327260000E-02 2.1893115580000E-02-3.1197643980000E-03
 1.4397435829000E-02-1.4717276476000E-02 9.8127521100000E-04-4.5284980130000E-03
 4.6290991030000E-03 0.0000000000000E+00 0.0000000000000E+00 0.0000000000000E+00
 0.0000000000000E+00 0.0000000000000E+00 0.0000000000000E+00 0.0000000000000E+00
 0.0000000000000E+00 0.0000000000000E+00 0.0000000000000E+00 0.0000000000000E+00
 0.0000000000000E+00 0.0000000000000E+00 0.0000000000000E+00 0.0000000000000E+00
-7.4140338908500E-01-2.1672963818857E-02-3.0490524588455E-01-3.9695287044946E-02
-1.8014032530716E-02 5.0530993189729E-03-2.1140355936974E-02 3.3830343355000E-01
 9.8894045845140E-03 1.3912870255083E-01 1.8113016612554E-02 8.2198289715535E-03
-2.3057364922467E-03 9.6463748415888E-03 0.0000000000000E+00 0.0000000000000E+00
 0.0000000000000E+00 0.0000000000000E+00 0.0000000000000E+00 0.0000000000000E+00
 0.0000000000000E+00 0.0000000000000E+00 0.0000000000000E+00 0.0000000000000E+00
 0.0000000000000E+00 0.0000000000000E+00 0.0000000000000E+00 0.0000000000000E+00
 0.0000000000000E+00 0.0000000000000E+00 0.0000000000000E+00 0.0000000000000E+00
 0.0000000000000E+00 0.0000000000000E+00 0.0000000000000E+00 0.0000000000000E+00
 0.0000000000000E+00 0.0000000000000E+00 0.0000000000000E+00 0.0000000000000E+00
 0.0000000000000E+00 0.0000000000000E+00 0.0000000000000E+00 0.0000000000000E+00
 0.0000000000000E+00 0.0000000000000E+00 0.0000000000000E+00 0.0000000000000E+00
 0.0000000000000E+00 0.0000000000000E+00 0.0000000000000E+00 0.0000000000000E+00
 0.0000000000000E+00 0.0000000000000E+00 0.0000000000000E+00-7.0290772566700E-01
-1.9499847594270E-01 1.0817518405320E-01 2.1644735883667E-02-1.0705653630192E-03
-2.0486159943774E-02 3.4286060527776E-02 3.2103451965000E-01 8.9060398357957E-02
-4.9406155292365E-02-9.8856608536652E-03 4.8895242509999E-04 9.3565119245173E-03
-1.5659251663203E-02 0.0000000000000E+00 0.0000000000000E+00 0.0000000000000E+00
 0.0000000000000E+00 0.0000000000000E+00 0.0000000000000E+00 0.0000000000000E+00
 0.0000000000000E+00 0.0000000000000E+00 0.0000000000000E+00 0.0000000000000E+00
 0.0000000000000E+00 0.0000000000000E+00 0.0000000000000E+00 0.0000000000000E+00
 0.0000000000000E+00 0.0000000000000E+00 0.0000000000000E+00 0.0000000000000E+00
 0.0000000000000E+00 0.0000000000000E+00 0.0000000000000E+00 0.0000000000000E+00
 0.0000000000000E+00 0.0000000000000E+00 0.0000000000000E+00 0.0000000000000E+00
 0.0000000000000E+00 0.0000000000000E+00 0.0000000000000E+00 0.0000000000000E+00
 0.0000000000000E+00 0.0000000000000E+00 0.0000000000000E+00 0.0000000000000E+00
 0.0000000000000E+00 0.0000000000000E+00 0.0000000000000E+00 0.0000000000000E+00
 0.0000000000000E+00 0.0000000000000E+00-4.1523077420700E-01 3.2742314439689E-01
 6.8602106086824E-02 1.2712081423926E-02 2.8603837275335E-03 3.2139710900947E-02
 2.1663531993694E-02 1.8964567790900E-01-1.4954186452310E-01-3.1332198196428E-02
-5.8059070979532E-03-1.3064046424198E-03-1.4678963218090E-02-9.8942454799602E-03
 0.0000000000000E+00 0.0000000000000E+00 0.0000000000000E+00 0.0000000000000E+00
 0.0000000000000E+00 0.0000000000000E+00 0.0000000000000E+00 0.0000000000000E+00
 0.0000000000000E+00 0.0000000000000E+00 0.0000000000000E+00 0.0000000000000E+00
 0.0000000000000E+00 0.0000000000000E+00 0.0000000000000E+00 0.0000000000000E+00
 0.0000000000000E+00 0.0000000000000E+00 0.0000000000000E+00 0.0000000000000E+00
 0.0000000000000E+00 0.0000000000000E+00 0.0000000000000E+00 0.0000000000000E+00
 0.0000000000000E+00 0.0000000000000E+00 0.0000000000000E+00 0.0000000000000E+00
 0.0000000000000E+00 0.0000000000000E+00 0.0000000000000E+00 0.0000000000000E+00
 0.0000000000000E+00 0.0000000000000E+00 0.0000000000000E+00 0.0000000000000E+00
 0.0000000000000E+00 0.0000000000000E+00 0.0000000000000E+00 0.0000000000000E+00
 0.0000000000000E+00 2.3033893317700E-01-1.7387337366642E-01-1.1477187397877E-01
-6.8761969945026E-02 6.7219773728678E-02 2.7442248620903E-02 2.6652757977040E-02
-1.0537103301500E-01 7.9540252897579E-02 5.2503633473424E-02 3.1455905891849E-02
-3.0750411574484E-02-1.2553753052281E-02-1.2192592029521E-02 0.0000000000000E+00
 0.0000000000000E+00 0.0000000000000E+00 0.0000000000000E+00 0.0000000000000E+00
 0.0000000000000E+00 0.0000000000000E+00 0.0000000000000E+00 0.0000000000000E+00
 0.0000000000000E+00 0.0000000000000E+00 0.0000000000000E+00 0.0000000000000E+00
 0.0000000000000E+00 0.0000000000000E+00 0.0000000000000E+00 0.0000000000000E+00
 0.0000000000000E+00 0.0000000000000E+00 0.0000000000000E+00 0.0000000000000E+00
 0.0000000000000E+00 0.0000000000000E+00 0.0000000000000E+00 0.0000000000000E+00
 0.0000000000000E+00 0.0000000000000E+00 0.0000000000000E+00 0.0000000000000E+00
 0.0000000000000E+00 0.0000000000000E+00 0.0000000000000E+00 0.0000000000000E+00
 0.0000000000000E+00 0.0000000000000E+00 0.0000000000000E+00 0.0000000000000E+00
 0.0000000000000E+00 0.0000000000000E+00 0.0000000000000E+00 0.0000000000000E+00
-2.5003386720600E-01-1.6258330879333E-01 1.2085517438405E-01 7.1715732580283E-02
 6.4793281267975E-02 2.6927211777781E-02-2.7124596813635E-02 1.1438069332400E-01
 7.4375490770171E-02-5.5286504953529E-02-3.2807136514781E-02-2.9640386388290E-02
-1.2318143885176E-02 1.2408439801923E-02 0.0000000000000E+00 0.0000000000000E+00
 0.0000000000000E+00 0.0000000000000E+00 0.0000000000000E+00 0.0000000000000E+00
 0.0000000000000E+00 0.0000000000000E+00 0.0000000000000E+00 3.8254639340000E-03
 4.4298685310000E-03-1.4495178900000E-03 8.6212751200000E-03-3.3913947090000E-03
 0.0000000000000E+00 0.0000000000000E+00 0.0000000000000E+00 0.0000000000000E+00
 0.0000000000000E+00 0.0000000000000E+00 0.0000000000000E+00 0.0000000000000E+00
 0.0000000000000E+00 0.0000000000000E+00 0.0000000000000E+00 0.0000000000000E+00
 1.6125331607500E-01-2.1832185662080E-02 2.0562494285286E+00-5.2421701108031E-01
-2.2265963034959E-02-1.2855909666500E-01 1.7405695182415E-02-1.6393434596237E+00
 4.1793165586582E-01 1.7751523899669E-02 4.5822961361500E-02-6.2039989277697E-03
 5.8431938273540E-01-1.4896546891841E-01-6.3272643851495E-03 0.0000000000000E+00
 0.0000000000000E+00 0.0000000000000E+00 0.0000000000000E+00 0.0000000000000E+00
 0.0000000000000E+00 0.0000000000000E+00 0.0000000000000E+00 0.0000000000000E+00
 0.0000000000000E+00 0.0000000000000E+00 0.0000000000000E+00 0.0000000000000E+00
 0.0000000000000E+00-1.5585301880000E-03-2.1631253593449E-06 2.0373248912168E-04
-1.9532191681773E-04-4.1481203881100E-06 1.2794129029538E-06-4.0154800418166E-05
 5.1173463089784E-06 2.1745585148154E-07 0.0000000000000E+00 0.0000000000000E+00
 0.0000000000000E+00 0.0000000000000E+00 0.0000000000000E+00 0.0000000000000E+00
 0.0000000000000E+00 0.0000000000000E+00 0.0000000000000E+00 0.0000000000000E+00
 0.0000000000000E+00 0.0000000000000E+00 0.0000000000000E+00 0.0000000000000E+00
 0.0000000000000E+00 0.0000000000000E+00 0.0000000000000E+00-5.9310227518700E-01
 7.2498750439228E-02-4.6044183805981E-02-5.9374823476251E-01 4.8237899306933E-02
 4.7361045516000E-01-5.7892487738708E-02 3.6767700549955E-02 4.7412627379947E-01
-3.8519450021588E-02-1.6875933735100E-01 2.0628551928653E-02-1.3101258034602E-02
-1.6894313652769E-01 1.3725450505328E-02 0.0000000000000E+00 0.0000000000000E+00
 0.0000000000000E+00 0.0000000000000E+00 0.0000000000000E+00 0.0000000000000E+00
 0.0000000000000E+00 0.0000000000000E+00 0.0000000000000E+00 0.0000000000000E+00
 0.0000000000000E+00 0.0000000000000E+00 0.0000000000000E+00 0.0000000000000E+00
-5.9300166700000E-04 1.3848689680737E-05-9.6527681849337E-04 5.2043138746667E-05
 8.0101356548920E-06-1.4128176071270E-06-2.2524240235787E-05 5.8566366403610E-06
-1.1342811026940E-07 0.0000000000000E+00 0.0000000000000E+00 0.0000000000000E+00
 0.0000000000000E+00 0.0000000000000E+00 0.0000000000000E+00 0.0000000000000E+00
 0.0000000000000E+00 0.0000000000000E+00 0.0000000000000E+00 0.0000000000000E+00
 0.0000000000000E+00 0.0000000000000E+00 0.0000000000000E+00 0.0000000000000E+00
 0.0000000000000E+00 0.0000000000000E+00-2.5707787954000E-02-1.6611251899148E+00
-1.9666094218570E-02-7.7143732733537E-03-1.6950522762856E+00 2.0528461386000E-02
 1.3264596852616E+00 1.5703982642506E-02 6.1601649324457E-03 1.3535515098778E+00
-7.3148079875000E-03-4.7265100478436E-01-5.5957246621442E-03-2.1950219652254E-03
-4.8230450444727E-01 0.0000000000000E+00 0.0000000000000E+00 0.0000000000000E+00
 0.0000000000000E+00 0.0000000000000E+00 0.0000000000000E+00 0.0000000000000E+00
 0.0000000000000E+00 0.0000000000000E+00 0.0000000000000E+00 0.0000000000000E+00
 0.0000000000000E+00 0.0000000000000E+00 0.0000000000000E+00-2.5703427000000E-05
-8.2598999224531E-05-4.2722915733088E-05 5.6437674496718E-06-1.5918199882485E-04
 4.9133417811644E-05 5.9113648433223E-07-1.0136054002850E-07 8.3542697155398E-06
 0.0000000000000E+00 0.0000000000000E+00 0.0000000000000E+00 0.0000000000000E+00
 0.0000000000000E+00 0.0000000000000E+00 0.0000000000000E+00 0.0000000000000E+00
 0.0000000000000E+00 0.0000000000000E+00 0.0000000000000E+00 0.0000000000000E+00
 0.0000000000000E+00 0.0000000000000E+00 0.0000000000000E+00 0.0000000000000E+00
 0.0000000000000E+00-3.0278076893100E-01-2.4921369854379E-02 1.1872638155051E+00
 8.8458418004090E-01 4.9649506257674E-02 2.4292103885000E-01 1.9994417333871E-02
-9.5254186872540E-01-7.0970196926490E-01-3.9833803452244E-02-8.6497357124000E-02
-7.1194502736951E-03 3.3917339800994E-01 2.5270493234252E-01 1.4183698288552E-02
 0.0000000000000E+00 0.0000000000000E+00 0.0000000000000E+00 0.0000000000000E+00
 0.0000000000000E+00 0.0000000000000E+00 0.0000000000000E+00 0.0000000000000E+00
 0.0000000000000E+00 0.0000000000000E+00 0.0000000000000E+00 0.0000000000000E+00
 0.0000000000000E+00 0.0000000000000E+00-1.7511807230000E-03-1.8542343937274E-06
-1.6079458436073E-04-2.4391203986406E-05-1.2694056539851E-06-8.4975783964708E-07
 2.3063325291081E-05-8.9347298345548E-06-4.4075476141858E-07 0.0000000000000E+00
 0.0000000000000E+00 0.0000000000000E+00 0.0000000000000E+00 0.0000000000000E+00
 0.0000000000000E+00 0.0000000000000E+00 0.0000000000000E+00 0.0000000000000E+00
 0.0000000000000E+00 0.0000000000000E+00 0.0000000000000E+00 0.0000000000000E+00
 0.0000000000000E+00 0.0000000000000E+00 0.0000000000000E+00 0.0000000000000E+00
-2.1983607180000E-03 1.6959508030253E+00 2.6628854704752E-02 2.4078400090663E-02
-1.6623529220418E+00 1.7637450065000E-03-1.3606614857470E+00-2.1364332586721E-02
-1.9318102614129E-02 1.3337059027353E+00-6.2802004500000E-04 4.8449332760444E-01
 7.6072386077947E-03 6.8786336032618E-03-4.7489520180504E-01 0.0000000000000E+00
 0.0000000000000E+00 0.0000000000000E+00 0.0000000000000E+00 0.0000000000000E+00
 0.0000000000000E+00 0.0000000000000E+00 0.0000000000000E+00 0.0000000000000E+00
 0.0000000000000E+00 0.0000000000000E+00 0.0000000000000E+00 0.0000000000000E+00
 0.0000000000000E+00-1.2714569000000E-05 4.9047892015827E-04 4.0403324353623E-06
-2.3740865901294E-06 1.0344023802530E-04 1.5805717213615E-05 6.7125146278731E-07
-4.2174854517587E-07 8.3951244299557E-06-9.8516154773170E+00-1.0602473408072E+01
-2.0887275988490E+00 1.5250684643300E+00-5.0207495385800E-01 0.0000000000000E+00
 0.0000000000000E+00 0.0000000000000E+00 0.0000000000000E+00 0.0000000000000E+00
 0.0000000000000E+00 0.0000000000000E+00 0.0000000000000E+00 0.0000000000000E+00
 0.0000000000000E+00 0.0000000000000E+00 0.0000000000000E+00 5.9940896500000E-05
-8.1154339922220E-06 7.6434666016421E-04-1.9486134155252E-04-8.2766775301018E-06
-1.1441713000000E-05 1.5491012089686E-06-1.4590097466870E-04 3.7195765977805E-05
 1.5798797518191E-06-2.0644208000000E-05 2.7950311727836E-06-2.6324817205564E-04
 6.7112077481813E-05 2.8505659178267E-06 0.0000000000000E+00 0.0000000000000E+00
 0.0000000000000E+00 0.0000000000000E+00 0.0000000000000E+00 0.0000000000000E+00
 0.0000000000000E+00 0.0000000000000E+00 0.0000000000000E+00 0.0000000000000E+00
 0.0000000000000E+00 0.0000000000000E+00 0.0000000000000E+00 0.0000000000000E+00
-1.5406500000000E-07-2.1376996982738E-10 2.0139597734314E-08-1.9308074307714E-08
-4.1002033147421E-10 1.2647510734440E-10-3.9694139730300E-09 5.0586003621563E-10
 2.1495089878595E-11-9.9578480794800E-01-1.3236188630000E-03-1.2860277135000E-02
 2.6130662890000E-03-5.6883120300000E-04 0.0000000000000E+00 0.0000000000000E+00
 0.0000000000000E+00 0.0000000000000E+00 0.0000000000000E+00 0.0000000000000E+00
 0.0000000000000E+00 0.0000000000000E+00 0.0000000000000E+00 0.0000000000000E+00
 0.0000000000000E+00 0.0000000000000E+00-1.2486717450000E-04 1.6905842988001E-05
-1.5922652782172E-03 4.0592961847745E-04 1.7241741333164E-05 4.8548452000000E-05
-6.5730046429641E-06 6.1907394535674E-04-1.5782574264302E-04-6.7036012738548E-06
-1.8775485500000E-05 2.5420253151696E-06-2.3941883874761E-04 6.1037064292813E-05
 2.5925319167183E-06 0.0000000000000E+00 0.0000000000000E+00 0.0000000000000E+00
 0.0000000000000E+00 0.0000000000000E+00 0.0000000000000E+00 0.0000000000000E+00
 0.0000000000000E+00 0.0000000000000E+00 0.0000000000000E+00 0.0000000000000E+00
 0.0000000000000E+00 0.0000000000000E+00 0.0000000000000E+00 3.5973000000000E-07
 4.9932364254059E-10-4.7024333717768E-08 4.5082931741958E-08 9.5740977236616E-10
-2.9530114841288E-10 9.2682608077458E-09-1.1811523716480E-09-5.0195119778751E-11
 8.0897036700000E-04-3.2660176412100E-01-2.5982193388200E-01-5.3762175932300E-01
-3.4823151192800E-01 0.0000000000000E+00 0.0000000000000E+00 0.0000000000000E+00
 0.0000000000000E+00 0.0000000000000E+00 0.0000000000000E+00 0.0000000000000E+00
 0.0000000000000E+00 0.0000000000000E+00 0.0000000000000E+00 0.0000000000000E+00
 0.0000000000000E+00-4.2839835100000E-04 5.8001116111027E-05-5.4627953467951E-03
 1.3926764962431E-03 5.9153523991487E-05-2.2283371040000E-03 3.0169593104111E-04
-2.8415024312757E-02 7.2440818263936E-03 3.0769024018876E-04-2.3617453095000E-03
 3.1975815003797E-04-3.0116202017894E-02 7.6777774075032E-03 3.2611133318474E-04
 0.0000000000000E+00 0.0000000000000E+00 0.0000000000000E+00 0.0000000000000E+00
 0.0000000000000E+00 0.0000000000000E+00 0.0000000000000E+00 0.0000000000000E+00
 0.0000000000000E+00 0.0000000000000E+00 0.0000000000000E+00 0.0000000000000E+00
 0.0000000000000E+00 0.0000000000000E+00 1.0957619900000E-04 1.5208373573824E-07
-1.4323900956119E-05 1.3732575355037E-05 2.9164356356577E-07-8.9952188001341E-08
 2.8231794577123E-06-3.5978729350707E-07-1.5288755952613E-08 0.0000000000000E+00
 0.0000000000000E+00 0.0000000000000E+00 0.0000000000000E+00 0.0000000000000E+00
 7.7883602200000E-04-7.3354136448000E-02-7.1925077912000E-02 1.7698878030000E-03
-1.6669566845300E-01-1.6344816423100E-01 1.5769161800000E-03-1.4852076859200E-01
-1.4562734114000E-01 5.1622612450000E-03-4.8620403370100E-01-4.7673198402400E-01
 0.0000000000000E+00 0.0000000000000E+00 0.0000000000000E+00 0.0000000000000E+00
 0.0000000000000E+00 0.0000000000000E+00 0.0000000000000E+00 0.0000000000000E+00
 0.0000000000000E+00 0.0000000000000E+00 0.0000000000000E+00 0.0000000000000E+00
 0.0000000000000E+00 0.0000000000000E+00 0.0000000000000E+00 4.3546544900000E-04
 6.2263914535404E-06-5.8642839115050E-04 2.0204829185911E-04 4.2909708135652E-06
-1.0940156236889E-06 3.4336044406956E-05 2.8177686440000E-03 4.0289144010813E-05
-3.7946053741948E-03 1.3073949793661E-03 2.7765608159742E-05-7.0790527395186E-06
 2.2217842886360E-04 0.0000000000000E+00 0.0000000000000E+00 0.0000000000000E+00
 0.0000000000000E+00 0.0000000000000E+00 0.0000000000000E+00 0.0000000000000E+00
 0.0000000000000E+00 0.0000000000000E+00 0.0000000000000E+00 0.0000000000000E+00
 0.0000000000000E+00 0.0000000000000E+00 0.0000000000000E+00-7.1712139442000E-02
 3.7990313548000E-02-3.9521662314000E-02-1.7411637990900E-01 9.2240113294000E-02
-9.5958213263000E-02-9.1673177259000E-02 4.8564898149000E-02-5.0522497071000E-02
-6.2224852596000E-01 3.2964316488400E-01-3.4293072706900E-01 0.0000000000000E+00
 0.0000000000000E+00 0.0000000000000E+00 0.0000000000000E+00 0.0000000000000E+00
 0.0000000000000E+00 0.0000000000000E+00 0.0000000000000E+00 0.0000000000000E+00
 0.0000000000000E+00 0.0000000000000E+00 0.0000000000000E+00 0.0000000000000E+00
 0.0000000000000E+00 0.0000000000000E+00-5.8650787400000E-04-1.7379366835654E-04
-2.4286703087969E-04-2.9109630076360E-05-1.2219410134139E-04 3.1513263922148E-05
-1.5846958390533E-05-4.5678206210000E-03-1.3535339201841E-03-1.8914887288875E-03
-2.2671062834799E-04-9.5166793283769E-04 2.4543052758330E-04-1.2341874099671E-04
 0.0000000000000E+00 0.0000000000000E+00 0.0000000000000E+00 0.0000000000000E+00
 0.0000000000000E+00 0.0000000000000E+00 0.0000000000000E+00 0.0000000000000E+00
 0.0000000000000E+00 0.0000000000000E+00 0.0000000000000E+00 0.0000000000000E+00
 0.0000000000000E+00 0.0000000000000E+00 5.4815667932000E-02 5.0505083013000E-02
-5.0914985985000E-02 1.3309191075400E-01 1.2262585232800E-01-1.2362109277300E-01
 7.0073581433000E-02 6.4563147378000E-02-6.5087146635000E-02 4.7563730263100E-01
 4.3823421952300E-01-4.4179096071200E-01 0.0000000000000E+00 0.0000000000000E+00
 0.0000000000000E+00 0.0000000000000E+00 0.0000000000000E+00 0.0000000000000E+00
 0.0000000000000E+00 0.0000000000000E+00 0.0000000000000E+00 0.0000000000000E+00
 0.0000000000000E+00 0.0000000000000E+00 0.0000000000000E+00 0.0000000000000E+00
 0.0000000000000E+00-7.5558664400000E-04 1.4018616857315E-04-3.0901523071493E-04
-4.2829424031073E-05 9.3461084942299E-05-2.3354165974597E-05-2.2452969651486E-05
-5.8846341300000E-03 1.0917931376848E-03-2.4066618802420E-03-3.3356265984595E-04
 7.2789043432386E-04-1.8188611879706E-04-1.7486745238469E-04 0.0000000000000E+00
 0.0000000000000E+00 0.0000000000000E+00 0.0000000000000E+00 0.0000000000000E+00
 0.0000000000000E+00 0.0000000000000E+00 0.0000000000000E+00 0.0000000000000E+00
-8.7198940068000E-02 8.0201266997000E-02-2.5872214672400E-01 2.1026872386090E+00
-2.0215985168760E+00 0.0000000000000E+00 0.0000000000000E+00 0.0000000000000E+00
 0.0000000000000E+00 0.0000000000000E+00 0.0000000000000E+00 0.0000000000000E+00
 0.0000000000000E+00 0.0000000000000E+00 0.0000000000000E+00 0.0000000000000E+00
 0.0000000000000E+00 2.6759497500000E-05-3.6229843677669E-06 3.4122833834740E-04
-8.6992218035156E-05-3.6949683993294E-06 2.5510936735000E-03-3.4539414224211E-04
 3.2530710290240E-02-8.2933283675795E-03-3.5225667823011E-04-4.1092534005000E-03
 5.5635434525882E-04-5.2399852365988E-02 1.3358736351376E-02 5.6740838877552E-04
 0.0000000000000E+00 0.0000000000000E+00 0.0000000000000E+00 0.0000000000000E+00
 0.0000000000000E+00 0.0000000000000E+00 0.0000000000000E+00 0.0000000000000E+00
 0.0000000000000E+00 0.0000000000000E+00 0.0000000000000E+00 0.0000000000000E+00
 0.0000000000000E+00 0.0000000000000E+00-1.2694649000000E-05-1.7619262439160E-08
 1.6594561148437E-06-1.5909497694748E-06-3.3787583424816E-08 1.0421158403833E-08
-3.2707167944142E-07 4.1682169731908E-08 1.7712390722994E-09 0.0000000000000E+00
 0.0000000000000E+00 0.0000000000000E+00 0.0000000000000E+00 0.0000000000000E+00
-1.2148937730000E-03 1.1442393656100E-01 1.1219477115700E-01-8.7320553300000E-04
 8.2242264096000E-02 8.0640050299000E-02-8.3276072050000E-03 7.8432997139100E-01
 7.6904994091600E-01 9.2999908730000E-03-8.7591325999800E-01-8.5884903729200E-01
 0.0000000000000E+00 0.0000000000000E+00 0.0000000000000E+00 0.0000000000000E+00
 0.0000000000000E+00 0.0000000000000E+00 0.0000000000000E+00 0.0000000000000E+00
 0.0000000000000E+00 0.0000000000000E+00 0.0000000000000E+00 0.0000000000000E+00
 0.0000000000000E+00 0.0000000000000E+00 0.0000000000000E+00-8.4679701300000E-04
-1.2107710223070E-05 1.1403563955431E-03-3.9289888645922E-04-8.3441321873087E-06
 2.1273998964115E-06-6.6769154448240E-05-1.6152293170000E-03-2.3094943004629E-05
 2.1751813657101E-03-7.4943793002423E-04-1.5916077604713E-05 4.0579248711460E-06
-1.2735932481186E-04 0.0000000000000E+00 0.0000000000000E+00 0.0000000000000E+00
 0.0000000000000E+00 0.0000000000000E+00 0.0000000000000E+00 0.0000000000000E+00
 0.0000000000000E+00 0.0000000000000E+00 0.0000000000000E+00 0.0000000000000E+00
 0.0000000000000E+00 0.0000000000000E+00 0.0000000000000E+00 9.9023996203000E-02
-9.5604676782000E-02 9.8576493302000E-02 6.6271087387000E-02-6.3982732798000E-02
 6.5971599334000E-02 6.6615387192800E-01-6.4315143859300E-01 6.6314343202200E-01
-6.8668086739900E-01 6.6296963259200E-01-6.8357766321000E-01 0.0000000000000E+00
 0.0000000000000E+00 0.0000000000000E+00 0.0000000000000E+00 0.0000000000000E+00
 0.0000000000000E+00 0.0000000000000E+00 0.0000000000000E+00 0.0000000000000E+00
 0.0000000000000E+00 0.0000000000000E+00 0.0000000000000E+00 0.0000000000000E+00
 0.0000000000000E+00 0.0000000000000E+00 1.8840465940000E-03 3.0394507843665E-04
 7.7746441625682E-04 9.7231225088731E-05 2.1726860543411E-04-5.6555736313957E-05
 5.2328809627000E-05 4.3913499570000E-03 7.0843747238080E-04 1.8121199037790E-03
 2.2662726999833E-04 5.0641129800380E-04-1.3182053511112E-04 1.2196838269186E-04
 0.0000000000000E+00 0.0000000000000E+00 0.0000000000000E+00 0.0000000000000E+00
 0.0000000000000E+00 0.0000000000000E+00 0.0000000000000E+00 0.0000000000000E+00
 0.0000000000000E+00 0.0000000000000E+00 0.0000000000000E+00 0.0000000000000E+00
 0.0000000000000E+00 0.0000000000000E+00 1.3731690335300E-01 7.0073730738000E-02
-6.9979078247000E-02 9.1898336270000E-02 4.6896333327000E-02-4.6832987837000E-02
 9.2375777950600E-01 4.7139974997500E-01-4.7076300407700E-01-9.5222263208000E-01
-4.8592555390800E-01 4.8526918719800E-01 0.0000000000000E+00 0.0000000000000E+00
 0.0000000000000E+00 0.0000000000000E+00 0.0000000000000E+00 0.0000000000000E+00
 0.0000000000000E+00 0.0000000000000E+00 0.0000000000000E+00 0.0000000000000E+00
 0.0000000000000E+00 0.0000000000000E+00 0.0000000000000E+00 0.0000000000000E+00
 0.0000000000000E+00-1.3374775220000E-03 4.4556774414573E-04-5.4489730276782E-04
-7.8702253599537E-05 3.0147665368698E-04-7.6017416980140E-05-4.0849310016984E-05
-3.1174026580000E-03 1.0385326464399E-03-1.2700507275712E-03-1.8343980401974E-04
 7.0268404953638E-04-1.7718196667467E-04-9.5211878754073E-05 0.0000000000000E+00
 0.0000000000000E+00 0.0000000000000E+00 0.0000000000000E+00 0.0000000000000E+00
 0.0000000000000E+00 0.0000000000000E+00 0.0000000000000E+00 0.0000000000000E+00
 7.1882355490000E-03 1.9330202611000E-02 3.9447825890000E-02-6.0377986365000E-02
 6.7721299271000E-02 0.0000000000000E+00 0.0000000000000E+00 0.0000000000000E+00
 0.0000000000000E+00 0.0000000000000E+00 0.0000000000000E+00 0.0000000000000E+00
 0.0000000000000E+00 0.0000000000000E+00 0.0000000000000E+00 0.0000000000000E+00
 0.0000000000000E+00-6.5430729720000E-03 8.8587067555695E-04-8.3435121751331E-02
 2.1270819355012E-02 9.0347178279167E-04 1.9254040103500E-02-2.6068163337180E-03
 2.4552120800942E-01-6.2592792505706E-02-2.6586104119332E-03-1.2784162254550E-01
 1.7308555922259E-02-1.6301944647901E+00 4.1559922543951E-01 1.7652454604906E-02
 0.0000000000000E+00 0.0000000000000E+00 0.0000000000000E+00 0.0000000000000E+00
 0.0000000000000E+00 0.0000000000000E+00 0.0000000000000E+00 0.0000000000000E+00
 0.0000000000000E+00 0.0000000000000E+00 0.0000000000000E+00 0.0000000000000E+00
 0.0000000000000E+00 0.0000000000000E+00 1.8505202400000E-03 2.5683861042005E-06
-2.4190169561495E-04 2.3191540554736E-04 4.9252692423276E-06-1.5191104427427E-06
 4.7677787374697E-05-6.0760792382068E-06-2.5819612496836E-07 0.0000000000000E+00
 0.0000000000000E+00 0.0000000000000E+00 0.0000000000000E+00 0.0000000000000E+00
 0.0000000000000E+00 0.0000000000000E+00 0.0000000000000E+00 0.0000000000000E+00
 0.0000000000000E+00 0.0000000000000E+00 0.0000000000000E+00 0.0000000000000E+00
 0.0000000000000E+00 0.0000000000000E+00 0.0000000000000E+00 0.0000000000000E+00
 2.1757557305000E-03 6.7860671488025E-02 8.9224304809462E-04 1.4404206317723E-03
 6.9295426461228E-02-6.4626194270000E-03-2.0156568484214E-01-2.6502181182797E-03
-4.2784629856797E-03-2.0582731919186E-01 4.2186899921000E-02 1.3157871154633E+00
 1.7300181108462E-02 2.7929091574051E-02 1.3436063525212E+00 0.0000000000000E+00
 0.0000000000000E+00 0.0000000000000E+00 0.0000000000000E+00 0.0000000000000E+00
 0.0000000000000E+00 0.0000000000000E+00 0.0000000000000E+00 0.0000000000000E+00
 0.0000000000000E+00 0.0000000000000E+00 0.0000000000000E+00 0.0000000000000E+00
 0.0000000000000E+00 6.2315875000000E-05 9.6105528248844E-05 1.0247244480826E-04
-9.4417775066659E-06 1.8622480414583E-04-5.7537994493919E-05 5.2896401879429E-07
-1.9891759714968E-07-9.7901993448643E-06 0.0000000000000E+00 0.0000000000000E+00
 0.0000000000000E+00 0.0000000000000E+00 0.0000000000000E+00 0.0000000000000E+00
 0.0000000000000E+00 0.0000000000000E+00 0.0000000000000E+00 0.0000000000000E+00
 0.0000000000000E+00 0.0000000000000E+00 0.0000000000000E+00 0.0000000000000E+00
 0.0000000000000E+00 0.0000000000000E+00 0.0000000000000E+00 2.4229888434500E-02
-6.1141082811908E-03 1.8475640039057E-03 2.4290412506751E-02-5.1852549236740E-03
-7.1969727810000E-02 1.8160657653658E-02-5.4877957369747E-03-7.2149501687196E-02
 1.5401696400837E-02 4.6980635930200E-01-1.1854973910044E-01 3.5823413739861E-02
 4.7097989314125E-01-1.0053970096953E-01 0.0000000000000E+00 0.0000000000000E+00
 0.0000000000000E+00 0.0000000000000E+00 0.0000000000000E+00 0.0000000000000E+00
 0.0000000000000E+00 0.0000000000000E+00 0.0000000000000E+00 0.0000000000000E+00
 0.0000000000000E+00 0.0000000000000E+00 0.0000000000000E+00 0.0000000000000E+00
 6.9396885100000E-04-2.0720931253238E-05 1.1295813470123E-03-6.0720414375989E-05
-1.8029855788081E-05 4.3226180311835E-06 2.6444368299735E-05-6.8730879849115E-06
 5.8630109979957E-07 0.0000000000000E+00 0.0000000000000E+00 0.0000000000000E+00
 0.0000000000000E+00 0.0000000000000E+00 0.0000000000000E+00 0.0000000000000E+00
 0.0000000000000E+00 0.0000000000000E+00 0.0000000000000E+00 0.0000000000000E+00
 0.0000000000000E+00 0.0000000000000E+00 0.0000000000000E+00 0.0000000000000E+00
 0.0000000000000E+00 0.0000000000000E+00 1.2666065965000E-02 3.7943756362578E-03
-4.9636954444006E-02-3.6975691578813E-02-4.7745956555441E-03-3.9210151972000E-02
-1.1746192205849E-02 1.5366038141027E-01 1.1446509832542E-01 1.4780644739246E-02
 2.4158806438050E-01 7.2372579447566E-02-9.4675772088619E-01-7.0526126915386E-01
-9.1068949571635E-02 0.0000000000000E+00 0.0000000000000E+00 0.0000000000000E+00
 0.0000000000000E+00 0.0000000000000E+00 0.0000000000000E+00 0.0000000000000E+00
 0.0000000000000E+00 0.0000000000000E+00 0.0000000000000E+00 0.0000000000000E+00
 0.0000000000000E+00 0.0000000000000E+00 0.0000000000000E+00 1.9790849650000E-03
 2.3594536286237E-05 1.8194916918502E-04 2.7469255683666E-05 5.9689484551913E-06
 1.6534057515937E-06-2.6042777742029E-05 1.0081881615320E-05 8.6622662662071E-07
 0.0000000000000E+00 0.0000000000000E+00 0.0000000000000E+00 0.0000000000000E+00
 0.0000000000000E+00 0.0000000000000E+00 0.0000000000000E+00 0.0000000000000E+00
 0.0000000000000E+00 0.0000000000000E+00 0.0000000000000E+00 0.0000000000000E+00
 0.0000000000000E+00 0.0000000000000E+00 0.0000000000000E+00 0.0000000000000E+00
 0.0000000000000E+00-5.8322903850000E-04 7.0925347604802E-02 3.0405155391440E-03
 2.4427174797710E-03-6.9479349998926E-02 1.8054934575000E-03-2.1956254340702E-01
-9.4124787204614E-03-7.5618841602481E-03 2.1508619013082E-01-1.1124304490500E-02
 1.3528050059564E+00 5.7993718485654E-02 4.6591529631148E-02-1.3252245588245E+00
 0.0000000000000E+00 0.0000000000000E+00 0.0000000000000E+00 0.0000000000000E+00
 0.0000000000000E+00 0.0000000000000E+00 0.0000000000000E+00 0.0000000000000E+00
 0.0000000000000E+00 0.0000000000000E+00 0.0000000000000E+00 0.0000000000000E+00
 0.0000000000000E+00 0.0000000000000E+00-9.1130097000000E-05 5.5438622739619E-04
-2.4804175480221E-06-3.7529148268783E-06 1.1687955947515E-04 1.7830507546137E-05
 1.7697225910669E-06-8.6839251047225E-07 9.4710454480456E-06 0.0000000000000E+00
 0.0000000000000E+00 0.0000000000000E+00 0.0000000000000E+00 0.0000000000000E+00
 1.4273893620000E-03-1.3443768780400E-01-1.3181862179600E-01 1.0097106945000E-02
-9.5098909045100E-01-9.3246226779500E-01-1.3899983738000E-02 1.3091604321350E+00
 1.2836558460170E+00 5.7131851670000E-03-5.3809242535400E-01-5.2760950495300E-01
 0.0000000000000E+00 0.0000000000000E+00 0.0000000000000E+00 0.0000000000000E+00
 0.0000000000000E+00 0.0000000000000E+00 0.0000000000000E+00 0.0000000000000E+00
 0.0000000000000E+00 0.0000000000000E+00 0.0000000000000E+00 0.0000000000000E+00
 0.0000000000000E+00 0.0000000000000E+00 0.0000000000000E+00 2.4180386690000E-03
 3.4573707136154E-05-3.2563008836841E-03 1.1219273170268E-03 2.3826766022726E-05
-6.0748150218759E-06 1.9066009322783E-04-9.3285989240000E-03-1.3338258425560E-04
 1.2562547205867E-02-4.3283054560293E-03-9.1921749250128E-05 2.3436148286460E-05
-7.3555132243178E-04 0.0000000000000E+00 0.0000000000000E+00 0.0000000000000E+00
 0.0000000000000E+00 0.0000000000000E+00 0.0000000000000E+00 0.0000000000000E+00
 0.0000000000000E+00 0.0000000000000E+00 0.0000000000000E+00 0.0000000000000E+00
 0.0000000000000E+00 0.0000000000000E+00 0.0000000000000E+00 1.1610462760100E-01
 1.0624141707500E-01-1.0709506561300E-01 8.1371083685300E-01 7.4458524335500E-01
-7.5056797703400E-01-1.1095287801930E+00-1.0152731405230E+00 1.0234308482740E+00
 4.5076432025100E-01 4.1247141599800E-01-4.1578561897800E-01 0.0000000000000E+00
 0.0000000000000E+00 0.0000000000000E+00 0.0000000000000E+00 0.0000000000000E+00
 0.0000000000000E+00 0.0000000000000E+00 0.0000000000000E+00 0.0000000000000E+00
 0.0000000000000E+00 0.0000000000000E+00 0.0000000000000E+00 0.0000000000000E+00
 0.0000000000000E+00 0.0000000000000E+00-5.5036743270000E-03 1.0280060140766E-03
-2.2507860660546E-03-3.1206934059852E-04 6.8551836147188E-04-1.7132202146279E-04
-1.6358545293135E-04 2.2404535532000E-02-4.1848401448511E-03 9.1625727448440E-03
 1.2703819689331E-03-2.7906303268987E-03 6.9742322844686E-04 6.6592895489804E-04
 0.0000000000000E+00 0.0000000000000E+00 0.0000000000000E+00 0.0000000000000E+00
 0.0000000000000E+00 0.0000000000000E+00 0.0000000000000E+00 0.0000000000000E+00
 0.0000000000000E+00 0.0000000000000E+00 0.0000000000000E+00 0.0000000000000E+00
 0.0000000000000E+00 0.0000000000000E+00-1.5084597844900E-01 8.0472646332000E-02
-8.3704959883000E-02-1.0571930671180E+00 5.6398668807500E-01-5.8664012247200E-01
 1.4415269909950E+00-7.6901945227300E-01 7.9990835812900E-01-5.8564405522300E-01
 3.1242680392900E-01-3.2497593009900E-01 0.0000000000000E+00 0.0000000000000E+00
 0.0000000000000E+00 0.0000000000000E+00 0.0000000000000E+00 0.0000000000000E+00
 0.0000000000000E+00 0.0000000000000E+00 0.0000000000000E+00 0.0000000000000E+00
 0.0000000000000E+00 0.0000000000000E+00 0.0000000000000E+00 0.0000000000000E+00
 0.0000000000000E+00-4.3016439290000E-03-1.2657799058497E-03-1.7811733381838E-03
-2.1362967667037E-04-8.9009268794707E-04 2.2956884114809E-04-1.1627656893157E-04
 1.7511271291000E-02 5.1527777967582E-03 7.2508580582255E-03 8.6965060030486E-04
 3.6234181145504E-03-9.3453626649891E-04 4.7334241903781E-04 0.0000000000000E+00
 0.0000000000000E+00 0.0000000000000E+00 0.0000000000000E+00 0.0000000000000E+00
 0.0000000000000E+00 0.0000000000000E+00 0.0000000000000E+00 0.0000000000000E+00
 0.0000000000000E+00 0.0000000000000E+00 0.0000000000000E+00 0.0000000000000E+00
 0.0000000000000E+00-1.8713533000000E-05 1.7625212740000E-03 1.7281844780000E-03
-4.1549676900000E-04 3.9133278156000E-02 3.8370897902000E-02 7.1682272100000E-04
-6.7513456197000E-02-6.6198183665000E-02-2.6366302000000E-04 2.4832920668000E-02
 2.4349134764000E-02 0.0000000000000E+00 0.0000000000000E+00 0.0000000000000E+00
 0.0000000000000E+00 0.0000000000000E+00 0.0000000000000E+00 0.0000000000000E+00
 0.0000000000000E+00 0.0000000000000E+00 0.0000000000000E+00 0.0000000000000E+00
 0.0000000000000E+00 0.0000000000000E+00 0.0000000000000E+00 0.0000000000000E+00
 2.2787280836000E-02 3.2581810368930E-04-3.0686954549805E-02 1.0572896613304E-02
 2.2454033370724E-04-5.7248263842744E-05 1.7967558354329E-03-2.0338359251300E-01
-2.9080282491432E-03 2.7389064559410E-01-9.4366401675311E-02-2.0040925483454E-03
 5.1095861964273E-04-1.6036606530929E-02 0.0000000000000E+00 0.0000000000000E+00
 0.0000000000000E+00 0.0000000000000E+00 0.0000000000000E+00 0.0000000000000E+00
 0.0000000000000E+00 0.0000000000000E+00 0.0000000000000E+00 0.0000000000000E+00
 0.0000000000000E+00 0.0000000000000E+00 0.0000000000000E+00 0.0000000000000E+00
 1.5053141890000E-03-1.6941163930000E-03 1.7440764970000E-03 2.7050936840000E-02
-3.0443767743000E-02 3.1341565453000E-02-4.5539739978000E-02 5.1251506562000E-02
-5.2762932006000E-02 1.6817164657000E-02-1.8926437111000E-02 1.9484584579000E-02
 0.0000000000000E+00 0.0000000000000E+00 0.0000000000000E+00 0.0000000000000E+00
 0.0000000000000E+00 0.0000000000000E+00 0.0000000000000E+00 0.0000000000000E+00
 0.0000000000000E+00 0.0000000000000E+00 0.0000000000000E+00 0.0000000000000E+00
 0.0000000000000E+00 0.0000000000000E+00 0.0000000000000E+00-6.4402728356000E-02
-8.8716408954253E-03-2.6560097044162E-02-3.3458910532599E-03-6.3807911326806E-03
 1.6665835286117E-03-1.7972625112656E-03 5.7323839659800E-01 7.8965058342407E-02
 2.3640718074616E-01 2.9781241750742E-02 5.6794402524322E-02-1.4833993747143E-02
 1.5997146495555E-02 0.0000000000000E+00 0.0000000000000E+00 0.0000000000000E+00
 0.0000000000000E+00 0.0000000000000E+00 0.0000000000000E+00 0.0000000000000E+00
 0.0000000000000E+00 0.0000000000000E+00 0.0000000000000E+00 0.0000000000000E+00
 0.0000000000000E+00 0.0000000000000E+00 0.0000000000000E+00-2.4313295120000E-03
-1.0670880800000E-03 1.0619622510000E-03-4.3691703402000E-02-1.9175885323000E-02
 1.9083772668000E-02 7.3554155403000E-02 3.2282239857000E-02-3.2127169947000E-02
-2.7162481455000E-02-1.1921362385000E-02 1.1864097318000E-02 0.0000000000000E+00
 0.0000000000000E+00 0.0000000000000E+00 0.0000000000000E+00 0.0000000000000E+00
 0.0000000000000E+00 0.0000000000000E+00 0.0000000000000E+00 0.0000000000000E+00
 0.0000000000000E+00 0.0000000000000E+00 0.0000000000000E+00 0.0000000000000E+00
 0.0000000000000E+00 0.0000000000000E+00-3.9214602378000E-02 1.5202550395124E-02
-1.5953585355127E-02-2.3388326115242E-03 1.0312898756359E-02-2.6044665608400E-03
-1.2096634328424E-03 3.4904291113500E-01-1.3531547242259E-01 1.4200031461972E-01
 2.0817575440765E-02-9.1793464318956E-02 2.3181940788083E-02 1.0767020969105E-02
 0.0000000000000E+00 0.0000000000000E+00 0.0000000000000E+00 0.0000000000000E+00
 0.0000000000000E+00 0.0000000000000E+00 0.0000000000000E+00 0.0000000000000E+00
 0.0000000000000E+00 0.0000000000000E+00 0.0000000000000E+00 0.0000000000000E+00
 0.0000000000000E+00 0.0000000000000E+00 0.0000000000000E+00 0.0000000000000E+00
 0.0000000000000E+00 0.0000000000000E+00 0.0000000000000E+00 0.0000000000000E+00
 0.0000000000000E+00 0.0000000000000E+00 0.0000000000000E+00 0.0000000000000E+00
 0.0000000000000E+00 0.0000000000000E+00 0.0000000000000E+00 0.0000000000000E+00
 0.0000000000000E+00 0.0000000000000E+00 0.0000000000000E+00 0.0000000000000E+00
 0.0000000000000E+00 0.0000000000000E+00 0.0000000000000E+00 0.0000000000000E+00
 0.0000000000000E+00 0.0000000000000E+00 0.0000000000000E+00 0.0000000000000E+00
 0.0000000000000E+00-7.0118456573000E-02 2.0611140645821E-02 1.1216369576132E-02
 2.1524532495507E-03 2.0935587479197E-04 1.9609182821314E-03 3.5477927461845E-03
 6.1873228361600E-01-1.8187476939618E-01-9.8974368530132E-02-1.8993463056595E-02
-1.8473772078071E-03-1.7303339320174E-02-3.1306078526449E-02 0.0000000000000E+00
 0.0000000000000E+00 0.0000000000000E+00 0.0000000000000E+00 0.0000000000000E+00
 0.0000000000000E+00 0.0000000000000E+00 0.0000000000000E+00 0.0000000000000E+00
 0.0000000000000E+00 0.0000000000000E+00 0.0000000000000E+00 0.0000000000000E+00
 0.0000000000000E+00 0.0000000000000E+00 0.0000000000000E+00 0.0000000000000E+00
 0.0000000000000E+00 0.0000000000000E+00 0.0000000000000E+00 0.0000000000000E+00
 0.0000000000000E+00 0.0000000000000E+00 0.0000000000000E+00 0.0000000000000E+00
 0.0000000000000E+00 0.0000000000000E+00 0.0000000000000E+00 0.0000000000000E+00
 0.0000000000000E+00 0.0000000000000E+00 0.0000000000000E+00 0.0000000000000E+00
 0.0000000000000E+00 0.0000000000000E+00 0.0000000000000E+00 0.0000000000000E+00
 0.0000000000000E+00 0.0000000000000E+00 0.0000000000000E+00 0.0000000000000E+00
 4.4404605273000E-02 3.2804954555024E-02-6.6162089344313E-03-1.3707905290114E-03
 2.2929428237011E-04 3.3418798324635E-03-2.1007000372467E-03-3.9183068433400E-01
-2.8947420462122E-01 5.8382090293023E-02 1.2095992921807E-02-2.0233157129822E-03
-2.9489082352550E-02 1.8536787527342E-02 0.0000000000000E+00 0.0000000000000E+00
 0.0000000000000E+00 0.0000000000000E+00 0.0000000000000E+00 0.0000000000000E+00
 0.0000000000000E+00 0.0000000000000E+00 0.0000000000000E+00 0.0000000000000E+00
 0.0000000000000E+00 0.0000000000000E+00 0.0000000000000E+00 0.0000000000000E+00
 0.0000000000000E+00 0.0000000000000E+00 0.0000000000000E+00 0.0000000000000E+00
 0.0000000000000E+00 0.0000000000000E+00 0.0000000000000E+00 0.0000000000000E+00
 0.0000000000000E+00 0.0000000000000E+00 0.0000000000000E+00 0.0000000000000E+00
 0.0000000000000E+00 0.0000000000000E+00 0.0000000000000E+00 0.0000000000000E+00
 0.0000000000000E+00 0.0000000000000E+00 0.0000000000000E+00 0.0000000000000E+00
 0.0000000000000E+00 0.0000000000000E+00 0.0000000000000E+00 0.0000000000000E+00
 0.0000000000000E+00 0.0000000000000E+00 0.0000000000000E+00 2.7085156569000E-02
 1.5664262316691E-02-1.3112431732621E-02-7.7848948162984E-03-6.2550523162520E-03
-2.6024843515465E-03 2.9483161795909E-03-2.3612944632200E-01-1.3656164691179E-01
 1.1431468882570E-01 6.7869015192874E-02 5.4531788894165E-02 2.2688559596844E-02
-2.5703534897799E-02 0.0000000000000E+00 0.0000000000000E+00 0.0000000000000E+00
 0.0000000000000E+00 0.0000000000000E+00 0.0000000000000E+00 0.0000000000000E+00
 0.0000000000000E+00 0.0000000000000E+00 0.0000000000000E+00 0.0000000000000E+00
 0.0000000000000E+00 0.0000000000000E+00 0.0000000000000E+00 0.0000000000000E+00
 0.0000000000000E+00 0.0000000000000E+00 0.0000000000000E+00 0.0000000000000E+00
 0.0000000000000E+00 0.0000000000000E+00 0.0000000000000E+00 0.0000000000000E+00
 0.0000000000000E+00 0.0000000000000E+00 0.0000000000000E+00 0.0000000000000E+00
 0.0000000000000E+00 0.0000000000000E+00 0.0000000000000E+00 0.0000000000000E+00
 0.0000000000000E+00 0.0000000000000E+00 0.0000000000000E+00 0.0000000000000E+00
 0.0000000000000E+00 0.0000000000000E+00 0.0000000000000E+00 0.0000000000000E+00
 0.0000000000000E+00 0.0000000000000E+00-2.2169984785000E-02 1.8849476634076E-02
 1.1069172540479E-02 6.6359052624554E-03-7.2989076798334E-03-2.9826167253230E-03
-2.5761870788410E-03 1.9327878792200E-01-1.6433046897091E-01-9.6501475876122E-02
-5.7852079662415E-02 6.3632160472580E-02 2.6002568386670E-02 2.2459298952595E-02
 0.0000000000000E+00 0.0000000000000E+00 0.0000000000000E+00 0.0000000000000E+00
 0.0000000000000E+00 0.0000000000000E+00 0.0000000000000E+00 0.0000000000000E+00
 0.0000000000000E+00-5.4380048934000E-01-1.2356456433140E+00-3.0437500926290E+00
 3.5422475942290E+00-1.3333499423980E+00 0.0000000000000E+00 0.0000000000000E+00
 0.0000000000000E+00 0.0000000000000E+00 0.0000000000000E+00 0.0000000000000E+00
 0.0000000000000E+00 0.0000000000000E+00 0.0000000000000E+00 0.0000000000000E+00
 0.0000000000000E+00 0.0000000000000E+00-1.5315399655000E-03 2.0735613783992E-04
-1.9529695608918E-02 4.9788700324584E-03 2.1147603719208E-04-8.6157367500000E-04
 1.1664899038590E-04-1.0986505086251E-02 2.8008824119365E-03 1.1896665449972E-04
-2.4860936950000E-04 3.3659374624137E-05-3.1701851885668E-03 8.0820205064587E-04
 3.4328143689651E-05 0.0000000000000E+00 0.0000000000000E+00 0.0000000000000E+00
 0.0000000000000E+00 0.0000000000000E+00 0.0000000000000E+00 0.0000000000000E+00
 0.0000000000000E+00 0.0000000000000E+00 0.0000000000000E+00 0.0000000000000E+00
 0.0000000000000E+00 0.0000000000000E+00 0.0000000000000E+00 1.0158546000000E-04
 1.4099331175627E-07-1.3279344040195E-05 1.2731140460153E-05 2.7037572474697E-07
-8.3392514427115E-08 2.6173018078459E-06-3.3355014874948E-07-1.4173835502728E-08
-6.0909929400000E-04-1.8806011776000E-02-4.4064520062000E-02 8.3412857460000E-03
 4.1961638390000E-03 0.0000000000000E+00 0.0000000000000E+00 0.0000000000000E+00
 0.0000000000000E+00 0.0000000000000E+00 0.0000000000000E+00 0.0000000000000E+00
 0.0000000000000E+00 0.0000000000000E+00 0.0000000000000E+00 0.0000000000000E+00
 0.0000000000000E+00-9.2854318300000E-03 1.2571603283718E-03-1.1840478297161E-01
 3.0185930055877E-02 1.2821384824831E-03 1.5871263528200E-01-2.1488201327789E-02
 2.0238514998323E+00-5.1595753384184E-01-2.1915144173674E-02-8.7734385861500E-02
 1.1878412473291E-02-1.1187601295685E+00 2.8521495646331E-01 1.2114421210572E-02
 0.0000000000000E+00 0.0000000000000E+00 0.0000000000000E+00 0.0000000000000E+00
 0.0000000000000E+00 0.0000000000000E+00 0.0000000000000E+00 0.0000000000000E+00
 0.0000000000000E+00 0.0000000000000E+00 0.0000000000000E+00 0.0000000000000E+00
 0.0000000000000E+00 0.0000000000000E+00-5.5576282500000E-03-7.7135800904659E-06
 7.2649823920828E-04-6.9650662614235E-04-1.4791956833523E-05 4.5623122243324E-06
-1.4318968916158E-04 1.8248160113290E-05 7.7543496592205E-07 0.0000000000000E+00
 0.0000000000000E+00 0.0000000000000E+00 0.0000000000000E+00 0.0000000000000E+00
 0.0000000000000E+00 0.0000000000000E+00 0.0000000000000E+00 0.0000000000000E+00
 0.0000000000000E+00 0.0000000000000E+00 0.0000000000000E+00 0.0000000000000E+00
 0.0000000000000E+00 0.0000000000000E+00 0.0000000000000E+00 0.0000000000000E+00
-3.2936750133000E-02-2.6661551294686E-02-2.8827969913934E-03-3.2640323263295E-02
-2.8615024546865E-02 5.6143533871250E-01 4.5446915744803E-01 4.9139763297974E-02
 5.5638248683226E-01 4.8776779536151E-01-3.0930584856900E-01-2.5037606060684E-01
-2.7072068922629E-02-3.0652213238490E-01-2.6872093978715E-01 0.0000000000000E+00
 0.0000000000000E+00 0.0000000000000E+00 0.0000000000000E+00 0.0000000000000E+00
 0.0000000000000E+00 0.0000000000000E+00 0.0000000000000E+00 0.0000000000000E+00
 0.0000000000000E+00 0.0000000000000E+00 0.0000000000000E+00 0.0000000000000E+00
 0.0000000000000E+00 2.0259795990000E-03 4.7067856461433E-05 3.2988531002191E-03
-1.8164779257777E-04 1.5360422094623E-04-5.0979794357682E-05 7.5175551604339E-05
-1.9606137721697E-05-9.0951769960425E-06 0.0000000000000E+00 0.0000000000000E+00
 0.0000000000000E+00 0.0000000000000E+00 0.0000000000000E+00 0.0000000000000E+00
 0.0000000000000E+00 0.0000000000000E+00 0.0000000000000E+00 0.0000000000000E+00
 0.0000000000000E+00 0.0000000000000E+00 0.0000000000000E+00 0.0000000000000E+00
 0.0000000000000E+00 0.0000000000000E+00 0.0000000000000E+00-9.5291979120000E-03
 9.2256450602790E-02 2.2738533089154E-04-1.0525956187792E-02 9.3666059154878E-02
 1.6243340450850E-01-1.5725908410528E+00-3.8759792684275E-03 1.7942400976603E-01
-1.5966188356556E+00-8.9487779897500E-02 8.6637144298570E-01 2.1353537510781E-03
-9.8848240870493E-02 8.7960894114038E-01 0.0000000000000E+00 0.0000000000000E+00
 0.0000000000000E+00 0.0000000000000E+00 0.0000000000000E+00 0.0000000000000E+00
 0.0000000000000E+00 0.0000000000000E+00 0.0000000000000E+00 0.0000000000000E+00
 0.0000000000000E+00 0.0000000000000E+00 0.0000000000000E+00 0.0000000000000E+00
 5.8615256500000E-04-2.9384660642055E-04 9.5115341068432E-04-4.0033668952569E-05
-5.4510215920606E-04 1.6705024450491E-04 2.7542150139676E-05-6.9851100543051E-06
 2.8260104340705E-05 0.0000000000000E+00 0.0000000000000E+00 0.0000000000000E+00
 0.0000000000000E+00 0.0000000000000E+00 0.0000000000000E+00 0.0000000000000E+00
 0.0000000000000E+00 0.0000000000000E+00 0.0000000000000E+00 0.0000000000000E+00
 0.0000000000000E+00 0.0000000000000E+00 0.0000000000000E+00 0.0000000000000E+00
 0.0000000000000E+00 0.0000000000000E+00 1.7757721807500E-02 1.0841864104066E-02
-6.9531976121440E-02-5.1782136942558E-02-1.2107322878383E-02-2.9660877589200E-01
-1.8109260158266E-01 1.1613986606054E+00 8.6492154894707E-01 2.0222966982917E-01
 1.6164583921000E-01 9.8691839004383E-02-6.3293899712200E-01-4.7136491228190E-01
-1.1021111763975E-01 0.0000000000000E+00 0.0000000000000E+00 0.0000000000000E+00
 0.0000000000000E+00 0.0000000000000E+00 0.0000000000000E+00 0.0000000000000E+00
 0.0000000000000E+00 0.0000000000000E+00 0.0000000000000E+00 0.0000000000000E+00
 0.0000000000000E+00 0.0000000000000E+00 0.0000000000000E+00-6.1403260820000E-03
-1.6867853500619E-04-5.6553075383797E-04-8.4798706885474E-05-3.8655658744022E-05
-8.2076412149314E-06 8.0702482878709E-05-3.1210666997619E-05-4.3222888896318E-06
 0.0000000000000E+00 0.0000000000000E+00 0.0000000000000E+00 0.0000000000000E+00
 0.0000000000000E+00 0.0000000000000E+00 0.0000000000000E+00 0.0000000000000E+00
 0.0000000000000E+00 0.0000000000000E+00 0.0000000000000E+00 0.0000000000000E+00
 0.0000000000000E+00 0.0000000000000E+00 0.0000000000000E+00 0.0000000000000E+00
 0.0000000000000E+00 1.8035127115000E-03-9.9395714550454E-02-8.1288412761761E-03
-6.3052238576239E-03 9.7287134802655E-02-3.0124230095500E-02 1.6602152878328E+00
 1.3577674470998E-01 1.0531670392887E-01-1.6249954964234E+00 1.6417101752000E-02
-9.0478406332990E-01-7.3995605078636E-02-5.7395493232404E-02 8.8558998277018E-01
 0.0000000000000E+00 0.0000000000000E+00 0.0000000000000E+00 0.0000000000000E+00
 0.0000000000000E+00 0.0000000000000E+00 0.0000000000000E+00 0.0000000000000E+00
 0.0000000000000E+00 0.0000000000000E+00 0.0000000000000E+00 0.0000000000000E+00
 0.0000000000000E+00 0.0000000000000E+00-6.2362482400000E-04 1.7203757416768E-03
-3.8988583309106E-05-1.6394908101582E-05 3.6253062890918E-04 5.5178019529122E-05
 9.9809617429196E-06-4.4340156550857E-06 2.9311019279811E-05-1.0330281800000E-04
-5.6465934000000E-05-9.5424900000000E-07 2.4258198700000E-04-9.7970591000000E-05
 0.0000000000000E+00 0.0000000000000E+00 0.0000000000000E+00 0.0000000000000E+00
 0.0000000000000E+00 0.0000000000000E+00 0.0000000000000E+00 0.0000000000000E+00
 0.0000000000000E+00 0.0000000000000E+00 0.0000000000000E+00 0.0000000000000E+00
-1.3330434250000E-04 1.8048156476355E-05-1.6998532768981E-03 4.3335793425918E-04
 1.8406749883249E-05-1.8744140475000E-03 2.5377807168195E-04-2.3901913509748E-02
 6.0935164219080E-03 2.5882031406990E-04 5.4432914800000E-04-7.3697057524061E-05
 6.9411068684958E-03-1.7695549218917E-03-7.5161322884475E-05 0.0000000000000E+00
 0.0000000000000E+00 0.0000000000000E+00 0.0000000000000E+00 0.0000000000000E+00
 0.0000000000000E+00 0.0000000000000E+00 0.0000000000000E+00 0.0000000000000E+00
 0.0000000000000E+00 0.0000000000000E+00 0.0000000000000E+00 0.0000000000000E+00
 0.0000000000000E+00-4.1194715452800E-01-5.7175240674588E-04 5.3850108179916E-02
-5.1627044824644E-02-1.0964217561078E-03 3.3817150992470E-04-1.0613625517268E-02
 1.3526053374527E-03 5.7477436806446E-05 0.0000000000000E+00 0.0000000000000E+00
 0.0000000000000E+00 0.0000000000000E+00 0.0000000000000E+00 0.0000000000000E+00
 0.0000000000000E+00 0.0000000000000E+00 0.0000000000000E+00 0.0000000000000E+00
 0.0000000000000E+00 0.0000000000000E+00 0.0000000000000E+00 0.0000000000000E+00
 0.0000000000000E+00 0.0000000000000E+00 0.0000000000000E+00-3.7386977050000E-04
 6.1099217203992E-04-2.3022580414931E-05-3.8039818325237E-04 6.0686565105753E-04
-5.4787510100000E-03 8.9535828938917E-03-3.3737680294737E-04-5.5744194767890E-03
 8.8931121573854E-03 1.5932578575000E-03-2.6037624769969E-03 9.8111456810277E-05
 1.6210788951630E-03-2.5861771781899E-03 0.0000000000000E+00 0.0000000000000E+00
 0.0000000000000E+00 0.0000000000000E+00 0.0000000000000E+00 0.0000000000000E+00
 0.0000000000000E+00 0.0000000000000E+00 0.0000000000000E+00 0.0000000000000E+00
 0.0000000000000E+00 0.0000000000000E+00 0.0000000000000E+00 0.0000000000000E+00
 1.4711155332700E-01-1.4557220079640E-02 2.3934730078373E-01-1.2457948319687E-02
-2.3312181691118E-02 6.9265762552009E-03 5.7973294506608E-03-1.5003946338233E-03
 1.1455516311145E-03 0.0000000000000E+00 0.0000000000000E+00 0.0000000000000E+00
 0.0000000000000E+00 0.0000000000000E+00 0.0000000000000E+00 0.0000000000000E+00
 0.0000000000000E+00 0.0000000000000E+00 0.0000000000000E+00 0.0000000000000E+00
 0.0000000000000E+00 0.0000000000000E+00 0.0000000000000E+00 0.0000000000000E+00
 0.0000000000000E+00 0.0000000000000E+00-2.1803916000000E-04-1.0469428460619E-03
-2.8325861912136E-05-2.0665127543365E-04-1.0770692579270E-03-3.1951828210000E-03
-1.5342077987480E-02-4.1509199664249E-04-3.0283028263831E-03-1.5783555545563E-02
 9.2918078000000E-04 4.4615800675308E-03 1.2071156058838E-04 8.8065094819070E-04
 4.5899647275121E-03 0.0000000000000E+00 0.0000000000000E+00 0.0000000000000E+00
 0.0000000000000E+00 0.0000000000000E+00 0.0000000000000E+00 0.0000000000000E+00
 0.0000000000000E+00 0.0000000000000E+00 0.0000000000000E+00 0.0000000000000E+00
 0.0000000000000E+00 0.0000000000000E+00 0.0000000000000E+00 8.5794792853000E-02
 1.9118482655878E-02 1.3987939315881E-01-8.3896589451971E-03 3.9341350041094E-02
-1.2284818375844E-02 2.8608491003195E-03-7.5715189722641E-04-2.1057658468374E-03
 0.0000000000000E+00 0.0000000000000E+00 0.0000000000000E+00 0.0000000000000E+00
 0.0000000000000E+00 0.0000000000000E+00 0.0000000000000E+00 0.0000000000000E+00
 0.0000000000000E+00 0.0000000000000E+00 0.0000000000000E+00 0.0000000000000E+00
 0.0000000000000E+00 0.0000000000000E+00 0.0000000000000E+00 0.0000000000000E+00
 0.0000000000000E+00 1.2437205150000E-04 3.4852305738496E-04-4.8409588583426E-04
-3.5983574718273E-04-3.5201538969621E-04 2.0962202655000E-03 5.8741581012169E-03
-8.1591611165471E-03-6.0648270674833E-03-5.9330193970602E-03-6.1221255450000E-04
-1.7155798929310E-03 2.3829274764712E-03 1.7712658027083E-03 1.7327706548127E-03
 0.0000000000000E+00 0.0000000000000E+00 0.0000000000000E+00 0.0000000000000E+00
 0.0000000000000E+00 0.0000000000000E+00 0.0000000000000E+00 0.0000000000000E+00
 0.0000000000000E+00 0.0000000000000E+00 0.0000000000000E+00 0.0000000000000E+00
 0.0000000000000E+00 0.0000000000000E+00-6.2147183446200E-01-8.5176770784150E-02
-5.7961334999673E-02-8.2775563505881E-03-1.8276289953192E-02-3.0261784753502E-03
 8.0980701369236E-03-3.1093273568953E-03-1.6035675514977E-03 0.0000000000000E+00
 0.0000000000000E+00 0.0000000000000E+00 0.0000000000000E+00 0.0000000000000E+00
 0.0000000000000E+00 0.0000000000000E+00 0.0000000000000E+00 0.0000000000000E+00
 0.0000000000000E+00 0.0000000000000E+00 0.0000000000000E+00 0.0000000000000E+00
 0.0000000000000E+00 0.0000000000000E+00 0.0000000000000E+00 0.0000000000000E+00
 6.1294521500000E-05-6.9412439100877E-04-2.4777146670562E-04-1.8635197858488E-04
 6.7534295003842E-04 1.0330843345000E-03-1.1699072226087E-02-4.1760473072684E-03
-3.1408567169203E-03 1.1382521702508E-02-3.0171791100000E-04 3.4167778128325E-03
 1.2196373788625E-03 9.1730432419017E-04-3.3243275069291E-03 0.0000000000000E+00
 0.0000000000000E+00 0.0000000000000E+00 0.0000000000000E+00 0.0000000000000E+00
 0.0000000000000E+00 0.0000000000000E+00 0.0000000000000E+00 0.0000000000000E+00
 0.0000000000000E+00 0.0000000000000E+00 0.0000000000000E+00 0.0000000000000E+00
 0.0000000000000E+00-3.0628118007600E-01 1.7435887634252E-01-2.6268247586323E-02
-5.0484504536197E-03 3.6620306371183E-02 5.4825979194747E-03 4.2131933041580E-03
-1.6897802980559E-03 2.9138781025295E-03 0.0000000000000E+00 0.0000000000000E+00
 0.0000000000000E+00 0.0000000000000E+00 0.0000000000000E+00 0.0000000000000E+00
 0.0000000000000E+00 0.0000000000000E+00 0.0000000000000E+00 0.0000000000000E+00
 0.0000000000000E+00 0.0000000000000E+00 0.0000000000000E+00 0.0000000000000E+00
 0.0000000000000E+00 0.0000000000000E+00 0.0000000000000E+00 0.0000000000000E+00
 0.0000000000000E+00 0.0000000000000E+00 0.0000000000000E+00 0.0000000000000E+00
 0.0000000000000E+00 0.0000000000000E+00 0.0000000000000E+00 0.0000000000000E+00
 0.0000000000000E+00 0.0000000000000E+00 0.0000000000000E+00 0.0000000000000E+00
 0.0000000000000E+00 0.0000000000000E+00 0.0000000000000E+00 0.0000000000000E+00
 0.0000000000000E+00 0.0000000000000E+00 0.0000000000000E+00 0.0000000000000E+00
 0.0000000000000E+00 0.0000000000000E+00 0.0000000000000E+00 0.0000000000000E+00
 0.0000000000000E+00 0.0000000000000E+00 0.0000000000000E+00 0.0000000000000E+00
 5.3160407958700E-01 1.7988357391732E-02-1.0196052922843E-01-3.4023804380670E-02
-2.4904691153710E-03 2.4478110619004E-04-2.8175402628178E-03-4.3141065939957E-03
-5.1513011963134E-04 0.0000000000000E+00 0.0000000000000E+00 0.0000000000000E+00
 0.0000000000000E+00 0.0000000000000E+00 0.0000000000000E+00 0.0000000000000E+00
 0.0000000000000E+00 0.0000000000000E+00 0.0000000000000E+00 0.0000000000000E+00
 0.0000000000000E+00 0.0000000000000E+00 0.0000000000000E+00 0.0000000000000E+00
 0.0000000000000E+00 0.0000000000000E+00 0.0000000000000E+00 0.0000000000000E+00
 0.0000000000000E+00 0.0000000000000E+00 0.0000000000000E+00 0.0000000000000E+00
 0.0000000000000E+00 0.0000000000000E+00 0.0000000000000E+00 0.0000000000000E+00
 0.0000000000000E+00 0.0000000000000E+00 0.0000000000000E+00 0.0000000000000E+00
 0.0000000000000E+00 0.0000000000000E+00 0.0000000000000E+00 0.0000000000000E+00
 0.0000000000000E+00 0.0000000000000E+00 0.0000000000000E+00 0.0000000000000E+00
 0.0000000000000E+00 0.0000000000000E+00 0.0000000000000E+00 0.0000000000000E+00
 0.0000000000000E+00 0.0000000000000E+00 0.0000000000000E+00-4.0236198441000E-02
 2.2325352582619E-01 1.0102062549845E-02 3.0738728163288E-03-2.3292279632931E-02
 2.0391031094602E-03 2.7881502257217E-04 5.1354409109234E-04-4.3620402584572E-03
 0.0000000000000E+00 0.0000000000000E+00 0.0000000000000E+00 0.0000000000000E+00
 0.0000000000000E+00 0.0000000000000E+00 0.0000000000000E+00 0.0000000000000E+00
 0.0000000000000E+00 0.0000000000000E+00 0.0000000000000E+00 0.0000000000000E+00
 0.0000000000000E+00 0.0000000000000E+00 0.0000000000000E+00 0.0000000000000E+00
 0.0000000000000E+00 0.0000000000000E+00 0.0000000000000E+00 0.0000000000000E+00
 0.0000000000000E+00 0.0000000000000E+00 0.0000000000000E+00 0.0000000000000E+00
 0.0000000000000E+00 0.0000000000000E+00 0.0000000000000E+00 0.0000000000000E+00
 0.0000000000000E+00 0.0000000000000E+00 0.0000000000000E+00 0.0000000000000E+00
 0.0000000000000E+00 0.0000000000000E+00 0.0000000000000E+00 0.0000000000000E+00
 0.0000000000000E+00 0.0000000000000E+00 0.0000000000000E+00 0.0000000000000E+00
 0.0000000000000E+00 0.0000000000000E+00 0.0000000000000E+00 0.0000000000000E+00
 0.0000000000000E+00 0.0000000000000E+00-9.0337953262000E-02-9.5432291077480E-02
 3.4417958509122E-02 1.6937918464811E-02 3.1434820082599E-02 1.1144872936594E-02
-5.4221454833844E-03-1.5904515006225E-03-3.3133721981315E-03 0.0000000000000E+00
 0.0000000000000E+00 0.0000000000000E+00 0.0000000000000E+00 0.0000000000000E+00
 0.0000000000000E+00 0.0000000000000E+00 0.0000000000000E+00 0.0000000000000E+00
 0.0000000000000E+00 0.0000000000000E+00 0.0000000000000E+00 0.0000000000000E+00
 0.0000000000000E+00 0.0000000000000E+00 0.0000000000000E+00 0.0000000000000E+00
 0.0000000000000E+00 0.0000000000000E+00 0.0000000000000E+00 0.0000000000000E+00
 0.0000000000000E+00 0.0000000000000E+00 0.0000000000000E+00 0.0000000000000E+00
 0.0000000000000E+00 0.0000000000000E+00 0.0000000000000E+00 0.0000000000000E+00
 0.0000000000000E+00 0.0000000000000E+00 0.0000000000000E+00 0.0000000000000E+00
 0.0000000000000E+00 0.0000000000000E+00 0.0000000000000E+00 0.0000000000000E+00
 0.0000000000000E+00 0.0000000000000E+00 0.0000000000000E+00 0.0000000000000E+00
 0.0000000000000E+00 0.0000000000000E+00 0.0000000000000E+00 0.0000000000000E+00
 0.0000000000000E+00 1.6969607144600E-01-4.9896699962962E-02-6.7085822963346E-02
-3.3407475935888E-02 1.5833390732641E-02 5.4896706503876E-03 1.1027222755045E-02
 3.3195109043212E-03-1.5868410188170E-03 0.0000000000000E+00 0.0000000000000E+00
 0.0000000000000E+00 0.0000000000000E+00 0.0000000000000E+00 1.0889673953000E-02
-1.0256364702920E+00-1.0056553946040E+00-1.3520552514000E-02 1.2734239626290E+00
 1.2486155813770E+00 8.2712611050000E-03-7.7902305265300E-01-7.6384640963200E-01
-2.7258969010000E-03 2.5673672946800E-01 2.5173507813100E-01 0.0000000000000E+00
 0.0000000000000E+00 0.0000000000000E+00 0.0000000000000E+00 0.0000000000000E+00
 0.0000000000000E+00 0.0000000000000E+00 0.0000000000000E+00 0.0000000000000E+00
 0.0000000000000E+00 0.0000000000000E+00 0.0000000000000E+00 0.0000000000000E+00
 0.0000000000000E+00 0.0000000000000E+00-9.0063592910000E-03-1.2877512344330E-04
 1.2128596659582E-02-4.1787919468718E-03-8.8746478173364E-05 2.2626588761613E-05
-7.1014302800989E-04 4.3921546150000E-03 6.2800098858637E-05-5.9147842176869E-03
 2.0378823165426E-03 4.3279225345531E-05-1.1034367287283E-05 3.4631729395378E-04
 0.0000000000000E+00 0.0000000000000E+00 0.0000000000000E+00 0.0000000000000E+00
 0.0000000000000E+00 0.0000000000000E+00 0.0000000000000E+00 0.0000000000000E+00
 0.0000000000000E+00 0.0000000000000E+00 0.0000000000000E+00 0.0000000000000E+00
 0.0000000000000E+00 0.0000000000000E+00 6.9779054223800E-01 8.8258947717900E-01
-8.9256941236000E-01-8.6690686235900E-01-1.0964936153440E+00 1.1088922848170E+00
 5.2878388054000E-01 6.6882403875800E-01-6.7638680800300E-01-1.7390405111500E-01
-2.1995982499300E-01 2.2244703433900E-01 0.0000000000000E+00 0.0000000000000E+00
 0.0000000000000E+00 0.0000000000000E+00 0.0000000000000E+00 0.0000000000000E+00
 0.0000000000000E+00 0.0000000000000E+00 0.0000000000000E+00 0.0000000000000E+00
 0.0000000000000E+00 0.0000000000000E+00 0.0000000000000E+00 0.0000000000000E+00
 0.0000000000000E+00 2.3376626880000E-02-3.1884276523347E-03 9.5726270563426E-03
 1.3082625619761E-03-2.0999837140958E-03 5.2076608312303E-04 6.8822958588150E-04
-1.1314387311000E-02 1.5432126095392E-03-4.6331924040249E-03-6.3320467086477E-04
 1.0164010920302E-03-2.5205300977826E-04-3.3310606073638E-04 0.0000000000000E+00
 0.0000000000000E+00 0.0000000000000E+00 0.0000000000000E+00 0.0000000000000E+00
 0.0000000000000E+00 0.0000000000000E+00 0.0000000000000E+00 0.0000000000000E+00
 0.0000000000000E+00 0.0000000000000E+00 0.0000000000000E+00 0.0000000000000E+00
 0.0000000000000E+00 1.2551995076990E+00-4.8175470279900E-01 5.0491839355200E-01
-1.5594093083620E+00 5.9851263746100E-01-6.2729027380800E-01 9.5118696278800E-01
-3.6507247633000E-01 3.8262586168400E-01-3.1282206641300E-01 1.2006338491200E-01
-1.2583626289800E-01 0.0000000000000E+00 0.0000000000000E+00 0.0000000000000E+00
 0.0000000000000E+00 0.0000000000000E+00 0.0000000000000E+00 0.0000000000000E+00
 0.0000000000000E+00 0.0000000000000E+00 0.0000000000000E+00 0.0000000000000E+00
 0.0000000000000E+00 0.0000000000000E+00 0.0000000000000E+00 0.0000000000000E+00
-1.3223945082000E-02-5.3983662879010E-03-5.4916154205716E-03-6.3467588194178E-04
-3.7748399430419E-03 9.7046846902640E-04-3.4901781577730E-04 6.4004459330000E-03
 2.6128323532917E-03 2.6579653322420E-03 3.0718583909353E-04 1.8270386643746E-03
-4.6971088635764E-04 1.6892611436221E-04 0.0000000000000E+00 0.0000000000000E+00
 0.0000000000000E+00 0.0000000000000E+00 0.0000000000000E+00 0.0000000000000E+00
 0.0000000000000E+00 0.0000000000000E+00 0.0000000000000E+00 0.0000000000000E+00
 0.0000000000000E+00 0.0000000000000E+00 0.0000000000000E+00 0.0000000000000E+00
-4.1301095200000E-04 3.8899153123000E-02 3.8141334007000E-02 6.0939101400000E-04
-5.7395074569000E-02-5.6276924656000E-02-3.7046097400000E-04 3.4891612719000E-02
 3.4211867044000E-02 1.1784027500000E-04-1.1098705437000E-02-1.0882484505000E-02
 0.0000000000000E+00 0.0000000000000E+00 0.0000000000000E+00 0.0000000000000E+00
 0.0000000000000E+00 0.0000000000000E+00 0.0000000000000E+00 0.0000000000000E+00
 0.0000000000000E+00 0.0000000000000E+00 0.0000000000000E+00 0.0000000000000E+00
 0.0000000000000E+00 0.0000000000000E+00 0.0000000000000E+00-2.2683015812500E-01
-3.2432729675256E-03 3.0546543937467E-01-1.0524519480213E-01-2.2351293143248E-03
 5.6986319824639E-04-1.7885346355857E-02 1.0284600452700E-01 1.4705172763480E-03
-1.3849966080508E-01 4.7718733128423E-02 1.0134195624269E-03-2.5837901605700E-04
 8.1093115107634E-03 0.0000000000000E+00 0.0000000000000E+00 0.0000000000000E+00
 0.0000000000000E+00 0.0000000000000E+00 0.0000000000000E+00 0.0000000000000E+00
 0.0000000000000E+00 0.0000000000000E+00 0.0000000000000E+00 0.0000000000000E+00
 0.0000000000000E+00 0.0000000000000E+00 0.0000000000000E+00 4.4646310061000E-02
 1.5066587639000E-02-1.4882491643000E-02-6.4996161949000E-02-2.1933959802000E-02
 2.1665952588000E-02 3.9444561752000E-02 1.3311177244000E-02-1.3148530300000E-02
-1.2559602046000E-02-4.2384319040000E-03 4.1866432460000E-03 0.0000000000000E+00
 0.0000000000000E+00 0.0000000000000E+00 0.0000000000000E+00 0.0000000000000E+00
 0.0000000000000E+00 0.0000000000000E+00 0.0000000000000E+00 0.0000000000000E+00
 0.0000000000000E+00 0.0000000000000E+00 0.0000000000000E+00 0.0000000000000E+00
 0.0000000000000E+00 0.0000000000000E+00-3.1565552589800E-01 1.5974838806118E-01
-1.2802055934094E-01-1.9373264652551E-02 1.0876840200475E-01-2.7529783549441E-02
-9.9462946685055E-03 1.4305392046300E-01-7.2397380450553E-02 5.8018445460206E-02
 8.7798921080563E-03-4.9293438741468E-02 1.2476396397747E-02 4.5076240701060E-03
 0.0000000000000E+00 0.0000000000000E+00 0.0000000000000E+00 0.0000000000000E+00
 0.0000000000000E+00 0.0000000000000E+00 0.0000000000000E+00 0.0000000000000E+00
 0.0000000000000E+00 0.0000000000000E+00 0.0000000000000E+00 0.0000000000000E+00
 0.0000000000000E+00 0.0000000000000E+00-2.1174283672000E-02 3.1143934963000E-02
-3.1992009136000E-02 3.0825552411000E-02-4.5339384998000E-02 4.6574012591000E-02
-1.8707264693000E-02 2.7515350411000E-02-2.8264615334000E-02 5.9566081990000E-03
-8.7612039780000E-03 8.9997785450000E-03 0.0000000000000E+00 0.0000000000000E+00
 0.0000000000000E+00 0.0000000000000E+00 0.0000000000000E+00 0.0000000000000E+00
 0.0000000000000E+00 0.0000000000000E+00 0.0000000000000E+00 0.0000000000000E+00
 0.0000000000000E+00 0.0000000000000E+00 0.0000000000000E+00 0.0000000000000E+00
 0.0000000000000E+00-6.7854595258300E-01-7.0713084060598E-02-2.7959505388573E-01
-3.5585297744557E-02-5.1545546697352E-02 1.3561510153007E-02-1.9063295571308E-02
 3.0751452379900E-01 3.2046908965541E-02 1.2671144750798E-01 1.6127125728972E-02
 2.3360251706374E-02-6.1460263978312E-03 8.6394152633892E-03 0.0000000000000E+00
 0.0000000000000E+00 0.0000000000000E+00 0.0000000000000E+00 0.0000000000000E+00
 0.0000000000000E+00 0.0000000000000E+00 0.0000000000000E+00 0.0000000000000E+00
 0.0000000000000E+00 0.0000000000000E+00 0.0000000000000E+00 0.0000000000000E+00
 0.0000000000000E+00 0.0000000000000E+00 0.0000000000000E+00 0.0000000000000E+00
 0.0000000000000E+00 0.0000000000000E+00 0.0000000000000E+00 0.0000000000000E+00
 0.0000000000000E+00 0.0000000000000E+00 0.0000000000000E+00 0.0000000000000E+00
 0.0000000000000E+00 0.0000000000000E+00 0.0000000000000E+00 0.0000000000000E+00
 0.0000000000000E+00 0.0000000000000E+00 0.0000000000000E+00 0.0000000000000E+00
 0.0000000000000E+00 0.0000000000000E+00 0.0000000000000E+00 0.0000000000000E+00
 0.0000000000000E+00 0.0000000000000E+00 0.0000000000000E+00 0.0000000000000E+00
 6.8608930625200E-01-2.0505868897303E-01-1.0978494522882E-01-2.1060580298099E-02
-2.0751961570840E-03-1.9525328849327E-02-3.4724929459911E-02-3.1050162236200E-01
 9.2802868409938E-02 4.9685082239094E-02 9.5313311122673E-03 9.3916603516043E-04
 8.8365264253905E-03 1.5715369464959E-02 0.0000000000000E+00 0.0000000000000E+00
 0.0000000000000E+00 0.0000000000000E+00 0.0000000000000E+00 0.0000000000000E+00
 0.0000000000000E+00 0.0000000000000E+00 0.0000000000000E+00 0.0000000000000E+00
 0.0000000000000E+00 0.0000000000000E+00 0.0000000000000E+00 0.0000000000000E+00
 0.0000000000000E+00 0.0000000000000E+00 0.0000000000000E+00 0.0000000000000E+00
 0.0000000000000E+00 0.0000000000000E+00 0.0000000000000E+00 0.0000000000000E+00
 0.0000000000000E+00 0.0000000000000E+00 0.0000000000000E+00 0.0000000000000E+00
 0.0000000000000E+00 0.0000000000000E+00 0.0000000000000E+00 0.0000000000000E+00
 0.0000000000000E+00 0.0000000000000E+00 0.0000000000000E+00 0.0000000000000E+00
 0.0000000000000E+00 0.0000000000000E+00 0.0000000000000E+00 0.0000000000000E+00
 0.0000000000000E+00 0.0000000000000E+00 0.0000000000000E+00 4.4173700929700E-01
 3.2099929357924E-01-6.5874789854665E-02-1.3635728394421E-02 2.2388453909803E-03
 3.2710822098554E-02-2.0914784414433E-02-1.9991574973400E-01-1.4527380112957E-01
 2.9812779380340E-02 6.1710855277507E-03-1.0132283360688E-03-1.4803850224527E-02
 9.4653486548172E-03 0.0000000000000E+00 0.0000000000000E+00 0.0000000000000E+00
 0.0000000000000E+00 0.0000000000000E+00 0.0000000000000E+00 0.0000000000000E+00
 0.0000000000000E+00 0.0000000000000E+00-7.1790774460000E-03-1.4550407208000E-02
-3.0832865765000E-02 3.0141851096000E-02-1.0344623521000E-02 0.0000000000000E+00
 0.0000000000000E+00 0.0000000000000E+00 0.0000000000000E+00 0.0000000000000E+00
 0.0000000000000E+00 0.0000000000000E+00 0.0000000000000E+00 0.0000000000000E+00
 0.0000000000000E+00 0.0000000000000E+00 0.0000000000000E+00 1.6120432150950E-01
-2.1825552259094E-02 2.0556246658408E+00-5.2405773505516E-01-2.2259197833298E-02
-1.2772050672400E-01 1.7292157975458E-02-1.6286500355353E+00 4.1520549106260E-01
 1.7635730854151E-02 4.5439179854500E-02-6.1520385137872E-03 5.7942552674402E-01
-1.4771783693062E-01-6.2742715840152E-03 0.0000000000000E+00 0.0000000000000E+00
 0.0000000000000E+00 0.0000000000000E+00 0.0000000000000E+00 0.0000000000000E+00
 0.0000000000000E+00 0.0000000000000E+00 0.0000000000000E+00 0.0000000000000E+00
 0.0000000000000E+00 0.0000000000000E+00 0.0000000000000E+00 0.0000000000000E+00
-5.8440308000000E-04-8.1110872467265E-07 7.6393704146503E-05-7.3239986432098E-05
-1.5554234195907E-06 4.7974229348897E-07-1.5056871668874E-05 1.9188546793147E-06
 8.1539559869479E-08 0.0000000000000E+00 0.0000000000000E+00 0.0000000000000E+00
 0.0000000000000E+00 0.0000000000000E+00 0.0000000000000E+00 0.0000000000000E+00
 0.0000000000000E+00 0.0000000000000E+00 0.0000000000000E+00 0.0000000000000E+00
 0.0000000000000E+00 0.0000000000000E+00 0.0000000000000E+00 0.0000000000000E+00
 0.0000000000000E+00 0.0000000000000E+00-7.0816146706500E-02 1.6503160893168E+00
 1.1932633596361E-02-8.8669879917707E-02 1.6798482741687E+00 5.6074059176500E-02
-1.3067630244755E+00-9.4485683494300E-03 7.0211107563693E-02-1.3301473733543E+00
-1.9935723241500E-02 4.6458676936531E-01 3.3592011427001E-03-2.4961795693329E-02
 4.7290048722802E-01 1.0000000000000E-12-4.0824829046386E-13-4.0824829046386E-13
-1.2909944487358E-13 2.5819888974716E-13 1.0540925533895E-13 5.2704627669473E-14
 0.0000000000000E+00 4.0824829046386E-13 0.0000000000000E+00 0.0000000000000E+00
-1.2909944487358E-13-5.2704627669473E-14 0.0000000000000E+00-2.5953033000000E-05
 3.0688253350540E-05-4.1926456259676E-05 1.0527126293504E-06 5.8031154749787E-05
-1.7849025960039E-05-1.5525211859919E-06 3.8475274874348E-07-3.0273750718334E-06
 0.0000000000000E+00 0.0000000000000E+00 0.0000000000000E+00 0.0000000000000E+00
 0.0000000000000E+00 0.0000000000000E+00 0.0000000000000E+00 0.0000000000000E+00
 0.0000000000000E+00 0.0000000000000E+00 0.0000000000000E+00 0.0000000000000E+00
 0.0000000000000E+00 0.0000000000000E+00 0.0000000000000E+00 0.0000000000000E+00
 0.0000000000000E+00 5.8921407346400E-01 1.9784644583318E-01 4.8607670086290E-02
 5.8693352951344E-01 2.2727919010444E-01-4.6655496464400E-01-1.5665994024555E-01
-3.8488812164564E-02-4.6474917087615E-01-1.7996554949882E-01 1.6587189849700E-01
 5.5696506684123E-02 1.3683730382752E-02 1.6522989388123E-01 6.3982230651507E-02
 0.0000000000000E+00-4.0824829046386E-13 0.0000000000000E+00 0.0000000000000E+00
 1.2909944487358E-13 5.2704627669473E-14 0.0000000000000E+00 0.0000000000000E+00
 0.0000000000000E+00 0.0000000000000E+00 0.0000000000000E+00 0.0000000000000E+00
 0.0000000000000E+00 0.0000000000000E+00 2.1593793300000E-04-9.7756121764317E-08
 3.5155215969897E-04-1.9152563978795E-05 6.5651807015937E-06-2.4095403581683E-06
 8.1088995946237E-06-2.1115453841612E-06-4.5554529893803E-07 0.0000000000000E+00
 0.0000000000000E+00 0.0000000000000E+00 0.0000000000000E+00 0.0000000000000E+00
 0.0000000000000E+00 0.0000000000000E+00 0.0000000000000E+00 0.0000000000000E+00
 0.0000000000000E+00 0.0000000000000E+00 0.0000000000000E+00 0.0000000000000E+00
 0.0000000000000E+00 0.0000000000000E+00 0.0000000000000E+00 0.0000000000000E+00
 5.0000000000000E-13 5.1961524227066E-12 0.0000000000000E+00 8.6602540378444E-13
 5.1961524227066E-12-5.0000000000000E-13-3.4641016151378E-12 0.0000000000000E+00
-8.6602540378444E-13-3.4641016151378E-12 0.0000000000000E+00 1.7320508075689E-12
 0.0000000000000E+00 0.0000000000000E+00 1.7320508075689E-12-1.8326015148500E-01
 1.9933910285299E-01 9.1961450812631E-02 5.5215779792963E-02-7.7401431975573E-02
-3.1681454396122E-02-2.1519003540751E-02 8.2733876542000E-02-8.9992813996246E-02
-4.1516539501591E-02-2.4927489536468E-02 3.4943333099928E-02 1.4302779493834E-02
 9.7148811011420E-03 0.0000000000000E+00 0.0000000000000E+00 0.0000000000000E+00
 0.0000000000000E+00 0.0000000000000E+00 0.0000000000000E+00 0.0000000000000E+00
 0.0000000000000E+00 0.0000000000000E+00 0.0000000000000E+00 0.0000000000000E+00
 0.0000000000000E+00 0.0000000000000E+00 0.0000000000000E+00 0.0000000000000E+00
 0.0000000000000E+00 0.0000000000000E+00 0.0000000000000E+00 0.0000000000000E+00
 0.0000000000000E+00 0.0000000000000E+00 0.0000000000000E+00 0.0000000000000E+00
 0.0000000000000E+00 0.0000000000000E+00 0.0000000000000E+00 0.0000000000000E+00
 0.0000000000000E+00 0.0000000000000E+00 0.0000000000000E+00 0.0000000000000E+00
 0.0000000000000E+00 0.0000000000000E+00 0.0000000000000E+00 0.0000000000000E+00
 0.0000000000000E+00 0.0000000000000E+00 0.0000000000000E+00 0.0000000000000E+00
 0.0000000000000E+00 0.0000000000000E+00 2.8605344908100E-01 1.2980649826266E-01
-1.3886211224854E-01-8.2515011554580E-02-5.2090880240696E-02-2.1733935871033E-02
 3.1321198265069E-02-1.2914051717800E-01-5.8601909442128E-02 6.2690119800429E-02
 3.7251888768714E-02 2.3516735197994E-02 9.8119135696583E-03-1.4140139738115E-02
 0.0000000000000E+00 0.0000000000000E+00 0.0000000000000E+00 0.0000000000000E+00
 0.0000000000000E+00 0.0000000000000E+00 0.0000000000000E+00 0.0000000000000E+00
 0.0000000000000E+00 0.0000000000000E+00 0.0000000000000E+00 0.0000000000000E+00
 0.0000000000000E+00 0.0000000000000E+00 0.0000000000000E+00 0.0000000000000E+00
 0.0000000000000E+00 0.0000000000000E+00 0.0000000000000E+00 0.0000000000000E+00
 0.0000000000000E+00 0.0000000000000E+00 0.0000000000000E+00 0.0000000000000E+00
 0.0000000000000E+00 0.0000000000000E+00-3.0259420897300E-01-2.8389586920963E-02
 1.1864952899225E+00 8.8400287675170E-01 5.3033851239001E-02 2.3915520305850E-01
 2.2437697826283E-02-9.3774604263531E-01-6.9867129384678E-01-4.1915281541251E-02
-8.4835205750500E-02-7.9592945811734E-03 3.3264540119219E-01 2.4783873487726E-01
 1.4868551836044E-02 0.0000000000000E+00 0.0000000000000E+00 0.0000000000000E+00
 0.0000000000000E+00 0.0000000000000E+00 0.0000000000000E+00 0.0000000000000E+00
 0.0000000000000E+00 0.0000000000000E+00 0.0000000000000E+00 0.0000000000000E+00
 0.0000000000000E+00 0.0000000000000E+00 0.0000000000000E+00-5.9847119100000E-04
-9.7818070783680E-07-5.4955682478162E-05-8.3342230740993E-06-5.0647945920960E-07
-3.0151251244987E-07 7.8816057986943E-06-3.0532196987833E-06-1.5652769524487E-07
 0.0000000000000E+00 0.0000000000000E+00 0.0000000000000E+00 0.0000000000000E+00
 0.0000000000000E+00 0.0000000000000E+00 0.0000000000000E+00 0.0000000000000E+00
 0.0000000000000E+00 0.0000000000000E+00 0.0000000000000E+00 0.0000000000000E+00
 0.0000000000000E+00 0.0000000000000E+00 0.0000000000000E+00 0.0000000000000E+00
 0.0000000000000E+00-2.8189003080000E-03 1.6948799397244E+00 2.9051286692119E-02
 2.5880711891714E-02-1.6612514717491E+00 2.2279166475000E-03-1.3395476321879E+00
-2.2960671955010E-02-2.0454809525032E-02 1.3129693869720E+00-7.9030589650000E-04
 4.7517594238255E-01 8.1448084948507E-03 7.2559072621201E-03-4.6574787695766E-01
 0.0000000000000E+00 0.0000000000000E+00 0.0000000000000E+00 0.0000000000000E+00
 0.0000000000000E+00 0.0000000000000E+00 0.0000000000000E+00 0.0000000000000E+00
 0.0000000000000E+00 0.0000000000000E+00 0.0000000000000E+00 0.0000000000000E+00
 0.0000000000000E+00 0.0000000000000E+00-5.5752240000000E-06 1.6762382053819E-04
 1.2678842375234E-06-8.2849404340176E-07 3.5350643240156E-05 5.4011343795798E-06
 2.4560382172344E-07-1.5041115191550E-07 2.8687918557968E-06-9.8506354634280E+00
-1.0601947421080E+01-2.0870706548050E+00 1.5223883869990E+00-5.0106551319400E-01
 0.0000000000000E+00 0.0000000000000E+00 0.0000000000000E+00 0.0000000000000E+00
 0.0000000000000E+00 0.0000000000000E+00 0.0000000000000E+00 0.0000000000000E+00
 0.0000000000000E+00 0.0000000000000E+00 0.0000000000000E+00 0.0000000000000E+00
-2.4785089500000E-05 3.3556683063807E-06-3.1605133614317E-04 8.0573632649890E-05
 3.4223418701673E-06 1.1722745400000E-04-1.5871496886737E-05 1.4948460666891E-03
-3.8109371683299E-04-1.6186842717017E-05-6.9181543500000E-05 9.3665323956467E-06
-8.8218036637429E-04 2.2490168175076E-04 9.5526325946660E-06 0.0000000000000E+00
 0.0000000000000E+00 0.0000000000000E+00 0.0000000000000E+00 0.0000000000000E+00
 0.0000000000000E+00 0.0000000000000E+00 0.0000000000000E+00 0.0000000000000E+00
 0.0000000000000E+00 0.0000000000000E+00 0.0000000000000E+00 0.0000000000000E+00
 0.0000000000000E+00 9.1700400000000E-07 1.2728167582178E-09-1.1987151058070E-07
 1.1492293731040E-07 2.4406681974410E-09-7.5277489863562E-10 2.3626163602620E-08
-3.0109324619916E-09-1.2794931121377E-10

EIGENVALUES
-----------
k 1 0.00000000 0.00000000 0.00000000
-1.1345380124147E+01-8.2897718546734E-01-4.3874420784437E-01-4.3874420784436E-01
 3.0316357015588E-02 3.1330385497975E-01 3.1965423344994E-01 3.1965423344994E-01
 3.7521231969430E-01 6.0638360862756E-01 6.0638360862756E-01 6.1704897494852E-01
 6.1704897494853E-01 6.2174336975642E-01 1.4844647068945E+00 1.4844647068945E+00
 1.5234892401078E+00 1.8852265464890E+00 1.8869483681086E+00 1.8869483681087E+00
 1.8922141671683E+00 1.8922141671683E+00 1.9010108439314E+00 1.9010108439314E+00
 1.9153577419823E+00 2.0550104644660E+00 2.0550104644660E+00 2.0668954583393E+00
 2.0668954583393E+00 2.0722279059369E+00 5.0757427997085E+00 5.0782055327743E+00
 5.0782055327743E+00 5.0856051262639E+00 5.0856051262639E+00 5.0979720009140E+00
 5.0979720009140E+00 5.1153463357922E+00 5.1153463357922E+00 5.7210421922504E+00
 5.7210421922504E+00 5.7249993452953E+00 6.2085906017210E+00 6.2118652455489E+00
 6.2118652455489E+00 6.2217507737152E+00 6.2217507737152E+00 6.2384291033308E+00
 6.2384291033308E+00 6.2575230638160E+00 6.2602677167287E+00 6.2602677167288E+00
 6.2688557608424E+00 6.2688557608424E+00 2.0166729499533E+01
k 1 0.00000000 0.00000000 0.00000000
-1.1300093387916E+01-5.8337304540370E-01 6.0908754215888E-02 1.1002561597456E-01
 1.1002561597456E-01 3.5374159967084E-01 3.9837949855334E-01 4.4122096773358E-01
 4.4122096773358E-01 6.4901951002512E-01 6.5675887979584E-01 6.5675887979584E-01
 6.8281794245484E-01 6.8281794245484E-01 1.5485023756139E+00 1.6030350764291E+00
 1.6030350764292E+00 1.9127092839984E+00 1.9181277288467E+00 1.9181277288467E+00
 1.9345258921323E+00 1.9345258921323E+00 1.9634439174203E+00 1.9634439174203E+00
 1.9860530128684E+00 2.1259203060111E+00 2.1404748677609E+00 2.1404748677609E+00
 2.1880403823171E+00 2.1880403823171E+00 5.1027150878564E+00 5.1070688433213E+00
 5.1070688433213E+00 5.1201931556447E+00 5.1201931556447E+00 5.1422844441897E+00
 5.1422844441897E+00 5.1737021604000E+00 5.1737021604000E+00 5.7449652710528E+00
 5.7989764539371E+00 5.7989764539371E+00 6.2480936229654E+00 6.2560686315219E+00
 6.2560686315220E+00 6.2801722916784E+00 6.2801722916784E+00 6.3008147793097E+00
 6.3167958173049E+00 6.3167958173049E+00 6.3219029501388E+00 6.3219029501388E+00
 6.3664503437673E+00 6.3664503437673E+00 2.0199196344103E+01
