

*******************************************************************************
Mon Oct 14 20:55:11 2024


FIT:    data read from "time.dat" using 2:3
        format = x:z
        #datapoints = 7
        residuals are weighted equally (unit weight)

function used for fitting: f1(x)
	f1(x) = a1*x+b1
fitted parameters initialized with current variable values

iter      chisq       delta/lim  lambda   a1            b1           
   0 3.7794351000e+05   0.00e+00  1.45e+02    1.000000e+00   1.000000e+00
   5 6.6689023909e+02  -1.27e-02  1.45e-03    2.127038e+00   3.194586e+00

After 5 iterations the fit converged.
final sum of squares of residuals : 666.89
rel. change during last iteration : -1.27127e-07

degrees of freedom    (FIT_NDF)                        : 5
rms of residuals      (FIT_STDFIT) = sqrt(WSSR/ndf)    : 11.5489
variance of residuals (reduced chisquare) = WSSR/ndf   : 133.378

Final set of parameters            Asymptotic Standard Error
=======================            ==========================
a1              = 2.12704          +/- 0.03053      (1.435%)
b1              = 3.19459          +/- 6.246        (195.5%)

correlation matrix of the fit parameters:
                a1     b1     
a1              1.000 
b1             -0.715  1.000 


*******************************************************************************
Mon Oct 14 20:55:30 2024


FIT:    data read from "time.dat" using 1:2
        format = x:z
        #datapoints = 7
        residuals are weighted equally (unit weight)

function used for fitting: f1(x)
	f1(x) = a1*x+b1
fitted parameters initialized with current variable values

iter      chisq       delta/lim  lambda   a1            b1           
   0 2.4207672000e+05   0.00e+00  1.30e+01    1.000000e+00   1.000000e+00
   4 1.1126461089e+04  -1.17e-01  1.30e-03    1.205729e+01  -2.762656e+01

After 4 iterations the fit converged.
final sum of squares of residuals : 11126.5
rel. change during last iteration : -1.16643e-06

degrees of freedom    (FIT_NDF)                        : 5
rms of residuals      (FIT_STDFIT) = sqrt(WSSR/ndf)    : 47.173
variance of residuals (reduced chisquare) = WSSR/ndf   : 2225.29

Final set of parameters            Asymptotic Standard Error
=======================            ==========================
a1              = 12.0573          +/- 1.566        (12.99%)
b1              = -27.6266         +/- 28.78        (104.2%)

correlation matrix of the fit parameters:
                a1     b1     
a1              1.000 
b1             -0.785  1.000 


*******************************************************************************
Mon Oct 14 20:56:56 2024


FIT:    data read from "time.dat" using 1:2
        format = x:z
        #datapoints = 7
        residuals are weighted equally (unit weight)

function used for fitting: f1(x)
	f1(x) = a1*x+b1
fitted parameters initialized with current variable values

iter      chisq       delta/lim  lambda   a1            b1           
   0 2.4207672000e+05   0.00e+00  1.30e+01    1.000000e+00   1.000000e+00
   4 1.1126461089e+04  -1.17e-01  1.30e-03    1.205729e+01  -2.762656e+01

After 4 iterations the fit converged.
final sum of squares of residuals : 11126.5
rel. change during last iteration : -1.16643e-06

degrees of freedom    (FIT_NDF)                        : 5
rms of residuals      (FIT_STDFIT) = sqrt(WSSR/ndf)    : 47.173
variance of residuals (reduced chisquare) = WSSR/ndf   : 2225.29

Final set of parameters            Asymptotic Standard Error
=======================            ==========================
a1              = 12.0573          +/- 1.566        (12.99%)
b1              = -27.6266         +/- 28.78        (104.2%)

correlation matrix of the fit parameters:
                a1     b1     
a1              1.000 
b1             -0.785  1.000 


*******************************************************************************
Mon Oct 14 20:56:56 2024


FIT:    data read from "time.dat" using 1:3
        format = x:z
        #datapoints = 7
        residuals are weighted equally (unit weight)

function used for fitting: f2(x)
	f2(x) = a2*x+b2
fitted parameters initialized with current variable values

iter      chisq       delta/lim  lambda   a2            b2           
   0 1.2279887900e+06   0.00e+00  1.30e+01    1.000000e+00   1.000000e+00
   4 4.1057216771e+04  -1.38e-01  1.30e-03    2.585911e+01  -5.863861e+01

After 4 iterations the fit converged.
final sum of squares of residuals : 41057.2
rel. change during last iteration : -1.37549e-06

degrees of freedom    (FIT_NDF)                        : 5
rms of residuals      (FIT_STDFIT) = sqrt(WSSR/ndf)    : 90.617
variance of residuals (reduced chisquare) = WSSR/ndf   : 8211.44

Final set of parameters            Asymptotic Standard Error
=======================            ==========================
a2              = 25.8591          +/- 3.008        (11.63%)
b2              = -58.6386         +/- 55.28        (94.28%)

correlation matrix of the fit parameters:
                a2     b2     
a2              1.000 
b2             -0.785  1.000 


*******************************************************************************
Mon Oct 14 20:57:04 2024


FIT:    data read from "time.dat" using 1:2
        format = x:z
        #datapoints = 7
        residuals are weighted equally (unit weight)

function used for fitting: f1(x)
	f1(x) = a1*x+b1
fitted parameters initialized with current variable values

iter      chisq       delta/lim  lambda   a1            b1           
   0 2.4207672000e+05   0.00e+00  1.30e+01    1.000000e+00   1.000000e+00
   4 1.1126461089e+04  -1.17e-01  1.30e-03    1.205729e+01  -2.762656e+01

After 4 iterations the fit converged.
final sum of squares of residuals : 11126.5
rel. change during last iteration : -1.16643e-06

degrees of freedom    (FIT_NDF)                        : 5
rms of residuals      (FIT_STDFIT) = sqrt(WSSR/ndf)    : 47.173
variance of residuals (reduced chisquare) = WSSR/ndf   : 2225.29

Final set of parameters            Asymptotic Standard Error
=======================            ==========================
a1              = 12.0573          +/- 1.566        (12.99%)
b1              = -27.6266         +/- 28.78        (104.2%)

correlation matrix of the fit parameters:
                a1     b1     
a1              1.000 
b1             -0.785  1.000 


*******************************************************************************
Mon Oct 14 20:57:04 2024


FIT:    data read from "time.dat" using 1:3
        format = x:z
        #datapoints = 7
        residuals are weighted equally (unit weight)

function used for fitting: f2(x)
	f2(x) = a2*x+b2
fitted parameters initialized with current variable values

iter      chisq       delta/lim  lambda   a2            b2           
   0 1.2279887900e+06   0.00e+00  1.30e+01    1.000000e+00   1.000000e+00
   4 4.1057216771e+04  -1.38e-01  1.30e-03    2.585911e+01  -5.863861e+01

After 4 iterations the fit converged.
final sum of squares of residuals : 41057.2
rel. change during last iteration : -1.37549e-06

degrees of freedom    (FIT_NDF)                        : 5
rms of residuals      (FIT_STDFIT) = sqrt(WSSR/ndf)    : 90.617
variance of residuals (reduced chisquare) = WSSR/ndf   : 8211.44

Final set of parameters            Asymptotic Standard Error
=======================            ==========================
a2              = 25.8591          +/- 3.008        (11.63%)
b2              = -58.6386         +/- 55.28        (94.28%)

correlation matrix of the fit parameters:
                a2     b2     
a2              1.000 
b2             -0.785  1.000 


*******************************************************************************
Mon Oct 14 20:57:26 2024


FIT:    data read from "time.dat" using 1:2
        format = x:z
        #datapoints = 7
        residuals are weighted equally (unit weight)

function used for fitting: f1(x)
	f1(x) = a1*x+b1
fitted parameters initialized with current variable values

iter      chisq       delta/lim  lambda   a1            b1           
   0 2.4207672000e+05   0.00e+00  1.30e+01    1.000000e+00   1.000000e+00
   4 1.1126461089e+04  -1.17e-01  1.30e-03    1.205729e+01  -2.762656e+01

After 4 iterations the fit converged.
final sum of squares of residuals : 11126.5
rel. change during last iteration : -1.16643e-06

degrees of freedom    (FIT_NDF)                        : 5
rms of residuals      (FIT_STDFIT) = sqrt(WSSR/ndf)    : 47.173
variance of residuals (reduced chisquare) = WSSR/ndf   : 2225.29

Final set of parameters            Asymptotic Standard Error
=======================            ==========================
a1              = 12.0573          +/- 1.566        (12.99%)
b1              = -27.6266         +/- 28.78        (104.2%)

correlation matrix of the fit parameters:
                a1     b1     
a1              1.000 
b1             -0.785  1.000 


*******************************************************************************
Mon Oct 14 20:57:26 2024


FIT:    data read from "time.dat" using 1:3
        format = x:z
        #datapoints = 7
        residuals are weighted equally (unit weight)

function used for fitting: f2(x)
	f2(x) = a2*x+b2
fitted parameters initialized with current variable values

iter      chisq       delta/lim  lambda   a2            b2           
   0 1.2279887900e+06   0.00e+00  1.30e+01    1.000000e+00   1.000000e+00
   4 4.1057216771e+04  -1.38e-01  1.30e-03    2.585911e+01  -5.863861e+01

After 4 iterations the fit converged.
final sum of squares of residuals : 41057.2
rel. change during last iteration : -1.37549e-06

degrees of freedom    (FIT_NDF)                        : 5
rms of residuals      (FIT_STDFIT) = sqrt(WSSR/ndf)    : 90.617
variance of residuals (reduced chisquare) = WSSR/ndf   : 8211.44

Final set of parameters            Asymptotic Standard Error
=======================            ==========================
a2              = 25.8591          +/- 3.008        (11.63%)
b2              = -58.6386         +/- 55.28        (94.28%)

correlation matrix of the fit parameters:
                a2     b2     
a2              1.000 
b2             -0.785  1.000 


*******************************************************************************
Mon Oct 14 20:57:26 2024


FIT:    data read from "time.dat" using 1:4
        format = x:z
        #datapoints = 7
        residuals are weighted equally (unit weight)

function used for fitting: f3(x)
	f3(x) = a3*x+b3
fitted parameters initialized with current variable values

iter      chisq       delta/lim  lambda   a3            b3           
   0 3.8497344200e+06   0.00e+00  1.30e+01    1.000000e+00   1.000000e+00
   4 2.1593878377e+05  -6.33e-02  1.30e-03    4.402886e+01  -9.161645e+01

After 4 iterations the fit converged.
final sum of squares of residuals : 215939
rel. change during last iteration : -6.33257e-07

degrees of freedom    (FIT_NDF)                        : 5
rms of residuals      (FIT_STDFIT) = sqrt(WSSR/ndf)    : 207.817
variance of residuals (reduced chisquare) = WSSR/ndf   : 43187.8

Final set of parameters            Asymptotic Standard Error
=======================            ==========================
a3              = 44.0289          +/- 6.898        (15.67%)
b3              = -91.6164         +/- 126.8        (138.4%)

correlation matrix of the fit parameters:
                a3     b3     
a3              1.000 
b3             -0.785  1.000 


*******************************************************************************
Mon Oct 14 20:57:54 2024


FIT:    data read from "time.dat" using 2:2
        format = x:z
        #datapoints = 7
        residuals are weighted equally (unit weight)

function used for fitting: f1(x)
	f1(x) = a1*x+b1
fitted parameters initialized with current variable values

iter      chisq       delta/lim  lambda   a1            b1           
   0 7.0000000000e+00   0.00e+00  1.45e+02    1.000000e+00   1.000000e+00
BREAK: Singular matrix in Invert_RtR

*******************************************************************************
Mon Oct 14 20:58:29 2024


FIT:    data read from "time.dat" using 2:2
        format = x:z
        #datapoints = 7
        residuals are weighted equally (unit weight)

function used for fitting: f1(x)
	f1(x) = a1*x+b1
fitted parameters initialized with current variable values

iter      chisq       delta/lim  lambda   a1            b1           
   0 7.0000000000e+00   0.00e+00  1.45e+02    1.000000e+00   1.000000e+00
BREAK: Singular matrix in Invert_RtR

*******************************************************************************
Mon Oct 14 20:58:39 2024


FIT:    data read from "time.dat" using 1:2
        format = x:z
        #datapoints = 7
        residuals are weighted equally (unit weight)

function used for fitting: f1(x)
	f1(x) = a1*x+b1
fitted parameters initialized with current variable values

iter      chisq       delta/lim  lambda   a1            b1           
   0 2.4207672000e+05   0.00e+00  1.30e+01    1.000000e+00   1.000000e+00
   4 1.1126461089e+04  -1.17e-01  1.30e-03    1.205729e+01  -2.762656e+01

After 4 iterations the fit converged.
final sum of squares of residuals : 11126.5
rel. change during last iteration : -1.16643e-06

degrees of freedom    (FIT_NDF)                        : 5
rms of residuals      (FIT_STDFIT) = sqrt(WSSR/ndf)    : 47.173
variance of residuals (reduced chisquare) = WSSR/ndf   : 2225.29

Final set of parameters            Asymptotic Standard Error
=======================            ==========================
a1              = 12.0573          +/- 1.566        (12.99%)
b1              = -27.6266         +/- 28.78        (104.2%)

correlation matrix of the fit parameters:
                a1     b1     
a1              1.000 
b1             -0.785  1.000 


*******************************************************************************
Mon Oct 14 20:58:39 2024


FIT:    data read from "time.dat" using 2:3
        format = x:z
        #datapoints = 7
        residuals are weighted equally (unit weight)

function used for fitting: f2(x)
	f2(x) = a2*x+b2
fitted parameters initialized with current variable values

iter      chisq       delta/lim  lambda   a2            b2           
   0 3.7794351000e+05   0.00e+00  1.45e+02    1.000000e+00   1.000000e+00
   5 6.6689023909e+02  -1.27e-02  1.45e-03    2.127038e+00   3.194586e+00

After 5 iterations the fit converged.
final sum of squares of residuals : 666.89
rel. change during last iteration : -1.27127e-07

degrees of freedom    (FIT_NDF)                        : 5
rms of residuals      (FIT_STDFIT) = sqrt(WSSR/ndf)    : 11.5489
variance of residuals (reduced chisquare) = WSSR/ndf   : 133.378

Final set of parameters            Asymptotic Standard Error
=======================            ==========================
a2              = 2.12704          +/- 0.03053      (1.435%)
b2              = 3.19459          +/- 6.246        (195.5%)

correlation matrix of the fit parameters:
                a2     b2     
a2              1.000 
b2             -0.715  1.000 


*******************************************************************************
Mon Oct 14 20:58:39 2024


FIT:    data read from "time.dat" using 2:4
        format = x:z
        #datapoints = 7
        residuals are weighted equally (unit weight)

function used for fitting: f3(x)
	f3(x) = a3*x+b3
fitted parameters initialized with current variable values

iter      chisq       delta/lim  lambda   a3            b3           
   0 2.1579666800e+06   0.00e+00  1.45e+02    1.000000e+00   1.000000e+00
   5 1.1876006122e+04  -3.91e-05  1.45e-03    3.704554e+00   1.522096e+00

After 5 iterations the fit converged.
final sum of squares of residuals : 11876
rel. change during last iteration : -3.90936e-10

degrees of freedom    (FIT_NDF)                        : 5
rms of residuals      (FIT_STDFIT) = sqrt(WSSR/ndf)    : 48.736
variance of residuals (reduced chisquare) = WSSR/ndf   : 2375.2

Final set of parameters            Asymptotic Standard Error
=======================            ==========================
a3              = 3.70455          +/- 0.1288       (3.478%)
b3              = 1.5221           +/- 26.36        (1732%)

correlation matrix of the fit parameters:
                a3     b3     
a3              1.000 
b3             -0.715  1.000 


*******************************************************************************
Mon Oct 14 20:59:37 2024


FIT:    data read from "time.dat" using 1:2
        format = x:z
        #datapoints = 7
        residuals are weighted equally (unit weight)

function used for fitting: f1(x)
	f1(x) = a1*x+b1
fitted parameters initialized with current variable values

iter      chisq       delta/lim  lambda   a1            b1           
   0 2.4207672000e+05   0.00e+00  1.30e+01    1.000000e+00   1.000000e+00
   4 1.1126461089e+04  -1.17e-01  1.30e-03    1.205729e+01  -2.762656e+01

After 4 iterations the fit converged.
final sum of squares of residuals : 11126.5
rel. change during last iteration : -1.16643e-06

degrees of freedom    (FIT_NDF)                        : 5
rms of residuals      (FIT_STDFIT) = sqrt(WSSR/ndf)    : 47.173
variance of residuals (reduced chisquare) = WSSR/ndf   : 2225.29

Final set of parameters            Asymptotic Standard Error
=======================            ==========================
a1              = 12.0573          +/- 1.566        (12.99%)
b1              = -27.6266         +/- 28.78        (104.2%)

correlation matrix of the fit parameters:
                a1     b1     
a1              1.000 
b1             -0.785  1.000 


*******************************************************************************
Mon Oct 14 20:59:37 2024


FIT:    data read from "time.dat" using 2:3
        format = x:z
        #datapoints = 7
        residuals are weighted equally (unit weight)

function used for fitting: f2(x)
	f2(x) = a2*x+b2
fitted parameters initialized with current variable values

iter      chisq       delta/lim  lambda   a2            b2           
   0 3.7794351000e+05   0.00e+00  1.45e+02    1.000000e+00   1.000000e+00
   5 6.6689023909e+02  -1.27e-02  1.45e-03    2.127038e+00   3.194586e+00

After 5 iterations the fit converged.
final sum of squares of residuals : 666.89
rel. change during last iteration : -1.27127e-07

degrees of freedom    (FIT_NDF)                        : 5
rms of residuals      (FIT_STDFIT) = sqrt(WSSR/ndf)    : 11.5489
variance of residuals (reduced chisquare) = WSSR/ndf   : 133.378

Final set of parameters            Asymptotic Standard Error
=======================            ==========================
a2              = 2.12704          +/- 0.03053      (1.435%)
b2              = 3.19459          +/- 6.246        (195.5%)

correlation matrix of the fit parameters:
                a2     b2     
a2              1.000 
b2             -0.715  1.000 


*******************************************************************************
Mon Oct 14 20:59:37 2024


FIT:    data read from "time.dat" using 2:4
        format = x:z
        #datapoints = 7
        residuals are weighted equally (unit weight)

function used for fitting: f3(x)
	f3(x) = a3*x+b3
fitted parameters initialized with current variable values

iter      chisq       delta/lim  lambda   a3            b3           
   0 2.1579666800e+06   0.00e+00  1.45e+02    1.000000e+00   1.000000e+00
   5 1.1876006122e+04  -3.91e-05  1.45e-03    3.704554e+00   1.522096e+00

After 5 iterations the fit converged.
final sum of squares of residuals : 11876
rel. change during last iteration : -3.90936e-10

degrees of freedom    (FIT_NDF)                        : 5
rms of residuals      (FIT_STDFIT) = sqrt(WSSR/ndf)    : 48.736
variance of residuals (reduced chisquare) = WSSR/ndf   : 2375.2

Final set of parameters            Asymptotic Standard Error
=======================            ==========================
a3              = 3.70455          +/- 0.1288       (3.478%)
b3              = 1.5221           +/- 26.36        (1732%)

correlation matrix of the fit parameters:
                a3     b3     
a3              1.000 
b3             -0.715  1.000 


*******************************************************************************
Mon Oct 14 20:59:37 2024


FIT:    data read from "time.dat" using 2:5
        format = x:z
        #datapoints = 7
        residuals are weighted equally (unit weight)

function used for fitting: f4(x)
	f4(x) = a4*x+b4
fitted parameters initialized with current variable values

iter      chisq       delta/lim  lambda   a4            b4           
   0 3.3652055920e+07   0.00e+00  1.45e+02    1.000000e+00   1.000000e+00
   5 7.1652428747e+04  -4.78e-02  1.45e-03    1.185834e+01  -4.301158e+01

After 5 iterations the fit converged.
final sum of squares of residuals : 71652.4
rel. change during last iteration : -4.7841e-07

degrees of freedom    (FIT_NDF)                        : 5
rms of residuals      (FIT_STDFIT) = sqrt(WSSR/ndf)    : 119.71
variance of residuals (reduced chisquare) = WSSR/ndf   : 14330.5

Final set of parameters            Asymptotic Standard Error
=======================            ==========================
a4              = 11.8583          +/- 0.3165       (2.669%)
b4              = -43.0116         +/- 64.75        (150.5%)

correlation matrix of the fit parameters:
                a4     b4     
a4              1.000 
b4             -0.715  1.000 


*******************************************************************************
Mon Oct 14 21:00:39 2024


FIT:    data read from "time.dat" using 1:2
        format = x:z
        #datapoints = 7
        residuals are weighted equally (unit weight)

function used for fitting: f1(x)
	f1(x) = a1*x+b1
fitted parameters initialized with current variable values

iter      chisq       delta/lim  lambda   a1            b1           
   0 2.4207672000e+05   0.00e+00  1.30e+01    1.000000e+00   1.000000e+00
   4 1.1126461089e+04  -1.17e-01  1.30e-03    1.205729e+01  -2.762656e+01

After 4 iterations the fit converged.
final sum of squares of residuals : 11126.5
rel. change during last iteration : -1.16643e-06

degrees of freedom    (FIT_NDF)                        : 5
rms of residuals      (FIT_STDFIT) = sqrt(WSSR/ndf)    : 47.173
variance of residuals (reduced chisquare) = WSSR/ndf   : 2225.29

Final set of parameters            Asymptotic Standard Error
=======================            ==========================
a1              = 12.0573          +/- 1.566        (12.99%)
b1              = -27.6266         +/- 28.78        (104.2%)

correlation matrix of the fit parameters:
                a1     b1     
a1              1.000 
b1             -0.785  1.000 


*******************************************************************************
Mon Oct 14 21:00:39 2024


FIT:    data read from "time.dat" using 2:3
        format = x:z
        #datapoints = 7
        residuals are weighted equally (unit weight)

function used for fitting: f2(x)
	f2(x) = a2*x+b2
fitted parameters initialized with current variable values

iter      chisq       delta/lim  lambda   a2            b2           
   0 3.7794351000e+05   0.00e+00  1.45e+02    1.000000e+00   1.000000e+00
   5 6.6689023909e+02  -1.27e-02  1.45e-03    2.127038e+00   3.194586e+00

After 5 iterations the fit converged.
final sum of squares of residuals : 666.89
rel. change during last iteration : -1.27127e-07

degrees of freedom    (FIT_NDF)                        : 5
rms of residuals      (FIT_STDFIT) = sqrt(WSSR/ndf)    : 11.5489
variance of residuals (reduced chisquare) = WSSR/ndf   : 133.378

Final set of parameters            Asymptotic Standard Error
=======================            ==========================
a2              = 2.12704          +/- 0.03053      (1.435%)
b2              = 3.19459          +/- 6.246        (195.5%)

correlation matrix of the fit parameters:
                a2     b2     
a2              1.000 
b2             -0.715  1.000 


*******************************************************************************
Mon Oct 14 21:00:39 2024


FIT:    data read from "time.dat" using 2:4
        format = x:z
        #datapoints = 7
        residuals are weighted equally (unit weight)

function used for fitting: f3(x)
	f3(x) = a3*x+b3
fitted parameters initialized with current variable values

iter      chisq       delta/lim  lambda   a3            b3           
   0 2.1579666800e+06   0.00e+00  1.45e+02    1.000000e+00   1.000000e+00
   5 1.1876006122e+04  -3.91e-05  1.45e-03    3.704554e+00   1.522096e+00

After 5 iterations the fit converged.
final sum of squares of residuals : 11876
rel. change during last iteration : -3.90936e-10

degrees of freedom    (FIT_NDF)                        : 5
rms of residuals      (FIT_STDFIT) = sqrt(WSSR/ndf)    : 48.736
variance of residuals (reduced chisquare) = WSSR/ndf   : 2375.2

Final set of parameters            Asymptotic Standard Error
=======================            ==========================
a3              = 3.70455          +/- 0.1288       (3.478%)
b3              = 1.5221           +/- 26.36        (1732%)

correlation matrix of the fit parameters:
                a3     b3     
a3              1.000 
b3             -0.715  1.000 


*******************************************************************************
Mon Oct 14 21:00:39 2024


FIT:    data read from "time.dat" using 2:5
        format = x:z
        #datapoints = 7
        residuals are weighted equally (unit weight)

function used for fitting: f4(x)
	f4(x) = a4*x+b4
fitted parameters initialized with current variable values

iter      chisq       delta/lim  lambda   a4            b4           
   0 3.3652055920e+07   0.00e+00  1.45e+02    1.000000e+00   1.000000e+00
   5 7.1652428747e+04  -4.78e-02  1.45e-03    1.185834e+01  -4.301158e+01

After 5 iterations the fit converged.
final sum of squares of residuals : 71652.4
rel. change during last iteration : -4.7841e-07

degrees of freedom    (FIT_NDF)                        : 5
rms of residuals      (FIT_STDFIT) = sqrt(WSSR/ndf)    : 119.71
variance of residuals (reduced chisquare) = WSSR/ndf   : 14330.5

Final set of parameters            Asymptotic Standard Error
=======================            ==========================
a4              = 11.8583          +/- 0.3165       (2.669%)
b4              = -43.0116         +/- 64.75        (150.5%)

correlation matrix of the fit parameters:
                a4     b4     
a4              1.000 
b4             -0.715  1.000 


*******************************************************************************
Mon Oct 14 21:00:39 2024


FIT:    data read from "time.dat" using 2:6
        format = x:z
        #datapoints = 7
        residuals are weighted equally (unit weight)

function used for fitting: f5(x)
	f5(x) = a5*x+b5
fitted parameters initialized with current variable values

iter      chisq       delta/lim  lambda   a5            b5           
   0 5.4392162979e+10   0.00e+00  1.45e+02    1.000000e+00   1.000000e+00
   5 1.4469250867e+10  -5.80e-02  1.45e-03    4.387298e+02  -2.178954e+04

After 5 iterations the fit converged.
final sum of squares of residuals : 1.44693e+10
rel. change during last iteration : -5.79828e-07

degrees of freedom    (FIT_NDF)                        : 5
rms of residuals      (FIT_STDFIT) = sqrt(WSSR/ndf)    : 53794.5
variance of residuals (reduced chisquare) = WSSR/ndf   : 2.89385e+09

Final set of parameters            Asymptotic Standard Error
=======================            ==========================
a5              = 438.73           +/- 142.2        (32.41%)
b5              = -21789.5         +/- 2.91e+04     (133.5%)

correlation matrix of the fit parameters:
                a5     b5     
a5              1.000 
b5             -0.715  1.000 


*******************************************************************************
Mon Oct 14 21:01:03 2024


FIT:    data read from "time.dat" using 1:2
        format = x:z
        #datapoints = 7
        residuals are weighted equally (unit weight)

function used for fitting: f1(x)
	f1(x) = a1*x+b1
fitted parameters initialized with current variable values

iter      chisq       delta/lim  lambda   a1            b1           
   0 2.4207672000e+05   0.00e+00  1.30e+01    1.000000e+00   1.000000e+00
   4 1.1126461089e+04  -1.17e-01  1.30e-03    1.205729e+01  -2.762656e+01

After 4 iterations the fit converged.
final sum of squares of residuals : 11126.5
rel. change during last iteration : -1.16643e-06

degrees of freedom    (FIT_NDF)                        : 5
rms of residuals      (FIT_STDFIT) = sqrt(WSSR/ndf)    : 47.173
variance of residuals (reduced chisquare) = WSSR/ndf   : 2225.29

Final set of parameters            Asymptotic Standard Error
=======================            ==========================
a1              = 12.0573          +/- 1.566        (12.99%)
b1              = -27.6266         +/- 28.78        (104.2%)

correlation matrix of the fit parameters:
                a1     b1     
a1              1.000 
b1             -0.785  1.000 


*******************************************************************************
Mon Oct 14 21:01:03 2024


FIT:    data read from "time.dat" using 2:3
        format = x:z
        #datapoints = 7
        residuals are weighted equally (unit weight)

function used for fitting: f2(x)
	f2(x) = a2*x+b2
fitted parameters initialized with current variable values

iter      chisq       delta/lim  lambda   a2            b2           
   0 3.7794351000e+05   0.00e+00  1.45e+02    1.000000e+00   1.000000e+00
   5 6.6689023909e+02  -1.27e-02  1.45e-03    2.127038e+00   3.194586e+00

After 5 iterations the fit converged.
final sum of squares of residuals : 666.89
rel. change during last iteration : -1.27127e-07

degrees of freedom    (FIT_NDF)                        : 5
rms of residuals      (FIT_STDFIT) = sqrt(WSSR/ndf)    : 11.5489
variance of residuals (reduced chisquare) = WSSR/ndf   : 133.378

Final set of parameters            Asymptotic Standard Error
=======================            ==========================
a2              = 2.12704          +/- 0.03053      (1.435%)
b2              = 3.19459          +/- 6.246        (195.5%)

correlation matrix of the fit parameters:
                a2     b2     
a2              1.000 
b2             -0.715  1.000 


*******************************************************************************
Mon Oct 14 21:01:03 2024


FIT:    data read from "time.dat" using 2:4
        format = x:z
        #datapoints = 7
        residuals are weighted equally (unit weight)

function used for fitting: f3(x)
	f3(x) = a3*x+b3
fitted parameters initialized with current variable values

iter      chisq       delta/lim  lambda   a3            b3           
   0 2.1579666800e+06   0.00e+00  1.45e+02    1.000000e+00   1.000000e+00
   5 1.1876006122e+04  -3.91e-05  1.45e-03    3.704554e+00   1.522096e+00

After 5 iterations the fit converged.
final sum of squares of residuals : 11876
rel. change during last iteration : -3.90936e-10

degrees of freedom    (FIT_NDF)                        : 5
rms of residuals      (FIT_STDFIT) = sqrt(WSSR/ndf)    : 48.736
variance of residuals (reduced chisquare) = WSSR/ndf   : 2375.2

Final set of parameters            Asymptotic Standard Error
=======================            ==========================
a3              = 3.70455          +/- 0.1288       (3.478%)
b3              = 1.5221           +/- 26.36        (1732%)

correlation matrix of the fit parameters:
                a3     b3     
a3              1.000 
b3             -0.715  1.000 


*******************************************************************************
Mon Oct 14 21:01:03 2024


FIT:    data read from "time.dat" using 2:5
        format = x:z
        #datapoints = 7
        residuals are weighted equally (unit weight)

function used for fitting: f4(x)
	f4(x) = a4*x+b4
fitted parameters initialized with current variable values

iter      chisq       delta/lim  lambda   a4            b4           
   0 3.3652055920e+07   0.00e+00  1.45e+02    1.000000e+00   1.000000e+00
   5 7.1652428747e+04  -4.78e-02  1.45e-03    1.185834e+01  -4.301158e+01

After 5 iterations the fit converged.
final sum of squares of residuals : 71652.4
rel. change during last iteration : -4.7841e-07

degrees of freedom    (FIT_NDF)                        : 5
rms of residuals      (FIT_STDFIT) = sqrt(WSSR/ndf)    : 119.71
variance of residuals (reduced chisquare) = WSSR/ndf   : 14330.5

Final set of parameters            Asymptotic Standard Error
=======================            ==========================
a4              = 11.8583          +/- 0.3165       (2.669%)
b4              = -43.0116         +/- 64.75        (150.5%)

correlation matrix of the fit parameters:
                a4     b4     
a4              1.000 
b4             -0.715  1.000 


*******************************************************************************
Mon Oct 14 21:01:03 2024


FIT:    data read from "time.dat" using 2:6
        format = x:z
        #datapoints = 7
        residuals are weighted equally (unit weight)

function used for fitting: f5(x)
	f5(x) = a5*x**2+b5
fitted parameters initialized with current variable values

iter      chisq       delta/lim  lambda   a5            b5           
   0 1.1472932312e+10   0.00e+00  5.13e+04    1.000000e+00   1.000000e+00
   3 1.1204103985e+10  -3.03e-02  5.13e+01    1.085426e+00   9.188841e-01

After 3 iterations the fit converged.
final sum of squares of residuals : 1.12041e+10
rel. change during last iteration : -3.02962e-07

degrees of freedom    (FIT_NDF)                        : 5
rms of residuals      (FIT_STDFIT) = sqrt(WSSR/ndf)    : 47337.3
variance of residuals (reduced chisquare) = WSSR/ndf   : 2.24082e+09

Final set of parameters            Asymptotic Standard Error
=======================            ==========================
a5              = 1.08543          +/- 0.302        (27.82%)
b5              = 0.918884         +/- 2.191e+04    (2.384e+06%)

correlation matrix of the fit parameters:
                a5     b5     
a5              1.000 
b5             -0.577  1.000 


*******************************************************************************
Mon Oct 14 21:19:52 2024


FIT:    data read from "time.dat" using 1:2
        format = x:z
        #datapoints = 7
        residuals are weighted equally (unit weight)

function used for fitting: f1(x)
	f1(x) = a1*x+b1
fitted parameters initialized with current variable values

iter      chisq       delta/lim  lambda   a1            b1           
   0 2.4207672000e+05   0.00e+00  1.30e+01    1.000000e+00   1.000000e+00
   4 1.1126461089e+04  -1.17e-01  1.30e-03    1.205729e+01  -2.762656e+01

After 4 iterations the fit converged.
final sum of squares of residuals : 11126.5
rel. change during last iteration : -1.16643e-06

degrees of freedom    (FIT_NDF)                        : 5
rms of residuals      (FIT_STDFIT) = sqrt(WSSR/ndf)    : 47.173
variance of residuals (reduced chisquare) = WSSR/ndf   : 2225.29

Final set of parameters            Asymptotic Standard Error
=======================            ==========================
a1              = 12.0573          +/- 1.566        (12.99%)
b1              = -27.6266         +/- 28.78        (104.2%)

correlation matrix of the fit parameters:
                a1     b1     
a1              1.000 
b1             -0.785  1.000 


*******************************************************************************
Mon Oct 14 21:19:52 2024


FIT:    data read from "time.dat" using 2:3
        format = x:z
        #datapoints = 7
        residuals are weighted equally (unit weight)

function used for fitting: f2(x)
	f2(x) = a2*x+b2
fitted parameters initialized with current variable values

iter      chisq       delta/lim  lambda   a2            b2           
   0 3.7794351000e+05   0.00e+00  1.45e+02    1.000000e+00   1.000000e+00
   5 6.6689023909e+02  -1.27e-02  1.45e-03    2.127038e+00   3.194586e+00

After 5 iterations the fit converged.
final sum of squares of residuals : 666.89
rel. change during last iteration : -1.27127e-07

degrees of freedom    (FIT_NDF)                        : 5
rms of residuals      (FIT_STDFIT) = sqrt(WSSR/ndf)    : 11.5489
variance of residuals (reduced chisquare) = WSSR/ndf   : 133.378

Final set of parameters            Asymptotic Standard Error
=======================            ==========================
a2              = 2.12704          +/- 0.03053      (1.435%)
b2              = 3.19459          +/- 6.246        (195.5%)

correlation matrix of the fit parameters:
                a2     b2     
a2              1.000 
b2             -0.715  1.000 


*******************************************************************************
Mon Oct 14 21:19:52 2024


FIT:    data read from "time.dat" using 2:4
        format = x:z
        #datapoints = 7
        residuals are weighted equally (unit weight)

function used for fitting: f3(x)
	f3(x) = a3*x+b3
fitted parameters initialized with current variable values

iter      chisq       delta/lim  lambda   a3            b3           
   0 2.1579666800e+06   0.00e+00  1.45e+02    1.000000e+00   1.000000e+00
   5 1.1876006122e+04  -3.91e-05  1.45e-03    3.704554e+00   1.522096e+00

After 5 iterations the fit converged.
final sum of squares of residuals : 11876
rel. change during last iteration : -3.90936e-10

degrees of freedom    (FIT_NDF)                        : 5
rms of residuals      (FIT_STDFIT) = sqrt(WSSR/ndf)    : 48.736
variance of residuals (reduced chisquare) = WSSR/ndf   : 2375.2

Final set of parameters            Asymptotic Standard Error
=======================            ==========================
a3              = 3.70455          +/- 0.1288       (3.478%)
b3              = 1.5221           +/- 26.36        (1732%)

correlation matrix of the fit parameters:
                a3     b3     
a3              1.000 
b3             -0.715  1.000 


*******************************************************************************
Mon Oct 14 21:19:52 2024


FIT:    data read from "time.dat" using 2:5
        format = x:z
        #datapoints = 7
        residuals are weighted equally (unit weight)

function used for fitting: f4(x)
	f4(x) = a4*x+b4
fitted parameters initialized with current variable values

iter      chisq       delta/lim  lambda   a4            b4           
   0 3.3652055920e+07   0.00e+00  1.45e+02    1.000000e+00   1.000000e+00
   5 7.1652428747e+04  -4.78e-02  1.45e-03    1.185834e+01  -4.301158e+01

After 5 iterations the fit converged.
final sum of squares of residuals : 71652.4
rel. change during last iteration : -4.7841e-07

degrees of freedom    (FIT_NDF)                        : 5
rms of residuals      (FIT_STDFIT) = sqrt(WSSR/ndf)    : 119.71
variance of residuals (reduced chisquare) = WSSR/ndf   : 14330.5

Final set of parameters            Asymptotic Standard Error
=======================            ==========================
a4              = 11.8583          +/- 0.3165       (2.669%)
b4              = -43.0116         +/- 64.75        (150.5%)

correlation matrix of the fit parameters:
                a4     b4     
a4              1.000 
b4             -0.715  1.000 


*******************************************************************************
Mon Oct 14 21:19:52 2024


FIT:    data read from "time.dat" using 2:6
        format = x:z
        #datapoints = 7
        residuals are weighted equally (unit weight)

function used for fitting: f5(x)
	f5(x) = a5*x**2+b5
fitted parameters initialized with current variable values

iter      chisq       delta/lim  lambda   a5            b5           
   0 1.1472932312e+10   0.00e+00  5.13e+04    1.000000e+00   1.000000e+00
   3 1.1204103985e+10  -3.03e-02  5.13e+01    1.085426e+00   9.188841e-01

After 3 iterations the fit converged.
final sum of squares of residuals : 1.12041e+10
rel. change during last iteration : -3.02962e-07

degrees of freedom    (FIT_NDF)                        : 5
rms of residuals      (FIT_STDFIT) = sqrt(WSSR/ndf)    : 47337.3
variance of residuals (reduced chisquare) = WSSR/ndf   : 2.24082e+09

Final set of parameters            Asymptotic Standard Error
=======================            ==========================
a5              = 1.08543          +/- 0.302        (27.82%)
b5              = 0.918884         +/- 2.191e+04    (2.384e+06%)

correlation matrix of the fit parameters:
                a5     b5     
a5              1.000 
b5             -0.577  1.000 


*******************************************************************************
Mon Oct 14 21:20:20 2024


FIT:    data read from "time.dat" using 1:2
        format = x:z
        #datapoints = 7
        residuals are weighted equally (unit weight)

function used for fitting: f1(x)
	f1(x) = a1*x+b1
fitted parameters initialized with current variable values

iter      chisq       delta/lim  lambda   a1            b1           
   0 2.4207672000e+05   0.00e+00  1.30e+01    1.000000e+00   1.000000e+00
   4 1.1126461089e+04  -1.17e-01  1.30e-03    1.205729e+01  -2.762656e+01

After 4 iterations the fit converged.
final sum of squares of residuals : 11126.5
rel. change during last iteration : -1.16643e-06

degrees of freedom    (FIT_NDF)                        : 5
rms of residuals      (FIT_STDFIT) = sqrt(WSSR/ndf)    : 47.173
variance of residuals (reduced chisquare) = WSSR/ndf   : 2225.29

Final set of parameters            Asymptotic Standard Error
=======================            ==========================
a1              = 12.0573          +/- 1.566        (12.99%)
b1              = -27.6266         +/- 28.78        (104.2%)

correlation matrix of the fit parameters:
                a1     b1     
a1              1.000 
b1             -0.785  1.000 


*******************************************************************************
Mon Oct 14 21:20:20 2024


FIT:    data read from "time.dat" using 2:3
        format = x:z
        #datapoints = 7
        residuals are weighted equally (unit weight)

function used for fitting: f2(x)
	f2(x) = a2*x+b2
fitted parameters initialized with current variable values

iter      chisq       delta/lim  lambda   a2            b2           
   0 3.7794351000e+05   0.00e+00  1.45e+02    1.000000e+00   1.000000e+00
   5 6.6689023909e+02  -1.27e-02  1.45e-03    2.127038e+00   3.194586e+00

After 5 iterations the fit converged.
final sum of squares of residuals : 666.89
rel. change during last iteration : -1.27127e-07

degrees of freedom    (FIT_NDF)                        : 5
rms of residuals      (FIT_STDFIT) = sqrt(WSSR/ndf)    : 11.5489
variance of residuals (reduced chisquare) = WSSR/ndf   : 133.378

Final set of parameters            Asymptotic Standard Error
=======================            ==========================
a2              = 2.12704          +/- 0.03053      (1.435%)
b2              = 3.19459          +/- 6.246        (195.5%)

correlation matrix of the fit parameters:
                a2     b2     
a2              1.000 
b2             -0.715  1.000 


*******************************************************************************
Mon Oct 14 21:20:20 2024


FIT:    data read from "time.dat" using 2:4
        format = x:z
        #datapoints = 7
        residuals are weighted equally (unit weight)

function used for fitting: f3(x)
	f3(x) = a3*x+b3
fitted parameters initialized with current variable values

iter      chisq       delta/lim  lambda   a3            b3           
   0 2.1579666800e+06   0.00e+00  1.45e+02    1.000000e+00   1.000000e+00
   5 1.1876006122e+04  -3.91e-05  1.45e-03    3.704554e+00   1.522096e+00

After 5 iterations the fit converged.
final sum of squares of residuals : 11876
rel. change during last iteration : -3.90936e-10

degrees of freedom    (FIT_NDF)                        : 5
rms of residuals      (FIT_STDFIT) = sqrt(WSSR/ndf)    : 48.736
variance of residuals (reduced chisquare) = WSSR/ndf   : 2375.2

Final set of parameters            Asymptotic Standard Error
=======================            ==========================
a3              = 3.70455          +/- 0.1288       (3.478%)
b3              = 1.5221           +/- 26.36        (1732%)

correlation matrix of the fit parameters:
                a3     b3     
a3              1.000 
b3             -0.715  1.000 


*******************************************************************************
Mon Oct 14 21:20:20 2024


FIT:    data read from "time.dat" using 2:5
        format = x:z
        #datapoints = 7
        residuals are weighted equally (unit weight)

function used for fitting: f4(x)
	f4(x) = a4*x+b4
fitted parameters initialized with current variable values

iter      chisq       delta/lim  lambda   a4            b4           
   0 3.3652055920e+07   0.00e+00  1.45e+02    1.000000e+00   1.000000e+00
   5 7.1652428747e+04  -4.78e-02  1.45e-03    1.185834e+01  -4.301158e+01

After 5 iterations the fit converged.
final sum of squares of residuals : 71652.4
rel. change during last iteration : -4.7841e-07

degrees of freedom    (FIT_NDF)                        : 5
rms of residuals      (FIT_STDFIT) = sqrt(WSSR/ndf)    : 119.71
variance of residuals (reduced chisquare) = WSSR/ndf   : 14330.5

Final set of parameters            Asymptotic Standard Error
=======================            ==========================
a4              = 11.8583          +/- 0.3165       (2.669%)
b4              = -43.0116         +/- 64.75        (150.5%)

correlation matrix of the fit parameters:
                a4     b4     
a4              1.000 
b4             -0.715  1.000 


*******************************************************************************
Mon Oct 14 21:20:20 2024


FIT:    data read from "time.dat" using 2:6
        format = x:z
        #datapoints = 7
        residuals are weighted equally (unit weight)

function used for fitting: f5(x)
	f5(x) = a5*x**c5+b5
fitted parameters initialized with current variable values

iter      chisq       delta/lim  lambda   a5            b5            c5           
   0 5.4392162979e+10   0.00e+00  6.98e+02    1.000000e+00   1.000000e+00   1.000000e+00
1642 3.7556354013e+08  -1.71e-02  6.98e+03    1.232450e-24   1.000431e+00   1.129453e+01

After 16426 iterations the fit converged.
final sum of squares of residuals : 3.75564e+08
rel. change during last iteration : -1.71435e-07

degrees of freedom    (FIT_NDF)                        : 4
rms of residuals      (FIT_STDFIT) = sqrt(WSSR/ndf)    : 9689.73
variance of residuals (reduced chisquare) = WSSR/ndf   : 9.38909e+07

Final set of parameters            Asymptotic Standard Error
=======================            ==========================
a5              = 1.23245e-24      +/- 1.127e-23    (914.4%)
b5              = 1.00043          +/- 4334         (4.332e+05%)
c5              = 11.2945          +/- 1.482        (13.12%)

correlation matrix of the fit parameters:
                a5     b5     c5     
a5              1.000 
b5             -0.328  1.000 
c5             -1.000  0.326  1.000 


*******************************************************************************
Mon Oct 14 21:20:51 2024


FIT:    data read from "time.dat" using 1:2
        format = x:z
        #datapoints = 6
        residuals are weighted equally (unit weight)

function used for fitting: f1(x)
	f1(x) = a1*x+b1
fitted parameters initialized with current variable values

iter      chisq       delta/lim  lambda   a1            b1           
   0 1.4278871000e+05   0.00e+00  1.22e+01    1.000000e+00   1.000000e+00
   4 3.0084341436e+03  -2.68e-01  1.22e-03    1.096477e+01  -2.666449e+01

After 4 iterations the fit converged.
final sum of squares of residuals : 3008.43
rel. change during last iteration : -2.67549e-06

degrees of freedom    (FIT_NDF)                        : 4
rms of residuals      (FIT_STDFIT) = sqrt(WSSR/ndf)    : 27.4246
variance of residuals (reduced chisquare) = WSSR/ndf   : 752.109

Final set of parameters            Asymptotic Standard Error
=======================            ==========================
a1              = 10.9648          +/- 0.9691       (8.838%)
b1              = -26.6645         +/- 16.73        (62.76%)

correlation matrix of the fit parameters:
                a1     b1     
a1              1.000 
b1             -0.743  1.000 


*******************************************************************************
Mon Oct 14 21:20:51 2024


FIT:    data read from "time.dat" using 2:3
        format = x:z
        #datapoints = 6
        residuals are weighted equally (unit weight)

function used for fitting: f2(x)
	f2(x) = a2*x+b2
fitted parameters initialized with current variable values

iter      chisq       delta/lim  lambda   a2            b2           
   0 2.4406070000e+05   0.00e+00  1.22e+02    1.000000e+00   1.000000e+00
   5 2.0980970952e+01  -3.70e-03  1.22e-03    2.171662e+00   1.371993e+00

After 5 iterations the fit converged.
final sum of squares of residuals : 20.981
rel. change during last iteration : -3.69948e-08

degrees of freedom    (FIT_NDF)                        : 4
rms of residuals      (FIT_STDFIT) = sqrt(WSSR/ndf)    : 2.29025
variance of residuals (reduced chisquare) = WSSR/ndf   : 5.24524

Final set of parameters            Asymptotic Standard Error
=======================            ==========================
a2              = 2.17166          +/- 0.007268     (0.3347%)
b2              = 1.37199          +/- 1.25         (91.08%)

correlation matrix of the fit parameters:
                a2     b2     
a2              1.000 
b2             -0.663  1.000 


*******************************************************************************
Mon Oct 14 21:20:51 2024


FIT:    data read from "time.dat" using 2:4
        format = x:z
        #datapoints = 6
        residuals are weighted equally (unit weight)

function used for fitting: f3(x)
	f3(x) = a3*x+b3
fitted parameters initialized with current variable values

iter      chisq       delta/lim  lambda   a3            b3           
   0 1.1549644300e+06   0.00e+00  1.22e+02    1.000000e+00   1.000000e+00
   5 8.0158130435e+02  -4.66e-02  1.22e-03    3.519781e+00   9.068928e+00

After 5 iterations the fit converged.
final sum of squares of residuals : 801.581
rel. change during last iteration : -4.65752e-07

degrees of freedom    (FIT_NDF)                        : 4
rms of residuals      (FIT_STDFIT) = sqrt(WSSR/ndf)    : 14.1561
variance of residuals (reduced chisquare) = WSSR/ndf   : 200.395

Final set of parameters            Asymptotic Standard Error
=======================            ==========================
a3              = 3.51978          +/- 0.04493      (1.276%)
b3              = 9.06893          +/- 7.723        (85.16%)

correlation matrix of the fit parameters:
                a3     b3     
a3              1.000 
b3             -0.663  1.000 


*******************************************************************************
Mon Oct 14 21:20:51 2024


FIT:    data read from "time.dat" using 2:5
        format = x:z
        #datapoints = 6
        residuals are weighted equally (unit weight)

function used for fitting: f4(x)
	f4(x) = a4*x+b4
fitted parameters initialized with current variable values

iter      chisq       delta/lim  lambda   a4            b4           
   0 1.8828785910e+07   0.00e+00  1.22e+02    1.000000e+00   1.000000e+00
   5 3.5967297899e+03  -1.03e-01  1.22e-03    1.140029e+01  -2.430319e+01

After 5 iterations the fit converged.
final sum of squares of residuals : 3596.73
rel. change during last iteration : -1.02645e-06

degrees of freedom    (FIT_NDF)                        : 4
rms of residuals      (FIT_STDFIT) = sqrt(WSSR/ndf)    : 29.9864
variance of residuals (reduced chisquare) = WSSR/ndf   : 899.182

Final set of parameters            Asymptotic Standard Error
=======================            ==========================
a4              = 11.4003          +/- 0.09516      (0.8347%)
b4              = -24.3032         +/- 16.36        (67.32%)

correlation matrix of the fit parameters:
                a4     b4     
a4              1.000 
b4             -0.663  1.000 


*******************************************************************************
Mon Oct 14 21:20:51 2024


FIT:    data read from "time.dat" using 2:6
        format = x:z
        #datapoints = 6
        residuals are weighted equally (unit weight)

function used for fitting: f5(x)
	f5(x) = a5*x**2+b5
fitted parameters initialized with current variable values

iter      chisq       delta/lim  lambda   a5            b5            c5           
   0 5.9570464661e+09   0.00e+00  3.61e+04    1.000000e+00   1.000000e+00   1.000000e+00
BREAK: Singular matrix in Invert_RtR

*******************************************************************************
Mon Oct 14 21:20:58 2024


FIT:    data read from "time.dat" using 1:2
        format = x:z
        #datapoints = 6
        residuals are weighted equally (unit weight)

function used for fitting: f1(x)
	f1(x) = a1*x+b1
fitted parameters initialized with current variable values

iter      chisq       delta/lim  lambda   a1            b1           
   0 1.4278871000e+05   0.00e+00  1.22e+01    1.000000e+00   1.000000e+00
   4 3.0084341436e+03  -2.68e-01  1.22e-03    1.096477e+01  -2.666449e+01

After 4 iterations the fit converged.
final sum of squares of residuals : 3008.43
rel. change during last iteration : -2.67549e-06

degrees of freedom    (FIT_NDF)                        : 4
rms of residuals      (FIT_STDFIT) = sqrt(WSSR/ndf)    : 27.4246
variance of residuals (reduced chisquare) = WSSR/ndf   : 752.109

Final set of parameters            Asymptotic Standard Error
=======================            ==========================
a1              = 10.9648          +/- 0.9691       (8.838%)
b1              = -26.6645         +/- 16.73        (62.76%)

correlation matrix of the fit parameters:
                a1     b1     
a1              1.000 
b1             -0.743  1.000 


*******************************************************************************
Mon Oct 14 21:20:58 2024


FIT:    data read from "time.dat" using 2:3
        format = x:z
        #datapoints = 6
        residuals are weighted equally (unit weight)

function used for fitting: f2(x)
	f2(x) = a2*x+b2
fitted parameters initialized with current variable values

iter      chisq       delta/lim  lambda   a2            b2           
   0 2.4406070000e+05   0.00e+00  1.22e+02    1.000000e+00   1.000000e+00
   5 2.0980970952e+01  -3.70e-03  1.22e-03    2.171662e+00   1.371993e+00

After 5 iterations the fit converged.
final sum of squares of residuals : 20.981
rel. change during last iteration : -3.69948e-08

degrees of freedom    (FIT_NDF)                        : 4
rms of residuals      (FIT_STDFIT) = sqrt(WSSR/ndf)    : 2.29025
variance of residuals (reduced chisquare) = WSSR/ndf   : 5.24524

Final set of parameters            Asymptotic Standard Error
=======================            ==========================
a2              = 2.17166          +/- 0.007268     (0.3347%)
b2              = 1.37199          +/- 1.25         (91.08%)

correlation matrix of the fit parameters:
                a2     b2     
a2              1.000 
b2             -0.663  1.000 


*******************************************************************************
Mon Oct 14 21:20:58 2024


FIT:    data read from "time.dat" using 2:4
        format = x:z
        #datapoints = 6
        residuals are weighted equally (unit weight)

function used for fitting: f3(x)
	f3(x) = a3*x+b3
fitted parameters initialized with current variable values

iter      chisq       delta/lim  lambda   a3            b3           
   0 1.1549644300e+06   0.00e+00  1.22e+02    1.000000e+00   1.000000e+00
   5 8.0158130435e+02  -4.66e-02  1.22e-03    3.519781e+00   9.068928e+00

After 5 iterations the fit converged.
final sum of squares of residuals : 801.581
rel. change during last iteration : -4.65752e-07

degrees of freedom    (FIT_NDF)                        : 4
rms of residuals      (FIT_STDFIT) = sqrt(WSSR/ndf)    : 14.1561
variance of residuals (reduced chisquare) = WSSR/ndf   : 200.395

Final set of parameters            Asymptotic Standard Error
=======================            ==========================
a3              = 3.51978          +/- 0.04493      (1.276%)
b3              = 9.06893          +/- 7.723        (85.16%)

correlation matrix of the fit parameters:
                a3     b3     
a3              1.000 
b3             -0.663  1.000 


*******************************************************************************
Mon Oct 14 21:20:58 2024


FIT:    data read from "time.dat" using 2:5
        format = x:z
        #datapoints = 6
        residuals are weighted equally (unit weight)

function used for fitting: f4(x)
	f4(x) = a4*x+b4
fitted parameters initialized with current variable values

iter      chisq       delta/lim  lambda   a4            b4           
   0 1.8828785910e+07   0.00e+00  1.22e+02    1.000000e+00   1.000000e+00
   5 3.5967297899e+03  -1.03e-01  1.22e-03    1.140029e+01  -2.430319e+01

After 5 iterations the fit converged.
final sum of squares of residuals : 3596.73
rel. change during last iteration : -1.02645e-06

degrees of freedom    (FIT_NDF)                        : 4
rms of residuals      (FIT_STDFIT) = sqrt(WSSR/ndf)    : 29.9864
variance of residuals (reduced chisquare) = WSSR/ndf   : 899.182

Final set of parameters            Asymptotic Standard Error
=======================            ==========================
a4              = 11.4003          +/- 0.09516      (0.8347%)
b4              = -24.3032         +/- 16.36        (67.32%)

correlation matrix of the fit parameters:
                a4     b4     
a4              1.000 
b4             -0.663  1.000 


*******************************************************************************
Mon Oct 14 21:20:58 2024


FIT:    data read from "time.dat" using 2:6
        format = x:z
        #datapoints = 6
        residuals are weighted equally (unit weight)

function used for fitting: f5(x)
	f5(x) = a5*x**2+b5
fitted parameters initialized with current variable values

iter      chisq       delta/lim  lambda   a5            b5            c5           
   0 5.9570464661e+09   0.00e+00  3.61e+04    1.000000e+00   1.000000e+00   1.000000e+00
BREAK: Singular matrix in Invert_RtR

*******************************************************************************
Mon Oct 14 21:21:09 2024


FIT:    data read from "time.dat" using 1:2
        format = x:z
        #datapoints = 6
        residuals are weighted equally (unit weight)

function used for fitting: f1(x)
	f1(x) = a1*x+b1
fitted parameters initialized with current variable values

iter      chisq       delta/lim  lambda   a1            b1           
   0 1.4278871000e+05   0.00e+00  1.22e+01    1.000000e+00   1.000000e+00
   4 3.0084341436e+03  -2.68e-01  1.22e-03    1.096477e+01  -2.666449e+01

After 4 iterations the fit converged.
final sum of squares of residuals : 3008.43
rel. change during last iteration : -2.67549e-06

degrees of freedom    (FIT_NDF)                        : 4
rms of residuals      (FIT_STDFIT) = sqrt(WSSR/ndf)    : 27.4246
variance of residuals (reduced chisquare) = WSSR/ndf   : 752.109

Final set of parameters            Asymptotic Standard Error
=======================            ==========================
a1              = 10.9648          +/- 0.9691       (8.838%)
b1              = -26.6645         +/- 16.73        (62.76%)

correlation matrix of the fit parameters:
                a1     b1     
a1              1.000 
b1             -0.743  1.000 


*******************************************************************************
Mon Oct 14 21:21:09 2024


FIT:    data read from "time.dat" using 2:3
        format = x:z
        #datapoints = 6
        residuals are weighted equally (unit weight)

function used for fitting: f2(x)
	f2(x) = a2*x+b2
fitted parameters initialized with current variable values

iter      chisq       delta/lim  lambda   a2            b2           
   0 2.4406070000e+05   0.00e+00  1.22e+02    1.000000e+00   1.000000e+00
   5 2.0980970952e+01  -3.70e-03  1.22e-03    2.171662e+00   1.371993e+00

After 5 iterations the fit converged.
final sum of squares of residuals : 20.981
rel. change during last iteration : -3.69948e-08

degrees of freedom    (FIT_NDF)                        : 4
rms of residuals      (FIT_STDFIT) = sqrt(WSSR/ndf)    : 2.29025
variance of residuals (reduced chisquare) = WSSR/ndf   : 5.24524

Final set of parameters            Asymptotic Standard Error
=======================            ==========================
a2              = 2.17166          +/- 0.007268     (0.3347%)
b2              = 1.37199          +/- 1.25         (91.08%)

correlation matrix of the fit parameters:
                a2     b2     
a2              1.000 
b2             -0.663  1.000 


*******************************************************************************
Mon Oct 14 21:21:09 2024


FIT:    data read from "time.dat" using 2:4
        format = x:z
        #datapoints = 6
        residuals are weighted equally (unit weight)

function used for fitting: f3(x)
	f3(x) = a3*x+b3
fitted parameters initialized with current variable values

iter      chisq       delta/lim  lambda   a3            b3           
   0 1.1549644300e+06   0.00e+00  1.22e+02    1.000000e+00   1.000000e+00
   5 8.0158130435e+02  -4.66e-02  1.22e-03    3.519781e+00   9.068928e+00

After 5 iterations the fit converged.
final sum of squares of residuals : 801.581
rel. change during last iteration : -4.65752e-07

degrees of freedom    (FIT_NDF)                        : 4
rms of residuals      (FIT_STDFIT) = sqrt(WSSR/ndf)    : 14.1561
variance of residuals (reduced chisquare) = WSSR/ndf   : 200.395

Final set of parameters            Asymptotic Standard Error
=======================            ==========================
a3              = 3.51978          +/- 0.04493      (1.276%)
b3              = 9.06893          +/- 7.723        (85.16%)

correlation matrix of the fit parameters:
                a3     b3     
a3              1.000 
b3             -0.663  1.000 


*******************************************************************************
Mon Oct 14 21:21:09 2024


FIT:    data read from "time.dat" using 2:5
        format = x:z
        #datapoints = 6
        residuals are weighted equally (unit weight)

function used for fitting: f4(x)
	f4(x) = a4*x+b4
fitted parameters initialized with current variable values

iter      chisq       delta/lim  lambda   a4            b4           
   0 1.8828785910e+07   0.00e+00  1.22e+02    1.000000e+00   1.000000e+00
   5 3.5967297899e+03  -1.03e-01  1.22e-03    1.140029e+01  -2.430319e+01

After 5 iterations the fit converged.
final sum of squares of residuals : 3596.73
rel. change during last iteration : -1.02645e-06

degrees of freedom    (FIT_NDF)                        : 4
rms of residuals      (FIT_STDFIT) = sqrt(WSSR/ndf)    : 29.9864
variance of residuals (reduced chisquare) = WSSR/ndf   : 899.182

Final set of parameters            Asymptotic Standard Error
=======================            ==========================
a4              = 11.4003          +/- 0.09516      (0.8347%)
b4              = -24.3032         +/- 16.36        (67.32%)

correlation matrix of the fit parameters:
                a4     b4     
a4              1.000 
b4             -0.663  1.000 


*******************************************************************************
Mon Oct 14 21:21:09 2024


FIT:    data read from "time.dat" using 2:6
        format = x:z
        #datapoints = 6
        residuals are weighted equally (unit weight)

function used for fitting: f5(x)
	f5(x) = a5*x**2+b5
fitted parameters initialized with current variable values

iter      chisq       delta/lim  lambda   a5            b5           
   0 5.9570464661e+09   0.00e+00  4.42e+04    1.000000e+00   1.000000e+00
   8 6.0311082523e+07  -7.34e-06  4.42e-04    1.517481e+00  -2.265484e+03

After 8 iterations the fit converged.
final sum of squares of residuals : 6.03111e+07
rel. change during last iteration : -7.34418e-11

degrees of freedom    (FIT_NDF)                        : 4
rms of residuals      (FIT_STDFIT) = sqrt(WSSR/ndf)    : 3883.01
variance of residuals (reduced chisquare) = WSSR/ndf   : 1.50778e+07

Final set of parameters            Asymptotic Standard Error
=======================            ==========================
a5              = 1.51748          +/- 0.02877      (1.896%)
b5              = -2265.48         +/- 1799         (79.4%)

correlation matrix of the fit parameters:
                a5     b5     
a5              1.000 
b5             -0.473  1.000 


*******************************************************************************
Mon Jun  8 17:37:19 2026


FIT:    data read from "time.dat" using 1:2
        format = x:z
        #datapoints = 7
        residuals are weighted equally (unit weight)

function used for fitting: f1(x)
	f1(x) = a1*x+b1
fitted parameters initialized with current variable values

iter      chisq       delta/lim  lambda   a1            b1           
   0 2.4207672000e+05   0.00e+00  1.30e+01    1.000000e+00   1.000000e+00
   4 1.1126461089e+04  -1.17e-01  1.30e-03    1.205729e+01  -2.762656e+01

After 4 iterations the fit converged.
final sum of squares of residuals : 11126.5
rel. change during last iteration : -1.16643e-06

degrees of freedom    (FIT_NDF)                        : 5
rms of residuals      (FIT_STDFIT) = sqrt(WSSR/ndf)    : 47.173
variance of residuals (reduced chisquare) = WSSR/ndf   : 2225.29

Final set of parameters            Asymptotic Standard Error
=======================            ==========================
a1              = 12.0573          +/- 1.566        (12.99%)
b1              = -27.6266         +/- 28.78        (104.2%)

correlation matrix of the fit parameters:
                a1     b1     
a1              1.000 
b1             -0.785  1.000 


*******************************************************************************
Mon Jun  8 17:37:19 2026


FIT:    data read from "time.dat" using 2:3
        format = x:z
        #datapoints = 7
        residuals are weighted equally (unit weight)

function used for fitting: f2(x)
	f2(x) = a2*x+b2
fitted parameters initialized with current variable values

iter      chisq       delta/lim  lambda   a2            b2           
   0 3.7794351000e+05   0.00e+00  1.45e+02    1.000000e+00   1.000000e+00
   5 6.6689023909e+02  -1.27e-02  1.45e-03    2.127038e+00   3.194586e+00

After 5 iterations the fit converged.
final sum of squares of residuals : 666.89
rel. change during last iteration : -1.27127e-07

degrees of freedom    (FIT_NDF)                        : 5
rms of residuals      (FIT_STDFIT) = sqrt(WSSR/ndf)    : 11.5489
variance of residuals (reduced chisquare) = WSSR/ndf   : 133.378

Final set of parameters            Asymptotic Standard Error
=======================            ==========================
a2              = 2.12704          +/- 0.03053      (1.435%)
b2              = 3.19459          +/- 6.246        (195.5%)

correlation matrix of the fit parameters:
                a2     b2     
a2              1.000 
b2             -0.715  1.000 


*******************************************************************************
Mon Jun  8 17:37:19 2026


FIT:    data read from "time.dat" using 2:4
        format = x:z
        #datapoints = 7
        residuals are weighted equally (unit weight)

function used for fitting: f3(x)
	f3(x) = a3*x+b3
fitted parameters initialized with current variable values

iter      chisq       delta/lim  lambda   a3            b3           
   0 2.1579666800e+06   0.00e+00  1.45e+02    1.000000e+00   1.000000e+00
   5 1.1876006122e+04  -3.91e-05  1.45e-03    3.704554e+00   1.522096e+00

After 5 iterations the fit converged.
final sum of squares of residuals : 11876
rel. change during last iteration : -3.90936e-10

degrees of freedom    (FIT_NDF)                        : 5
rms of residuals      (FIT_STDFIT) = sqrt(WSSR/ndf)    : 48.736
variance of residuals (reduced chisquare) = WSSR/ndf   : 2375.2

Final set of parameters            Asymptotic Standard Error
=======================            ==========================
a3              = 3.70455          +/- 0.1288       (3.478%)
b3              = 1.5221           +/- 26.36        (1732%)

correlation matrix of the fit parameters:
                a3     b3     
a3              1.000 
b3             -0.715  1.000 


*******************************************************************************
Mon Jun  8 17:37:19 2026


FIT:    data read from "time.dat" using 2:5
        format = x:z
        #datapoints = 7
        residuals are weighted equally (unit weight)

function used for fitting: f4(x)
	f4(x) = a4*x+b4
fitted parameters initialized with current variable values

iter      chisq       delta/lim  lambda   a4            b4           
   0 3.3652055920e+07   0.00e+00  1.45e+02    1.000000e+00   1.000000e+00
   5 7.1652428747e+04  -4.78e-02  1.45e-03    1.185834e+01  -4.301158e+01

After 5 iterations the fit converged.
final sum of squares of residuals : 71652.4
rel. change during last iteration : -4.7841e-07

degrees of freedom    (FIT_NDF)                        : 5
rms of residuals      (FIT_STDFIT) = sqrt(WSSR/ndf)    : 119.71
variance of residuals (reduced chisquare) = WSSR/ndf   : 14330.5

Final set of parameters            Asymptotic Standard Error
=======================            ==========================
a4              = 11.8583          +/- 0.3165       (2.669%)
b4              = -43.0116         +/- 64.75        (150.5%)

correlation matrix of the fit parameters:
                a4     b4     
a4              1.000 
b4             -0.715  1.000 


*******************************************************************************
Mon Jun  8 17:37:19 2026


FIT:    data read from "time.dat" using 2:6
        format = x:z
        #datapoints = 7
        residuals are weighted equally (unit weight)

function used for fitting: f5(x)
	f5(x) = a5*x**2+b5
fitted parameters initialized with current variable values

iter      chisq       delta/lim  lambda   a5            b5           
   0 1.1472932312e+10   0.00e+00  5.13e+04    1.000000e+00   1.000000e+00
   3 1.1204103985e+10  -3.03e-02  5.13e+01    1.085426e+00   9.188841e-01

After 3 iterations the fit converged.
final sum of squares of residuals : 1.12041e+10
rel. change during last iteration : -3.02962e-07

degrees of freedom    (FIT_NDF)                        : 5
rms of residuals      (FIT_STDFIT) = sqrt(WSSR/ndf)    : 47337.3
variance of residuals (reduced chisquare) = WSSR/ndf   : 2.24082e+09

Final set of parameters            Asymptotic Standard Error
=======================            ==========================
a5              = 1.08543          +/- 0.302        (27.82%)
b5              = 0.918884         +/- 2.191e+04    (2.384e+06%)

correlation matrix of the fit parameters:
                a5     b5     
a5              1.000 
b5             -0.577  1.000 


*******************************************************************************
Mon Jun  8 17:38:37 2026


FIT:    data read from "time.dat" using 1:2
        format = x:z
        #datapoints = 7
        residuals are weighted equally (unit weight)

function used for fitting: f1(x)
	f1(x) = a1*x+b1
fitted parameters initialized with current variable values

iter      chisq       delta/lim  lambda   a1            b1           
   0 2.4207672000e+05   0.00e+00  1.30e+01    1.000000e+00   1.000000e+00
   4 1.1126461089e+04  -1.17e-01  1.30e-03    1.205729e+01  -2.762656e+01

After 4 iterations the fit converged.
final sum of squares of residuals : 11126.5
rel. change during last iteration : -1.16643e-06

degrees of freedom    (FIT_NDF)                        : 5
rms of residuals      (FIT_STDFIT) = sqrt(WSSR/ndf)    : 47.173
variance of residuals (reduced chisquare) = WSSR/ndf   : 2225.29

Final set of parameters            Asymptotic Standard Error
=======================            ==========================
a1              = 12.0573          +/- 1.566        (12.99%)
b1              = -27.6266         +/- 28.78        (104.2%)

correlation matrix of the fit parameters:
                a1     b1     
a1              1.000 
b1             -0.785  1.000 


*******************************************************************************
Mon Jun  8 17:38:37 2026


FIT:    data read from "time.dat" using 2:3
        format = x:z
        #datapoints = 7
        residuals are weighted equally (unit weight)

function used for fitting: f2(x)
	f2(x) = a2*x+b2
fitted parameters initialized with current variable values

iter      chisq       delta/lim  lambda   a2            b2           
   0 3.7794351000e+05   0.00e+00  1.45e+02    1.000000e+00   1.000000e+00
   5 6.6689023909e+02  -1.27e-02  1.45e-03    2.127038e+00   3.194586e+00

After 5 iterations the fit converged.
final sum of squares of residuals : 666.89
rel. change during last iteration : -1.27127e-07

degrees of freedom    (FIT_NDF)                        : 5
rms of residuals      (FIT_STDFIT) = sqrt(WSSR/ndf)    : 11.5489
variance of residuals (reduced chisquare) = WSSR/ndf   : 133.378

Final set of parameters            Asymptotic Standard Error
=======================            ==========================
a2              = 2.12704          +/- 0.03053      (1.435%)
b2              = 3.19459          +/- 6.246        (195.5%)

correlation matrix of the fit parameters:
                a2     b2     
a2              1.000 
b2             -0.715  1.000 


*******************************************************************************
Mon Jun  8 17:38:37 2026


FIT:    data read from "time.dat" using 2:4
        format = x:z
        #datapoints = 7
        residuals are weighted equally (unit weight)

function used for fitting: f3(x)
	f3(x) = a3*x+b3
fitted parameters initialized with current variable values

iter      chisq       delta/lim  lambda   a3            b3           
   0 2.1579666800e+06   0.00e+00  1.45e+02    1.000000e+00   1.000000e+00
   5 1.1876006122e+04  -3.91e-05  1.45e-03    3.704554e+00   1.522096e+00

After 5 iterations the fit converged.
final sum of squares of residuals : 11876
rel. change during last iteration : -3.90936e-10

degrees of freedom    (FIT_NDF)                        : 5
rms of residuals      (FIT_STDFIT) = sqrt(WSSR/ndf)    : 48.736
variance of residuals (reduced chisquare) = WSSR/ndf   : 2375.2

Final set of parameters            Asymptotic Standard Error
=======================            ==========================
a3              = 3.70455          +/- 0.1288       (3.478%)
b3              = 1.5221           +/- 26.36        (1732%)

correlation matrix of the fit parameters:
                a3     b3     
a3              1.000 
b3             -0.715  1.000 


*******************************************************************************
Mon Jun  8 17:38:37 2026


FIT:    data read from "time.dat" using 2:5
        format = x:z
        #datapoints = 7
        residuals are weighted equally (unit weight)

function used for fitting: f4(x)
	f4(x) = a4*x+b4
fitted parameters initialized with current variable values

iter      chisq       delta/lim  lambda   a4            b4           
   0 3.3652055920e+07   0.00e+00  1.45e+02    1.000000e+00   1.000000e+00
   5 7.1652428747e+04  -4.78e-02  1.45e-03    1.185834e+01  -4.301158e+01

After 5 iterations the fit converged.
final sum of squares of residuals : 71652.4
rel. change during last iteration : -4.7841e-07

degrees of freedom    (FIT_NDF)                        : 5
rms of residuals      (FIT_STDFIT) = sqrt(WSSR/ndf)    : 119.71
variance of residuals (reduced chisquare) = WSSR/ndf   : 14330.5

Final set of parameters            Asymptotic Standard Error
=======================            ==========================
a4              = 11.8583          +/- 0.3165       (2.669%)
b4              = -43.0116         +/- 64.75        (150.5%)

correlation matrix of the fit parameters:
                a4     b4     
a4              1.000 
b4             -0.715  1.000 


*******************************************************************************
Mon Jun  8 17:38:37 2026


FIT:    data read from "time.dat" using 2:6
        format = x:z
        #datapoints = 7
        residuals are weighted equally (unit weight)

function used for fitting: f5(x)
	f5(x) = a5*x**2+b5
fitted parameters initialized with current variable values

iter      chisq       delta/lim  lambda   a5            b5           
   0 1.1472932312e+10   0.00e+00  5.13e+04    1.000000e+00   1.000000e+00
   3 1.1204103985e+10  -3.03e-02  5.13e+01    1.085426e+00   9.188841e-01

After 3 iterations the fit converged.
final sum of squares of residuals : 1.12041e+10
rel. change during last iteration : -3.02962e-07

degrees of freedom    (FIT_NDF)                        : 5
rms of residuals      (FIT_STDFIT) = sqrt(WSSR/ndf)    : 47337.3
variance of residuals (reduced chisquare) = WSSR/ndf   : 2.24082e+09

Final set of parameters            Asymptotic Standard Error
=======================            ==========================
a5              = 1.08543          +/- 0.302        (27.82%)
b5              = 0.918884         +/- 2.191e+04    (2.384e+06%)

correlation matrix of the fit parameters:
                a5     b5     
a5              1.000 
b5             -0.577  1.000 


*******************************************************************************
Mon Jun  8 17:39:24 2026


FIT:    data read from "time.dat" using 1:2
        format = x:z
        #datapoints = 7
        residuals are weighted equally (unit weight)

function used for fitting: f1(x)
	f1(x) = a1*x+b1
fitted parameters initialized with current variable values

iter      chisq       delta/lim  lambda   a1            b1           
   0 2.4207672000e+05   0.00e+00  1.30e+01    1.000000e+00   1.000000e+00
   4 1.1126461089e+04  -1.17e-01  1.30e-03    1.205729e+01  -2.762656e+01

After 4 iterations the fit converged.
final sum of squares of residuals : 11126.5
rel. change during last iteration : -1.16643e-06

degrees of freedom    (FIT_NDF)                        : 5
rms of residuals      (FIT_STDFIT) = sqrt(WSSR/ndf)    : 47.173
variance of residuals (reduced chisquare) = WSSR/ndf   : 2225.29

Final set of parameters            Asymptotic Standard Error
=======================            ==========================
a1              = 12.0573          +/- 1.566        (12.99%)
b1              = -27.6266         +/- 28.78        (104.2%)

correlation matrix of the fit parameters:
                a1     b1     
a1              1.000 
b1             -0.785  1.000 


*******************************************************************************
Mon Jun  8 17:39:24 2026


FIT:    data read from "time.dat" using 2:3
        format = x:z
        #datapoints = 7
        residuals are weighted equally (unit weight)

function used for fitting: f2(x)
	f2(x) = a2*x+b2
fitted parameters initialized with current variable values

iter      chisq       delta/lim  lambda   a2            b2           
   0 3.7794351000e+05   0.00e+00  1.45e+02    1.000000e+00   1.000000e+00
   5 6.6689023909e+02  -1.27e-02  1.45e-03    2.127038e+00   3.194586e+00

After 5 iterations the fit converged.
final sum of squares of residuals : 666.89
rel. change during last iteration : -1.27127e-07

degrees of freedom    (FIT_NDF)                        : 5
rms of residuals      (FIT_STDFIT) = sqrt(WSSR/ndf)    : 11.5489
variance of residuals (reduced chisquare) = WSSR/ndf   : 133.378

Final set of parameters            Asymptotic Standard Error
=======================            ==========================
a2              = 2.12704          +/- 0.03053      (1.435%)
b2              = 3.19459          +/- 6.246        (195.5%)

correlation matrix of the fit parameters:
                a2     b2     
a2              1.000 
b2             -0.715  1.000 


*******************************************************************************
Mon Jun  8 17:39:24 2026


FIT:    data read from "time.dat" using 2:4
        format = x:z
        #datapoints = 7
        residuals are weighted equally (unit weight)

function used for fitting: f3(x)
	f3(x) = a3*x+b3
fitted parameters initialized with current variable values

iter      chisq       delta/lim  lambda   a3            b3           
   0 2.1579666800e+06   0.00e+00  1.45e+02    1.000000e+00   1.000000e+00
   5 1.1876006122e+04  -3.91e-05  1.45e-03    3.704554e+00   1.522096e+00

After 5 iterations the fit converged.
final sum of squares of residuals : 11876
rel. change during last iteration : -3.90936e-10

degrees of freedom    (FIT_NDF)                        : 5
rms of residuals      (FIT_STDFIT) = sqrt(WSSR/ndf)    : 48.736
variance of residuals (reduced chisquare) = WSSR/ndf   : 2375.2

Final set of parameters            Asymptotic Standard Error
=======================            ==========================
a3              = 3.70455          +/- 0.1288       (3.478%)
b3              = 1.5221           +/- 26.36        (1732%)

correlation matrix of the fit parameters:
                a3     b3     
a3              1.000 
b3             -0.715  1.000 


*******************************************************************************
Mon Jun  8 17:39:24 2026


FIT:    data read from "time.dat" using 2:5
        format = x:z
        #datapoints = 7
        residuals are weighted equally (unit weight)

function used for fitting: f4(x)
	f4(x) = a4*x+b4
fitted parameters initialized with current variable values

iter      chisq       delta/lim  lambda   a4            b4           
   0 3.3652055920e+07   0.00e+00  1.45e+02    1.000000e+00   1.000000e+00
   5 7.1652428747e+04  -4.78e-02  1.45e-03    1.185834e+01  -4.301158e+01

After 5 iterations the fit converged.
final sum of squares of residuals : 71652.4
rel. change during last iteration : -4.7841e-07

degrees of freedom    (FIT_NDF)                        : 5
rms of residuals      (FIT_STDFIT) = sqrt(WSSR/ndf)    : 119.71
variance of residuals (reduced chisquare) = WSSR/ndf   : 14330.5

Final set of parameters            Asymptotic Standard Error
=======================            ==========================
a4              = 11.8583          +/- 0.3165       (2.669%)
b4              = -43.0116         +/- 64.75        (150.5%)

correlation matrix of the fit parameters:
                a4     b4     
a4              1.000 
b4             -0.715  1.000 


*******************************************************************************
Mon Jun  8 17:39:24 2026


FIT:    data read from "time.dat" using 2:6
        format = x:z
        #datapoints = 7
        residuals are weighted equally (unit weight)

function used for fitting: f5(x)
	f5(x) = a5*x**2+b5
fitted parameters initialized with current variable values

iter      chisq       delta/lim  lambda   a5            b5           
   0 1.1472932312e+10   0.00e+00  5.13e+04    1.000000e+00   1.000000e+00
   3 1.1204103985e+10  -3.03e-02  5.13e+01    1.085426e+00   9.188841e-01

After 3 iterations the fit converged.
final sum of squares of residuals : 1.12041e+10
rel. change during last iteration : -3.02962e-07

degrees of freedom    (FIT_NDF)                        : 5
rms of residuals      (FIT_STDFIT) = sqrt(WSSR/ndf)    : 47337.3
variance of residuals (reduced chisquare) = WSSR/ndf   : 2.24082e+09

Final set of parameters            Asymptotic Standard Error
=======================            ==========================
a5              = 1.08543          +/- 0.302        (27.82%)
b5              = 0.918884         +/- 2.191e+04    (2.384e+06%)

correlation matrix of the fit parameters:
                a5     b5     
a5              1.000 
b5             -0.577  1.000 


*******************************************************************************
Mon Jun  8 17:39:58 2026


FIT:    data read from "time.dat" using 1:2
        format = x:z
        #datapoints = 7
        residuals are weighted equally (unit weight)

function used for fitting: f1(x)
	f1(x) = a1*x+b1
fitted parameters initialized with current variable values

iter      chisq       delta/lim  lambda   a1            b1           
   0 2.4207672000e+05   0.00e+00  1.30e+01    1.000000e+00   1.000000e+00
   4 1.1126461089e+04  -1.17e-01  1.30e-03    1.205729e+01  -2.762656e+01

After 4 iterations the fit converged.
final sum of squares of residuals : 11126.5
rel. change during last iteration : -1.16643e-06

degrees of freedom    (FIT_NDF)                        : 5
rms of residuals      (FIT_STDFIT) = sqrt(WSSR/ndf)    : 47.173
variance of residuals (reduced chisquare) = WSSR/ndf   : 2225.29

Final set of parameters            Asymptotic Standard Error
=======================            ==========================
a1              = 12.0573          +/- 1.566        (12.99%)
b1              = -27.6266         +/- 28.78        (104.2%)

correlation matrix of the fit parameters:
                a1     b1     
a1              1.000 
b1             -0.785  1.000 


*******************************************************************************
Mon Jun  8 17:39:58 2026


FIT:    data read from "time.dat" using 2:3
        format = x:z
        #datapoints = 7
        residuals are weighted equally (unit weight)

function used for fitting: f2(x)
	f2(x) = a2*x+b2
fitted parameters initialized with current variable values

iter      chisq       delta/lim  lambda   a2            b2           
   0 3.7794351000e+05   0.00e+00  1.45e+02    1.000000e+00   1.000000e+00
   5 6.6689023909e+02  -1.27e-02  1.45e-03    2.127038e+00   3.194586e+00

After 5 iterations the fit converged.
final sum of squares of residuals : 666.89
rel. change during last iteration : -1.27127e-07

degrees of freedom    (FIT_NDF)                        : 5
rms of residuals      (FIT_STDFIT) = sqrt(WSSR/ndf)    : 11.5489
variance of residuals (reduced chisquare) = WSSR/ndf   : 133.378

Final set of parameters            Asymptotic Standard Error
=======================            ==========================
a2              = 2.12704          +/- 0.03053      (1.435%)
b2              = 3.19459          +/- 6.246        (195.5%)

correlation matrix of the fit parameters:
                a2     b2     
a2              1.000 
b2             -0.715  1.000 


*******************************************************************************
Mon Jun  8 17:39:58 2026


FIT:    data read from "time.dat" using 2:4
        format = x:z
        #datapoints = 7
        residuals are weighted equally (unit weight)

function used for fitting: f3(x)
	f3(x) = a3*x+b3
fitted parameters initialized with current variable values

iter      chisq       delta/lim  lambda   a3            b3           
   0 2.1579666800e+06   0.00e+00  1.45e+02    1.000000e+00   1.000000e+00
   5 1.1876006122e+04  -3.91e-05  1.45e-03    3.704554e+00   1.522096e+00

After 5 iterations the fit converged.
final sum of squares of residuals : 11876
rel. change during last iteration : -3.90936e-10

degrees of freedom    (FIT_NDF)                        : 5
rms of residuals      (FIT_STDFIT) = sqrt(WSSR/ndf)    : 48.736
variance of residuals (reduced chisquare) = WSSR/ndf   : 2375.2

Final set of parameters            Asymptotic Standard Error
=======================            ==========================
a3              = 3.70455          +/- 0.1288       (3.478%)
b3              = 1.5221           +/- 26.36        (1732%)

correlation matrix of the fit parameters:
                a3     b3     
a3              1.000 
b3             -0.715  1.000 


*******************************************************************************
Mon Jun  8 17:39:58 2026


FIT:    data read from "time.dat" using 2:5
        format = x:z
        #datapoints = 7
        residuals are weighted equally (unit weight)

function used for fitting: f4(x)
	f4(x) = a4*x+b4
fitted parameters initialized with current variable values

iter      chisq       delta/lim  lambda   a4            b4           
   0 3.3652055920e+07   0.00e+00  1.45e+02    1.000000e+00   1.000000e+00
   5 7.1652428747e+04  -4.78e-02  1.45e-03    1.185834e+01  -4.301158e+01

After 5 iterations the fit converged.
final sum of squares of residuals : 71652.4
rel. change during last iteration : -4.7841e-07

degrees of freedom    (FIT_NDF)                        : 5
rms of residuals      (FIT_STDFIT) = sqrt(WSSR/ndf)    : 119.71
variance of residuals (reduced chisquare) = WSSR/ndf   : 14330.5

Final set of parameters            Asymptotic Standard Error
=======================            ==========================
a4              = 11.8583          +/- 0.3165       (2.669%)
b4              = -43.0116         +/- 64.75        (150.5%)

correlation matrix of the fit parameters:
                a4     b4     
a4              1.000 
b4             -0.715  1.000 


*******************************************************************************
Mon Jun  8 17:39:58 2026


FIT:    data read from "time.dat" using 2:6
        format = x:z
        #datapoints = 7
        residuals are weighted equally (unit weight)

function used for fitting: f5(x)
	f5(x) = a5*x**2+b5
fitted parameters initialized with current variable values

iter      chisq       delta/lim  lambda   a5            b5           
   0 1.1472932312e+10   0.00e+00  5.13e+04    1.000000e+00   1.000000e+00
   3 1.1204103985e+10  -3.03e-02  5.13e+01    1.085426e+00   9.188841e-01

After 3 iterations the fit converged.
final sum of squares of residuals : 1.12041e+10
rel. change during last iteration : -3.02962e-07

degrees of freedom    (FIT_NDF)                        : 5
rms of residuals      (FIT_STDFIT) = sqrt(WSSR/ndf)    : 47337.3
variance of residuals (reduced chisquare) = WSSR/ndf   : 2.24082e+09

Final set of parameters            Asymptotic Standard Error
=======================            ==========================
a5              = 1.08543          +/- 0.302        (27.82%)
b5              = 0.918884         +/- 2.191e+04    (2.384e+06%)

correlation matrix of the fit parameters:
                a5     b5     
a5              1.000 
b5             -0.577  1.000 


*******************************************************************************
Mon Jun  8 17:40:27 2026


FIT:    data read from "time.dat" using 1:2
        format = x:z
        #datapoints = 7
        residuals are weighted equally (unit weight)

function used for fitting: f1(x)
	f1(x) = a1*x+b1
fitted parameters initialized with current variable values

iter      chisq       delta/lim  lambda   a1            b1           
   0 2.4207672000e+05   0.00e+00  1.30e+01    1.000000e+00   1.000000e+00
   4 1.1126461089e+04  -1.17e-01  1.30e-03    1.205729e+01  -2.762656e+01

After 4 iterations the fit converged.
final sum of squares of residuals : 11126.5
rel. change during last iteration : -1.16643e-06

degrees of freedom    (FIT_NDF)                        : 5
rms of residuals      (FIT_STDFIT) = sqrt(WSSR/ndf)    : 47.173
variance of residuals (reduced chisquare) = WSSR/ndf   : 2225.29

Final set of parameters            Asymptotic Standard Error
=======================            ==========================
a1              = 12.0573          +/- 1.566        (12.99%)
b1              = -27.6266         +/- 28.78        (104.2%)

correlation matrix of the fit parameters:
                a1     b1     
a1              1.000 
b1             -0.785  1.000 


*******************************************************************************
Mon Jun  8 17:40:27 2026


FIT:    data read from "time.dat" using 2:3
        format = x:z
        #datapoints = 7
        residuals are weighted equally (unit weight)

function used for fitting: f2(x)
	f2(x) = a2*x+b2
fitted parameters initialized with current variable values

iter      chisq       delta/lim  lambda   a2            b2           
   0 3.7794351000e+05   0.00e+00  1.45e+02    1.000000e+00   1.000000e+00
   5 6.6689023909e+02  -1.27e-02  1.45e-03    2.127038e+00   3.194586e+00

After 5 iterations the fit converged.
final sum of squares of residuals : 666.89
rel. change during last iteration : -1.27127e-07

degrees of freedom    (FIT_NDF)                        : 5
rms of residuals      (FIT_STDFIT) = sqrt(WSSR/ndf)    : 11.5489
variance of residuals (reduced chisquare) = WSSR/ndf   : 133.378

Final set of parameters            Asymptotic Standard Error
=======================            ==========================
a2              = 2.12704          +/- 0.03053      (1.435%)
b2              = 3.19459          +/- 6.246        (195.5%)

correlation matrix of the fit parameters:
                a2     b2     
a2              1.000 
b2             -0.715  1.000 


*******************************************************************************
Mon Jun  8 17:40:27 2026


FIT:    data read from "time.dat" using 2:4
        format = x:z
        #datapoints = 7
        residuals are weighted equally (unit weight)

function used for fitting: f3(x)
	f3(x) = a3*x+b3
fitted parameters initialized with current variable values

iter      chisq       delta/lim  lambda   a3            b3           
   0 2.1579666800e+06   0.00e+00  1.45e+02    1.000000e+00   1.000000e+00
   5 1.1876006122e+04  -3.91e-05  1.45e-03    3.704554e+00   1.522096e+00

After 5 iterations the fit converged.
final sum of squares of residuals : 11876
rel. change during last iteration : -3.90936e-10

degrees of freedom    (FIT_NDF)                        : 5
rms of residuals      (FIT_STDFIT) = sqrt(WSSR/ndf)    : 48.736
variance of residuals (reduced chisquare) = WSSR/ndf   : 2375.2

Final set of parameters            Asymptotic Standard Error
=======================            ==========================
a3              = 3.70455          +/- 0.1288       (3.478%)
b3              = 1.5221           +/- 26.36        (1732%)

correlation matrix of the fit parameters:
                a3     b3     
a3              1.000 
b3             -0.715  1.000 


*******************************************************************************
Mon Jun  8 17:40:27 2026


FIT:    data read from "time.dat" using 2:5
        format = x:z
        #datapoints = 7
        residuals are weighted equally (unit weight)

function used for fitting: f4(x)
	f4(x) = a4*x+b4
fitted parameters initialized with current variable values

iter      chisq       delta/lim  lambda   a4            b4           
   0 3.3652055920e+07   0.00e+00  1.45e+02    1.000000e+00   1.000000e+00
   5 7.1652428747e+04  -4.78e-02  1.45e-03    1.185834e+01  -4.301158e+01

After 5 iterations the fit converged.
final sum of squares of residuals : 71652.4
rel. change during last iteration : -4.7841e-07

degrees of freedom    (FIT_NDF)                        : 5
rms of residuals      (FIT_STDFIT) = sqrt(WSSR/ndf)    : 119.71
variance of residuals (reduced chisquare) = WSSR/ndf   : 14330.5

Final set of parameters            Asymptotic Standard Error
=======================            ==========================
a4              = 11.8583          +/- 0.3165       (2.669%)
b4              = -43.0116         +/- 64.75        (150.5%)

correlation matrix of the fit parameters:
                a4     b4     
a4              1.000 
b4             -0.715  1.000 


*******************************************************************************
Mon Jun  8 17:40:27 2026


FIT:    data read from "time.dat" using 2:6
        format = x:z
        #datapoints = 7
        residuals are weighted equally (unit weight)

function used for fitting: f5(x)
	f5(x) = a5*x**2+b5
fitted parameters initialized with current variable values

iter      chisq       delta/lim  lambda   a5            b5           
   0 1.1472932312e+10   0.00e+00  5.13e+04    1.000000e+00   1.000000e+00
   3 1.1204103985e+10  -3.03e-02  5.13e+01    1.085426e+00   9.188841e-01

After 3 iterations the fit converged.
final sum of squares of residuals : 1.12041e+10
rel. change during last iteration : -3.02962e-07

degrees of freedom    (FIT_NDF)                        : 5
rms of residuals      (FIT_STDFIT) = sqrt(WSSR/ndf)    : 47337.3
variance of residuals (reduced chisquare) = WSSR/ndf   : 2.24082e+09

Final set of parameters            Asymptotic Standard Error
=======================            ==========================
a5              = 1.08543          +/- 0.302        (27.82%)
b5              = 0.918884         +/- 2.191e+04    (2.384e+06%)

correlation matrix of the fit parameters:
                a5     b5     
a5              1.000 
b5             -0.577  1.000 


*******************************************************************************
Mon Jun  8 17:40:57 2026


FIT:    data read from "time.dat" using 1:2
        format = x:z
        #datapoints = 7
        residuals are weighted equally (unit weight)

function used for fitting: f1(x)
	f1(x) = a1*x+b1
fitted parameters initialized with current variable values

iter      chisq       delta/lim  lambda   a1            b1           
   0 2.4207672000e+05   0.00e+00  1.30e+01    1.000000e+00   1.000000e+00
   4 1.1126461089e+04  -1.17e-01  1.30e-03    1.205729e+01  -2.762656e+01

After 4 iterations the fit converged.
final sum of squares of residuals : 11126.5
rel. change during last iteration : -1.16643e-06

degrees of freedom    (FIT_NDF)                        : 5
rms of residuals      (FIT_STDFIT) = sqrt(WSSR/ndf)    : 47.173
variance of residuals (reduced chisquare) = WSSR/ndf   : 2225.29

Final set of parameters            Asymptotic Standard Error
=======================            ==========================
a1              = 12.0573          +/- 1.566        (12.99%)
b1              = -27.6266         +/- 28.78        (104.2%)

correlation matrix of the fit parameters:
                a1     b1     
a1              1.000 
b1             -0.785  1.000 


*******************************************************************************
Mon Jun  8 17:40:57 2026


FIT:    data read from "time.dat" using 2:3
        format = x:z
        #datapoints = 7
        residuals are weighted equally (unit weight)

function used for fitting: f2(x)
	f2(x) = a2*x+b2
fitted parameters initialized with current variable values

iter      chisq       delta/lim  lambda   a2            b2           
   0 3.7794351000e+05   0.00e+00  1.45e+02    1.000000e+00   1.000000e+00
   5 6.6689023909e+02  -1.27e-02  1.45e-03    2.127038e+00   3.194586e+00

After 5 iterations the fit converged.
final sum of squares of residuals : 666.89
rel. change during last iteration : -1.27127e-07

degrees of freedom    (FIT_NDF)                        : 5
rms of residuals      (FIT_STDFIT) = sqrt(WSSR/ndf)    : 11.5489
variance of residuals (reduced chisquare) = WSSR/ndf   : 133.378

Final set of parameters            Asymptotic Standard Error
=======================            ==========================
a2              = 2.12704          +/- 0.03053      (1.435%)
b2              = 3.19459          +/- 6.246        (195.5%)

correlation matrix of the fit parameters:
                a2     b2     
a2              1.000 
b2             -0.715  1.000 


*******************************************************************************
Mon Jun  8 17:40:57 2026


FIT:    data read from "time.dat" using 2:4
        format = x:z
        #datapoints = 7
        residuals are weighted equally (unit weight)

function used for fitting: f3(x)
	f3(x) = a3*x+b3
fitted parameters initialized with current variable values

iter      chisq       delta/lim  lambda   a3            b3           
   0 2.1579666800e+06   0.00e+00  1.45e+02    1.000000e+00   1.000000e+00
   5 1.1876006122e+04  -3.91e-05  1.45e-03    3.704554e+00   1.522096e+00

After 5 iterations the fit converged.
final sum of squares of residuals : 11876
rel. change during last iteration : -3.90936e-10

degrees of freedom    (FIT_NDF)                        : 5
rms of residuals      (FIT_STDFIT) = sqrt(WSSR/ndf)    : 48.736
variance of residuals (reduced chisquare) = WSSR/ndf   : 2375.2

Final set of parameters            Asymptotic Standard Error
=======================            ==========================
a3              = 3.70455          +/- 0.1288       (3.478%)
b3              = 1.5221           +/- 26.36        (1732%)

correlation matrix of the fit parameters:
                a3     b3     
a3              1.000 
b3             -0.715  1.000 


*******************************************************************************
Mon Jun  8 17:40:57 2026


FIT:    data read from "time.dat" using 2:5
        format = x:z
        #datapoints = 7
        residuals are weighted equally (unit weight)

function used for fitting: f4(x)
	f4(x) = a4*x+b4
fitted parameters initialized with current variable values

iter      chisq       delta/lim  lambda   a4            b4           
   0 3.3652055920e+07   0.00e+00  1.45e+02    1.000000e+00   1.000000e+00
   5 7.1652428747e+04  -4.78e-02  1.45e-03    1.185834e+01  -4.301158e+01

After 5 iterations the fit converged.
final sum of squares of residuals : 71652.4
rel. change during last iteration : -4.7841e-07

degrees of freedom    (FIT_NDF)                        : 5
rms of residuals      (FIT_STDFIT) = sqrt(WSSR/ndf)    : 119.71
variance of residuals (reduced chisquare) = WSSR/ndf   : 14330.5

Final set of parameters            Asymptotic Standard Error
=======================            ==========================
a4              = 11.8583          +/- 0.3165       (2.669%)
b4              = -43.0116         +/- 64.75        (150.5%)

correlation matrix of the fit parameters:
                a4     b4     
a4              1.000 
b4             -0.715  1.000 


*******************************************************************************
Mon Jun  8 17:40:57 2026


FIT:    data read from "time.dat" using 2:6
        format = x:z
        #datapoints = 7
        residuals are weighted equally (unit weight)

function used for fitting: f5(x)
	f5(x) = a5*x**2+b5
fitted parameters initialized with current variable values

iter      chisq       delta/lim  lambda   a5            b5           
   0 1.1472932312e+10   0.00e+00  5.13e+04    1.000000e+00   1.000000e+00
   3 1.1204103985e+10  -3.03e-02  5.13e+01    1.085426e+00   9.188841e-01

After 3 iterations the fit converged.
final sum of squares of residuals : 1.12041e+10
rel. change during last iteration : -3.02962e-07

degrees of freedom    (FIT_NDF)                        : 5
rms of residuals      (FIT_STDFIT) = sqrt(WSSR/ndf)    : 47337.3
variance of residuals (reduced chisquare) = WSSR/ndf   : 2.24082e+09

Final set of parameters            Asymptotic Standard Error
=======================            ==========================
a5              = 1.08543          +/- 0.302        (27.82%)
b5              = 0.918884         +/- 2.191e+04    (2.384e+06%)

correlation matrix of the fit parameters:
                a5     b5     
a5              1.000 
b5             -0.577  1.000 


*******************************************************************************
Mon Jun  8 17:41:24 2026


FIT:    data read from "time.dat" using 1:2
        format = x:z
        #datapoints = 7
        residuals are weighted equally (unit weight)

function used for fitting: f1(x)
	f1(x) = a1*x+b1
fitted parameters initialized with current variable values

iter      chisq       delta/lim  lambda   a1            b1           
   0 2.4207672000e+05   0.00e+00  1.30e+01    1.000000e+00   1.000000e+00
   4 1.1126461089e+04  -1.17e-01  1.30e-03    1.205729e+01  -2.762656e+01

After 4 iterations the fit converged.
final sum of squares of residuals : 11126.5
rel. change during last iteration : -1.16643e-06

degrees of freedom    (FIT_NDF)                        : 5
rms of residuals      (FIT_STDFIT) = sqrt(WSSR/ndf)    : 47.173
variance of residuals (reduced chisquare) = WSSR/ndf   : 2225.29

Final set of parameters            Asymptotic Standard Error
=======================            ==========================
a1              = 12.0573          +/- 1.566        (12.99%)
b1              = -27.6266         +/- 28.78        (104.2%)

correlation matrix of the fit parameters:
                a1     b1     
a1              1.000 
b1             -0.785  1.000 


*******************************************************************************
Mon Jun  8 17:41:24 2026


FIT:    data read from "time.dat" using 2:3
        format = x:z
        #datapoints = 7
        residuals are weighted equally (unit weight)

function used for fitting: f2(x)
	f2(x) = a2*x+b2
fitted parameters initialized with current variable values

iter      chisq       delta/lim  lambda   a2            b2           
   0 3.7794351000e+05   0.00e+00  1.45e+02    1.000000e+00   1.000000e+00
   5 6.6689023909e+02  -1.27e-02  1.45e-03    2.127038e+00   3.194586e+00

After 5 iterations the fit converged.
final sum of squares of residuals : 666.89
rel. change during last iteration : -1.27127e-07

degrees of freedom    (FIT_NDF)                        : 5
rms of residuals      (FIT_STDFIT) = sqrt(WSSR/ndf)    : 11.5489
variance of residuals (reduced chisquare) = WSSR/ndf   : 133.378

Final set of parameters            Asymptotic Standard Error
=======================            ==========================
a2              = 2.12704          +/- 0.03053      (1.435%)
b2              = 3.19459          +/- 6.246        (195.5%)

correlation matrix of the fit parameters:
                a2     b2     
a2              1.000 
b2             -0.715  1.000 


*******************************************************************************
Mon Jun  8 17:41:24 2026


FIT:    data read from "time.dat" using 2:4
        format = x:z
        #datapoints = 7
        residuals are weighted equally (unit weight)

function used for fitting: f3(x)
	f3(x) = a3*x+b3
fitted parameters initialized with current variable values

iter      chisq       delta/lim  lambda   a3            b3           
   0 2.1579666800e+06   0.00e+00  1.45e+02    1.000000e+00   1.000000e+00
   5 1.1876006122e+04  -3.91e-05  1.45e-03    3.704554e+00   1.522096e+00

After 5 iterations the fit converged.
final sum of squares of residuals : 11876
rel. change during last iteration : -3.90936e-10

degrees of freedom    (FIT_NDF)                        : 5
rms of residuals      (FIT_STDFIT) = sqrt(WSSR/ndf)    : 48.736
variance of residuals (reduced chisquare) = WSSR/ndf   : 2375.2

Final set of parameters            Asymptotic Standard Error
=======================            ==========================
a3              = 3.70455          +/- 0.1288       (3.478%)
b3              = 1.5221           +/- 26.36        (1732%)

correlation matrix of the fit parameters:
                a3     b3     
a3              1.000 
b3             -0.715  1.000 


*******************************************************************************
Mon Jun  8 17:41:24 2026


FIT:    data read from "time.dat" using 2:5
        format = x:z
        #datapoints = 7
        residuals are weighted equally (unit weight)

function used for fitting: f4(x)
	f4(x) = a4*x+b4
fitted parameters initialized with current variable values

iter      chisq       delta/lim  lambda   a4            b4           
   0 3.3652055920e+07   0.00e+00  1.45e+02    1.000000e+00   1.000000e+00
   5 7.1652428747e+04  -4.78e-02  1.45e-03    1.185834e+01  -4.301158e+01

After 5 iterations the fit converged.
final sum of squares of residuals : 71652.4
rel. change during last iteration : -4.7841e-07

degrees of freedom    (FIT_NDF)                        : 5
rms of residuals      (FIT_STDFIT) = sqrt(WSSR/ndf)    : 119.71
variance of residuals (reduced chisquare) = WSSR/ndf   : 14330.5

Final set of parameters            Asymptotic Standard Error
=======================            ==========================
a4              = 11.8583          +/- 0.3165       (2.669%)
b4              = -43.0116         +/- 64.75        (150.5%)

correlation matrix of the fit parameters:
                a4     b4     
a4              1.000 
b4             -0.715  1.000 


*******************************************************************************
Mon Jun  8 17:41:24 2026


FIT:    data read from "time.dat" using 2:6
        format = x:z
        #datapoints = 7
        residuals are weighted equally (unit weight)

function used for fitting: f5(x)
	f5(x) = a5*x**2+b5
fitted parameters initialized with current variable values

iter      chisq       delta/lim  lambda   a5            b5           
   0 1.1472932312e+10   0.00e+00  5.13e+04    1.000000e+00   1.000000e+00
   3 1.1204103985e+10  -3.03e-02  5.13e+01    1.085426e+00   9.188841e-01

After 3 iterations the fit converged.
final sum of squares of residuals : 1.12041e+10
rel. change during last iteration : -3.02962e-07

degrees of freedom    (FIT_NDF)                        : 5
rms of residuals      (FIT_STDFIT) = sqrt(WSSR/ndf)    : 47337.3
variance of residuals (reduced chisquare) = WSSR/ndf   : 2.24082e+09

Final set of parameters            Asymptotic Standard Error
=======================            ==========================
a5              = 1.08543          +/- 0.302        (27.82%)
b5              = 0.918884         +/- 2.191e+04    (2.384e+06%)

correlation matrix of the fit parameters:
                a5     b5     
a5              1.000 
b5             -0.577  1.000 
