TITLE
 generated from Orca output data.
BASIC_INFO
----------
Generated by:
 molden2qmc version: 4.0.5
Method:

DFT Functional:

Periodicity:
         0
Spin unrestricted:
    .false.
nuclear-nuclear repulsion energy (au/atom):
 3.0630646161089E+00
Number of electrons per primitive cell:
        10

GEOMETRY
--------
Number of atoms:
         3
Atomic positions (au):
 0.0000000000000E+00 0.0000000000000E+00-1.2454736570000E-01
 0.0000000000000E+00 1.4275986410000E+00 9.8840937710000E-01
 0.0000000000000E+00-1.4275986410000E+00 9.8840937710000E-01
Atomic numbers for each atom:
         8         1         1
Valence charges for each atom:
 8.0000000000000E+00 1.0000000000000E+00 1.0000000000000E+00

BASIS SET
---------
Number of Gaussian centres
         3
Number of shells per primitive cell
        35
Number of basis functions ('AO') per primitive cell
       115
Number of Gaussian primitives per primitive cell
        57
Highest shell angular momentum (s/p/d/f... 1/2/3/4...)
         5
Code for shell types (s/sp/p/d/f... 1/2/3/4/5...)
         1         1         1         1         1         3         3         3
         3         4         4         4         5         5         6         1
         1         1         1         3         3         3         4         4
         5         1         1         1         1         3         3         3
         4         4         5
Number of primitive Gaussians in each shell
         9         9         1         1         1         3         1         1
         1         1         1         1         1         1         1         3
         1         1         1         1         1         1         1         1
         1         3         1         1         1         1         1         1
         1         1         1
Sequence number of first shell on each centre
         1        16        26        36
Exponents of Gaussian primitives
 6.1420000000000E+04 9.1990000000000E+03 2.0910000000000E+03 5.9090000000000E+02
 1.9230000000000E+02 6.9320000000000E+01 2.6970000000000E+01 1.1100000000000E+01
 4.6820000000000E+00 6.1420000000000E+04 9.1990000000000E+03 2.0910000000000E+03
 5.9090000000000E+02 1.9230000000000E+02 6.9320000000000E+01 2.6970000000000E+01
 1.1100000000000E+01 4.6820000000000E+00 1.4280000000000E+00 5.5470000000000E-01
 2.0670000000000E-01 6.3420000000000E+01 1.4660000000000E+01 4.4590000000000E+00
 1.5310000000000E+00 5.3020000000000E-01 1.7500000000000E-01 3.7750000000000E+00
 1.3000000000000E+00 4.4400000000000E-01 2.6660000000000E+00 8.5900000000000E-01
 1.8460000000000E+00 8.2640000000000E+01 1.2410000000000E+01 2.8240000000000E+00
 7.9770000000000E-01 2.5810000000000E-01 8.9890000000000E-02 2.2920000000000E+00
 8.3800000000000E-01 2.9200000000000E-01 2.0620000000000E+00 6.6200000000000E-01
 1.3970000000000E+00 8.2640000000000E+01 1.2410000000000E+01 2.8240000000000E+00
 7.9770000000000E-01 2.5810000000000E-01 8.9890000000000E-02 2.2920000000000E+00
 8.3800000000000E-01 2.9200000000000E-01 2.0620000000000E+00 6.6200000000000E-01
 1.3970000000000E+00
Normalized contraction coefficients
 2.5231094470000E-01 4.7110976680000E-01 8.1410835300000E-01 1.3105521083000E+00
 1.9452147541000E+00 2.5189696443000E+00 2.5959061389000E+00 1.7413677596000E+00
 4.9625452870000E-01-1.5601082940000E-01-2.9860355870000E-01-5.1252192190000E-01
-8.4059628830000E-01-1.2550688345000E+00-1.7417109539000E+00-1.9637641678000E+00
-1.8492059614000E+00-7.3394244710000E-01 9.3101407750000E-01 4.5809306450000E-01
 2.1848189280000E-01 7.9918745596000E+00 8.8587972165000E+00 7.7143562521000E+00
 2.4274990927000E+00 6.4489608750000E-01 1.6133836400000E-01 1.6827288052946E+01
 2.6050155660463E+00 3.9749315458382E-01 1.3370257642370E+01 1.0457769572560E+00
 6.0058238637519E+00 4.4833211900000E-01 8.2720912110000E-01 1.3425357337000E+00
 6.0157500910000E-01 2.5807806610000E-01 1.1700209210000E-01 4.0198361784000E+00
 1.1428654696000E+00 3.0596281800000E-01 5.8400237441636E+00 7.9967024699702E-01
 3.1235349047773E+00 4.4833211900000E-01 8.2720912110000E-01 1.3425357337000E+00
 6.0157500910000E-01 2.5807806610000E-01 1.1700209210000E-01 4.0198361784000E+00
 1.1428654696000E+00 3.0596281800000E-01 5.8400237441636E+00 7.9967024699702E-01
 3.1235349047773E+00
Position of each shell (au)
 0.0000000000000E+00 0.0000000000000E+00-1.2454736570000E-01
 0.0000000000000E+00 0.0000000000000E+00-1.2454736570000E-01
 0.0000000000000E+00 0.0000000000000E+00-1.2454736570000E-01
 0.0000000000000E+00 0.0000000000000E+00-1.2454736570000E-01
 0.0000000000000E+00 0.0000000000000E+00-1.2454736570000E-01
 0.0000000000000E+00 0.0000000000000E+00-1.2454736570000E-01
 0.0000000000000E+00 0.0000000000000E+00-1.2454736570000E-01
 0.0000000000000E+00 0.0000000000000E+00-1.2454736570000E-01
 0.0000000000000E+00 0.0000000000000E+00-1.2454736570000E-01
 0.0000000000000E+00 0.0000000000000E+00-1.2454736570000E-01
 0.0000000000000E+00 0.0000000000000E+00-1.2454736570000E-01
 0.0000000000000E+00 0.0000000000000E+00-1.2454736570000E-01
 0.0000000000000E+00 0.0000000000000E+00-1.2454736570000E-01
 0.0000000000000E+00 0.0000000000000E+00-1.2454736570000E-01
 0.0000000000000E+00 0.0000000000000E+00-1.2454736570000E-01
 0.0000000000000E+00 1.4275986410000E+00 9.8840937710000E-01
 0.0000000000000E+00 1.4275986410000E+00 9.8840937710000E-01
 0.0000000000000E+00 1.4275986410000E+00 9.8840937710000E-01
 0.0000000000000E+00 1.4275986410000E+00 9.8840937710000E-01
 0.0000000000000E+00 1.4275986410000E+00 9.8840937710000E-01
 0.0000000000000E+00 1.4275986410000E+00 9.8840937710000E-01
 0.0000000000000E+00 1.4275986410000E+00 9.8840937710000E-01
 0.0000000000000E+00 1.4275986410000E+00 9.8840937710000E-01
 0.0000000000000E+00 1.4275986410000E+00 9.8840937710000E-01
 0.0000000000000E+00 1.4275986410000E+00 9.8840937710000E-01
 0.0000000000000E+00-1.4275986410000E+00 9.8840937710000E-01
 0.0000000000000E+00-1.4275986410000E+00 9.8840937710000E-01
 0.0000000000000E+00-1.4275986410000E+00 9.8840937710000E-01
 0.0000000000000E+00-1.4275986410000E+00 9.8840937710000E-01
 0.0000000000000E+00-1.4275986410000E+00 9.8840937710000E-01
 0.0000000000000E+00-1.4275986410000E+00 9.8840937710000E-01
 0.0000000000000E+00-1.4275986410000E+00 9.8840937710000E-01
 0.0000000000000E+00-1.4275986410000E+00 9.8840937710000E-01
 0.0000000000000E+00-1.4275986410000E+00 9.8840937710000E-01
 0.0000000000000E+00-1.4275986410000E+00 9.8840937710000E-01

MULTIDETERMINANT INFORMATION
----------------------------
GS

ORBITAL COEFFICIENTS
------------------------
 9.9231443557300E-01 8.6176415400000E-04 1.9057698630000E-02-4.9399434390000E-03
 4.0280573500000E-04 0.0000000000000E+00 0.0000000000000E+00 1.6311616350000E-03
 0.0000000000000E+00 0.0000000000000E+00-3.1309433400000E-04 0.0000000000000E+00
 0.0000000000000E+00-9.5964854800000E-04 0.0000000000000E+00 0.0000000000000E+00
-5.2654012000000E-05 1.4561594500000E-05 0.0000000000000E+00 0.0000000000000E+00
-1.0384360274769E-04 0.0000000000000E+00-4.2249725500000E-05 0.0000000000000E+00
 0.0000000000000E+00 3.1543710069733E-04 0.0000000000000E+00 5.9015972000000E-05
 0.0000000000000E+00 0.0000000000000E+00 4.2919712733106E-04 0.0000000000000E+00
-4.7504840000000E-05 0.0000000000000E+00 0.0000000000000E+00-9.8215104738958E-06
 0.0000000000000E+00 0.0000000000000E+00 0.0000000000000E+00 1.6174759000000E-04
 0.0000000000000E+00 0.0000000000000E+00 3.6462909565126E-05 0.0000000000000E+00
 0.0000000000000E+00 0.0000000000000E+00 1.6177315000000E-05 0.0000000000000E+00
 0.0000000000000E+00 1.5396068163587E-06 0.0000000000000E+00 0.0000000000000E+00
 0.0000000000000E+00-8.5218051505472E-08 0.0000000000000E+00-2.4959832000000E-05
 1.0338537210000E-03 7.2591533600000E-04-1.4156350800000E-04 0.0000000000000E+00
 2.9522110000000E-06 1.0068531000000E-05 0.0000000000000E+00-5.3357646800000E-04
-4.9027456900000E-04 0.0000000000000E+00-1.7351864600000E-04-2.3919387700000E-04
-3.5590905000000E-06 0.0000000000000E+00 7.5605186884677E-05-2.2745875772142E-05
 0.0000000000000E+00 2.7586986000000E-05 0.0000000000000E+00 2.5959704186225E-04
-6.4214721077446E-05 0.0000000000000E+00 1.7372046000000E-05 0.0000000000000E+00
 5.8590243303870E-06-4.4217011717258E-07 0.0000000000000E+00 0.0000000000000E+00
 3.5316554079585E-07-2.4959832000000E-05 1.0338537210000E-03 7.2591533600000E-04
-1.4156350800000E-04 0.0000000000000E+00-2.9522110000000E-06 1.0068531000000E-05
 0.0000000000000E+00 5.3357646800000E-04-4.9027456900000E-04 0.0000000000000E+00
 1.7351864600000E-04-2.3919387700000E-04-3.5590905000000E-06 0.0000000000000E+00
-7.5605186884677E-05-2.2745875772142E-05 0.0000000000000E+00 2.7586986000000E-05
 0.0000000000000E+00-2.5959704186225E-04-6.4214721077446E-05 0.0000000000000E+00
 1.7372046000000E-05 0.0000000000000E+00-5.8590243303870E-06-4.4217011717258E-07
 0.0000000000000E+00 0.0000000000000E+00-3.5316554079585E-07-3.7209484120000E-03
 3.1442641518900E-01 2.4674733592100E-01 4.9423145429500E-01 2.1204731373100E-01
 0.0000000000000E+00 0.0000000000000E+00 2.1705725840000E-02 0.0000000000000E+00
 0.0000000000000E+00 4.3376682271000E-02 0.0000000000000E+00 0.0000000000000E+00
 5.3111067484000E-02 0.0000000000000E+00 0.0000000000000E+00 8.3187382710000E-03
 1.6083705700000E-04 0.0000000000000E+00 0.0000000000000E+00-7.8348290394826E-04
 0.0000000000000E+00 8.3316988150000E-04 0.0000000000000E+00 0.0000000000000E+00
-5.3409248917960E-03 0.0000000000000E+00 1.3309329115000E-03 0.0000000000000E+00
 0.0000000000000E+00-3.5004847860151E-03 0.0000000000000E+00-5.0757437300000E-04
 0.0000000000000E+00 0.0000000000000E+00-1.5508607404372E-04 0.0000000000000E+00
 0.0000000000000E+00 0.0000000000000E+00-5.0504720500000E-04 0.0000000000000E+00
 0.0000000000000E+00-2.9998073258892E-04 0.0000000000000E+00 0.0000000000000E+00
 0.0000000000000E+00-1.5053111400000E-04 0.0000000000000E+00 0.0000000000000E+00
-2.2202169239138E-05 0.0000000000000E+00 0.0000000000000E+00 0.0000000000000E+00
 7.3540205837463E-07 0.0000000000000E+00 3.4216527645000E-02 8.2685577496000E-02
 4.8419575852000E-02 2.4472586420000E-03 0.0000000000000E+00-5.5207534460000E-03
-3.7580931750000E-03 0.0000000000000E+00-9.7508142000000E-03-6.9901058190000E-03
 0.0000000000000E+00-5.5246686960000E-03-2.7947633660000E-03 3.5765590000000E-06
 0.0000000000000E+00 3.3948472177056E-03-1.2635940544792E-03 0.0000000000000E+00
 2.6993896500000E-05 0.0000000000000E+00 2.0158169608781E-03-7.3392935383014E-04
 0.0000000000000E+00 2.4065672500000E-04 0.0000000000000E+00-8.5622571646982E-05
 5.9102922873178E-05 0.0000000000000E+00 0.0000000000000E+00 1.9031396396565E-05
 3.4216527645000E-02 8.2685577496000E-02 4.8419575852000E-02 2.4472586420000E-03
 0.0000000000000E+00 5.5207534460000E-03-3.7580931750000E-03 0.0000000000000E+00
 9.7508142000000E-03-6.9901058190000E-03 0.0000000000000E+00 5.5246686960000E-03
-2.7947633660000E-03 3.5765590000000E-06 0.0000000000000E+00-3.3948472177056E-03
-1.2635940544792E-03 0.0000000000000E+00 2.6993896500000E-05 0.0000000000000E+00
-2.0158169608781E-03-7.3392935383014E-04 0.0000000000000E+00 2.4065672500000E-04
 0.0000000000000E+00 8.5622571646982E-05 5.9102922873178E-05 0.0000000000000E+00
 0.0000000000000E+00-1.9031396396565E-05 0.0000000000000E+00 0.0000000000000E+00
 0.0000000000000E+00 0.0000000000000E+00 0.0000000000000E+00 0.0000000000000E+00
 1.4097123337400E-01 0.0000000000000E+00 0.0000000000000E+00 2.6017727545100E-01
 0.0000000000000E+00 0.0000000000000E+00 3.0372118433000E-01 0.0000000000000E+00
 0.0000000000000E+00 1.1137639908100E-01 0.0000000000000E+00 0.0000000000000E+00
 0.0000000000000E+00 8.6836729270725E-03 0.0000000000000E+00 0.0000000000000E+00
 0.0000000000000E+00 0.0000000000000E+00 3.1766981055960E-02 0.0000000000000E+00
 0.0000000000000E+00 0.0000000000000E+00 0.0000000000000E+00 3.3277766510731E-02
 0.0000000000000E+00 0.0000000000000E+00 0.0000000000000E+00 0.0000000000000E+00
 2.7762640648061E-04 0.0000000000000E+00 0.0000000000000E+00 0.0000000000000E+00
-8.0112047883817E-05 0.0000000000000E+00 0.0000000000000E+00 1.9573664327952E-04
 0.0000000000000E+00 0.0000000000000E+00 0.0000000000000E+00-1.6979284855231E-04
 0.0000000000000E+00 0.0000000000000E+00-8.6779101486423E-05 0.0000000000000E+00
 0.0000000000000E+00 0.0000000000000E+00-1.1350759745677E-05 0.0000000000000E+00
 0.0000000000000E+00 5.3640904322000E-02 1.4129530653300E-01 1.8316315283200E-01
 3.7906441550000E-02 0.0000000000000E+00-4.3050078100000E-03-5.4435962990000E-03
 0.0000000000000E+00-9.3072042160000E-03-1.3474927585000E-02 0.0000000000000E+00
-1.3529326991000E-02-1.6740654854000E-02 4.6307398650000E-04 0.0000000000000E+00
 4.1344749216978E-03-6.4753606250976E-04 0.0000000000000E+00 8.0988096650000E-04
 0.0000000000000E+00 7.0231236935099E-03-1.9521864025144E-03 0.0000000000000E+00
 1.1688549800000E-04 0.0000000000000E+00-3.2375786358628E-04 8.1416844668021E-05
 0.0000000000000E+00 0.0000000000000E+00 6.2556179835729E-06-5.3640904322000E-02
-1.4129530653300E-01-1.8316315283200E-01-3.7906441550000E-02 0.0000000000000E+00
-4.3050078100000E-03 5.4435962990000E-03 0.0000000000000E+00-9.3072042160000E-03
 1.3474927585000E-02 0.0000000000000E+00-1.3529326991000E-02 1.6740654854000E-02
-4.6307398650000E-04 0.0000000000000E+00 4.1344749216978E-03 6.4753606250976E-04
 0.0000000000000E+00-8.0988096650000E-04 0.0000000000000E+00 7.0231236935099E-03
 1.9521864025144E-03 0.0000000000000E+00-1.1688549800000E-04 0.0000000000000E+00
-3.2375786358628E-04-8.1416844668021E-05 0.0000000000000E+00 0.0000000000000E+00
 6.2556179835729E-06-2.6678990570000E-03-1.0950298877200E-01-9.3893626657000E-02
-1.8295206892800E-01-1.9665068530300E-01 0.0000000000000E+00 0.0000000000000E+00
 1.5580364707900E-01 0.0000000000000E+00 0.0000000000000E+00 2.8616303207800E-01
 0.0000000000000E+00 0.0000000000000E+00 3.5433566118700E-01 0.0000000000000E+00
 0.0000000000000E+00 2.1821018732800E-01 1.1097450195000E-03 0.0000000000000E+00
 0.0000000000000E+00-1.3003054307981E-03 0.0000000000000E+00 4.0482454735000E-03
 0.0000000000000E+00 0.0000000000000E+00-3.8656743819184E-03 0.0000000000000E+00
 8.0471712595000E-03 0.0000000000000E+00 0.0000000000000E+00-7.4959253038446E-03
 0.0000000000000E+00-1.7775567400000E-04 0.0000000000000E+00 0.0000000000000E+00
-1.9789434861643E-04 0.0000000000000E+00 0.0000000000000E+00 0.0000000000000E+00
 4.8725711900000E-04 0.0000000000000E+00 0.0000000000000E+00-4.4105516931095E-04
 0.0000000000000E+00 0.0000000000000E+00 0.0000000000000E+00-1.9234595600000E-04
 0.0000000000000E+00 0.0000000000000E+00-3.7365317605455E-05 0.0000000000000E+00
 0.0000000000000E+00 0.0000000000000E+00 7.9735935894729E-07 0.0000000000000E+00
 3.2476020536000E-02 8.5916539135000E-02 9.6913529476000E-02 1.3124439100000E-02
 0.0000000000000E+00-4.6913026330000E-03 3.4861174600000E-04 0.0000000000000E+00
-9.0008766640000E-03 3.3132672240000E-03 0.0000000000000E+00-7.9352829140000E-03
 1.8186681907000E-02-6.0170292150000E-04 0.0000000000000E+00 1.3280117476626E-03
-1.2320071184835E-03 0.0000000000000E+00-1.3280371415000E-03 0.0000000000000E+00
-3.6306904332828E-03-1.7896998271956E-03 0.0000000000000E+00 4.4951408700000E-04
 0.0000000000000E+00 3.3241509804194E-04 7.3548108663813E-06 0.0000000000000E+00
 0.0000000000000E+00 2.5581512713327E-05 3.2476020536000E-02 8.5916539135000E-02
 9.6913529476000E-02 1.3124439100000E-02 0.0000000000000E+00 4.6913026330000E-03
 3.4861174600000E-04 0.0000000000000E+00 9.0008766640000E-03 3.3132672240000E-03
 0.0000000000000E+00 7.9352829140000E-03 1.8186681907000E-02-6.0170292150000E-04
 0.0000000000000E+00-1.3280117476626E-03-1.2320071184835E-03 0.0000000000000E+00
-1.3280371415000E-03 0.0000000000000E+00 3.6306904332828E-03-1.7896998271956E-03
 0.0000000000000E+00 4.4951408700000E-04 0.0000000000000E+00-3.3241509804194E-04
 7.3548108663813E-06 0.0000000000000E+00 0.0000000000000E+00-2.5581512713327E-05
 0.0000000000000E+00 0.0000000000000E+00 0.0000000000000E+00 0.0000000000000E+00
 0.0000000000000E+00-1.7771066366600E-01 0.0000000000000E+00 0.0000000000000E+00
-3.2640737095000E-01 0.0000000000000E+00 0.0000000000000E+00-4.0706451228900E-01
 0.0000000000000E+00 0.0000000000000E+00-2.8797135582700E-01 0.0000000000000E+00
 0.0000000000000E+00 0.0000000000000E+00-3.6716280984425E-03 0.0000000000000E+00
 0.0000000000000E+00 0.0000000000000E+00 0.0000000000000E+00-1.3217369851946E-02
 0.0000000000000E+00 0.0000000000000E+00 0.0000000000000E+00 0.0000000000000E+00
-2.7186814726927E-02 0.0000000000000E+00 0.0000000000000E+00 0.0000000000000E+00
 0.0000000000000E+00-1.7782490262853E-04 0.0000000000000E+00 0.0000000000000E+00
 0.0000000000000E+00 6.1101118696952E-05 0.0000000000000E+00 0.0000000000000E+00
-6.3382484804201E-04 0.0000000000000E+00 0.0000000000000E+00 0.0000000000000E+00
 1.9838391751678E-04 0.0000000000000E+00 0.0000000000000E+00-1.3607587828865E-05
 0.0000000000000E+00 0.0000000000000E+00 0.0000000000000E+00 7.5562061643954E-06
 0.0000000000000E+00 0.0000000000000E+00 0.0000000000000E+00 0.0000000000000E+00
 0.0000000000000E+00 0.0000000000000E+00 0.0000000000000E+00-4.5040205350000E-03
 0.0000000000000E+00 0.0000000000000E+00-1.1984226051000E-02 0.0000000000000E+00
 0.0000000000000E+00-2.8435985781000E-02 0.0000000000000E+00 0.0000000000000E+00
 0.0000000000000E+00 2.2717869688378E-03 0.0000000000000E+00 0.0000000000000E+00
 2.8307914020617E-03 0.0000000000000E+00 5.1062175066411E-03 0.0000000000000E+00
 0.0000000000000E+00 7.6127464046551E-03 0.0000000000000E+00-1.4339341817407E-04
 0.0000000000000E+00 0.0000000000000E+00-1.3971421230868E-04 4.7927773834993E-05
 0.0000000000000E+00 0.0000000000000E+00 0.0000000000000E+00 0.0000000000000E+00
 0.0000000000000E+00-4.5040205350000E-03 0.0000000000000E+00 0.0000000000000E+00
-1.1984226051000E-02 0.0000000000000E+00 0.0000000000000E+00-2.8435985781000E-02
 0.0000000000000E+00 0.0000000000000E+00 0.0000000000000E+00 2.2717869688378E-03
 0.0000000000000E+00 0.0000000000000E+00-2.8307914020617E-03 0.0000000000000E+00
 5.1062175066411E-03 0.0000000000000E+00 0.0000000000000E+00-7.6127464046551E-03
 0.0000000000000E+00-1.4339341817407E-04 0.0000000000000E+00 0.0000000000000E+00
 1.3971421230868E-04 4.7927773834993E-05 0.0000000000000E+00 9.8496343040000E-03
 9.8936624173000E-02 1.0810915878800E-01-6.3137801290000E-02 1.8917764104970E+00
 0.0000000000000E+00 0.0000000000000E+00 4.0407813636000E-02 0.0000000000000E+00
 0.0000000000000E+00 4.3104232297000E-02 0.0000000000000E+00 0.0000000000000E+00
 1.9929108466200E-01 0.0000000000000E+00 0.0000000000000E+00 4.4965599183400E-01
 2.5739082400000E-04 0.0000000000000E+00 0.0000000000000E+00 2.2392379790775E-04
 0.0000000000000E+00 4.0085291850000E-04 0.0000000000000E+00 0.0000000000000E+00
 5.1233597174066E-03 0.0000000000000E+00-4.6448426320000E-03 0.0000000000000E+00
 0.0000000000000E+00-7.5500271934026E-02 0.0000000000000E+00 2.3434155370000E-03
 0.0000000000000E+00 0.0000000000000E+00 4.5005916981463E-04 0.0000000000000E+00
 0.0000000000000E+00 0.0000000000000E+00-1.5594906173000E-02 0.0000000000000E+00
 0.0000000000000E+00-3.0981802829723E-03 0.0000000000000E+00 0.0000000000000E+00
 0.0000000000000E+00-1.7887067740000E-03 0.0000000000000E+00 0.0000000000000E+00
-1.4851604230058E-04 0.0000000000000E+00 0.0000000000000E+00 0.0000000000000E+00
 1.0708487867982E-05 0.0000000000000E+00-9.2463126000000E-05-9.3264949725000E-02
-3.0858570065000E-01-9.8083328194900E-01 0.0000000000000E+00 3.3390232620000E-03
 1.8957520900000E-03 0.0000000000000E+00-1.7216244167000E-02 1.5969240960000E-03
 0.0000000000000E+00 1.5375650957300E-01 1.3330800743500E-01 2.2489327000000E-05
 0.0000000000000E+00 1.7475832070126E-03-8.6194373252566E-04 0.0000000000000E+00
-4.5874461925000E-03 0.0000000000000E+00-6.8986456827854E-03-3.3480686216934E-03
 0.0000000000000E+00 1.5782481830000E-03 0.0000000000000E+00-7.3254001054163E-04
 5.6716536804916E-04 0.0000000000000E+00 0.0000000000000E+00 1.2394082281370E-04
-9.2463126000000E-05-9.3264949725000E-02-3.0858570065000E-01-9.8083328194900E-01
 0.0000000000000E+00-3.3390232620000E-03 1.8957520900000E-03 0.0000000000000E+00
 1.7216244167000E-02 1.5969240960000E-03 0.0000000000000E+00-1.5375650957300E-01
 1.3330800743500E-01 2.2489327000000E-05 0.0000000000000E+00-1.7475832070126E-03
-8.6194373252566E-04 0.0000000000000E+00-4.5874461925000E-03 0.0000000000000E+00
 6.8986456827854E-03-3.3480686216934E-03 0.0000000000000E+00 1.5782481830000E-03
 0.0000000000000E+00 7.3254001054163E-04 5.6716536804916E-04 0.0000000000000E+00
 0.0000000000000E+00-1.2394082281370E-04 0.0000000000000E+00 0.0000000000000E+00
 0.0000000000000E+00 0.0000000000000E+00 0.0000000000000E+00 0.0000000000000E+00
-5.7795892671000E-02 0.0000000000000E+00 0.0000000000000E+00-9.4308454984000E-02
 0.0000000000000E+00 0.0000000000000E+00-1.9971225847600E-01 0.0000000000000E+00
 0.0000000000000E+00-1.0525136731930E+00 0.0000000000000E+00 0.0000000000000E+00
 0.0000000000000E+00-4.1131967138999E-03 0.0000000000000E+00 0.0000000000000E+00
 0.0000000000000E+00 0.0000000000000E+00 2.5022467586752E-02 0.0000000000000E+00
 0.0000000000000E+00 0.0000000000000E+00 0.0000000000000E+00-2.0605460930499E-01
 0.0000000000000E+00 0.0000000000000E+00 0.0000000000000E+00 0.0000000000000E+00
 7.0069789802420E-04 0.0000000000000E+00 0.0000000000000E+00 0.0000000000000E+00
-3.4177759075794E-05 0.0000000000000E+00 0.0000000000000E+00-6.3439648285049E-03
 0.0000000000000E+00 0.0000000000000E+00 0.0000000000000E+00 1.0117746580681E-04
 0.0000000000000E+00 0.0000000000000E+00-5.7320101610037E-04 0.0000000000000E+00
 0.0000000000000E+00 0.0000000000000E+00 1.9206489303150E-05 0.0000000000000E+00
 0.0000000000000E+00-4.2705138690000E-03 5.9789773910000E-02 3.0827242989700E-01
 2.0878187338330E+00 0.0000000000000E+00-3.5611373310000E-03-3.4241145730000E-03
 0.0000000000000E+00 2.0382029824000E-02 3.0622002450000E-02 0.0000000000000E+00
-2.4468421046400E-01-1.8687288292400E-01-8.3615091300000E-04 0.0000000000000E+00
-5.5582694288933E-03 2.0480544846020E-03 0.0000000000000E+00-4.6485389130000E-03
 0.0000000000000E+00 1.5228300628214E-02-1.5238855519803E-02 0.0000000000000E+00
 7.7032860600000E-04 0.0000000000000E+00 1.4581007773243E-03-2.3079892620125E-04
 0.0000000000000E+00 0.0000000000000E+00-1.7198506481065E-05 4.2705138690000E-03
-5.9789773910000E-02-3.0827242989700E-01-2.0878187338330E+00 0.0000000000000E+00
-3.5611373310000E-03 3.4241145730000E-03 0.0000000000000E+00 2.0382029824000E-02
-3.0622002450000E-02 0.0000000000000E+00-2.4468421046400E-01 1.8687288292400E-01
 8.3615091300000E-04 0.0000000000000E+00-5.5582694288933E-03-2.0480544846020E-03
 0.0000000000000E+00 4.6485389130000E-03 0.0000000000000E+00 1.5228300628214E-02
 1.5238855519803E-02 0.0000000000000E+00-7.7032860600000E-04 0.0000000000000E+00
 1.4581007773243E-03 2.3079892620125E-04 0.0000000000000E+00 0.0000000000000E+00
-1.7198506481065E-05 0.0000000000000E+00 0.0000000000000E+00 0.0000000000000E+00
 0.0000000000000E+00 0.0000000000000E+00 0.0000000000000E+00-4.3597642463000E-02
 0.0000000000000E+00 0.0000000000000E+00-3.9116232789000E-02 0.0000000000000E+00
 0.0000000000000E+00-1.0401338979780E+00 0.0000000000000E+00 0.0000000000000E+00
-2.3117316820890E+00 0.0000000000000E+00 0.0000000000000E+00 0.0000000000000E+00
 2.5956285743201E-02 0.0000000000000E+00 0.0000000000000E+00 0.0000000000000E+00
 0.0000000000000E+00-9.3378448158813E-02 0.0000000000000E+00 0.0000000000000E+00
 0.0000000000000E+00 0.0000000000000E+00-1.0934977291465E+00 0.0000000000000E+00
 0.0000000000000E+00 0.0000000000000E+00 0.0000000000000E+00 1.5340447691487E-03
 0.0000000000000E+00 0.0000000000000E+00 0.0000000000000E+00-5.3648415498182E-05
 0.0000000000000E+00 0.0000000000000E+00-3.5770680760412E-02 0.0000000000000E+00
 0.0000000000000E+00 0.0000000000000E+00 2.8155534217677E-03 0.0000000000000E+00
 0.0000000000000E+00-2.2182855251321E-04 0.0000000000000E+00 0.0000000000000E+00
 0.0000000000000E+00 1.9390056220172E-04 0.0000000000000E+00 0.0000000000000E+00
 2.5734151485000E-02 3.1124517139500E-01 3.0166099535960E+00-3.3534076078500E-01
 0.0000000000000E+00 2.3472150506000E-02 2.3180871726000E-02 0.0000000000000E+00
-2.9505532132400E-01-2.0461667131500E-01 0.0000000000000E+00-4.0554743448300E-01
-2.4950306489400E-01-1.2418323000000E-04 0.0000000000000E+00 2.0267041862514E-02
-9.0292584418763E-03 0.0000000000000E+00-9.1789966375000E-03 0.0000000000000E+00
 1.9210464343712E-01-6.1589962335881E-02 0.0000000000000E+00 7.3180540640000E-03
 0.0000000000000E+00-4.3720749154196E-04 1.1883397722345E-03 0.0000000000000E+00
 0.0000000000000E+00 2.6081575564623E-04-2.5734151485000E-02-3.1124517139500E-01
-3.0166099535960E+00 3.3534076078500E-01 0.0000000000000E+00 2.3472150506000E-02
-2.3180871726000E-02 0.0000000000000E+00-2.9505532132400E-01 2.0461667131500E-01
 0.0000000000000E+00-4.0554743448300E-01 2.4950306489400E-01 1.2418323000000E-04
 0.0000000000000E+00 2.0267041862514E-02 9.0292584418763E-03 0.0000000000000E+00
 9.1789966375000E-03 0.0000000000000E+00 1.9210464343712E-01 6.1589962335881E-02
 0.0000000000000E+00-7.3180540640000E-03 0.0000000000000E+00-4.3720749154196E-04
-1.1883397722345E-03 0.0000000000000E+00 0.0000000000000E+00 2.6081575564623E-04
 3.1059158465000E-02-1.2867335644000E-02 2.4893536717600E-01-1.4437319608280E+00
-8.1982040299440E+00 0.0000000000000E+00 0.0000000000000E+00 6.3807376907000E-02
 0.0000000000000E+00 0.0000000000000E+00 1.2645161735000E-01 0.0000000000000E+00
 0.0000000000000E+00-9.3044424395600E-01 0.0000000000000E+00 0.0000000000000E+00
-3.5568849213930E+00-1.2874975805000E-03 0.0000000000000E+00 0.0000000000000E+00
-5.5858356228475E-03 0.0000000000000E+00 7.1436107020000E-03 0.0000000000000E+00
 0.0000000000000E+00 3.1231007972524E-02 0.0000000000000E+00-5.8285055679000E-02
 0.0000000000000E+00 0.0000000000000E+00 5.3341633083633E-01 0.0000000000000E+00
 1.3086084680000E-03 0.0000000000000E+00 0.0000000000000E+00 1.4475175927337E-04
 0.0000000000000E+00 0.0000000000000E+00 0.0000000000000E+00 5.3587712843000E-02
 0.0000000000000E+00 0.0000000000000E+00 1.5323862017408E-02 0.0000000000000E+00
 0.0000000000000E+00 0.0000000000000E+00 7.7281329540000E-03 0.0000000000000E+00
 0.0000000000000E+00 8.1372042292194E-04 0.0000000000000E+00 0.0000000000000E+00
 0.0000000000000E+00-4.5635302145167E-05 0.0000000000000E+00 4.1456367600000E-04
 2.1639166333300E-01 5.0694984712100E+00 1.1717791065900E-01 0.0000000000000E+00
 2.1774849569000E-02 8.8680868600000E-03 0.0000000000000E+00-3.0335345795900E-01
-2.3025887447700E-01 0.0000000000000E+00-1.3327953386600E+00-1.0421755810330E+00
 4.5927601200000E-04 0.0000000000000E+00 1.5727729760558E-02-6.8220514671768E-03
 0.0000000000000E+00 1.4352608751500E-02 0.0000000000000E+00 3.8926330480360E-01
-1.1968483644511E-01 0.0000000000000E+00 6.6570664460000E-03 0.0000000000000E+00
-5.1756620628242E-03 2.7697284471942E-03 0.0000000000000E+00 0.0000000000000E+00
 6.0610924802998E-04 4.1456367600000E-04 2.1639166333300E-01 5.0694984712100E+00
 1.1717791065900E-01 0.0000000000000E+00-2.1774849569000E-02 8.8680868600000E-03
 0.0000000000000E+00 3.0335345795900E-01-2.3025887447700E-01 0.0000000000000E+00
 1.3327953386600E+00-1.0421755810330E+00 4.5927601200000E-04 0.0000000000000E+00
-1.5727729760558E-02-6.8220514671768E-03 0.0000000000000E+00 1.4352608751500E-02
 0.0000000000000E+00-3.8926330480360E-01-1.1968483644511E-01 0.0000000000000E+00
 6.6570664460000E-03 0.0000000000000E+00 5.1756620628242E-03 2.7697284471942E-03
 0.0000000000000E+00 0.0000000000000E+00-6.0610924802998E-04 7.1804346500000E-04
 7.4097777453000E-02 1.9767572581000E-02 2.8366695392500E-01-2.2221813420880E+00
 0.0000000000000E+00 0.0000000000000E+00 8.0893866322000E-02 0.0000000000000E+00
 0.0000000000000E+00 1.7454099875600E-01 0.0000000000000E+00 0.0000000000000E+00
 1.2809419936200E-01 0.0000000000000E+00 0.0000000000000E+00-8.6704462244000E-01
-3.3218870150000E-04 0.0000000000000E+00 0.0000000000000E+00 7.3906643734473E-03
 0.0000000000000E+00 1.0179527027000E-02 0.0000000000000E+00 0.0000000000000E+00
-1.6883241454415E-02 0.0000000000000E+00-6.2319883553500E-02 0.0000000000000E+00
 0.0000000000000E+00 3.7953318336123E-02 0.0000000000000E+00 3.2170507000000E-04
 0.0000000000000E+00 0.0000000000000E+00-2.4681696848402E-04 0.0000000000000E+00
 0.0000000000000E+00 0.0000000000000E+00-1.5638065669000E-02 0.0000000000000E+00
 0.0000000000000E+00-1.7384695958203E-03 0.0000000000000E+00 0.0000000000000E+00
 0.0000000000000E+00 9.6329734600000E-04 0.0000000000000E+00 0.0000000000000E+00
 1.2383720595842E-04 0.0000000000000E+00 0.0000000000000E+00 0.0000000000000E+00
 5.2503630172016E-06 0.0000000000000E+00-4.0857969425000E-02-3.9910020065000E-02
-2.5021512532000E-02 8.4416418070900E-01 0.0000000000000E+00-3.0922004437000E-02
-1.0734351944000E-02 0.0000000000000E+00 1.1030320038800E-01 6.5728576306000E-02
 0.0000000000000E+00-8.3572672905800E-01-2.6232967744000E-01 9.3821485300000E-04
 0.0000000000000E+00-1.6825029584960E-02 3.2410950992133E-03 0.0000000000000E+00
-1.9697882069000E-02 0.0000000000000E+00 2.7165642927671E-02-1.5972960715761E-02
 0.0000000000000E+00 9.6045530400000E-04 0.0000000000000E+00 3.2922771143499E-03
-1.8283046974457E-04 0.0000000000000E+00 0.0000000000000E+00 6.6217361398783E-05
-4.0857969425000E-02-3.9910020065000E-02-2.5021512532000E-02 8.4416418070900E-01
 0.0000000000000E+00 3.0922004437000E-02-1.0734351944000E-02 0.0000000000000E+00
-1.1030320038800E-01 6.5728576306000E-02 0.0000000000000E+00 8.3572672905800E-01
-2.6232967744000E-01 9.3821485300000E-04 0.0000000000000E+00 1.6825029584960E-02
 3.2410950992133E-03 0.0000000000000E+00-1.9697882069000E-02 0.0000000000000E+00
-2.7165642927671E-02-1.5972960715761E-02 0.0000000000000E+00 9.6045530400000E-04
 0.0000000000000E+00-3.2922771143499E-03-1.8283046974457E-04 0.0000000000000E+00
 0.0000000000000E+00-6.6217361398783E-05 0.0000000000000E+00 0.0000000000000E+00
 0.0000000000000E+00 0.0000000000000E+00 0.0000000000000E+00 1.3862658261400E-01
 0.0000000000000E+00 0.0000000000000E+00 1.1828235546200E-01 0.0000000000000E+00
 0.0000000000000E+00 7.4474400245300E-01 0.0000000000000E+00 0.0000000000000E+00
-1.3751983784480E+00 0.0000000000000E+00 0.0000000000000E+00 0.0000000000000E+00
-5.1343551310035E-03 0.0000000000000E+00 0.0000000000000E+00 0.0000000000000E+00
 0.0000000000000E+00 4.0775061634669E-02 0.0000000000000E+00 0.0000000000000E+00
 0.0000000000000E+00 0.0000000000000E+00-1.9542035879773E-01 0.0000000000000E+00
 0.0000000000000E+00 0.0000000000000E+00 0.0000000000000E+00 1.1717148065045E-03
 0.0000000000000E+00 0.0000000000000E+00 0.0000000000000E+00-2.7562220409838E-04
 0.0000000000000E+00 0.0000000000000E+00-5.7225450848686E-03 0.0000000000000E+00
 0.0000000000000E+00 0.0000000000000E+00 1.0118414010477E-03 0.0000000000000E+00
 0.0000000000000E+00-2.9132857452844E-04 0.0000000000000E+00 0.0000000000000E+00
 0.0000000000000E+00-2.7900839301122E-05 0.0000000000000E+00 0.0000000000000E+00
 0.0000000000000E+00 0.0000000000000E+00 0.0000000000000E+00 0.0000000000000E+00
 0.0000000000000E+00-8.7693976280000E-03 0.0000000000000E+00 0.0000000000000E+00
 3.4009724254000E-02 0.0000000000000E+00 0.0000000000000E+00 7.9420225967000E-02
 0.0000000000000E+00 0.0000000000000E+00 0.0000000000000E+00 7.5573291723311E-03
 0.0000000000000E+00 0.0000000000000E+00 1.1860836695567E-02 0.0000000000000E+00
-3.9234903501119E-02 0.0000000000000E+00 0.0000000000000E+00-7.5329608282759E-02
 0.0000000000000E+00-1.2129898885080E-03 0.0000000000000E+00 0.0000000000000E+00
-7.5124314331203E-04 1.2045185752170E-04 0.0000000000000E+00 0.0000000000000E+00
 0.0000000000000E+00 0.0000000000000E+00 0.0000000000000E+00-8.7693976280000E-03
 0.0000000000000E+00 0.0000000000000E+00 3.4009724254000E-02 0.0000000000000E+00
 0.0000000000000E+00 7.9420225967000E-02 0.0000000000000E+00 0.0000000000000E+00
 0.0000000000000E+00 7.5573291723311E-03 0.0000000000000E+00 0.0000000000000E+00
-1.1860836695567E-02 0.0000000000000E+00-3.9234903501119E-02 0.0000000000000E+00
 0.0000000000000E+00 7.5329608282759E-02 0.0000000000000E+00-1.2129898885080E-03
 0.0000000000000E+00 0.0000000000000E+00 7.5124314331203E-04 1.2045185752170E-04
 0.0000000000000E+00 6.0721737200000E-04 5.5823719183000E-02 1.9275904164000E-02
 2.3546163023900E-01 2.3236923736500E-01 0.0000000000000E+00 0.0000000000000E+00
 3.6012312249000E-02 0.0000000000000E+00 0.0000000000000E+00 3.7504317112000E-02
 0.0000000000000E+00 0.0000000000000E+00 4.5590224160100E-01 0.0000000000000E+00
 0.0000000000000E+00 1.4843413742110E+00-2.1998020000000E-03 0.0000000000000E+00
 0.0000000000000E+00-6.2300375819494E-04 0.0000000000000E+00-8.7231690750000E-03
 0.0000000000000E+00 0.0000000000000E+00-8.2627654425379E-03 0.0000000000000E+00
 2.7955221570900E-01 0.0000000000000E+00 0.0000000000000E+00 2.6163937477335E-01
 0.0000000000000E+00-1.0734002229000E-02 0.0000000000000E+00 0.0000000000000E+00
-4.9185823658793E-04 0.0000000000000E+00 0.0000000000000E+00 0.0000000000000E+00
 9.7114993457000E-02 0.0000000000000E+00 0.0000000000000E+00 2.2702152915555E-03
 0.0000000000000E+00 0.0000000000000E+00 0.0000000000000E+00-4.8773944000000E-04
 0.0000000000000E+00 0.0000000000000E+00-6.9157286774248E-04 0.0000000000000E+00
 0.0000000000000E+00 0.0000000000000E+00-4.5718791926651E-05 0.0000000000000E+00
-1.0098396187000E-02 6.7437701406000E-02-9.8890938242700E-01 4.1821076133600E-01
 0.0000000000000E+00-5.7267280110000E-03-2.5432294362000E-02 0.0000000000000E+00
 6.4072578325000E-02 2.8742744506000E-02 0.0000000000000E+00 5.6238362111200E-01
-1.0219787124830E+00-3.4702670380000E-03 0.0000000000000E+00-4.6728419574252E-03
 2.6704433318513E-03 0.0000000000000E+00 8.7439138075500E-02 0.0000000000000E+00
 9.4833551562816E-02 9.1046373089566E-02 0.0000000000000E+00-9.3857309430000E-03
 0.0000000000000E+00-1.1080434032421E-02-1.0125599724926E-03 0.0000000000000E+00
 0.0000000000000E+00-8.4175600254689E-04-1.0098396187000E-02 6.7437701406000E-02
-9.8890938242700E-01 4.1821076133600E-01 0.0000000000000E+00 5.7267280110000E-03
-2.5432294362000E-02 0.0000000000000E+00-6.4072578325000E-02 2.8742744506000E-02
 0.0000000000000E+00-5.6238362111200E-01-1.0219787124830E+00-3.4702670380000E-03
 0.0000000000000E+00 4.6728419574252E-03 2.6704433318513E-03 0.0000000000000E+00
 8.7439138075500E-02 0.0000000000000E+00-9.4833551562816E-02 9.1046373089566E-02
 0.0000000000000E+00-9.3857309430000E-03 0.0000000000000E+00 1.1080434032421E-02
-1.0125599724926E-03 0.0000000000000E+00 0.0000000000000E+00 8.4175600254689E-04
 0.0000000000000E+00 0.0000000000000E+00 0.0000000000000E+00 0.0000000000000E+00
 0.0000000000000E+00 0.0000000000000E+00 1.0917795541500E-01 0.0000000000000E+00
 0.0000000000000E+00 2.7451737996800E-01 0.0000000000000E+00 0.0000000000000E+00
-8.5733832574600E-01 0.0000000000000E+00 0.0000000000000E+00-3.8980109138750E+00
 0.0000000000000E+00 0.0000000000000E+00 0.0000000000000E+00 9.2523538379879E-03
 0.0000000000000E+00 0.0000000000000E+00 0.0000000000000E+00 0.0000000000000E+00
-6.0116954398787E-02 0.0000000000000E+00 0.0000000000000E+00 0.0000000000000E+00
 0.0000000000000E+00-1.5296407736149E+00 0.0000000000000E+00 0.0000000000000E+00
 0.0000000000000E+00 0.0000000000000E+00 1.6947638087609E-03 0.0000000000000E+00
 0.0000000000000E+00 0.0000000000000E+00-1.2569617194172E-04 0.0000000000000E+00
 0.0000000000000E+00-4.2414400053765E-02 0.0000000000000E+00 0.0000000000000E+00
 0.0000000000000E+00 2.1845415156024E-03 0.0000000000000E+00 0.0000000000000E+00
-1.3858618043574E-03 0.0000000000000E+00 0.0000000000000E+00 0.0000000000000E+00
 2.1341894023513E-04 0.0000000000000E+00 0.0000000000000E+00-3.8744179323000E-02
 2.6143062217500E-01 3.1593074133310E+00 2.0677018901750E+00 0.0000000000000E+00
-3.8779991510000E-03-7.5615207300000E-03 0.0000000000000E+00-2.0904523995600E-01
-1.1626272550100E-01 0.0000000000000E+00-1.5115414036670E+00-1.1928469261270E+00
-6.1905507400000E-04 0.0000000000000E+00 3.5963587631377E-03 1.1157026754385E-04
 0.0000000000000E+00-1.3084558797500E-02 0.0000000000000E+00 2.7472090307090E-01
-1.1702693580421E-01 0.0000000000000E+00 7.6835271010000E-03 0.0000000000000E+00
 9.9899120713183E-04 8.5150997001560E-04 0.0000000000000E+00 0.0000000000000E+00
 2.7529603650310E-04 3.8744179323000E-02-2.6143062217500E-01-3.1593074133310E+00
-2.0677018901750E+00 0.0000000000000E+00-3.8779991510000E-03 7.5615207300000E-03
 0.0000000000000E+00-2.0904523995600E-01 1.1626272550100E-01 0.0000000000000E+00
-1.5115414036670E+00 1.1928469261270E+00 6.1905507400000E-04 0.0000000000000E+00
 3.5963587631377E-03-1.1157026754385E-04 0.0000000000000E+00 1.3084558797500E-02
 0.0000000000000E+00 2.7472090307090E-01 1.1702693580421E-01 0.0000000000000E+00
-7.6835271010000E-03 0.0000000000000E+00 9.9899120713183E-04-8.5150997001560E-04
 0.0000000000000E+00 0.0000000000000E+00 2.7529603650310E-04 0.0000000000000E+00
 0.0000000000000E+00 0.0000000000000E+00 0.0000000000000E+00 0.0000000000000E+00
 0.0000000000000E+00 0.0000000000000E+00 0.0000000000000E+00 0.0000000000000E+00
 0.0000000000000E+00 0.0000000000000E+00 0.0000000000000E+00 0.0000000000000E+00
 0.0000000000000E+00 0.0000000000000E+00 0.0000000000000E+00 0.0000000000000E+00
 0.0000000000000E+00 0.0000000000000E+00 0.0000000000000E+00 0.0000000000000E+00
-1.1435210107838E-02 0.0000000000000E+00 0.0000000000000E+00 0.0000000000000E+00
 0.0000000000000E+00-2.6170271804338E-02 0.0000000000000E+00 0.0000000000000E+00
 0.0000000000000E+00 0.0000000000000E+00 4.8301803135110E-01 0.0000000000000E+00
 0.0000000000000E+00 0.0000000000000E+00 0.0000000000000E+00-1.0076547715656E-03
 0.0000000000000E+00 0.0000000000000E+00 0.0000000000000E+00 0.0000000000000E+00
 0.0000000000000E+00 0.0000000000000E+00 1.0695531339184E-02 0.0000000000000E+00
 0.0000000000000E+00 0.0000000000000E+00 0.0000000000000E+00 0.0000000000000E+00
 0.0000000000000E+00 3.1685963454424E-04 0.0000000000000E+00 0.0000000000000E+00
 0.0000000000000E+00-3.8547129043931E-05 0.0000000000000E+00 0.0000000000000E+00
 0.0000000000000E+00 0.0000000000000E+00-4.0217366954000E-02 0.0000000000000E+00
 0.0000000000000E+00 1.0942312518600E-01 0.0000000000000E+00 0.0000000000000E+00
-1.1159713987430E+00 0.0000000000000E+00 0.0000000000000E+00 0.0000000000000E+00
-7.6804427825487E-03 0.0000000000000E+00 0.0000000000000E+00-1.4233134075670E-03
 0.0000000000000E+00 1.7295784927781E-01 0.0000000000000E+00 0.0000000000000E+00
 1.6017948176729E-01 0.0000000000000E+00-2.6053141491211E-03 0.0000000000000E+00
 0.0000000000000E+00-2.6089674267241E-03 8.7399908837211E-04 0.0000000000000E+00
 0.0000000000000E+00 0.0000000000000E+00 0.0000000000000E+00 0.0000000000000E+00
 4.0217366954000E-02 0.0000000000000E+00 0.0000000000000E+00-1.0942312518600E-01
 0.0000000000000E+00 0.0000000000000E+00 1.1159713987430E+00 0.0000000000000E+00
 0.0000000000000E+00 0.0000000000000E+00 7.6804427825487E-03 0.0000000000000E+00
 0.0000000000000E+00-1.4233134075670E-03 0.0000000000000E+00-1.7295784927781E-01
 0.0000000000000E+00 0.0000000000000E+00 1.6017948176729E-01 0.0000000000000E+00
 2.6053141491211E-03 0.0000000000000E+00 0.0000000000000E+00-2.6089674267241E-03
-8.7399908837211E-04 0.0000000000000E+00 0.0000000000000E+00 0.0000000000000E+00
 0.0000000000000E+00 0.0000000000000E+00 0.0000000000000E+00-2.2758240896000E-02
 0.0000000000000E+00 0.0000000000000E+00-6.3893965510000E-03 0.0000000000000E+00
 0.0000000000000E+00-3.7139432674800E-01 0.0000000000000E+00 0.0000000000000E+00
-1.4708398959820E+00 0.0000000000000E+00 0.0000000000000E+00 0.0000000000000E+00
 1.2326323877858E-02 0.0000000000000E+00 0.0000000000000E+00 0.0000000000000E+00
 0.0000000000000E+00 2.1691022650042E-02 0.0000000000000E+00 0.0000000000000E+00
 0.0000000000000E+00 0.0000000000000E+00-4.1799991421107E-01 0.0000000000000E+00
 0.0000000000000E+00 0.0000000000000E+00 0.0000000000000E+00 1.9367174543094E-03
 0.0000000000000E+00 0.0000000000000E+00 0.0000000000000E+00-3.3676566627295E-04
 0.0000000000000E+00 0.0000000000000E+00-1.6243453713258E-02 0.0000000000000E+00
 0.0000000000000E+00 0.0000000000000E+00 3.7254096875771E-03 0.0000000000000E+00
 0.0000000000000E+00-2.3503472081589E-04 0.0000000000000E+00 0.0000000000000E+00
 0.0000000000000E+00 1.7295751395716E-04 0.0000000000000E+00 0.0000000000000E+00
 0.0000000000000E+00 0.0000000000000E+00 0.0000000000000E+00 0.0000000000000E+00
 0.0000000000000E+00 4.0293098208000E-02 0.0000000000000E+00 0.0000000000000E+00
-1.2648984569900E-01 0.0000000000000E+00 0.0000000000000E+00 1.3310015041480E+00
 0.0000000000000E+00 0.0000000000000E+00 0.0000000000000E+00-2.6727724543472E-03
 0.0000000000000E+00 0.0000000000000E+00 1.3548636279289E-02 0.0000000000000E+00
-9.9278217709074E-02 0.0000000000000E+00 0.0000000000000E+00-2.5638780238688E-01
 0.0000000000000E+00 1.8324985769893E-03 0.0000000000000E+00 0.0000000000000E+00
 2.7612466922876E-03-1.0181590713517E-03 0.0000000000000E+00 0.0000000000000E+00
 0.0000000000000E+00 0.0000000000000E+00 0.0000000000000E+00 4.0293098208000E-02
 0.0000000000000E+00 0.0000000000000E+00-1.2648984569900E-01 0.0000000000000E+00
 0.0000000000000E+00 1.3310015041480E+00 0.0000000000000E+00 0.0000000000000E+00
 0.0000000000000E+00-2.6727724543472E-03 0.0000000000000E+00 0.0000000000000E+00
-1.3548636279289E-02 0.0000000000000E+00-9.9278217709074E-02 0.0000000000000E+00
 0.0000000000000E+00 2.5638780238688E-01 0.0000000000000E+00 1.8324985769893E-03
 0.0000000000000E+00 0.0000000000000E+00-2.7612466922876E-03-1.0181590713517E-03
 0.0000000000000E+00-1.3426488977000E-02 1.5929726430700E-01 1.5956208077400E-01
 1.0073432123600E+00-9.1846293440310E+00 0.0000000000000E+00 0.0000000000000E+00
-5.1007482013000E-02 0.0000000000000E+00 0.0000000000000E+00 1.1530760107100E-01
 0.0000000000000E+00 0.0000000000000E+00-1.5126917912270E+00 0.0000000000000E+00
 0.0000000000000E+00-2.1550786200860E+00 3.6146969160000E-03 0.0000000000000E+00
 0.0000000000000E+00-1.5547144265818E-02 0.0000000000000E+00-8.4846955785000E-03
 0.0000000000000E+00 0.0000000000000E+00 4.9993741028325E-02 0.0000000000000E+00
 1.8492602379000E-02 0.0000000000000E+00 0.0000000000000E+00 4.9964839617794E-01
 0.0000000000000E+00-6.9508687080000E-03 0.0000000000000E+00 0.0000000000000E+00
-1.5708486051089E-03 0.0000000000000E+00 0.0000000000000E+00 0.0000000000000E+00
 1.0506027199100E-01 0.0000000000000E+00 0.0000000000000E+00 2.6772786159289E-02
 0.0000000000000E+00 0.0000000000000E+00 0.0000000000000E+00 1.4988344826000E-02
 0.0000000000000E+00 0.0000000000000E+00 1.4755801187773E-03 0.0000000000000E+00
 0.0000000000000E+00 0.0000000000000E+00-6.9611773768636E-05 0.0000000000000E+00
-2.8195095766000E-02 4.3764829190900E-01 3.8216845203960E+00 5.9586658820100E-01
 0.0000000000000E+00 2.4692143190000E-03 1.2386482704000E-02 0.0000000000000E+00
-3.1960155193500E-01-3.1642290374100E-01 0.0000000000000E+00-1.0390588161440E+00
-5.9814845471100E-01-1.7705255920000E-03 0.0000000000000E+00 3.8194679657727E-02
-1.0144370975562E-02 0.0000000000000E+00 2.3314040088000E-02 0.0000000000000E+00
 1.9881831469502E-01-7.1689179847608E-02 0.0000000000000E+00 4.4898798810000E-03
 0.0000000000000E+00 2.7571740273247E-03-5.6578922670706E-04 0.0000000000000E+00
 0.0000000000000E+00-4.9264475031910E-05-2.8195095766000E-02 4.3764829190900E-01
 3.8216845203960E+00 5.9586658820100E-01 0.0000000000000E+00-2.4692143190000E-03
 1.2386482704000E-02 0.0000000000000E+00 3.1960155193500E-01-3.1642290374100E-01
 0.0000000000000E+00 1.0390588161440E+00-5.9814845471100E-01-1.7705255920000E-03
 0.0000000000000E+00-3.8194679657727E-02-1.0144370975562E-02 0.0000000000000E+00
 2.3314040088000E-02 0.0000000000000E+00-1.9881831469502E-01-7.1689179847608E-02
 0.0000000000000E+00 4.4898798810000E-03 0.0000000000000E+00-2.7571740273247E-03
-5.6578922670706E-04 0.0000000000000E+00 0.0000000000000E+00 4.9264475031910E-05
 0.0000000000000E+00 0.0000000000000E+00 0.0000000000000E+00 0.0000000000000E+00
 0.0000000000000E+00 0.0000000000000E+00 1.6066145653000E-02 0.0000000000000E+00
 0.0000000000000E+00-2.3528987979000E-02 0.0000000000000E+00 0.0000000000000E+00
 4.6575626560400E-01 0.0000000000000E+00 0.0000000000000E+00 2.2130098415940E+00
 0.0000000000000E+00 0.0000000000000E+00 0.0000000000000E+00-1.5592738863075E-03
 0.0000000000000E+00 0.0000000000000E+00 0.0000000000000E+00 0.0000000000000E+00
 9.3209328845615E-03 0.0000000000000E+00 0.0000000000000E+00 0.0000000000000E+00
 0.0000000000000E+00 2.8010707101599E-01 0.0000000000000E+00 0.0000000000000E+00
 0.0000000000000E+00 0.0000000000000E+00 1.6796973055805E-03 0.0000000000000E+00
 0.0000000000000E+00 0.0000000000000E+00 2.5897997224667E-04 0.0000000000000E+00
 0.0000000000000E+00-2.2401221170109E-02 0.0000000000000E+00 0.0000000000000E+00
 0.0000000000000E+00-3.5082288238754E-03 0.0000000000000E+00 0.0000000000000E+00
-3.3394339074064E-03 0.0000000000000E+00 0.0000000000000E+00 0.0000000000000E+00
-1.4746495195637E-04 0.0000000000000E+00 0.0000000000000E+00 8.5913472030000E-03
-1.1987704743400E-01-1.0760084923810E+00-5.7068736275000E-02 0.0000000000000E+00
-3.4730093420000E-02 3.6815758204000E-02 0.0000000000000E+00 2.1146417422300E-01
-9.3588573481000E-02 0.0000000000000E+00-1.0981234628600E+00 1.3475438245280E+00
 1.3711689915000E-03 0.0000000000000E+00-3.1908850784565E-03 1.1214859048370E-02
 0.0000000000000E+00-6.1479652255000E-02 0.0000000000000E+00-8.6038420407638E-02
-8.9591219599850E-02 0.0000000000000E+00 1.4195205859000E-02 0.0000000000000E+00
 1.1220639626264E-02-2.3486181547636E-06 0.0000000000000E+00 0.0000000000000E+00
 9.7725228082453E-04-8.5913472030000E-03 1.1987704743400E-01 1.0760084923810E+00
 5.7068736275000E-02 0.0000000000000E+00-3.4730093420000E-02-3.6815758204000E-02
 0.0000000000000E+00 2.1146417422300E-01 9.3588573481000E-02 0.0000000000000E+00
-1.0981234628600E+00-1.3475438245280E+00-1.3711689915000E-03 0.0000000000000E+00
-3.1908850784565E-03-1.1214859048370E-02 0.0000000000000E+00 6.1479652255000E-02
 0.0000000000000E+00-8.6038420407638E-02 8.9591219599850E-02 0.0000000000000E+00
-1.4195205859000E-02 0.0000000000000E+00 1.1220639626264E-02 2.3486181547636E-06
 0.0000000000000E+00 0.0000000000000E+00 9.7725228082453E-04 2.3819071779000E-02
-4.6024303917000E-02 2.9380250561400E-01-3.0784597911150E+00-8.6119105797590E+00
 0.0000000000000E+00 0.0000000000000E+00-9.3723278441000E-02 0.0000000000000E+00
 0.0000000000000E+00-1.5652462308400E-01 0.0000000000000E+00 0.0000000000000E+00
-1.9168828019070E+00 0.0000000000000E+00 0.0000000000000E+00-1.5104538497670E+00
 2.4877088045000E-03 0.0000000000000E+00 0.0000000000000E+00-1.5613359758458E-02
 0.0000000000000E+00-1.6769023949000E-02 0.0000000000000E+00 0.0000000000000E+00
 9.5811260055604E-02 0.0000000000000E+00 8.8866994035000E-02 0.0000000000000E+00
 0.0000000000000E+00 6.8523026620442E-02 0.0000000000000E+00 6.4898942160000E-03
 0.0000000000000E+00 0.0000000000000E+00 3.3390660543799E-03 0.0000000000000E+00
 0.0000000000000E+00 0.0000000000000E+00 1.8222878024000E-02 0.0000000000000E+00
 0.0000000000000E+00-5.2611220653591E-03 0.0000000000000E+00 0.0000000000000E+00
 0.0000000000000E+00 4.0046853350000E-03 0.0000000000000E+00 0.0000000000000E+00
 7.6361556111659E-05 0.0000000000000E+00 0.0000000000000E+00 0.0000000000000E+00
 2.3516305267569E-05 0.0000000000000E+00 7.8634972870000E-03-9.7575011115000E-02
 5.0420695139830E+00 4.6883030964100E-01 0.0000000000000E+00 2.7304234640000E-03
 1.6188075185000E-02 0.0000000000000E+00-6.9578095404000E-02-1.1259537386000E-01
 0.0000000000000E+00-2.4793890736100E+00-2.0475944091000E+00-4.6950812930000E-03
 0.0000000000000E+00-2.0721270484193E-02 2.8671458260918E-03 0.0000000000000E+00
 4.1176643773000E-02 0.0000000000000E+00 7.2845732744236E-01-1.8821942268690E-01
 0.0000000000000E+00 3.1796472042000E-02 0.0000000000000E+00-1.0739669958817E-02
 7.1754523499858E-03 0.0000000000000E+00 0.0000000000000E+00 1.1088981989688E-03
 7.8634972870000E-03-9.7575011115000E-02 5.0420695139830E+00 4.6883030964100E-01
 0.0000000000000E+00-2.7304234640000E-03 1.6188075185000E-02 0.0000000000000E+00
 6.9578095404000E-02-1.1259537386000E-01 0.0000000000000E+00 2.4793890736100E+00
-2.0475944091000E+00-4.6950812930000E-03 0.0000000000000E+00 2.0721270484193E-02
 2.8671458260918E-03 0.0000000000000E+00 4.1176643773000E-02 0.0000000000000E+00
-7.2845732744236E-01-1.8821942268690E-01 0.0000000000000E+00 3.1796472042000E-02
 0.0000000000000E+00 1.0739669958817E-02 7.1754523499858E-03 0.0000000000000E+00
 0.0000000000000E+00-1.1088981989688E-03 0.0000000000000E+00 0.0000000000000E+00
 0.0000000000000E+00 0.0000000000000E+00 0.0000000000000E+00 0.0000000000000E+00
 1.0145621245500E-01 0.0000000000000E+00 0.0000000000000E+00 1.9936415910400E-01
 0.0000000000000E+00 0.0000000000000E+00 1.6447658258200E+00 0.0000000000000E+00
 0.0000000000000E+00 1.4535278274450E+00 0.0000000000000E+00 0.0000000000000E+00
 0.0000000000000E+00-3.2385317946148E-02 0.0000000000000E+00 0.0000000000000E+00
 0.0000000000000E+00 0.0000000000000E+00 1.6668373482198E-01 0.0000000000000E+00
 0.0000000000000E+00 0.0000000000000E+00 0.0000000000000E+00-8.2093844805904E-01
 0.0000000000000E+00 0.0000000000000E+00 0.0000000000000E+00 0.0000000000000E+00
 6.7006300942297E-03 0.0000000000000E+00 0.0000000000000E+00 0.0000000000000E+00
-6.5540881153670E-04 0.0000000000000E+00 0.0000000000000E+00-5.3261762015694E-02
 0.0000000000000E+00 0.0000000000000E+00 0.0000000000000E+00 2.3034718976191E-03
 0.0000000000000E+00 0.0000000000000E+00-2.5073957900262E-03 0.0000000000000E+00
 0.0000000000000E+00 0.0000000000000E+00 1.4083278938055E-04 0.0000000000000E+00
 0.0000000000000E+00-4.1836285587000E-02 2.1221087526100E-01-3.2419456503290E+00
-1.0768530096880E+00 0.0000000000000E+00 3.6146505980000E-03 6.2486420640000E-03
 0.0000000000000E+00-1.3621709188800E-01-6.0116035638000E-02 0.0000000000000E+00
 2.3263515197280E+00 1.7219237681630E+00-5.4987922055000E-03 0.0000000000000E+00
 2.3054973589400E-02-1.9857613995906E-02 0.0000000000000E+00-1.8300194121000E-02
 0.0000000000000E+00-4.9735561700533E-01 1.8959820874016E-01 0.0000000000000E+00
-5.9200918990000E-03 0.0000000000000E+00 1.4375383743388E-02-4.0868351928236E-03
 0.0000000000000E+00 0.0000000000000E+00-1.2023083087832E-03 4.1836285587000E-02
-2.1221087526100E-01 3.2419456503290E+00 1.0768530096880E+00 0.0000000000000E+00
 3.6146505980000E-03-6.2486420640000E-03 0.0000000000000E+00-1.3621709188800E-01
 6.0116035638000E-02 0.0000000000000E+00 2.3263515197280E+00-1.7219237681630E+00
 5.4987922055000E-03 0.0000000000000E+00 2.3054973589400E-02 1.9857613995906E-02
 0.0000000000000E+00 1.8300194121000E-02 0.0000000000000E+00-4.9735561700533E-01
-1.8959820874016E-01 0.0000000000000E+00 5.9200918990000E-03 0.0000000000000E+00
 1.4375383743388E-02 4.0868351928236E-03 0.0000000000000E+00 0.0000000000000E+00
-1.2023083087832E-03 0.0000000000000E+00 0.0000000000000E+00 0.0000000000000E+00
 0.0000000000000E+00 0.0000000000000E+00 0.0000000000000E+00-3.5034140252000E-02
 0.0000000000000E+00 0.0000000000000E+00 7.5279166618000E-02 0.0000000000000E+00
 0.0000000000000E+00-4.2576307113320E+00 0.0000000000000E+00 0.0000000000000E+00
-3.9317055254600E+00 0.0000000000000E+00 0.0000000000000E+00 0.0000000000000E+00
 5.0464536891782E-02 0.0000000000000E+00 0.0000000000000E+00 0.0000000000000E+00
 0.0000000000000E+00-6.9308269795502E-01 0.0000000000000E+00 0.0000000000000E+00
 0.0000000000000E+00 0.0000000000000E+00-3.7801274992637E+00 0.0000000000000E+00
 0.0000000000000E+00 0.0000000000000E+00 0.0000000000000E+00-2.6596875088759E-03
 0.0000000000000E+00 0.0000000000000E+00 0.0000000000000E+00 5.8292228727585E-04
 0.0000000000000E+00 0.0000000000000E+00-9.0976101639763E-02 0.0000000000000E+00
 0.0000000000000E+00 0.0000000000000E+00 7.2736834582520E-03 0.0000000000000E+00
 0.0000000000000E+00 1.2788066952301E-03 0.0000000000000E+00 0.0000000000000E+00
 0.0000000000000E+00 6.1069966600807E-04 0.0000000000000E+00 0.0000000000000E+00
-9.3063469013000E-02 9.3425470277000E-02 8.4734827943960E+00 2.3081435966600E-01
 0.0000000000000E+00 7.8175362142000E-02 6.7784097241000E-02 0.0000000000000E+00
-8.9164707546600E-01-7.4831839743700E-01 0.0000000000000E+00-2.8996769506080E+00
-1.9398837372600E+00 4.5984198895000E-03 0.0000000000000E+00 5.2298566522505E-02
-1.3105903717029E-02 0.0000000000000E+00-1.5838932540000E-02 0.0000000000000E+00
 9.8543888035001E-01-3.5022645140672E-01 0.0000000000000E+00 2.7427587693000E-02
 0.0000000000000E+00-1.1406022429086E-02 6.8929626676919E-03 0.0000000000000E+00
 0.0000000000000E+00 1.7533588526520E-03 9.3063469013000E-02-9.3425470277000E-02
-8.4734827943960E+00-2.3081435966600E-01 0.0000000000000E+00 7.8175362142000E-02
-6.7784097241000E-02 0.0000000000000E+00-8.9164707546600E-01 7.4831839743700E-01
 0.0000000000000E+00-2.8996769506080E+00 1.9398837372600E+00-4.5984198895000E-03
 0.0000000000000E+00 5.2298566522505E-02 1.3105903717029E-02 0.0000000000000E+00
 1.5838932540000E-02 0.0000000000000E+00 9.8543888035001E-01 3.5022645140672E-01
 0.0000000000000E+00-2.7427587693000E-02 0.0000000000000E+00-1.1406022429086E-02
-6.8929626676919E-03 0.0000000000000E+00 0.0000000000000E+00 1.7533588526520E-03
-8.9363299079000E-02-1.4959604565200E-01-8.4959753961500E-01 3.7650513069180E+00
 1.0706494318680E+01 0.0000000000000E+00 0.0000000000000E+00 1.1419196100000E-04
 0.0000000000000E+00 0.0000000000000E+00-3.1368926840000E-03 0.0000000000000E+00
 0.0000000000000E+00 2.4532012671370E+00 0.0000000000000E+00 0.0000000000000E+00
 2.6094307044880E+00-2.5955169490000E-03 0.0000000000000E+00 0.0000000000000E+00
 4.4397297702794E-03 0.0000000000000E+00 7.5390929780000E-03 0.0000000000000E+00
 0.0000000000000E+00-2.0707448016316E-01 0.0000000000000E+00-2.4942911867000E-01
 0.0000000000000E+00 0.0000000000000E+00-1.6123643966922E+00 0.0000000000000E+00
-1.6484315340000E-03 0.0000000000000E+00 0.0000000000000E+00-2.0731161237402E-03
 0.0000000000000E+00 0.0000000000000E+00 0.0000000000000E+00-2.2504541111000E-01
 0.0000000000000E+00 0.0000000000000E+00-4.1174552554469E-02 0.0000000000000E+00
 0.0000000000000E+00 0.0000000000000E+00-2.0123380421000E-02 0.0000000000000E+00
 0.0000000000000E+00-1.3850625414034E-03 0.0000000000000E+00 0.0000000000000E+00
 0.0000000000000E+00 1.5549288858667E-04 0.0000000000000E+00 9.5170870797000E-02
 5.6345074490000E-02-7.6525598840770E+00 1.8236015223600E-01 0.0000000000000E+00
-6.7198337738000E-02-6.1375630661000E-02 0.0000000000000E+00 8.6100577172400E-01
 7.2981433024900E-01 0.0000000000000E+00 1.6915009026080E+00 1.8966070220290E+00
 2.0671288595000E-03 0.0000000000000E+00-6.5799380508339E-02 2.3046390456657E-02
 0.0000000000000E+00-1.0903471076900E-01 0.0000000000000E+00-9.5885105124490E-01
 1.7970386989709E-01 0.0000000000000E+00-1.9555936189000E-02 0.0000000000000E+00
 2.3265641625120E-02-6.9718289852553E-03 0.0000000000000E+00 0.0000000000000E+00
-8.1944009860560E-04 9.5170870797000E-02 5.6345074490000E-02-7.6525598840770E+00
 1.8236015223600E-01 0.0000000000000E+00 6.7198337738000E-02-6.1375630661000E-02
 0.0000000000000E+00-8.6100577172400E-01 7.2981433024900E-01 0.0000000000000E+00
-1.6915009026080E+00 1.8966070220290E+00 2.0671288595000E-03 0.0000000000000E+00
 6.5799380508339E-02 2.3046390456657E-02 0.0000000000000E+00-1.0903471076900E-01
 0.0000000000000E+00 9.5885105124490E-01 1.7970386989709E-01 0.0000000000000E+00
-1.9555936189000E-02 0.0000000000000E+00-2.3265641625120E-02-6.9718289852553E-03
 0.0000000000000E+00 0.0000000000000E+00 8.1944009860560E-04 0.0000000000000E+00
 0.0000000000000E+00 0.0000000000000E+00 0.0000000000000E+00 0.0000000000000E+00
 9.9996684380000E-03 0.0000000000000E+00 0.0000000000000E+00-5.9653414779000E-02
 0.0000000000000E+00 0.0000000000000E+00 6.4207775281000E-01 0.0000000000000E+00
 0.0000000000000E+00 1.1504324524620E+00 0.0000000000000E+00 0.0000000000000E+00
 0.0000000000000E+00 7.3249323218225E-02 0.0000000000000E+00 0.0000000000000E+00
 0.0000000000000E+00 0.0000000000000E+00-1.0740875321673E-01 0.0000000000000E+00
 0.0000000000000E+00 0.0000000000000E+00 0.0000000000000E+00 2.7744113875695E+00
 0.0000000000000E+00 0.0000000000000E+00 0.0000000000000E+00 0.0000000000000E+00
-1.2783471387156E-03 0.0000000000000E+00 0.0000000000000E+00 0.0000000000000E+00
 4.2888457179135E-04 0.0000000000000E+00 0.0000000000000E+00 2.9648830508056E-02
 0.0000000000000E+00 0.0000000000000E+00 0.0000000000000E+00-8.1284582577203E-03
 0.0000000000000E+00 0.0000000000000E+00-3.3175873934616E-04 0.0000000000000E+00
 0.0000000000000E+00 0.0000000000000E+00-7.4697021324453E-04 0.0000000000000E+00
 0.0000000000000E+00 0.0000000000000E+00 0.0000000000000E+00 0.0000000000000E+00
 0.0000000000000E+00 0.0000000000000E+00 1.2486409577000E-02 0.0000000000000E+00
 0.0000000000000E+00-1.0061519607600E-01 0.0000000000000E+00 0.0000000000000E+00
-1.1057034093460E+00 0.0000000000000E+00 0.0000000000000E+00 0.0000000000000E+00
-2.1633845411610E-02 0.0000000000000E+00 0.0000000000000E+00 2.0959304075470E-02
 0.0000000000000E+00 4.4377768442998E-01 0.0000000000000E+00 0.0000000000000E+00
 2.8234171655588E-01 0.0000000000000E+00-2.9453111621536E-03 0.0000000000000E+00
 0.0000000000000E+00-5.1427520345535E-03 2.2880889058136E-03 0.0000000000000E+00
 0.0000000000000E+00 0.0000000000000E+00 0.0000000000000E+00 0.0000000000000E+00
 1.2486409577000E-02 0.0000000000000E+00 0.0000000000000E+00-1.0061519607600E-01
 0.0000000000000E+00 0.0000000000000E+00-1.1057034093460E+00 0.0000000000000E+00
 0.0000000000000E+00 0.0000000000000E+00-2.1633845411610E-02 0.0000000000000E+00
 0.0000000000000E+00-2.0959304075470E-02 0.0000000000000E+00 4.4377768442998E-01
 0.0000000000000E+00 0.0000000000000E+00-2.8234171655588E-01 0.0000000000000E+00
-2.9453111621536E-03 0.0000000000000E+00 0.0000000000000E+00 5.1427520345535E-03
 2.2880889058136E-03 0.0000000000000E+00 0.0000000000000E+00 0.0000000000000E+00
 0.0000000000000E+00 0.0000000000000E+00 0.0000000000000E+00 0.0000000000000E+00
 0.0000000000000E+00 0.0000000000000E+00 0.0000000000000E+00 0.0000000000000E+00
 0.0000000000000E+00 0.0000000000000E+00 0.0000000000000E+00 0.0000000000000E+00
 0.0000000000000E+00 0.0000000000000E+00 0.0000000000000E+00 0.0000000000000E+00
 0.0000000000000E+00 0.0000000000000E+00 0.0000000000000E+00-6.1391781756247E-02
 0.0000000000000E+00 0.0000000000000E+00 0.0000000000000E+00 0.0000000000000E+00
 4.2824678468937E-02 0.0000000000000E+00 0.0000000000000E+00 0.0000000000000E+00
 0.0000000000000E+00-3.3257202676740E+00 0.0000000000000E+00 0.0000000000000E+00
 0.0000000000000E+00 0.0000000000000E+00 1.9160616567760E-03 0.0000000000000E+00
 0.0000000000000E+00 0.0000000000000E+00 0.0000000000000E+00 0.0000000000000E+00
 0.0000000000000E+00-3.6706553487304E-02 0.0000000000000E+00 0.0000000000000E+00
 0.0000000000000E+00 0.0000000000000E+00 0.0000000000000E+00 0.0000000000000E+00
-2.1109689665060E-03 0.0000000000000E+00 0.0000000000000E+00 0.0000000000000E+00
 2.3192909142915E-04 0.0000000000000E+00 0.0000000000000E+00 0.0000000000000E+00
 0.0000000000000E+00-1.8176511338000E-02 0.0000000000000E+00 0.0000000000000E+00
 1.5283089563600E-01 0.0000000000000E+00 0.0000000000000E+00 1.0670631470000E+00
 0.0000000000000E+00 0.0000000000000E+00 0.0000000000000E+00-1.5353341184792E-02
 0.0000000000000E+00 0.0000000000000E+00 3.4191742506171E-03 0.0000000000000E+00
-3.4989635536422E-01 0.0000000000000E+00 0.0000000000000E+00-5.7395185212456E-01
 0.0000000000000E+00 7.8682437457775E-03 0.0000000000000E+00 0.0000000000000E+00
 8.0949265436942E-03-1.9839223247818E-03 0.0000000000000E+00 0.0000000000000E+00
 0.0000000000000E+00 0.0000000000000E+00 0.0000000000000E+00 1.8176511338000E-02
 0.0000000000000E+00 0.0000000000000E+00-1.5283089563600E-01 0.0000000000000E+00
 0.0000000000000E+00-1.0670631470000E+00 0.0000000000000E+00 0.0000000000000E+00
 0.0000000000000E+00 1.5353341184792E-02 0.0000000000000E+00 0.0000000000000E+00
 3.4191742506171E-03 0.0000000000000E+00 3.4989635536422E-01 0.0000000000000E+00
 0.0000000000000E+00-5.7395185212456E-01 0.0000000000000E+00-7.8682437457775E-03
 0.0000000000000E+00 0.0000000000000E+00 8.0949265436942E-03 1.9839223247818E-03
 0.0000000000000E+00-1.8483369055000E-02-6.0401805171000E-02-2.1308416005000E-01
 6.0312033817600E-01 4.7924211514760E+00 0.0000000000000E+00 0.0000000000000E+00
 1.5701107246000E-02 0.0000000000000E+00 0.0000000000000E+00-9.9693796337000E-02
 0.0000000000000E+00 0.0000000000000E+00 1.6509913225840E+00 0.0000000000000E+00
 0.0000000000000E+00 2.4715028313020E+00 1.6020979373000E-02 0.0000000000000E+00
 0.0000000000000E+00-1.1355217473445E-03 0.0000000000000E+00 1.4615537055000E-03
 0.0000000000000E+00 0.0000000000000E+00-1.8609467368190E-02 0.0000000000000E+00
 1.1592343190730E+00 0.0000000000000E+00 0.0000000000000E+00 2.4574425711301E-01
 0.0000000000000E+00-1.9224000583000E-02 0.0000000000000E+00 0.0000000000000E+00
-1.1185826302977E-03 0.0000000000000E+00 0.0000000000000E+00 0.0000000000000E+00
 2.1151498845600E-01 0.0000000000000E+00 0.0000000000000E+00-3.6476854443059E-03
 0.0000000000000E+00 0.0000000000000E+00 0.0000000000000E+00-4.4319839320000E-03
 0.0000000000000E+00 0.0000000000000E+00-2.8012974277600E-03 0.0000000000000E+00
 0.0000000000000E+00 0.0000000000000E+00-7.9202075045857E-05 0.0000000000000E+00
 3.4200985485000E-02 9.5241742073000E-02-3.1812850575860E+00 7.0496986935000E-02
 0.0000000000000E+00-5.4606200521000E-02 2.0670197780000E-03 0.0000000000000E+00
 4.2893855173900E-01 3.1257469279000E-02 0.0000000000000E+00 1.3693479258410E+00
-5.1268985844000E-01-2.2168679355000E-03 0.0000000000000E+00-1.5291225952647E-02
 5.5703975413645E-03 0.0000000000000E+00 1.8638755255450E-01 0.0000000000000E+00
 1.8725252564919E-02 3.1360604638522E-01 0.0000000000000E+00-1.9380248414000E-02
 0.0000000000000E+00-2.5114334420973E-02-2.3603173761260E-03 0.0000000000000E+00
 0.0000000000000E+00-2.5568282845123E-03 3.4200985485000E-02 9.5241742073000E-02
-3.1812850575860E+00 7.0496986935000E-02 0.0000000000000E+00 5.4606200521000E-02
 2.0670197780000E-03 0.0000000000000E+00-4.2893855173900E-01 3.1257469279000E-02
 0.0000000000000E+00-1.3693479258410E+00-5.1268985844000E-01-2.2168679355000E-03
 0.0000000000000E+00 1.5291225952647E-02 5.5703975413645E-03 0.0000000000000E+00
 1.8638755255450E-01 0.0000000000000E+00-1.8725252564919E-02 3.1360604638522E-01
 0.0000000000000E+00-1.9380248414000E-02 0.0000000000000E+00 2.5114334420973E-02
-2.3603173761260E-03 0.0000000000000E+00 0.0000000000000E+00 2.5568282845123E-03
 2.1117574737000E-02-1.4506987713000E-02-1.9414005140000E-03 4.4093417369200E-01
-6.0112050412630E+00 0.0000000000000E+00 0.0000000000000E+00-1.1230349864100E-01
 0.0000000000000E+00 0.0000000000000E+00-1.5706717565800E-01 0.0000000000000E+00
 0.0000000000000E+00-3.4744345851600E-01 0.0000000000000E+00 0.0000000000000E+00
-1.6306945181190E+00-9.0579254500000E-03 0.0000000000000E+00 0.0000000000000E+00
 2.6749211421823E-02 0.0000000000000E+00 2.8777453970000E-02 0.0000000000000E+00
 0.0000000000000E+00-1.0740071494647E-01 0.0000000000000E+00 1.0347296077300E-01
 0.0000000000000E+00 0.0000000000000E+00 1.3400573948514E+00 0.0000000000000E+00
-2.0274408464000E-02 0.0000000000000E+00 0.0000000000000E+00-3.1552092795510E-03
 0.0000000000000E+00 0.0000000000000E+00 0.0000000000000E+00 1.6527594681900E-01
 0.0000000000000E+00 0.0000000000000E+00 1.8851782965578E-02 0.0000000000000E+00
 0.0000000000000E+00 0.0000000000000E+00 1.3324830757000E-02 0.0000000000000E+00
 0.0000000000000E+00 3.1989735532689E-04 0.0000000000000E+00 0.0000000000000E+00
 0.0000000000000E+00-1.2811279876135E-04 0.0000000000000E+00 2.2203370277000E-02
 1.0605663189270E+00 2.1229625998710E+00 4.8227526091200E-01 0.0000000000000E+00
-6.5193401204000E-02-1.4944456267000E-02 0.0000000000000E+00 2.3428896352800E-01
-8.8017610848000E-02 0.0000000000000E+00-7.9682972493100E-01-7.8577841647300E-01
 7.6686383975000E-03 0.0000000000000E+00-1.2522589595650E-02-1.0053289442728E-02
 0.0000000000000E+00 4.2701230237500E-02 0.0000000000000E+00 1.8155692960381E-01
 2.0463729619514E-01 0.0000000000000E+00-2.0992899986000E-02 0.0000000000000E+00
-5.5079353031585E-03-3.6136468229860E-03 0.0000000000000E+00 0.0000000000000E+00
-1.1149495199015E-03 2.2203370277000E-02 1.0605663189270E+00 2.1229625998710E+00
 4.8227526091200E-01 0.0000000000000E+00 6.5193401204000E-02-1.4944456267000E-02
 0.0000000000000E+00-2.3428896352800E-01-8.8017610848000E-02 0.0000000000000E+00
 7.9682972493100E-01-7.8577841647300E-01 7.6686383975000E-03 0.0000000000000E+00
 1.2522589595650E-02-1.0053289442728E-02 0.0000000000000E+00 4.2701230237500E-02
 0.0000000000000E+00-1.8155692960381E-01 2.0463729619514E-01 0.0000000000000E+00
-2.0992899986000E-02 0.0000000000000E+00 5.5079353031585E-03-3.6136468229860E-03
 0.0000000000000E+00 0.0000000000000E+00 1.1149495199015E-03 0.0000000000000E+00
 0.0000000000000E+00 0.0000000000000E+00 0.0000000000000E+00 0.0000000000000E+00
 0.0000000000000E+00-1.4897611312600E-01 0.0000000000000E+00 0.0000000000000E+00
-5.8258016209000E-02 0.0000000000000E+00 0.0000000000000E+00-4.0375529683700E-01
 0.0000000000000E+00 0.0000000000000E+00-1.8213648000120E+00 0.0000000000000E+00
 0.0000000000000E+00 0.0000000000000E+00-5.9306123473468E-02 0.0000000000000E+00
 0.0000000000000E+00 0.0000000000000E+00 0.0000000000000E+00 4.0279088635814E-01
 0.0000000000000E+00 0.0000000000000E+00 0.0000000000000E+00 0.0000000000000E+00
-3.6049985370794E+00 0.0000000000000E+00 0.0000000000000E+00 0.0000000000000E+00
 0.0000000000000E+00 1.2448872172191E-02 0.0000000000000E+00 0.0000000000000E+00
 0.0000000000000E+00-8.1534538943555E-04 0.0000000000000E+00 0.0000000000000E+00
-1.0631455268684E-01 0.0000000000000E+00 0.0000000000000E+00 0.0000000000000E+00
 1.6099491594704E-03 0.0000000000000E+00 0.0000000000000E+00-6.4306756778964E-03
 0.0000000000000E+00 0.0000000000000E+00 0.0000000000000E+00 4.9360751201513E-04
 0.0000000000000E+00 0.0000000000000E+00 1.8873772710000E-03 1.6181889721950E+00
 5.3582622498500E-01 8.7585041742800E-01 0.0000000000000E+00-4.7579156940000E-02
-4.5124479897000E-02 0.0000000000000E+00-3.2719237741000E-02 1.2247025453000E-01
 0.0000000000000E+00-3.5777316999800E-01-1.6326018887700E-01-1.3515573158500E-02
 0.0000000000000E+00 1.9726223808617E-02 3.6729255924249E-03 0.0000000000000E+00
-2.3217835942500E-02 0.0000000000000E+00-5.0426191400004E-01-3.9827238608159E-02
 0.0000000000000E+00-2.7091117210000E-03 0.0000000000000E+00 2.5219033706102E-02
-5.6840785898440E-03 0.0000000000000E+00 0.0000000000000E+00-1.5402226867519E-03
-1.8873772710000E-03-1.6181889721950E+00-5.3582622498500E-01-8.7585041742800E-01
 0.0000000000000E+00-4.7579156940000E-02 4.5124479897000E-02 0.0000000000000E+00
-3.2719237741000E-02-1.2247025453000E-01 0.0000000000000E+00-3.5777316999800E-01
 1.6326018887700E-01 1.3515573158500E-02 0.0000000000000E+00 1.9726223808617E-02
-3.6729255924249E-03 0.0000000000000E+00 2.3217835942500E-02 0.0000000000000E+00
-5.0426191400004E-01 3.9827238608159E-02 0.0000000000000E+00 2.7091117210000E-03
 0.0000000000000E+00 2.5219033706102E-02 5.6840785898440E-03 0.0000000000000E+00
 0.0000000000000E+00-1.5402226867519E-03 0.0000000000000E+00 0.0000000000000E+00
 0.0000000000000E+00 0.0000000000000E+00 0.0000000000000E+00 5.6948554900000E-04
 0.0000000000000E+00 0.0000000000000E+00 5.8760849625000E-02 0.0000000000000E+00
 0.0000000000000E+00-5.0157568693500E-01 0.0000000000000E+00 0.0000000000000E+00
-4.5007247434900E-01 0.0000000000000E+00 0.0000000000000E+00 0.0000000000000E+00
-1.3856692636914E-02 0.0000000000000E+00 0.0000000000000E+00 0.0000000000000E+00
 0.0000000000000E+00-1.7510465745846E-02 0.0000000000000E+00 0.0000000000000E+00
 0.0000000000000E+00 0.0000000000000E+00-1.7518758733579E+00 0.0000000000000E+00
 0.0000000000000E+00 0.0000000000000E+00 0.0000000000000E+00 3.4571259442704E-03
 0.0000000000000E+00 0.0000000000000E+00 0.0000000000000E+00 1.3119644195883E-04
 0.0000000000000E+00 0.0000000000000E+00-3.5868012355574E-02 0.0000000000000E+00
 0.0000000000000E+00 0.0000000000000E+00 3.5237402786256E-03 0.0000000000000E+00
 0.0000000000000E+00-5.0788426959778E-03 0.0000000000000E+00 0.0000000000000E+00
 0.0000000000000E+00 3.2398837758062E-04 0.0000000000000E+00 0.0000000000000E+00
 0.0000000000000E+00 0.0000000000000E+00 0.0000000000000E+00 0.0000000000000E+00
 0.0000000000000E+00 2.9660222710000E-03 0.0000000000000E+00 0.0000000000000E+00
-5.7916001954000E-02 0.0000000000000E+00 0.0000000000000E+00 5.3662725235700E-01
 0.0000000000000E+00 0.0000000000000E+00 0.0000000000000E+00-1.2011114281688E-01
 0.0000000000000E+00 0.0000000000000E+00 1.2049201975024E-01 0.0000000000000E+00
 7.4904781799965E-01 0.0000000000000E+00 0.0000000000000E+00-1.2250107149560E+00
 0.0000000000000E+00-1.2499718037280E-03 0.0000000000000E+00 0.0000000000000E+00
 2.0482736589271E-03-2.3686894713101E-03 0.0000000000000E+00 0.0000000000000E+00
 0.0000000000000E+00 0.0000000000000E+00 0.0000000000000E+00 2.9660222710000E-03
 0.0000000000000E+00 0.0000000000000E+00-5.7916001954000E-02 0.0000000000000E+00
 0.0000000000000E+00 5.3662725235700E-01 0.0000000000000E+00 0.0000000000000E+00
 0.0000000000000E+00-1.2011114281688E-01 0.0000000000000E+00 0.0000000000000E+00
-1.2049201975024E-01 0.0000000000000E+00 7.4904781799965E-01 0.0000000000000E+00
 0.0000000000000E+00 1.2250107149560E+00 0.0000000000000E+00-1.2499718037280E-03
 0.0000000000000E+00 0.0000000000000E+00-2.0482736589271E-03-2.3686894713101E-03
 0.0000000000000E+00-4.3709425610000E-03-3.4861343815000E-02-2.0135114745900E-01
 1.4191159215940E+00 2.5295391325020E+00 0.0000000000000E+00 0.0000000000000E+00
-5.6260574793000E-02 0.0000000000000E+00 0.0000000000000E+00-3.2790280480000E-03
 0.0000000000000E+00 0.0000000000000E+00 2.1110015779800E-01 0.0000000000000E+00
 0.0000000000000E+00 5.9512077356100E-01 1.6872457925000E-03 0.0000000000000E+00
 0.0000000000000E+00 2.3337057012049E-02 0.0000000000000E+00 1.6810352741500E-02
 0.0000000000000E+00 0.0000000000000E+00-1.3558017676491E-01 0.0000000000000E+00
-4.3118647714100E-01 0.0000000000000E+00 0.0000000000000E+00 2.2231702626927E-01
 0.0000000000000E+00 6.8879922510000E-03 0.0000000000000E+00 0.0000000000000E+00
-1.2167173186052E-03 0.0000000000000E+00 0.0000000000000E+00 0.0000000000000E+00
-1.4474848242000E-01 0.0000000000000E+00 0.0000000000000E+00-8.2766034938905E-03
 0.0000000000000E+00 0.0000000000000E+00 0.0000000000000E+00-1.5378375618000E-02
 0.0000000000000E+00 0.0000000000000E+00 1.0676051189057E-03 0.0000000000000E+00
 0.0000000000000E+00 0.0000000000000E+00-5.8488060967355E-05 0.0000000000000E+00
 3.1287739590000E-03 4.5584088222500E-01-2.1158195213310E+00 3.3734399118000E-02
 0.0000000000000E+00 2.9883872233000E-02-7.1244702794000E-02 0.0000000000000E+00
-1.7064574173500E-01 5.3001159177400E-01 0.0000000000000E+00 7.6139415363500E-01
 5.3101084324400E-01-1.9947876975000E-02 0.0000000000000E+00 7.1353307711838E-02
 5.4755765868738E-02 0.0000000000000E+00 5.2328168380500E-02 0.0000000000000E+00
-1.2258627461098E+00-4.5373292075310E-01 0.0000000000000E+00-2.6145683188000E-02
 0.0000000000000E+00 1.6587902388941E-02-6.2376848420112E-03 0.0000000000000E+00
 0.0000000000000E+00 6.1481440054713E-04 3.1287739590000E-03 4.5584088222500E-01
-2.1158195213310E+00 3.3734399118000E-02 0.0000000000000E+00-2.9883872233000E-02
-7.1244702794000E-02 0.0000000000000E+00 1.7064574173500E-01 5.3001159177400E-01
 0.0000000000000E+00-7.6139415363500E-01 5.3101084324400E-01-1.9947876975000E-02
 0.0000000000000E+00-7.1353307711838E-02 5.4755765868738E-02 0.0000000000000E+00
 5.2328168380500E-02 0.0000000000000E+00 1.2258627461098E+00-4.5373292075310E-01
 0.0000000000000E+00-2.6145683188000E-02 0.0000000000000E+00-1.6587902388941E-02
-6.2376848420112E-03 0.0000000000000E+00 0.0000000000000E+00-6.1481440054713E-04
 0.0000000000000E+00 0.0000000000000E+00 0.0000000000000E+00 0.0000000000000E+00
 0.0000000000000E+00 0.0000000000000E+00 0.0000000000000E+00 0.0000000000000E+00
 0.0000000000000E+00 0.0000000000000E+00 0.0000000000000E+00 0.0000000000000E+00
 0.0000000000000E+00 0.0000000000000E+00 0.0000000000000E+00 0.0000000000000E+00
 0.0000000000000E+00 0.0000000000000E+00 0.0000000000000E+00 0.0000000000000E+00
 0.0000000000000E+00-2.6514490251276E-02 0.0000000000000E+00 0.0000000000000E+00
 0.0000000000000E+00 0.0000000000000E+00 2.5135571738746E-01 0.0000000000000E+00
 0.0000000000000E+00 0.0000000000000E+00 0.0000000000000E+00 8.0321805714737E-01
 0.0000000000000E+00 0.0000000000000E+00 0.0000000000000E+00 0.0000000000000E+00
-1.0491930867658E-03 0.0000000000000E+00 0.0000000000000E+00 0.0000000000000E+00
 0.0000000000000E+00 0.0000000000000E+00 0.0000000000000E+00 2.8113041909442E-02
 0.0000000000000E+00 0.0000000000000E+00 0.0000000000000E+00 0.0000000000000E+00
 0.0000000000000E+00 0.0000000000000E+00-1.2022760870353E-04 0.0000000000000E+00
 0.0000000000000E+00 0.0000000000000E+00-7.1091233666501E-05 0.0000000000000E+00
 0.0000000000000E+00 0.0000000000000E+00 0.0000000000000E+00-9.3196156487000E-02
 0.0000000000000E+00 0.0000000000000E+00 7.1042093810500E-01 0.0000000000000E+00
 0.0000000000000E+00-8.2530808765700E-01 0.0000000000000E+00 0.0000000000000E+00
 0.0000000000000E+00-1.1219811775601E-01 0.0000000000000E+00 0.0000000000000E+00
 2.1016861680919E-02 0.0000000000000E+00 1.1135151282277E+00 0.0000000000000E+00
 0.0000000000000E+00 1.1283066553244E-01 0.0000000000000E+00-3.2117753745158E-03
 0.0000000000000E+00 0.0000000000000E+00-4.4087438265699E-03 2.1989870258461E-03
 0.0000000000000E+00 0.0000000000000E+00 0.0000000000000E+00 0.0000000000000E+00
 0.0000000000000E+00 9.3196156487000E-02 0.0000000000000E+00 0.0000000000000E+00
-7.1042093810500E-01 0.0000000000000E+00 0.0000000000000E+00 8.2530808765700E-01
 0.0000000000000E+00 0.0000000000000E+00 0.0000000000000E+00 1.1219811775601E-01
 0.0000000000000E+00 0.0000000000000E+00 2.1016861680919E-02 0.0000000000000E+00
-1.1135151282277E+00 0.0000000000000E+00 0.0000000000000E+00 1.1283066553244E-01
 0.0000000000000E+00 3.2117753745158E-03 0.0000000000000E+00 0.0000000000000E+00
-4.4087438265699E-03-2.1989870258461E-03 0.0000000000000E+00 0.0000000000000E+00
 0.0000000000000E+00 0.0000000000000E+00 0.0000000000000E+00 0.0000000000000E+00
 0.0000000000000E+00 2.8205194663000E-02 0.0000000000000E+00 0.0000000000000E+00
 1.5990605269000E-01 0.0000000000000E+00 0.0000000000000E+00-1.3424527651720E+00
 0.0000000000000E+00 0.0000000000000E+00-5.6066812527100E-01 0.0000000000000E+00
 0.0000000000000E+00 0.0000000000000E+00 8.1653953233919E-03 0.0000000000000E+00
 0.0000000000000E+00 0.0000000000000E+00 0.0000000000000E+00-9.0020239619789E-02
 0.0000000000000E+00 0.0000000000000E+00 0.0000000000000E+00 0.0000000000000E+00
 1.3882709176130E+00 0.0000000000000E+00 0.0000000000000E+00 0.0000000000000E+00
 0.0000000000000E+00-1.0496276187622E-02 0.0000000000000E+00 0.0000000000000E+00
 0.0000000000000E+00-2.6257254208215E-04 0.0000000000000E+00 0.0000000000000E+00
 2.0827586319236E-01 0.0000000000000E+00 0.0000000000000E+00 0.0000000000000E+00
 1.2274035816988E-02 0.0000000000000E+00 0.0000000000000E+00 1.9565625994621E-02
 0.0000000000000E+00 0.0000000000000E+00 0.0000000000000E+00 5.2551251767665E-04
 0.0000000000000E+00 0.0000000000000E+00-1.0641241255000E-02-4.6622004196400E-01
 1.0560450261350E+00-6.2547098491000E-02 0.0000000000000E+00 2.0886513677000E-02
 1.0959326410000E-02 0.0000000000000E+00-1.3582785811000E-01-6.5794115223000E-02
 0.0000000000000E+00 2.1908760451000E-01-9.3448536947100E-01-3.0899433483000E-02
 0.0000000000000E+00 7.4201612381910E-02 2.2748156820702E-02 0.0000000000000E+00
 5.7849624601300E-01 0.0000000000000E+00-1.0329120846640E-01 2.9098292746240E-04
 0.0000000000000E+00-6.0418774689000E-02 0.0000000000000E+00-4.5096174777401E-02
 1.6322065269633E-03 0.0000000000000E+00 0.0000000000000E+00-1.8836719395421E-03
 1.0641241255000E-02 4.6622004196400E-01-1.0560450261350E+00 6.2547098491000E-02
 0.0000000000000E+00 2.0886513677000E-02-1.0959326410000E-02 0.0000000000000E+00
-1.3582785811000E-01 6.5794115223000E-02 0.0000000000000E+00 2.1908760451000E-01
 9.3448536947100E-01 3.0899433483000E-02 0.0000000000000E+00 7.4201612381910E-02
-2.2748156820702E-02 0.0000000000000E+00-5.7849624601300E-01 0.0000000000000E+00
-1.0329120846640E-01-2.9098292746240E-04 0.0000000000000E+00 6.0418774689000E-02
 0.0000000000000E+00-4.5096174777401E-02-1.6322065269633E-03 0.0000000000000E+00
 0.0000000000000E+00-1.8836719395421E-03 0.0000000000000E+00 0.0000000000000E+00
 0.0000000000000E+00 0.0000000000000E+00 0.0000000000000E+00-9.3605922561000E-02
 0.0000000000000E+00 0.0000000000000E+00-5.1648658762200E-01 0.0000000000000E+00
 0.0000000000000E+00 1.3178828747930E+00 0.0000000000000E+00 0.0000000000000E+00
 3.5898624127300E-01 0.0000000000000E+00 0.0000000000000E+00 0.0000000000000E+00
-4.7305432522505E-02 0.0000000000000E+00 0.0000000000000E+00 0.0000000000000E+00
 0.0000000000000E+00 3.0597327628158E-01 0.0000000000000E+00 0.0000000000000E+00
 0.0000000000000E+00 0.0000000000000E+00 1.6537306444321E-01 0.0000000000000E+00
 0.0000000000000E+00 0.0000000000000E+00 0.0000000000000E+00-2.1186117591591E-03
 0.0000000000000E+00 0.0000000000000E+00 0.0000000000000E+00 4.1533752745484E-04
 0.0000000000000E+00 0.0000000000000E+00 4.4745409071387E-02 0.0000000000000E+00
 0.0000000000000E+00 0.0000000000000E+00-1.2043004362444E-02 0.0000000000000E+00
 0.0000000000000E+00-1.7099648026202E-03 0.0000000000000E+00 0.0000000000000E+00
 0.0000000000000E+00-4.9853386846333E-04 0.0000000000000E+00 0.0000000000000E+00
 0.0000000000000E+00 0.0000000000000E+00 0.0000000000000E+00 0.0000000000000E+00
 0.0000000000000E+00-1.0091373912700E-01 0.0000000000000E+00 0.0000000000000E+00
 7.8127911257700E-01 0.0000000000000E+00 0.0000000000000E+00-9.8296612701900E-01
 0.0000000000000E+00 0.0000000000000E+00 0.0000000000000E+00-5.0782773535644E-02
 0.0000000000000E+00 0.0000000000000E+00-3.9042065212230E-03 0.0000000000000E+00
 8.3858494915672E-01 0.0000000000000E+00 0.0000000000000E+00 5.2957524011404E-01
 0.0000000000000E+00-1.0212644964815E-02 0.0000000000000E+00 0.0000000000000E+00
-9.5424869199840E-03 2.2922007975355E-03 0.0000000000000E+00 0.0000000000000E+00
 0.0000000000000E+00 0.0000000000000E+00 0.0000000000000E+00-1.0091373912700E-01
 0.0000000000000E+00 0.0000000000000E+00 7.8127911257700E-01 0.0000000000000E+00
 0.0000000000000E+00-9.8296612701900E-01 0.0000000000000E+00 0.0000000000000E+00
 0.0000000000000E+00-5.0782773535644E-02 0.0000000000000E+00 0.0000000000000E+00
 3.9042065212230E-03 0.0000000000000E+00 8.3858494915672E-01 0.0000000000000E+00
 0.0000000000000E+00-5.2957524011404E-01 0.0000000000000E+00-1.0212644964815E-02
 0.0000000000000E+00 0.0000000000000E+00 9.5424869199840E-03 2.2922007975355E-03
 0.0000000000000E+00-6.2435182270000E-03 3.3049304196000E-02 1.1831732793700E-01
-1.6350324431570E+00-8.0994736624500E-01 0.0000000000000E+00 0.0000000000000E+00
 3.4835490953000E-02 0.0000000000000E+00 0.0000000000000E+00-1.8556421179500E-01
 0.0000000000000E+00 0.0000000000000E+00 6.4369192234700E-01 0.0000000000000E+00
 0.0000000000000E+00 3.4966682878600E-01-1.6589977144500E-02 0.0000000000000E+00
 0.0000000000000E+00-1.7444131866668E-02 0.0000000000000E+00 7.6136948235000E-02
 0.0000000000000E+00 0.0000000000000E+00 1.4913546687673E-01 0.0000000000000E+00
 3.2017674243200E-01 0.0000000000000E+00 0.0000000000000E+00 7.4454586202646E-02
 0.0000000000000E+00-1.0081066808000E-02 0.0000000000000E+00 0.0000000000000E+00
 1.7069088361750E-03 0.0000000000000E+00 0.0000000000000E+00 0.0000000000000E+00
 2.0827654496900E-01 0.0000000000000E+00 0.0000000000000E+00-8.5196613045888E-03
 0.0000000000000E+00 0.0000000000000E+00 0.0000000000000E+00-1.2054255028000E-02
 0.0000000000000E+00 0.0000000000000E+00-2.2425309536461E-03 0.0000000000000E+00
 0.0000000000000E+00 0.0000000000000E+00 3.9400508832873E-06 0.0000000000000E+00
 3.2059977120000E-03-2.5515488578100E-01 8.5850831814500E-01 8.8990001299000E-02
 0.0000000000000E+00 4.0907929984000E-02-4.2152179653000E-02 0.0000000000000E+00
-1.4904025297700E-01 4.7539466585300E-01 0.0000000000000E+00-1.8301547280500E-01
-1.2480296698030E+00-2.9078814325000E-02 0.0000000000000E+00-8.9758747697023E-02
 1.8890228812586E-03 0.0000000000000E+00 3.8759620422100E-01 0.0000000000000E+00
 1.2208805696330E+00 1.1049623894788E-01 0.0000000000000E+00-1.1009328180000E-03
 0.0000000000000E+00-3.1106866217951E-02 3.8128446232439E-03 0.0000000000000E+00
 0.0000000000000E+00-4.5490711461542E-04 3.2059977120000E-03-2.5515488578100E-01
 8.5850831814500E-01 8.8990001299000E-02 0.0000000000000E+00-4.0907929984000E-02
-4.2152179653000E-02 0.0000000000000E+00 1.4904025297700E-01 4.7539466585300E-01
 0.0000000000000E+00 1.8301547280500E-01-1.2480296698030E+00-2.9078814325000E-02
 0.0000000000000E+00 8.9758747697023E-02 1.8890228812586E-03 0.0000000000000E+00
 3.8759620422100E-01 0.0000000000000E+00-1.2208805696330E+00 1.1049623894788E-01
 0.0000000000000E+00-1.1009328180000E-03 0.0000000000000E+00 3.1106866217951E-02
 3.8128446232439E-03 0.0000000000000E+00 0.0000000000000E+00 4.5490711461542E-04
 0.0000000000000E+00 0.0000000000000E+00 0.0000000000000E+00 0.0000000000000E+00
 0.0000000000000E+00 0.0000000000000E+00-3.3965760341000E-02 0.0000000000000E+00
 0.0000000000000E+00 1.4013525430700E-01 0.0000000000000E+00 0.0000000000000E+00
-6.4982908983800E-01 0.0000000000000E+00 0.0000000000000E+00-1.3421214485980E+00
 0.0000000000000E+00 0.0000000000000E+00 0.0000000000000E+00-6.6365359652089E-03
 0.0000000000000E+00 0.0000000000000E+00 0.0000000000000E+00 0.0000000000000E+00
 2.0041706878636E-01 0.0000000000000E+00 0.0000000000000E+00 0.0000000000000E+00
 0.0000000000000E+00-2.0356285910521E+00 0.0000000000000E+00 0.0000000000000E+00
 0.0000000000000E+00 0.0000000000000E+00 5.5922668593973E-03 0.0000000000000E+00
 0.0000000000000E+00 0.0000000000000E+00-4.5176865623198E-04 0.0000000000000E+00
 0.0000000000000E+00 1.4863543801834E-02 0.0000000000000E+00 0.0000000000000E+00
 0.0000000000000E+00 8.8221807730237E-03 0.0000000000000E+00 0.0000000000000E+00
 4.3390368789657E-03 0.0000000000000E+00 0.0000000000000E+00 0.0000000000000E+00
 3.9656993210390E-04 0.0000000000000E+00 0.0000000000000E+00-2.0645811465000E-02
 8.8406125115300E-01 3.9864699290000E-03-5.2168800081000E-02 0.0000000000000E+00
 5.9330505799000E-02-8.9814344134000E-02 0.0000000000000E+00-8.8990478328000E-01
 5.4801768532900E-01 0.0000000000000E+00 1.3573858560590E+00-7.3820216550300E-01
 6.0376616865000E-03 0.0000000000000E+00-1.7106813802759E-02-6.1758731841500E-02
 0.0000000000000E+00-1.1047697905000E-02 0.0000000000000E+00 1.7851821418853E-01
 5.5682916024659E-01 0.0000000000000E+00-2.8440342741000E-02 0.0000000000000E+00
-1.2190652273592E-02-3.1574080419103E-03 0.0000000000000E+00 0.0000000000000E+00
-2.7452613610378E-03 2.0645811465000E-02-8.8406125115300E-01-3.9864699290000E-03
 5.2168800081000E-02 0.0000000000000E+00 5.9330505799000E-02 8.9814344134000E-02
 0.0000000000000E+00-8.8990478328000E-01-5.4801768532900E-01 0.0000000000000E+00
 1.3573858560590E+00 7.3820216550300E-01-6.0376616865000E-03 0.0000000000000E+00
-1.7106813802759E-02 6.1758731841500E-02 0.0000000000000E+00 1.1047697905000E-02
 0.0000000000000E+00 1.7851821418853E-01-5.5682916024659E-01 0.0000000000000E+00
 2.8440342741000E-02 0.0000000000000E+00-1.2190652273592E-02 3.1574080419103E-03
 0.0000000000000E+00 0.0000000000000E+00-2.7452613610378E-03 0.0000000000000E+00
 0.0000000000000E+00 0.0000000000000E+00 0.0000000000000E+00 0.0000000000000E+00
 1.7036020418000E-01 0.0000000000000E+00 0.0000000000000E+00 7.1595894106900E-01
 0.0000000000000E+00 0.0000000000000E+00 3.8354763022200E-01 0.0000000000000E+00
 0.0000000000000E+00 1.0630954346240E+00 0.0000000000000E+00 0.0000000000000E+00
 0.0000000000000E+00-2.3134994205074E-02 0.0000000000000E+00 0.0000000000000E+00
 0.0000000000000E+00 0.0000000000000E+00 9.5629098954947E-02 0.0000000000000E+00
 0.0000000000000E+00 0.0000000000000E+00 0.0000000000000E+00 1.5688871910658E+00
 0.0000000000000E+00 0.0000000000000E+00 0.0000000000000E+00 0.0000000000000E+00
-3.7999483506406E-03 0.0000000000000E+00 0.0000000000000E+00 0.0000000000000E+00
 8.8709508887674E-04 0.0000000000000E+00 0.0000000000000E+00 5.3834227830719E-02
 0.0000000000000E+00 0.0000000000000E+00 0.0000000000000E+00-1.5296662683765E-02
 0.0000000000000E+00 0.0000000000000E+00-3.8206806575475E-04 0.0000000000000E+00
 0.0000000000000E+00 0.0000000000000E+00-7.1062390341069E-04 0.0000000000000E+00
 0.0000000000000E+00 0.0000000000000E+00 0.0000000000000E+00 0.0000000000000E+00
 0.0000000000000E+00 0.0000000000000E+00 2.7684113348000E-02 0.0000000000000E+00
 0.0000000000000E+00-1.8082540331400E-01 0.0000000000000E+00 0.0000000000000E+00
-8.3047682928800E-01 0.0000000000000E+00 0.0000000000000E+00 0.0000000000000E+00
-9.8241164479948E-02 0.0000000000000E+00 0.0000000000000E+00-1.0831004300175E-01
 0.0000000000000E+00 1.1806533586947E+00 0.0000000000000E+00 0.0000000000000E+00
 1.4107033900221E+00 0.0000000000000E+00-4.1737195843016E-03 0.0000000000000E+00
 0.0000000000000E+00-3.1542310353497E-03 1.8879020160684E-03 0.0000000000000E+00
 0.0000000000000E+00 0.0000000000000E+00 0.0000000000000E+00 0.0000000000000E+00
 2.7684113348000E-02 0.0000000000000E+00 0.0000000000000E+00-1.8082540331400E-01
 0.0000000000000E+00 0.0000000000000E+00-8.3047682928800E-01 0.0000000000000E+00
 0.0000000000000E+00 0.0000000000000E+00-9.8241164479948E-02 0.0000000000000E+00
 0.0000000000000E+00 1.0831004300175E-01 0.0000000000000E+00 1.1806533586947E+00
 0.0000000000000E+00 0.0000000000000E+00-1.4107033900221E+00 0.0000000000000E+00
-4.1737195843016E-03 0.0000000000000E+00 0.0000000000000E+00 3.1542310353497E-03
 1.8879020160684E-03 0.0000000000000E+00 0.0000000000000E+00 0.0000000000000E+00
 0.0000000000000E+00 0.0000000000000E+00 0.0000000000000E+00 0.0000000000000E+00
 0.0000000000000E+00 0.0000000000000E+00 0.0000000000000E+00 0.0000000000000E+00
 0.0000000000000E+00 0.0000000000000E+00 0.0000000000000E+00 0.0000000000000E+00
 0.0000000000000E+00 0.0000000000000E+00 0.0000000000000E+00 0.0000000000000E+00
 0.0000000000000E+00 0.0000000000000E+00 0.0000000000000E+00 4.8009355869714E-02
 0.0000000000000E+00 0.0000000000000E+00 0.0000000000000E+00 0.0000000000000E+00
-2.1538665228050E-01 0.0000000000000E+00 0.0000000000000E+00 0.0000000000000E+00
 0.0000000000000E+00 3.0018063745126E-01 0.0000000000000E+00 0.0000000000000E+00
 0.0000000000000E+00 0.0000000000000E+00 1.5203862276522E-03 0.0000000000000E+00
 0.0000000000000E+00 0.0000000000000E+00 0.0000000000000E+00 0.0000000000000E+00
 0.0000000000000E+00-2.9173623225270E-02 0.0000000000000E+00 0.0000000000000E+00
 0.0000000000000E+00 0.0000000000000E+00 0.0000000000000E+00 0.0000000000000E+00
-1.4367311590375E-03 0.0000000000000E+00 0.0000000000000E+00 0.0000000000000E+00
 1.9456578097908E-06 0.0000000000000E+00 0.0000000000000E+00 0.0000000000000E+00
 0.0000000000000E+00 6.0633638367000E-02 0.0000000000000E+00 0.0000000000000E+00
-4.6096584311000E-01 0.0000000000000E+00 0.0000000000000E+00 5.6547274600100E-01
 0.0000000000000E+00 0.0000000000000E+00 0.0000000000000E+00-8.2338580050764E-02
 0.0000000000000E+00 0.0000000000000E+00 1.3845086625178E-01 0.0000000000000E+00
 4.8399482536696E-01 0.0000000000000E+00 0.0000000000000E+00-1.5011864584813E+00
 0.0000000000000E+00 3.7207066181239E-03 0.0000000000000E+00 0.0000000000000E+00
 5.7467431363460E-03-8.1512621012626E-04 0.0000000000000E+00 0.0000000000000E+00
 0.0000000000000E+00 0.0000000000000E+00 0.0000000000000E+00-6.0633638367000E-02
 0.0000000000000E+00 0.0000000000000E+00 4.6096584311000E-01 0.0000000000000E+00
 0.0000000000000E+00-5.6547274600100E-01 0.0000000000000E+00 0.0000000000000E+00
 0.0000000000000E+00 8.2338580050764E-02 0.0000000000000E+00 0.0000000000000E+00
 1.3845086625178E-01 0.0000000000000E+00-4.8399482536696E-01 0.0000000000000E+00
 0.0000000000000E+00-1.5011864584813E+00 0.0000000000000E+00-3.7207066181239E-03
 0.0000000000000E+00 0.0000000000000E+00 5.7467431363460E-03 8.1512621012626E-04
 0.0000000000000E+00 0.0000000000000E+00 0.0000000000000E+00 0.0000000000000E+00
 0.0000000000000E+00 0.0000000000000E+00 0.0000000000000E+00-1.1219197574900E-01
 0.0000000000000E+00 0.0000000000000E+00 1.6818884650000E-03 0.0000000000000E+00
 0.0000000000000E+00 1.4928471068560E+00 0.0000000000000E+00 0.0000000000000E+00
 1.3835977715950E+00 0.0000000000000E+00 0.0000000000000E+00 0.0000000000000E+00
 1.2715586968210E-02 0.0000000000000E+00 0.0000000000000E+00 0.0000000000000E+00
 0.0000000000000E+00 4.7017396140651E-01 0.0000000000000E+00 0.0000000000000E+00
 0.0000000000000E+00 0.0000000000000E+00-1.0794927691275E+00 0.0000000000000E+00
 0.0000000000000E+00 0.0000000000000E+00 0.0000000000000E+00 1.1802582006386E-02
 0.0000000000000E+00 0.0000000000000E+00 0.0000000000000E+00-5.1601590531420E-04
 0.0000000000000E+00 0.0000000000000E+00-1.4060991955927E-01 0.0000000000000E+00
 0.0000000000000E+00 0.0000000000000E+00 1.4386130720384E-03 0.0000000000000E+00
 0.0000000000000E+00-5.4044737286257E-03 0.0000000000000E+00 0.0000000000000E+00
 0.0000000000000E+00 5.3826997043901E-04 0.0000000000000E+00 0.0000000000000E+00
 2.1761007068000E-02 6.4033984241000E-01-3.2867545536530E+00-7.2028755820300E-01
 0.0000000000000E+00-1.4733599520000E-02 2.0861170841000E-02 0.0000000000000E+00
-4.2887125172400E-01-4.5942557611300E-01 0.0000000000000E+00 1.9659686485700E+00
 1.9250168870070E+00-1.9812989125000E-03 0.0000000000000E+00 1.3947347907368E-01
-4.9462824720916E-02 0.0000000000000E+00-1.5331457724700E-01 0.0000000000000E+00
-1.7936611868728E+00 4.6726586541072E-01 0.0000000000000E+00 2.2219045390000E-03
 0.0000000000000E+00 3.1879302327380E-02-6.1656190743458E-03 0.0000000000000E+00
 0.0000000000000E+00-1.7028184889200E-03-2.1761007068000E-02-6.4033984241000E-01
 3.2867545536530E+00 7.2028755820300E-01 0.0000000000000E+00-1.4733599520000E-02
-2.0861170841000E-02 0.0000000000000E+00-4.2887125172400E-01 4.5942557611300E-01
 0.0000000000000E+00 1.9659686485700E+00-1.9250168870070E+00 1.9812989125000E-03
 0.0000000000000E+00 1.3947347907368E-01 4.9462824720916E-02 0.0000000000000E+00
 1.5331457724700E-01 0.0000000000000E+00-1.7936611868728E+00-4.6726586541072E-01
 0.0000000000000E+00-2.2219045390000E-03 0.0000000000000E+00 3.1879302327380E-02
 6.1656190743458E-03 0.0000000000000E+00 0.0000000000000E+00-1.7028184889200E-03
 2.6763312499000E-02 1.4375295791800E-01 4.7644223079000E-01-3.9582780726410E+00
-4.4647330236210E+00 0.0000000000000E+00 0.0000000000000E+00 7.9326165920000E-02
 0.0000000000000E+00 0.0000000000000E+00 3.4738524166000E-02 0.0000000000000E+00
 0.0000000000000E+00-2.1020661126220E+00 0.0000000000000E+00 0.0000000000000E+00
-9.3291424200000E-01 1.1324069952500E-02 0.0000000000000E+00 0.0000000000000E+00
 3.3327228368677E-03 0.0000000000000E+00-4.7544450753000E-02 0.0000000000000E+00
 0.0000000000000E+00 1.7993349073832E-01 0.0000000000000E+00-2.7955783318850E-01
 0.0000000000000E+00 0.0000000000000E+00-5.1733540374327E-01 0.0000000000000E+00
 2.7587247632000E-02 0.0000000000000E+00 0.0000000000000E+00 4.3875689273594E-03
 0.0000000000000E+00 0.0000000000000E+00 0.0000000000000E+00-2.6295532685800E-01
 0.0000000000000E+00 0.0000000000000E+00-2.4933483979879E-02 0.0000000000000E+00
 0.0000000000000E+00 0.0000000000000E+00-1.0118038012000E-02 0.0000000000000E+00
 0.0000000000000E+00-3.0148882232125E-04 0.0000000000000E+00 0.0000000000000E+00
 0.0000000000000E+00 1.8122739507832E-04 0.0000000000000E+00-3.8872828077000E-02
-4.0315904469800E-01 3.4130170232740E+00 2.3760189969500E-01 0.0000000000000E+00
 4.7828327570000E-03 2.2105660966000E-02 0.0000000000000E+00 2.4894199409900E-01
 1.7641608073700E-01 0.0000000000000E+00-2.3036264585740E+00-1.1959274884950E+00
 7.8671032515000E-03 0.0000000000000E+00-1.2524823307954E-01 4.8781683906602E-02
 0.0000000000000E+00-2.1500208311250E-01 0.0000000000000E+00 1.6292009982385E+00
-8.3296401236811E-01 0.0000000000000E+00 5.6205211917000E-02 0.0000000000000E+00
 1.6240068413106E-03 1.2066344016238E-02 0.0000000000000E+00 0.0000000000000E+00
 2.3163291961244E-03-3.8872828077000E-02-4.0315904469800E-01 3.4130170232740E+00
 2.3760189969500E-01 0.0000000000000E+00-4.7828327570000E-03 2.2105660966000E-02
 0.0000000000000E+00-2.4894199409900E-01 1.7641608073700E-01 0.0000000000000E+00
 2.3036264585740E+00-1.1959274884950E+00 7.8671032515000E-03 0.0000000000000E+00
 1.2524823307954E-01 4.8781683906602E-02 0.0000000000000E+00-2.1500208311250E-01
 0.0000000000000E+00-1.6292009982385E+00-8.3296401236811E-01 0.0000000000000E+00
 5.6205211917000E-02 0.0000000000000E+00-1.6240068413106E-03 1.2066344016238E-02
 0.0000000000000E+00 0.0000000000000E+00-2.3163291961244E-03 0.0000000000000E+00
 0.0000000000000E+00 0.0000000000000E+00 0.0000000000000E+00 0.0000000000000E+00
 0.0000000000000E+00 0.0000000000000E+00 0.0000000000000E+00 0.0000000000000E+00
 0.0000000000000E+00 0.0000000000000E+00 0.0000000000000E+00 0.0000000000000E+00
 0.0000000000000E+00 0.0000000000000E+00 0.0000000000000E+00 0.0000000000000E+00
 0.0000000000000E+00 0.0000000000000E+00 0.0000000000000E+00 0.0000000000000E+00
-4.8482133957067E-02 0.0000000000000E+00 0.0000000000000E+00 0.0000000000000E+00
 0.0000000000000E+00-1.5598951705073E-02 0.0000000000000E+00 0.0000000000000E+00
 0.0000000000000E+00 0.0000000000000E+00 3.9547684450582E+00 0.0000000000000E+00
 0.0000000000000E+00 0.0000000000000E+00 0.0000000000000E+00-2.2608034091017E-03
 0.0000000000000E+00 0.0000000000000E+00 0.0000000000000E+00 0.0000000000000E+00
 0.0000000000000E+00 0.0000000000000E+00 5.9486427838789E-02 0.0000000000000E+00
 0.0000000000000E+00 0.0000000000000E+00 0.0000000000000E+00 0.0000000000000E+00
 0.0000000000000E+00 3.7856339798302E-03 0.0000000000000E+00 0.0000000000000E+00
 0.0000000000000E+00-4.2333576938277E-04 0.0000000000000E+00 0.0000000000000E+00
 0.0000000000000E+00 0.0000000000000E+00 1.0812588374400E-01 0.0000000000000E+00
 0.0000000000000E+00-9.4700432653400E-01 0.0000000000000E+00 0.0000000000000E+00
-9.6024000733300E-01 0.0000000000000E+00 0.0000000000000E+00 0.0000000000000E+00
-1.1166590774348E-01 0.0000000000000E+00 0.0000000000000E+00-7.5748556657616E-02
 0.0000000000000E+00 2.0124996845968E+00 0.0000000000000E+00 0.0000000000000E+00
 1.8626397830184E+00 0.0000000000000E+00-8.2041910068038E-03 0.0000000000000E+00
 0.0000000000000E+00-1.3390638352805E-02 2.9188503126283E-03 0.0000000000000E+00
 0.0000000000000E+00 0.0000000000000E+00 0.0000000000000E+00 0.0000000000000E+00
-1.0812588374400E-01 0.0000000000000E+00 0.0000000000000E+00 9.4700432653400E-01
 0.0000000000000E+00 0.0000000000000E+00 9.6024000733300E-01 0.0000000000000E+00
 0.0000000000000E+00 0.0000000000000E+00 1.1166590774348E-01 0.0000000000000E+00
 0.0000000000000E+00-7.5748556657616E-02 0.0000000000000E+00-2.0124996845968E+00
 0.0000000000000E+00 0.0000000000000E+00 1.8626397830184E+00 0.0000000000000E+00
 8.2041910068038E-03 0.0000000000000E+00 0.0000000000000E+00-1.3390638352805E-02
-2.9188503126283E-03 0.0000000000000E+00 2.0478852718000E-02-7.1319903075000E-02
 4.5347932651000E-01-3.2108481005380E+00-9.0644885719370E+00 0.0000000000000E+00
 0.0000000000000E+00 1.3972449318600E-01 0.0000000000000E+00 0.0000000000000E+00
 7.0500978951200E-01 0.0000000000000E+00 0.0000000000000E+00-2.5078052484050E+00
 0.0000000000000E+00 0.0000000000000E+00-1.2751659320910E+00-1.4756908840000E-03
 0.0000000000000E+00 0.0000000000000E+00-2.9495275631208E-02 0.0000000000000E+00
-5.1794712608000E-02 0.0000000000000E+00 0.0000000000000E+00 1.7993215031979E-01
 0.0000000000000E+00 8.3078018856100E-01 0.0000000000000E+00 0.0000000000000E+00
 2.1846205987682E+00 0.0000000000000E+00-1.4473556037000E-02 0.0000000000000E+00
 0.0000000000000E+00-1.4336448943002E-05 0.0000000000000E+00 0.0000000000000E+00
 0.0000000000000E+00 3.7410077266700E-01 0.0000000000000E+00 0.0000000000000E+00
 4.8199632750887E-02 0.0000000000000E+00 0.0000000000000E+00 0.0000000000000E+00
 3.0549254666000E-02 0.0000000000000E+00 0.0000000000000E+00 1.0103669928941E-03
 0.0000000000000E+00 0.0000000000000E+00 0.0000000000000E+00-2.9169666212297E-04
 0.0000000000000E+00-4.3675076352000E-02 1.1969040402930E+00 5.1998790266830E+00
 2.5084395230500E-01 0.0000000000000E+00-6.1361100938000E-02 1.1347111268000E-01
 0.0000000000000E+00-1.4053036243500E-01-1.4629581640190E+00 0.0000000000000E+00
-1.3972297350370E+00-1.8855399332210E+00-2.9849287924500E-02 0.0000000000000E+00
 1.0753526532194E-01-2.2902317004302E-02 0.0000000000000E+00 5.1706983412650E-01
 0.0000000000000E+00 9.4206584366961E-01 1.4628879678804E-02 0.0000000000000E+00
 3.2312605900000E-02 0.0000000000000E+00-2.5795738425590E-02 4.8407778130157E-03
 0.0000000000000E+00 0.0000000000000E+00-1.0966350020474E-03-4.3675076352000E-02
 1.1969040402930E+00 5.1998790266830E+00 2.5084395230500E-01 0.0000000000000E+00
 6.1361100938000E-02 1.1347111268000E-01 0.0000000000000E+00 1.4053036243500E-01
-1.4629581640190E+00 0.0000000000000E+00 1.3972297350370E+00-1.8855399332210E+00
-2.9849287924500E-02 0.0000000000000E+00-1.0753526532194E-01-2.2902317004302E-02
 0.0000000000000E+00 5.1706983412650E-01 0.0000000000000E+00-9.4206584366961E-01
 1.4628879678804E-02 0.0000000000000E+00 3.2312605900000E-02 0.0000000000000E+00
 2.5795738425590E-02 4.8407778130157E-03 0.0000000000000E+00 0.0000000000000E+00
 1.0966350020474E-03 0.0000000000000E+00 0.0000000000000E+00 0.0000000000000E+00
 0.0000000000000E+00 0.0000000000000E+00-7.6642850968000E-02 0.0000000000000E+00
 0.0000000000000E+00-8.3092073313000E-01 0.0000000000000E+00 0.0000000000000E+00
 3.0684151432070E+00 0.0000000000000E+00 0.0000000000000E+00 2.7763165512000E-02
 0.0000000000000E+00 0.0000000000000E+00 0.0000000000000E+00-3.1986949632710E-02
 0.0000000000000E+00 0.0000000000000E+00 0.0000000000000E+00 0.0000000000000E+00
-1.0380507055296E-01 0.0000000000000E+00 0.0000000000000E+00 0.0000000000000E+00
 0.0000000000000E+00 2.3687025698222E+00 0.0000000000000E+00 0.0000000000000E+00
 0.0000000000000E+00 0.0000000000000E+00 5.5790729992902E-03 0.0000000000000E+00
 0.0000000000000E+00 0.0000000000000E+00-7.0514845430997E-04 0.0000000000000E+00
 0.0000000000000E+00-2.9151653089948E-02 0.0000000000000E+00 0.0000000000000E+00
 0.0000000000000E+00-4.0043326421540E-03 0.0000000000000E+00 0.0000000000000E+00
-1.2263921501420E-03 0.0000000000000E+00 0.0000000000000E+00 0.0000000000000E+00
-1.5388463665664E-03 0.0000000000000E+00 0.0000000000000E+00 0.0000000000000E+00
 0.0000000000000E+00 0.0000000000000E+00 0.0000000000000E+00 0.0000000000000E+00
 1.0650615008100E-01 0.0000000000000E+00 0.0000000000000E+00-8.8172523297200E-01
 0.0000000000000E+00 0.0000000000000E+00-6.0895734652900E-01 0.0000000000000E+00
 0.0000000000000E+00 0.0000000000000E+00-4.7971969338258E-02 0.0000000000000E+00
 0.0000000000000E+00-7.0907524183650E-02 0.0000000000000E+00 1.1402413323683E+00
 0.0000000000000E+00 0.0000000000000E+00 1.6642011464663E+00 0.0000000000000E+00
-1.2988483720634E-02 0.0000000000000E+00 0.0000000000000E+00-8.2584302617311E-03
 5.2243408825525E-03 0.0000000000000E+00 0.0000000000000E+00 0.0000000000000E+00
 0.0000000000000E+00 0.0000000000000E+00 1.0650615008100E-01 0.0000000000000E+00
 0.0000000000000E+00-8.8172523297200E-01 0.0000000000000E+00 0.0000000000000E+00
-6.0895734652900E-01 0.0000000000000E+00 0.0000000000000E+00 0.0000000000000E+00
-4.7971969338258E-02 0.0000000000000E+00 0.0000000000000E+00 7.0907524183650E-02
 0.0000000000000E+00 1.1402413323683E+00 0.0000000000000E+00 0.0000000000000E+00
-1.6642011464663E+00 0.0000000000000E+00-1.2988483720634E-02 0.0000000000000E+00
 0.0000000000000E+00 8.2584302617311E-03 5.2243408825525E-03 0.0000000000000E+00
 0.0000000000000E+00 0.0000000000000E+00 0.0000000000000E+00 0.0000000000000E+00
 0.0000000000000E+00 0.0000000000000E+00-1.0590749990000E-01 0.0000000000000E+00
 0.0000000000000E+00-6.1169849089900E-01 0.0000000000000E+00 0.0000000000000E+00
 4.5474876662360E+00 0.0000000000000E+00 0.0000000000000E+00 2.1056774758390E+00
 0.0000000000000E+00 0.0000000000000E+00 0.0000000000000E+00-1.2684648097903E-01
 0.0000000000000E+00 0.0000000000000E+00 0.0000000000000E+00 0.0000000000000E+00
 5.9748183316375E-01 0.0000000000000E+00 0.0000000000000E+00 0.0000000000000E+00
 0.0000000000000E+00 4.0409131205631E+00 0.0000000000000E+00 0.0000000000000E+00
 0.0000000000000E+00 0.0000000000000E+00-2.7923731851305E-03 0.0000000000000E+00
 0.0000000000000E+00 0.0000000000000E+00-1.1300702118431E-03 0.0000000000000E+00
 0.0000000000000E+00 2.1274441989575E-01 0.0000000000000E+00 0.0000000000000E+00
 0.0000000000000E+00 2.7056290625381E-03 0.0000000000000E+00 0.0000000000000E+00
 1.1995075756877E-02 0.0000000000000E+00 0.0000000000000E+00 0.0000000000000E+00
-7.2340255719788E-04 0.0000000000000E+00 0.0000000000000E+00 4.0873820491000E-02
-1.1528140108580E+00-6.3383766366820E+00-2.7312755644900E-01 0.0000000000000E+00
-8.5132232094000E-02-1.9759336884000E-02 0.0000000000000E+00 1.4233387736940E+00
 5.6738412727500E-01 0.0000000000000E+00 2.8959372754530E+00 1.1093198721370E+00
-2.1154038118000E-02 0.0000000000000E+00-1.5377332521489E-01-2.4247289959957E-02
 0.0000000000000E+00 3.8085437363250E-01 0.0000000000000E+00-3.9359568694228E-01
 1.0785751511263E+00 0.0000000000000E+00-7.1518752775000E-02 0.0000000000000E+00
-5.9717651360236E-03-1.0467375959852E-02 0.0000000000000E+00 0.0000000000000E+00
-1.8343833416548E-03-4.0873820491000E-02 1.1528140108580E+00 6.3383766366820E+00
 2.7312755644900E-01 0.0000000000000E+00-8.5132232094000E-02 1.9759336884000E-02
 0.0000000000000E+00 1.4233387736940E+00-5.6738412727500E-01 0.0000000000000E+00
 2.8959372754530E+00-1.1093198721370E+00 2.1154038118000E-02 0.0000000000000E+00
-1.5377332521489E-01 2.4247289959957E-02 0.0000000000000E+00-3.8085437363250E-01
 0.0000000000000E+00-3.9359568694228E-01-1.0785751511263E+00 0.0000000000000E+00
 7.1518752775000E-02 0.0000000000000E+00-5.9717651360236E-03 1.0467375959852E-02
 0.0000000000000E+00 0.0000000000000E+00-1.8343833416548E-03 0.0000000000000E+00
 0.0000000000000E+00 0.0000000000000E+00 0.0000000000000E+00 0.0000000000000E+00
 0.0000000000000E+00 6.5456762420000E-02 0.0000000000000E+00 0.0000000000000E+00
 9.0805671741000E-02 0.0000000000000E+00 0.0000000000000E+00 6.1794402655710E+00
 0.0000000000000E+00 0.0000000000000E+00 2.3989800162520E+00 0.0000000000000E+00
 0.0000000000000E+00 0.0000000000000E+00-1.3412868359046E-01 0.0000000000000E+00
 0.0000000000000E+00 0.0000000000000E+00 0.0000000000000E+00 4.6759250873291E-01
 0.0000000000000E+00 0.0000000000000E+00 0.0000000000000E+00 0.0000000000000E+00
 3.8632294873365E+00 0.0000000000000E+00 0.0000000000000E+00 0.0000000000000E+00
 0.0000000000000E+00-2.7694651210468E-03 0.0000000000000E+00 0.0000000000000E+00
 0.0000000000000E+00 5.6805952240060E-04 0.0000000000000E+00 0.0000000000000E+00
 1.0936433357815E-01 0.0000000000000E+00 0.0000000000000E+00 0.0000000000000E+00
-2.2976890520517E-02 0.0000000000000E+00 0.0000000000000E+00-7.9731584742174E-03
 0.0000000000000E+00 0.0000000000000E+00 0.0000000000000E+00-9.1755784502679E-04
 0.0000000000000E+00 0.0000000000000E+00 2.5825394893000E-02-1.9124145814300E+00
-5.6507897246850E+00-1.0686916221100E-01 0.0000000000000E+00-1.0858978955500E-01
-1.2115217633200E-01 0.0000000000000E+00 1.6898003353200E+00 1.5633302921070E+00
 0.0000000000000E+00 1.5893555601500E+00 1.7868241733360E+00 2.0181776407000E-02
 0.0000000000000E+00 2.1941973444961E-02 3.6161073912383E-02 0.0000000000000E+00
-2.8704724428600E-01 0.0000000000000E+00-2.4628298091466E+00 3.3322391176423E-01
 0.0000000000000E+00-7.2275861660000E-03 0.0000000000000E+00 1.8514691108472E-02
-5.1559426136067E-03 0.0000000000000E+00 0.0000000000000E+00-1.3198292484678E-03
-2.5825394893000E-02 1.9124145814300E+00 5.6507897246850E+00 1.0686916221100E-01
 0.0000000000000E+00-1.0858978955500E-01 1.2115217633200E-01 0.0000000000000E+00
 1.6898003353200E+00-1.5633302921070E+00 0.0000000000000E+00 1.5893555601500E+00
-1.7868241733360E+00-2.0181776407000E-02 0.0000000000000E+00 2.1941973444961E-02
-3.6161073912383E-02 0.0000000000000E+00 2.8704724428600E-01 0.0000000000000E+00
-2.4628298091466E+00-3.3322391176423E-01 0.0000000000000E+00 7.2275861660000E-03
 0.0000000000000E+00 1.8514691108472E-02 5.1559426136067E-03 0.0000000000000E+00
 0.0000000000000E+00-1.3198292484678E-03-5.2400717512000E-02-2.5520683899500E-01
 1.0525787351900E-01-2.8578723435250E+00-7.7143121331530E+00 0.0000000000000E+00
 0.0000000000000E+00 7.0499902409000E-02 0.0000000000000E+00 0.0000000000000E+00
 9.3549995741100E-01 0.0000000000000E+00 0.0000000000000E+00-5.5650767535800E+00
 0.0000000000000E+00 0.0000000000000E+00-2.0039021266410E+00 1.1849572396500E-02
 0.0000000000000E+00 0.0000000000000E+00-2.6125415112686E-02 0.0000000000000E+00
 2.0173519716000E-02 0.0000000000000E+00 0.0000000000000E+00 1.6471296690912E-01
 0.0000000000000E+00-1.0233994616360E+00 0.0000000000000E+00 0.0000000000000E+00
 6.3639064908676E-02 0.0000000000000E+00-1.6517541738000E-02 0.0000000000000E+00
 0.0000000000000E+00 1.6354047693498E-03 0.0000000000000E+00 0.0000000000000E+00
 0.0000000000000E+00 2.4434623559000E-01 0.0000000000000E+00 0.0000000000000E+00
 3.0449400125483E-02 0.0000000000000E+00 0.0000000000000E+00 0.0000000000000E+00
 4.2859841192000E-02 0.0000000000000E+00 0.0000000000000E+00 6.5090065339936E-03
 0.0000000000000E+00 0.0000000000000E+00 0.0000000000000E+00-6.2514793476900E-06
 0.0000000000000E+00-4.1832881309000E-02 1.4294290703450E+00 4.4587431551460E+00
 1.5255657592800E-01 0.0000000000000E+00 1.3687485151600E-01-4.0174611135000E-02
 0.0000000000000E+00-1.7867745075760E+00-1.4139427771900E-01 0.0000000000000E+00
-1.6904302774820E+00-3.3451292305600E-01 2.1380928629000E-02 0.0000000000000E+00
 9.0237210023520E-02-4.2317474123279E-02 0.0000000000000E+00-4.7447739777850E-01
 0.0000000000000E+00 5.7322216968310E-01-4.6437409320397E-01 0.0000000000000E+00
 4.2325034312000E-02 0.0000000000000E+00 2.8334423537590E-02 7.0661235147832E-04
 0.0000000000000E+00 0.0000000000000E+00 4.2117371929186E-03-4.1832881309000E-02
 1.4294290703450E+00 4.4587431551460E+00 1.5255657592800E-01 0.0000000000000E+00
-1.3687485151600E-01-4.0174611135000E-02 0.0000000000000E+00 1.7867745075760E+00
-1.4139427771900E-01 0.0000000000000E+00 1.6904302774820E+00-3.3451292305600E-01
 2.1380928629000E-02 0.0000000000000E+00-9.0237210023520E-02-4.2317474123279E-02
 0.0000000000000E+00-4.7447739777850E-01 0.0000000000000E+00-5.7322216968310E-01
-4.6437409320397E-01 0.0000000000000E+00 4.2325034312000E-02 0.0000000000000E+00
-2.8334423537590E-02 7.0661235147832E-04 0.0000000000000E+00 0.0000000000000E+00
-4.2117371929186E-03 3.7212568950000E-02-1.0050493934200E-01 8.7637167472800E-01
-7.1484685596880E+00-7.2954776329970E+00 0.0000000000000E+00 0.0000000000000E+00
-8.4417078854000E-02 0.0000000000000E+00 0.0000000000000E+00-4.3325640382700E-01
 0.0000000000000E+00 0.0000000000000E+00-3.5824009635790E+00 0.0000000000000E+00
 0.0000000000000E+00-1.6822339520530E+00 7.7321366500000E-05 0.0000000000000E+00
 0.0000000000000E+00-4.9317905821653E-02 0.0000000000000E+00-1.5219845140000E-02
 0.0000000000000E+00 0.0000000000000E+00 9.4417222677515E-02 0.0000000000000E+00
 3.9338273489000E-02 0.0000000000000E+00 0.0000000000000E+00 1.4662787483034E+00
 0.0000000000000E+00 6.7164072630000E-03 0.0000000000000E+00 0.0000000000000E+00
-5.0690810152140E-03 0.0000000000000E+00 0.0000000000000E+00 0.0000000000000E+00
 2.2654337927100E-01 0.0000000000000E+00 0.0000000000000E+00 1.2644983924797E-01
 0.0000000000000E+00 0.0000000000000E+00 0.0000000000000E+00 2.7356983608000E-02
 0.0000000000000E+00 0.0000000000000E+00 2.4021015456810E-03 0.0000000000000E+00
 0.0000000000000E+00 0.0000000000000E+00-1.9597968317699E-04 0.0000000000000E+00
-2.7957385512000E-02 1.7410218441410E+00 5.4525584277190E+00 6.9841666470000E-03
 0.0000000000000E+00 9.5058928042000E-02 9.4940992923000E-02 0.0000000000000E+00
-1.6804115854820E+00-1.6262074994700E+00 0.0000000000000E+00-1.6616657059900E+00
-1.3453189251850E+00 9.1674642370000E-03 0.0000000000000E+00 3.2490459123418E-02
 4.2217147632427E-03 0.0000000000000E+00 9.7702506361500E-02 0.0000000000000E+00
 2.1290644909638E+00-7.1851283159487E-01 0.0000000000000E+00-7.2123482870000E-03
 0.0000000000000E+00-2.0779827213388E-02 6.7942507131531E-03 0.0000000000000E+00
 0.0000000000000E+00-6.3134757851309E-05-2.7957385512000E-02 1.7410218441410E+00
 5.4525584277190E+00 6.9841666470000E-03 0.0000000000000E+00-9.5058928042000E-02
 9.4940992923000E-02 0.0000000000000E+00 1.6804115854820E+00-1.6262074994700E+00
 0.0000000000000E+00 1.6616657059900E+00-1.3453189251850E+00 9.1674642370000E-03
 0.0000000000000E+00-3.2490459123418E-02 4.2217147632427E-03 0.0000000000000E+00
 9.7702506361500E-02 0.0000000000000E+00-2.1290644909638E+00-7.1851283159487E-01
 0.0000000000000E+00-7.2123482870000E-03 0.0000000000000E+00 2.0779827213388E-02
 6.7942507131531E-03 0.0000000000000E+00 0.0000000000000E+00 6.3134757851309E-05
 0.0000000000000E+00 0.0000000000000E+00 0.0000000000000E+00 0.0000000000000E+00
 0.0000000000000E+00 0.0000000000000E+00 8.9779294226000E-02 0.0000000000000E+00
 0.0000000000000E+00 8.6964792898900E-01 0.0000000000000E+00 0.0000000000000E+00
-3.0851057665870E+00 0.0000000000000E+00 0.0000000000000E+00-5.9393808224000E-01
 0.0000000000000E+00 0.0000000000000E+00 0.0000000000000E+00 1.0690616368229E-02
 0.0000000000000E+00 0.0000000000000E+00 0.0000000000000E+00 0.0000000000000E+00
-1.1232288989667E-01 0.0000000000000E+00 0.0000000000000E+00 0.0000000000000E+00
 0.0000000000000E+00-1.6627964462500E+00 0.0000000000000E+00 0.0000000000000E+00
 0.0000000000000E+00 0.0000000000000E+00-1.1191872024682E-02 0.0000000000000E+00
 0.0000000000000E+00 0.0000000000000E+00 2.8385582143522E-03 0.0000000000000E+00
 0.0000000000000E+00 1.4794322479883E-01 0.0000000000000E+00 0.0000000000000E+00
 0.0000000000000E+00-2.5024988361328E-02 0.0000000000000E+00 0.0000000000000E+00
 1.4188385709182E-02 0.0000000000000E+00 0.0000000000000E+00 0.0000000000000E+00
 7.6349698237593E-04 0.0000000000000E+00 0.0000000000000E+00-1.3364495511000E-02
 9.7434865787000E-01 8.8673675304700E-01-6.8603442595000E-02 0.0000000000000E+00
 1.1767245234000E-02 4.9599135041000E-02 0.0000000000000E+00-1.6188049766800E-01
-5.9151802419000E-01 0.0000000000000E+00 2.3047828097900E-01-5.6221537703000E-01
-6.6073679250000E-04 0.0000000000000E+00 4.3103716734956E-02-7.3978996222606E-02
 0.0000000000000E+00 1.9089482825750E-01 0.0000000000000E+00 4.4257853848696E-01
 7.2311967721951E-01 0.0000000000000E+00-4.3240034927000E-02 0.0000000000000E+00
-2.2840801282323E-02 2.6557557974196E-03 0.0000000000000E+00 0.0000000000000E+00
-3.8045177931527E-04 1.3364495511000E-02-9.7434865787000E-01-8.8673675304700E-01
 6.8603442595000E-02 0.0000000000000E+00 1.1767245234000E-02-4.9599135041000E-02
 0.0000000000000E+00-1.6188049766800E-01 5.9151802419000E-01 0.0000000000000E+00
 2.3047828097900E-01 5.6221537703000E-01 6.6073679250000E-04 0.0000000000000E+00
 4.3103716734956E-02 7.3978996222606E-02 0.0000000000000E+00-1.9089482825750E-01
 0.0000000000000E+00 4.4257853848696E-01-7.2311967721951E-01 0.0000000000000E+00
 4.3240034927000E-02 0.0000000000000E+00-2.2840801282323E-02-2.6557557974196E-03
 0.0000000000000E+00 0.0000000000000E+00-3.8045177931527E-04 3.0405081750000E-01
 6.7013045258400E-01 2.2129621168990E+00-6.5774736125350E+00-3.6364109256800E+00
 0.0000000000000E+00 0.0000000000000E+00 2.1833401090000E-03 0.0000000000000E+00
 0.0000000000000E+00-3.3609003194500E-01 0.0000000000000E+00 0.0000000000000E+00
-1.7753232760730E+00 0.0000000000000E+00 0.0000000000000E+00-8.9529658196000E-01
-1.9334337705000E-03 0.0000000000000E+00 0.0000000000000E+00-9.5965533328265E-03
 0.0000000000000E+00 3.4868836923000E-02 0.0000000000000E+00 0.0000000000000E+00
-7.7040531313741E-02 0.0000000000000E+00 9.5019338696000E-02 0.0000000000000E+00
 0.0000000000000E+00 5.3151107512641E-01 0.0000000000000E+00 1.3907604800000E-02
 0.0000000000000E+00 0.0000000000000E+00 1.2326739848172E-02 0.0000000000000E+00
 0.0000000000000E+00 0.0000000000000E+00 9.8867155126000E-02 0.0000000000000E+00
 0.0000000000000E+00-8.4355756656668E-02 0.0000000000000E+00 0.0000000000000E+00
 0.0000000000000E+00-5.3754500800000E-04 0.0000000000000E+00 0.0000000000000E+00
-4.2456899099352E-04 0.0000000000000E+00 0.0000000000000E+00 0.0000000000000E+00
-5.9006683192008E-05 0.0000000000000E+00 4.7443186106000E-02-7.0287838770000E-02
 4.1047495171750E+00-2.1890537651400E-01 0.0000000000000E+00 1.1742763779100E-01
 1.0039540251400E-01 0.0000000000000E+00-8.4747800608800E-01-8.1698601164700E-01
 0.0000000000000E+00-1.3253634701250E+00-1.1736693014320E+00 4.4721977435000E-03
 0.0000000000000E+00 6.0467664592937E-03-1.0750510768293E-02 0.0000000000000E+00
 4.3975596762000E-02 0.0000000000000E+00 1.3986050429307E+00-3.2649693720085E-01
 0.0000000000000E+00 4.5040916279000E-02 0.0000000000000E+00-3.9897122950986E-02
 1.4590857513843E-02 0.0000000000000E+00 0.0000000000000E+00 4.3190258020984E-03
 4.7443186106000E-02-7.0287838770000E-02 4.1047495171750E+00-2.1890537651400E-01
 0.0000000000000E+00-1.1742763779100E-01 1.0039540251400E-01 0.0000000000000E+00
 8.4747800608800E-01-8.1698601164700E-01 0.0000000000000E+00 1.3253634701250E+00
-1.1736693014320E+00 4.4721977435000E-03 0.0000000000000E+00-6.0467664592937E-03
-1.0750510768293E-02 0.0000000000000E+00 4.3975596762000E-02 0.0000000000000E+00
-1.3986050429307E+00-3.2649693720085E-01 0.0000000000000E+00 4.5040916279000E-02
 0.0000000000000E+00 3.9897122950986E-02 1.4590857513843E-02 0.0000000000000E+00
 0.0000000000000E+00-4.3190258020984E-03 0.0000000000000E+00 0.0000000000000E+00
 0.0000000000000E+00 0.0000000000000E+00 0.0000000000000E+00 7.5600547220000E-03
 0.0000000000000E+00 0.0000000000000E+00-6.4966463980000E-03 0.0000000000000E+00
 0.0000000000000E+00 3.3026058744000E-01 0.0000000000000E+00 0.0000000000000E+00
 2.3765869520300E-01 0.0000000000000E+00 0.0000000000000E+00 0.0000000000000E+00
 1.1023429329882E-02 0.0000000000000E+00 0.0000000000000E+00 0.0000000000000E+00
 0.0000000000000E+00-6.8467620510482E-01 0.0000000000000E+00 0.0000000000000E+00
 0.0000000000000E+00 0.0000000000000E+00 4.7407637676030E-01 0.0000000000000E+00
 0.0000000000000E+00 0.0000000000000E+00 0.0000000000000E+00 2.4458479444755E-02
 0.0000000000000E+00 0.0000000000000E+00 0.0000000000000E+00 3.0358538235767E-03
 0.0000000000000E+00 0.0000000000000E+00-3.1840000547903E-01 0.0000000000000E+00
 0.0000000000000E+00 0.0000000000000E+00-4.7098634898199E-02 0.0000000000000E+00
 0.0000000000000E+00-2.7618556302026E-04 0.0000000000000E+00 0.0000000000000E+00
 0.0000000000000E+00-8.6487077257761E-04 0.0000000000000E+00 0.0000000000000E+00
 0.0000000000000E+00 0.0000000000000E+00 0.0000000000000E+00 0.0000000000000E+00
 0.0000000000000E+00 1.8133947376000E-02 0.0000000000000E+00 0.0000000000000E+00
-1.5492900793600E-01 0.0000000000000E+00 0.0000000000000E+00-2.4023467599400E-01
 0.0000000000000E+00 0.0000000000000E+00 0.0000000000000E+00-2.0646124160869E-02
 0.0000000000000E+00 0.0000000000000E+00 1.1707304026873E-01 0.0000000000000E+00
 7.4347949339575E-01 0.0000000000000E+00 0.0000000000000E+00-3.0381182766088E-01
 0.0000000000000E+00 5.6315130682387E-03 0.0000000000000E+00 0.0000000000000E+00
-8.5679373067779E-03 3.4797989493267E-03 0.0000000000000E+00 0.0000000000000E+00
 0.0000000000000E+00 0.0000000000000E+00 0.0000000000000E+00 1.8133947376000E-02
 0.0000000000000E+00 0.0000000000000E+00-1.5492900793600E-01 0.0000000000000E+00
 0.0000000000000E+00-2.4023467599400E-01 0.0000000000000E+00 0.0000000000000E+00
 0.0000000000000E+00-2.0646124160869E-02 0.0000000000000E+00 0.0000000000000E+00
-1.1707304026873E-01 0.0000000000000E+00 7.4347949339575E-01 0.0000000000000E+00
 0.0000000000000E+00 3.0381182766088E-01 0.0000000000000E+00 5.6315130682387E-03
 0.0000000000000E+00 0.0000000000000E+00 8.5679373067779E-03 3.4797989493267E-03
 0.0000000000000E+00 0.0000000000000E+00 0.0000000000000E+00 0.0000000000000E+00
 0.0000000000000E+00 0.0000000000000E+00 0.0000000000000E+00 0.0000000000000E+00
 0.0000000000000E+00 0.0000000000000E+00 0.0000000000000E+00 0.0000000000000E+00
 0.0000000000000E+00 0.0000000000000E+00 0.0000000000000E+00 0.0000000000000E+00
 0.0000000000000E+00 0.0000000000000E+00 0.0000000000000E+00 0.0000000000000E+00
 0.0000000000000E+00 0.0000000000000E+00 4.2521829381770E-03 0.0000000000000E+00
 0.0000000000000E+00 0.0000000000000E+00 0.0000000000000E+00 1.3116456767950E+00
 0.0000000000000E+00 0.0000000000000E+00 0.0000000000000E+00 0.0000000000000E+00
-3.1529969309032E+00 0.0000000000000E+00 0.0000000000000E+00 0.0000000000000E+00
 0.0000000000000E+00 8.8193877744009E-03 0.0000000000000E+00 0.0000000000000E+00
 0.0000000000000E+00 0.0000000000000E+00 0.0000000000000E+00 0.0000000000000E+00
-1.6247278610407E-01 0.0000000000000E+00 0.0000000000000E+00 0.0000000000000E+00
 0.0000000000000E+00 0.0000000000000E+00 0.0000000000000E+00-4.9683826752092E-03
 0.0000000000000E+00 0.0000000000000E+00 0.0000000000000E+00 4.6079891204522E-04
 0.0000000000000E+00 0.0000000000000E+00 0.0000000000000E+00 0.0000000000000E+00
-6.2096710062000E-02 0.0000000000000E+00 0.0000000000000E+00 7.8613537551500E-01
 0.0000000000000E+00 0.0000000000000E+00 5.7038721580200E-01 0.0000000000000E+00
 0.0000000000000E+00 0.0000000000000E+00-1.3284501654196E-01 0.0000000000000E+00
 0.0000000000000E+00-1.3429637007328E-01 0.0000000000000E+00-5.9476145651924E-01
 0.0000000000000E+00 0.0000000000000E+00-6.5119420352867E-01 0.0000000000000E+00
 3.8059750293983E-02 0.0000000000000E+00 0.0000000000000E+00 2.1878768668080E-02
-7.0002541683794E-03 0.0000000000000E+00 0.0000000000000E+00 0.0000000000000E+00
 0.0000000000000E+00 0.0000000000000E+00 6.2096710062000E-02 0.0000000000000E+00
 0.0000000000000E+00-7.8613537551500E-01 0.0000000000000E+00 0.0000000000000E+00
-5.7038721580200E-01 0.0000000000000E+00 0.0000000000000E+00 0.0000000000000E+00
 1.3284501654196E-01 0.0000000000000E+00 0.0000000000000E+00-1.3429637007328E-01
 0.0000000000000E+00 5.9476145651924E-01 0.0000000000000E+00 0.0000000000000E+00
-6.5119420352867E-01 0.0000000000000E+00-3.8059750293983E-02 0.0000000000000E+00
 0.0000000000000E+00 2.1878768668080E-02 7.0002541683794E-03 0.0000000000000E+00
 0.0000000000000E+00 0.0000000000000E+00 0.0000000000000E+00 0.0000000000000E+00
 0.0000000000000E+00-7.2057515270000E-03 0.0000000000000E+00 0.0000000000000E+00
-2.7174662467000E-01 0.0000000000000E+00 0.0000000000000E+00 1.8052100338870E+00
 0.0000000000000E+00 0.0000000000000E+00 6.2668012264700E-01 0.0000000000000E+00
 0.0000000000000E+00 0.0000000000000E+00 1.4764952840440E-02 0.0000000000000E+00
 0.0000000000000E+00 0.0000000000000E+00 0.0000000000000E+00-1.2788492241917E+00
 0.0000000000000E+00 0.0000000000000E+00 0.0000000000000E+00 0.0000000000000E+00
 3.2687166437748E+00 0.0000000000000E+00 0.0000000000000E+00 0.0000000000000E+00
 0.0000000000000E+00-2.9531093830509E-02 0.0000000000000E+00 0.0000000000000E+00
 0.0000000000000E+00 1.7820014168838E-03 0.0000000000000E+00 0.0000000000000E+00
 4.1258191952978E-01 0.0000000000000E+00 0.0000000000000E+00 0.0000000000000E+00
-3.7682201883981E-02 0.0000000000000E+00 0.0000000000000E+00-8.6173120637829E-04
 0.0000000000000E+00 0.0000000000000E+00 0.0000000000000E+00-1.7722418523955E-03
 0.0000000000000E+00 0.0000000000000E+00 0.0000000000000E+00 0.0000000000000E+00
 0.0000000000000E+00 0.0000000000000E+00 0.0000000000000E+00 6.8238252184000E-02
 0.0000000000000E+00 0.0000000000000E+00-8.3241496278900E-01 0.0000000000000E+00
 0.0000000000000E+00-7.3863265122300E-01 0.0000000000000E+00 0.0000000000000E+00
 0.0000000000000E+00 8.3445485816820E-02 0.0000000000000E+00 0.0000000000000E+00
 6.8682492975466E-02 0.0000000000000E+00 3.1023405045676E-01 0.0000000000000E+00
 0.0000000000000E+00 1.3159227879973E+00 0.0000000000000E+00-2.7472393182402E-03
 0.0000000000000E+00 0.0000000000000E+00-1.8921243758835E-02 6.4418939397462E-03
 0.0000000000000E+00 0.0000000000000E+00 0.0000000000000E+00 0.0000000000000E+00
 0.0000000000000E+00 6.8238252184000E-02 0.0000000000000E+00 0.0000000000000E+00
-8.3241496278900E-01 0.0000000000000E+00 0.0000000000000E+00-7.3863265122300E-01
 0.0000000000000E+00 0.0000000000000E+00 0.0000000000000E+00 8.3445485816820E-02
 0.0000000000000E+00 0.0000000000000E+00-6.8682492975466E-02 0.0000000000000E+00
 3.1023405045676E-01 0.0000000000000E+00 0.0000000000000E+00-1.3159227879973E+00
 0.0000000000000E+00-2.7472393182402E-03 0.0000000000000E+00 0.0000000000000E+00
 1.8921243758835E-02 6.4418939397462E-03 0.0000000000000E+00-6.5761927630000E-03
-2.2536168323000E-02-2.2885771349100E-01 9.8993722860700E-01 2.6656544282500E-01
 0.0000000000000E+00 0.0000000000000E+00-2.8861083060000E-03 0.0000000000000E+00
 0.0000000000000E+00-1.1129764635600E-01 0.0000000000000E+00 0.0000000000000E+00
 1.6979106694670E+00 0.0000000000000E+00 0.0000000000000E+00 6.0547396765300E-01
-4.2454162870000E-03 0.0000000000000E+00 0.0000000000000E+00-6.0104687001718E-03
 0.0000000000000E+00-2.6600879292050E-01 0.0000000000000E+00 0.0000000000000E+00
-2.4047253773584E-01 0.0000000000000E+00 1.0548782586760E+00 0.0000000000000E+00
 0.0000000000000E+00 6.8593379702908E-01 0.0000000000000E+00-8.7044318260000E-02
 0.0000000000000E+00 0.0000000000000E+00-1.7103688914611E-03 0.0000000000000E+00
 0.0000000000000E+00 0.0000000000000E+00 1.2578067059180E+00 0.0000000000000E+00
 0.0000000000000E+00 2.4615307495023E-03 0.0000000000000E+00 0.0000000000000E+00
 0.0000000000000E+00-1.1843796840000E-03 0.0000000000000E+00 0.0000000000000E+00
-3.1546408516259E-03 0.0000000000000E+00 0.0000000000000E+00 0.0000000000000E+00
-2.4232427777660E-04 0.0000000000000E+00-6.2398424792000E-02-2.5130199199000E-02
-6.3505993155000E-01 1.3770799916300E-01 0.0000000000000E+00-1.3413301079200E-01
-8.8930372740000E-03 0.0000000000000E+00 1.0327559805740E+00-4.3137681810600E-01
 0.0000000000000E+00 3.3894734376700E-01-5.1741572427300E-01 3.9252663872000E-02
 0.0000000000000E+00 9.2699943372542E-03 1.7594734042054E-02 0.0000000000000E+00
 1.5834020601000E-01 0.0000000000000E+00 2.8648705283218E-01 4.3451614152986E-01
 0.0000000000000E+00-9.1157259793000E-02 0.0000000000000E+00-5.5594319225142E-02
-7.1051856649337E-03 0.0000000000000E+00 0.0000000000000E+00-6.5462779475636E-03
-6.2398424792000E-02-2.5130199199000E-02-6.3505993155000E-01 1.3770799916300E-01
 0.0000000000000E+00 1.3413301079200E-01-8.8930372740000E-03 0.0000000000000E+00
-1.0327559805740E+00-4.3137681810600E-01 0.0000000000000E+00-3.3894734376700E-01
-5.1741572427300E-01 3.9252663872000E-02 0.0000000000000E+00-9.2699943372542E-03
 1.7594734042054E-02 0.0000000000000E+00 1.5834020601000E-01 0.0000000000000E+00
-2.8648705283218E-01 4.3451614152986E-01 0.0000000000000E+00-9.1157259793000E-02
 0.0000000000000E+00 5.5594319225142E-02-7.1051856649337E-03 0.0000000000000E+00
 0.0000000000000E+00 6.5462779475636E-03 0.0000000000000E+00 0.0000000000000E+00
 0.0000000000000E+00 0.0000000000000E+00 0.0000000000000E+00 0.0000000000000E+00
-1.1671598433400E-01 0.0000000000000E+00 0.0000000000000E+00-1.2438328583560E+00
 0.0000000000000E+00 0.0000000000000E+00 3.8331516469690E+00 0.0000000000000E+00
 0.0000000000000E+00 1.0124579405570E+00 0.0000000000000E+00 0.0000000000000E+00
 0.0000000000000E+00-3.1265736469365E-02 0.0000000000000E+00 0.0000000000000E+00
 0.0000000000000E+00 0.0000000000000E+00-4.1514484622034E-01 0.0000000000000E+00
 0.0000000000000E+00 0.0000000000000E+00 0.0000000000000E+00 4.1902133809336E+00
 0.0000000000000E+00 0.0000000000000E+00 0.0000000000000E+00 0.0000000000000E+00
-7.2085925270857E-03 0.0000000000000E+00 0.0000000000000E+00 0.0000000000000E+00
 4.2675732130729E-03 0.0000000000000E+00 0.0000000000000E+00 9.9259033348204E-02
 0.0000000000000E+00 0.0000000000000E+00 0.0000000000000E+00-7.1371905278757E-02
 0.0000000000000E+00 0.0000000000000E+00-1.4185597863222E-02 0.0000000000000E+00
 0.0000000000000E+00 0.0000000000000E+00-1.6919845220337E-03 0.0000000000000E+00
 0.0000000000000E+00 8.9705577761000E-02-2.7611029738450E+00 1.2333398164300E-01
-1.1748058879400E-01 0.0000000000000E+00 9.2810657315000E-02 2.7361132287000E-02
 0.0000000000000E+00 1.7682862522100E-01 7.5430357239100E-01 0.0000000000000E+00
-7.7329429464200E-01 5.5805504157000E-02 4.4844604765000E-03 0.0000000000000E+00
-2.4813552191130E-01 8.0322129160156E-02 0.0000000000000E+00-2.6132429429700E-01
 0.0000000000000E+00 7.1378567854386E-01-6.3141921957478E-01 0.0000000000000E+00
 1.5218740963000E-02 0.0000000000000E+00 3.0445193490488E-02 5.6987758123497E-03
 0.0000000000000E+00 0.0000000000000E+00-5.5539708750300E-04-8.9705577761000E-02
 2.7611029738450E+00-1.2333398164300E-01 1.1748058879400E-01 0.0000000000000E+00
 9.2810657315000E-02-2.7361132287000E-02 0.0000000000000E+00 1.7682862522100E-01
-7.5430357239100E-01 0.0000000000000E+00-7.7329429464200E-01-5.5805504157000E-02
-4.4844604765000E-03 0.0000000000000E+00-2.4813552191130E-01-8.0322129160156E-02
 0.0000000000000E+00 2.6132429429700E-01 0.0000000000000E+00 7.1378567854386E-01
 6.3141921957478E-01 0.0000000000000E+00-1.5218740963000E-02 0.0000000000000E+00
 3.0445193490488E-02-5.6987758123497E-03 0.0000000000000E+00 0.0000000000000E+00
-5.5539708750300E-04-2.0979757478600E-01-4.2999920981200E-01-9.8913755033800E-01
-1.0087198556760E+00 2.5178459020300E+00 0.0000000000000E+00 0.0000000000000E+00
-7.1302861436000E-02 0.0000000000000E+00 0.0000000000000E+00-5.4767437283400E-01
 0.0000000000000E+00 0.0000000000000E+00 4.6832241925700E-01 0.0000000000000E+00
 0.0000000000000E+00 8.9034519909300E-01 1.0511359074000E-02 0.0000000000000E+00
 0.0000000000000E+00-1.5987762029549E-02 0.0000000000000E+00-3.2803172641250E-01
 0.0000000000000E+00 0.0000000000000E+00 7.6076552996070E-01 0.0000000000000E+00
 1.5165185168300E-01 0.0000000000000E+00 0.0000000000000E+00-1.3379889592072E+00
 0.0000000000000E+00 1.6168876938000E-02 0.0000000000000E+00 0.0000000000000E+00
 7.6659817106040E-03 0.0000000000000E+00 0.0000000000000E+00 0.0000000000000E+00
-3.2208882646300E-01 0.0000000000000E+00 0.0000000000000E+00-1.0937677349202E-01
 0.0000000000000E+00 0.0000000000000E+00 0.0000000000000E+00-3.8946629037000E-02
 0.0000000000000E+00 0.0000000000000E+00-4.3021586957401E-03 0.0000000000000E+00
 0.0000000000000E+00 0.0000000000000E+00 2.2050520662798E-04 0.0000000000000E+00
 1.3438055456100E-01-1.1475912656070E+00-3.6235558640900E-01-1.4954285628900E-01
 0.0000000000000E+00 1.6324572537000E-01 1.0405804889800E-01 0.0000000000000E+00
-4.3252770852800E-01-5.2479816162000E-02 0.0000000000000E+00-7.1173512398000E-02
-9.3077996952000E-02-7.0343398230000E-03 0.0000000000000E+00-1.6273257636456E-01
 6.7760884542258E-02 0.0000000000000E+00-7.5064341267500E-02 0.0000000000000E+00
 1.0013670279854E+00-3.3238801567177E-01 0.0000000000000E+00 6.1633506792000E-02
 0.0000000000000E+00-9.7653969339840E-03 1.2000860049015E-03 0.0000000000000E+00
 0.0000000000000E+00-1.2966649346814E-03 1.3438055456100E-01-1.1475912656070E+00
-3.6235558640900E-01-1.4954285628900E-01 0.0000000000000E+00-1.6324572537000E-01
 1.0405804889800E-01 0.0000000000000E+00 4.3252770852800E-01-5.2479816162000E-02
 0.0000000000000E+00 7.1173512398000E-02-9.3077996952000E-02-7.0343398230000E-03
 0.0000000000000E+00 1.6273257636456E-01 6.7760884542258E-02 0.0000000000000E+00
-7.5064341267500E-02 0.0000000000000E+00-1.0013670279854E+00-3.3238801567177E-01
 0.0000000000000E+00 6.1633506792000E-02 0.0000000000000E+00 9.7653969339840E-03
 1.2000860049015E-03 0.0000000000000E+00 0.0000000000000E+00 1.2966649346814E-03
-1.7499004411000E-01-3.7114579989100E-01-1.3373148410550E+00 2.1837191007030E+00
-9.0077041556000E-02 0.0000000000000E+00 0.0000000000000E+00-7.7392492282000E-02
 0.0000000000000E+00 0.0000000000000E+00-4.8363995171700E-01 0.0000000000000E+00
 0.0000000000000E+00 2.9288573043730E+00 0.0000000000000E+00 0.0000000000000E+00
 1.6012963431200E-01-1.1244899972500E-02 0.0000000000000E+00 0.0000000000000E+00
 1.3166441523739E-02 0.0000000000000E+00 4.1470021882200E-01 0.0000000000000E+00
 0.0000000000000E+00 8.2070853310605E-02 0.0000000000000E+00 6.4888194256900E-01
 0.0000000000000E+00 0.0000000000000E+00 8.1398932890364E-02 0.0000000000000E+00
-4.1889841927000E-02 0.0000000000000E+00 0.0000000000000E+00 1.0965691429215E-03
 0.0000000000000E+00 0.0000000000000E+00 0.0000000000000E+00 5.6960341759500E-01
 0.0000000000000E+00 0.0000000000000E+00-7.9275821947223E-02 0.0000000000000E+00
 0.0000000000000E+00 0.0000000000000E+00-2.4967609907000E-02 0.0000000000000E+00
 0.0000000000000E+00-1.8052008228063E-03 0.0000000000000E+00 0.0000000000000E+00
 0.0000000000000E+00 1.2434708582585E-04 0.0000000000000E+00-2.2966769922000E-02
-1.2301758754200E+00-6.2210994250000E-03 8.7022195507000E-02 0.0000000000000E+00
-8.3505406382000E-02 5.7063743829000E-02 0.0000000000000E+00 1.3065147184070E+00
-3.9247057781200E-01 0.0000000000000E+00-1.1313356233000E-02-4.4327236829300E-01
-3.5667921712500E-02 0.0000000000000E+00-2.3630690971617E-01-7.5653765531811E-03
 0.0000000000000E+00 3.5758244313700E-01 0.0000000000000E+00 6.9697256902609E-01
 4.1334648604991E-01 0.0000000000000E+00-6.6592875530000E-02 0.0000000000000E+00
 3.7704334368864E-02-1.1731958081357E-02 0.0000000000000E+00 0.0000000000000E+00
-1.0839937554643E-03-2.2966769922000E-02-1.2301758754200E+00-6.2210994250000E-03
 8.7022195507000E-02 0.0000000000000E+00 8.3505406382000E-02 5.7063743829000E-02
 0.0000000000000E+00-1.3065147184070E+00-3.9247057781200E-01 0.0000000000000E+00
 1.1313356233000E-02-4.4327236829300E-01-3.5667921712500E-02 0.0000000000000E+00
 2.3630690971617E-01-7.5653765531811E-03 0.0000000000000E+00 3.5758244313700E-01
 0.0000000000000E+00-6.9697256902609E-01 4.1334648604991E-01 0.0000000000000E+00
-6.6592875530000E-02 0.0000000000000E+00-3.7704334368864E-02-1.1731958081357E-02
 0.0000000000000E+00 0.0000000000000E+00 1.0839937554643E-03 0.0000000000000E+00
 0.0000000000000E+00 0.0000000000000E+00 0.0000000000000E+00 0.0000000000000E+00
-5.4258367221000E-02 0.0000000000000E+00 0.0000000000000E+00-5.2227843851400E-01
 0.0000000000000E+00 0.0000000000000E+00 2.8743336119970E+00 0.0000000000000E+00
 0.0000000000000E+00 2.8451789655600E-01 0.0000000000000E+00 0.0000000000000E+00
 0.0000000000000E+00-6.5637145717782E-02 0.0000000000000E+00 0.0000000000000E+00
 0.0000000000000E+00 0.0000000000000E+00 1.5623139218174E+00 0.0000000000000E+00
 0.0000000000000E+00 0.0000000000000E+00 0.0000000000000E+00 1.8280174934436E+00
 0.0000000000000E+00 0.0000000000000E+00 0.0000000000000E+00 0.0000000000000E+00
-6.2328687592922E-03 0.0000000000000E+00 0.0000000000000E+00 0.0000000000000E+00
 4.1874879574811E-03 0.0000000000000E+00 0.0000000000000E+00 1.5923762819060E-01
 0.0000000000000E+00 0.0000000000000E+00 0.0000000000000E+00-7.2877118582432E-02
 0.0000000000000E+00 0.0000000000000E+00-1.5055178234243E-04 0.0000000000000E+00
 0.0000000000000E+00 0.0000000000000E+00-6.3504265749097E-04 0.0000000000000E+00
 0.0000000000000E+00 0.0000000000000E+00 0.0000000000000E+00 0.0000000000000E+00
 0.0000000000000E+00 0.0000000000000E+00 1.0789239877100E-01 0.0000000000000E+00
 0.0000000000000E+00-1.3783848129330E+00 0.0000000000000E+00 0.0000000000000E+00
-5.4314671592000E-01 0.0000000000000E+00 0.0000000000000E+00 0.0000000000000E+00
-4.3918706399134E-02 0.0000000000000E+00 0.0000000000000E+00-7.5049448170897E-02
 0.0000000000000E+00 1.3958420181256E+00 0.0000000000000E+00 0.0000000000000E+00
 1.6783987432623E+00 0.0000000000000E+00-6.6056471629129E-03 0.0000000000000E+00
 0.0000000000000E+00-1.5596042158340E-02-1.2516525075229E-03 0.0000000000000E+00
 0.0000000000000E+00 0.0000000000000E+00 0.0000000000000E+00 0.0000000000000E+00
 1.0789239877100E-01 0.0000000000000E+00 0.0000000000000E+00-1.3783848129330E+00
 0.0000000000000E+00 0.0000000000000E+00-5.4314671592000E-01 0.0000000000000E+00
 0.0000000000000E+00 0.0000000000000E+00-4.3918706399134E-02 0.0000000000000E+00
 0.0000000000000E+00 7.5049448170897E-02 0.0000000000000E+00 1.3958420181256E+00
 0.0000000000000E+00 0.0000000000000E+00-1.6783987432623E+00 0.0000000000000E+00
-6.6056471629129E-03 0.0000000000000E+00 0.0000000000000E+00 1.5596042158340E-02
-1.2516525075229E-03 0.0000000000000E+00 0.0000000000000E+00 0.0000000000000E+00
 0.0000000000000E+00 0.0000000000000E+00 0.0000000000000E+00 0.0000000000000E+00
 3.0982327944000E-02 0.0000000000000E+00 0.0000000000000E+00 2.9979120609900E-01
 0.0000000000000E+00 0.0000000000000E+00 2.2220331154650E+00 0.0000000000000E+00
 0.0000000000000E+00-2.5308622239900E-01 0.0000000000000E+00 0.0000000000000E+00
 0.0000000000000E+00-1.2553377907268E-02 0.0000000000000E+00 0.0000000000000E+00
 0.0000000000000E+00 0.0000000000000E+00 1.2272232672767E+00 0.0000000000000E+00
 0.0000000000000E+00 0.0000000000000E+00 0.0000000000000E+00-2.7618244813571E+00
 0.0000000000000E+00 0.0000000000000E+00 0.0000000000000E+00 0.0000000000000E+00
 4.7515240508318E-02 0.0000000000000E+00 0.0000000000000E+00 0.0000000000000E+00
 1.1509136595360E-03 0.0000000000000E+00 0.0000000000000E+00-8.7453125057385E-01
 0.0000000000000E+00 0.0000000000000E+00 0.0000000000000E+00-4.2586175205436E-02
 0.0000000000000E+00 0.0000000000000E+00-3.9951477655277E-02 0.0000000000000E+00
 0.0000000000000E+00 0.0000000000000E+00-1.5943985741250E-04 0.0000000000000E+00
 0.0000000000000E+00-1.2031417775100E-01 6.2879322876500E-01-1.0326097389080E+00
 2.6487136880200E-01 0.0000000000000E+00-7.4653021656000E-02-2.1301681506800E-01
 0.0000000000000E+00-3.4278158599300E-01 1.7141095210780E+00 0.0000000000000E+00
 1.2425017121200E-01 6.3678561059400E-01-2.2169019481000E-02 0.0000000000000E+00
-3.9018024052572E-03-4.9447903049515E-02 0.0000000000000E+00-6.0353345747750E-01
 0.0000000000000E+00-1.1766042281343E+00-1.0439808613427E-01 0.0000000000000E+00
 6.2546904679000E-02 0.0000000000000E+00 1.2095004418201E-01-5.7606171503029E-03
 0.0000000000000E+00 0.0000000000000E+00 1.4382409449010E-03 1.2031417775100E-01
-6.2879322876500E-01 1.0326097389080E+00-2.6487136880200E-01 0.0000000000000E+00
-7.4653021656000E-02 2.1301681506800E-01 0.0000000000000E+00-3.4278158599300E-01
-1.7141095210780E+00 0.0000000000000E+00 1.2425017121200E-01-6.3678561059400E-01
 2.2169019481000E-02 0.0000000000000E+00-3.9018024052572E-03 4.9447903049515E-02
 0.0000000000000E+00 6.0353345747750E-01 0.0000000000000E+00-1.1766042281343E+00
 1.0439808613427E-01 0.0000000000000E+00-6.2546904679000E-02 0.0000000000000E+00
 1.2095004418201E-01 5.7606171503029E-03 0.0000000000000E+00 0.0000000000000E+00
 1.4382409449010E-03 0.0000000000000E+00 0.0000000000000E+00 0.0000000000000E+00
 0.0000000000000E+00 0.0000000000000E+00 0.0000000000000E+00 0.0000000000000E+00
 0.0000000000000E+00 0.0000000000000E+00 0.0000000000000E+00 0.0000000000000E+00
 0.0000000000000E+00 0.0000000000000E+00 0.0000000000000E+00 0.0000000000000E+00
 0.0000000000000E+00 0.0000000000000E+00 0.0000000000000E+00 0.0000000000000E+00
 0.0000000000000E+00 0.0000000000000E+00-6.0501658696772E-02 0.0000000000000E+00
 0.0000000000000E+00 0.0000000000000E+00 0.0000000000000E+00 1.6021973593680E+00
 0.0000000000000E+00 0.0000000000000E+00 0.0000000000000E+00 0.0000000000000E+00
 2.7472683491034E+00 0.0000000000000E+00 0.0000000000000E+00 0.0000000000000E+00
 0.0000000000000E+00-1.0831240720175E-02 0.0000000000000E+00 0.0000000000000E+00
 0.0000000000000E+00 0.0000000000000E+00 0.0000000000000E+00 0.0000000000000E+00
 2.1840910695481E-01 0.0000000000000E+00 0.0000000000000E+00 0.0000000000000E+00
 0.0000000000000E+00 0.0000000000000E+00 0.0000000000000E+00 1.5038219088163E-03
 0.0000000000000E+00 0.0000000000000E+00 0.0000000000000E+00-3.4203806511601E-05
 0.0000000000000E+00 0.0000000000000E+00 0.0000000000000E+00 0.0000000000000E+00
 1.2182235783200E-01 0.0000000000000E+00 0.0000000000000E+00-1.4383287260810E+00
 0.0000000000000E+00 0.0000000000000E+00-5.5531162609700E-01 0.0000000000000E+00
 0.0000000000000E+00 0.0000000000000E+00-6.1367313119522E-02 0.0000000000000E+00
 0.0000000000000E+00-6.0346678777691E-02 0.0000000000000E+00 1.3448170834107E+00
 0.0000000000000E+00 0.0000000000000E+00 1.7207525341912E+00 0.0000000000000E+00
-1.5476809648497E-02 0.0000000000000E+00 0.0000000000000E+00-9.7247553767258E-04
 5.1598769006044E-03 0.0000000000000E+00 0.0000000000000E+00 0.0000000000000E+00
 0.0000000000000E+00 0.0000000000000E+00-1.2182235783200E-01 0.0000000000000E+00
 0.0000000000000E+00 1.4383287260810E+00 0.0000000000000E+00 0.0000000000000E+00
 5.5531162609700E-01 0.0000000000000E+00 0.0000000000000E+00 0.0000000000000E+00
 6.1367313119522E-02 0.0000000000000E+00 0.0000000000000E+00-6.0346678777691E-02
 0.0000000000000E+00-1.3448170834107E+00 0.0000000000000E+00 0.0000000000000E+00
 1.7207525341912E+00 0.0000000000000E+00 1.5476809648497E-02 0.0000000000000E+00
 0.0000000000000E+00-9.7247553767258E-04-5.1598769006044E-03 0.0000000000000E+00
 0.0000000000000E+00 0.0000000000000E+00 0.0000000000000E+00 0.0000000000000E+00
 0.0000000000000E+00 0.0000000000000E+00 2.5795873229000E-02 0.0000000000000E+00
 0.0000000000000E+00-1.8193961417900E-01 0.0000000000000E+00 0.0000000000000E+00
-4.4838576531570E+00 0.0000000000000E+00 0.0000000000000E+00-9.0490044431000E-01
 0.0000000000000E+00 0.0000000000000E+00 0.0000000000000E+00 1.2257750398616E-01
 0.0000000000000E+00 0.0000000000000E+00 0.0000000000000E+00 0.0000000000000E+00
-3.1802990314514E+00 0.0000000000000E+00 0.0000000000000E+00 0.0000000000000E+00
 0.0000000000000E+00-3.0664908196908E+00 0.0000000000000E+00 0.0000000000000E+00
 0.0000000000000E+00 0.0000000000000E+00 5.1735016324670E-03 0.0000000000000E+00
 0.0000000000000E+00 0.0000000000000E+00 7.7668359584714E-04 0.0000000000000E+00
 0.0000000000000E+00-5.5781325483997E-01 0.0000000000000E+00 0.0000000000000E+00
 0.0000000000000E+00 1.1769818340056E-02 0.0000000000000E+00 0.0000000000000E+00
-2.6552286302250E-03 0.0000000000000E+00 0.0000000000000E+00 0.0000000000000E+00
-1.2093914812986E-04 0.0000000000000E+00 0.0000000000000E+00 1.5640081963500E-01
 2.1369601554180E+00 3.7361602462640E+00-2.2059920272300E-01 0.0000000000000E+00
 2.9224090033900E-01 1.5570829229500E-01 0.0000000000000E+00-2.4364576527900E+00
-1.0549932577720E+00 0.0000000000000E+00-1.2247063447520E+00-6.0368839441200E-01
 2.3662662002500E-02 0.0000000000000E+00 1.1723389206522E-01-5.2818146385906E-02
 0.0000000000000E+00-2.1928759647950E-01 0.0000000000000E+00 1.0833405547518E+00
-6.8752934439115E-01 0.0000000000000E+00 9.1973001054000E-02 0.0000000000000E+00
-4.2495793027787E-02 2.5063108816374E-02 0.0000000000000E+00 0.0000000000000E+00
 1.0845111873048E-02-1.5640081963500E-01-2.1369601554180E+00-3.7361602462640E+00
 2.2059920272300E-01 0.0000000000000E+00 2.9224090033900E-01-1.5570829229500E-01
 0.0000000000000E+00-2.4364576527900E+00 1.0549932577720E+00 0.0000000000000E+00
-1.2247063447520E+00 6.0368839441200E-01-2.3662662002500E-02 0.0000000000000E+00
 1.1723389206522E-01 5.2818146385906E-02 0.0000000000000E+00 2.1928759647950E-01
 0.0000000000000E+00 1.0833405547518E+00 6.8752934439115E-01 0.0000000000000E+00
-9.1973001054000E-02 0.0000000000000E+00-4.2495793027787E-02-2.5063108816374E-02
 0.0000000000000E+00 0.0000000000000E+00 1.0845111873048E-02-2.4241201915800E-01
-4.8660581468500E-01-2.6291079870700E+00 8.4053176672810E+00 4.9796303170970E+00
 0.0000000000000E+00 0.0000000000000E+00 4.2348553500000E-04 0.0000000000000E+00
 0.0000000000000E+00 2.0261509230300E-01 0.0000000000000E+00 0.0000000000000E+00
 3.5244468845500E+00 0.0000000000000E+00 0.0000000000000E+00 9.7369984862000E-01
-1.1472137970000E-03 0.0000000000000E+00 0.0000000000000E+00 5.6345201579555E-02
 0.0000000000000E+00-3.2643524543000E-02 0.0000000000000E+00 0.0000000000000E+00
-1.1024249987800E+00 0.0000000000000E+00-3.8121794061000E-01 0.0000000000000E+00
 0.0000000000000E+00-1.5015339123801E+00 0.0000000000000E+00 1.3574214779000E-02
 0.0000000000000E+00 0.0000000000000E+00-2.5088122845958E-03 0.0000000000000E+00
 0.0000000000000E+00 0.0000000000000E+00-1.1561446953310E+00 0.0000000000000E+00
 0.0000000000000E+00-1.6104004547741E-01 0.0000000000000E+00 0.0000000000000E+00
 0.0000000000000E+00-1.2750789448000E-02 0.0000000000000E+00 0.0000000000000E+00
-3.9183663629628E-03 0.0000000000000E+00 0.0000000000000E+00 0.0000000000000E+00
-5.3172283186911E-05 0.0000000000000E+00-1.0806861884000E-01-2.6079273430610E+00
-3.9904530077330E+00 1.0497821083900E-01 0.0000000000000E+00-1.1570853297900E-01
-1.8976262778800E-01 0.0000000000000E+00 1.6530880448770E+00 2.2058884638130E+00
 0.0000000000000E+00 9.4117989813800E-01 9.9871334885300E-01 6.7421948100000E-03
 0.0000000000000E+00-2.1631702251442E-01 1.0665336871918E-01 0.0000000000000E+00
-2.0383624496050E-01 0.0000000000000E+00-1.5253762845198E+00 1.4723458371521E-01
 0.0000000000000E+00-5.4287601363000E-02 0.0000000000000E+00 3.8960008130333E-02
-5.7237916490934E-02 0.0000000000000E+00 0.0000000000000E+00 1.9032223098165E-03
-1.0806861884000E-01-2.6079273430610E+00-3.9904530077330E+00 1.0497821083900E-01
 0.0000000000000E+00 1.1570853297900E-01-1.8976262778800E-01 0.0000000000000E+00
-1.6530880448770E+00 2.2058884638130E+00 0.0000000000000E+00-9.4117989813800E-01
 9.9871334885300E-01 6.7421948100000E-03 0.0000000000000E+00 2.1631702251442E-01
 1.0665336871918E-01 0.0000000000000E+00-2.0383624496050E-01 0.0000000000000E+00
 1.5253762845198E+00 1.4723458371521E-01 0.0000000000000E+00-5.4287601363000E-02
 0.0000000000000E+00-3.8960008130333E-02-5.7237916490934E-02 0.0000000000000E+00
 0.0000000000000E+00-1.9032223098165E-03 0.0000000000000E+00 0.0000000000000E+00
 0.0000000000000E+00 0.0000000000000E+00 0.0000000000000E+00 1.9476696877000E-02
 0.0000000000000E+00 0.0000000000000E+00 6.3070362362000E-02 0.0000000000000E+00
 0.0000000000000E+00-5.0949452995500E-01 0.0000000000000E+00 0.0000000000000E+00
-3.6294947203000E-02 0.0000000000000E+00 0.0000000000000E+00 0.0000000000000E+00
 7.3375326367235E-03 0.0000000000000E+00 0.0000000000000E+00 0.0000000000000E+00
 0.0000000000000E+00-2.8119995838727E-01 0.0000000000000E+00 0.0000000000000E+00
 0.0000000000000E+00 0.0000000000000E+00-4.7907261502836E-01 0.0000000000000E+00
 0.0000000000000E+00 0.0000000000000E+00 0.0000000000000E+00 7.2538883852647E-03
 0.0000000000000E+00 0.0000000000000E+00 0.0000000000000E+00 4.1255283829099E-04
 0.0000000000000E+00 0.0000000000000E+00-1.5111559708816E-01 0.0000000000000E+00
 0.0000000000000E+00 0.0000000000000E+00 1.4955890681597E-02 0.0000000000000E+00
 0.0000000000000E+00 2.3635748442792E-02 0.0000000000000E+00 0.0000000000000E+00
 0.0000000000000E+00 3.6821841566028E-04 0.0000000000000E+00 0.0000000000000E+00
 0.0000000000000E+00 0.0000000000000E+00 0.0000000000000E+00 0.0000000000000E+00
 0.0000000000000E+00-5.7966872714000E-02 0.0000000000000E+00 0.0000000000000E+00
 3.3910170464800E-01 0.0000000000000E+00 0.0000000000000E+00 5.4861106764000E-02
 0.0000000000000E+00 0.0000000000000E+00 0.0000000000000E+00 3.3362864572725E-02
 0.0000000000000E+00 0.0000000000000E+00 8.2070230297992E-02 0.0000000000000E+00
-1.8741730247200E-01 0.0000000000000E+00 0.0000000000000E+00-3.4818074695653E-01
 0.0000000000000E+00 1.1599454577555E-01 0.0000000000000E+00 0.0000000000000E+00
-5.2134670011227E-02-2.5448733616068E-02 0.0000000000000E+00 0.0000000000000E+00
 0.0000000000000E+00 0.0000000000000E+00 0.0000000000000E+00-5.7966872714000E-02
 0.0000000000000E+00 0.0000000000000E+00 3.3910170464800E-01 0.0000000000000E+00
 0.0000000000000E+00 5.4861106764000E-02 0.0000000000000E+00 0.0000000000000E+00
 0.0000000000000E+00 3.3362864572725E-02 0.0000000000000E+00 0.0000000000000E+00
-8.2070230297992E-02 0.0000000000000E+00-1.8741730247200E-01 0.0000000000000E+00
 0.0000000000000E+00 3.4818074695653E-01 0.0000000000000E+00 1.1599454577555E-01
 0.0000000000000E+00 0.0000000000000E+00 5.2134670011227E-02-2.5448733616068E-02
 0.0000000000000E+00 1.5826218638100E-01 3.1493391456700E-01 1.5744604280600E+00
-4.5778510959780E+00-2.8437831432570E+00 0.0000000000000E+00 0.0000000000000E+00
-9.6545818620000E-03 0.0000000000000E+00 0.0000000000000E+00-1.7994272363000E-02
 0.0000000000000E+00 0.0000000000000E+00-2.0168322505520E+00 0.0000000000000E+00
 0.0000000000000E+00-4.6093200145000E-01 6.6104784710000E-03 0.0000000000000E+00
 0.0000000000000E+00-1.2365178058236E-02 0.0000000000000E+00-5.9751264641500E-02
 0.0000000000000E+00 0.0000000000000E+00 4.8386528967694E-01 0.0000000000000E+00
 2.4121651709850E-01 0.0000000000000E+00 0.0000000000000E+00 9.8215404040066E-01
 0.0000000000000E+00 1.7819350679000E-02 0.0000000000000E+00 0.0000000000000E+00
 9.3940403437644E-04 0.0000000000000E+00 0.0000000000000E+00 0.0000000000000E+00
 3.3612987253100E-01 0.0000000000000E+00 0.0000000000000E+00 1.1271682251125E-01
 0.0000000000000E+00 0.0000000000000E+00 0.0000000000000E+00 6.8261860988000E-02
 0.0000000000000E+00 0.0000000000000E+00-1.2732903499876E-03 0.0000000000000E+00
 0.0000000000000E+00 0.0000000000000E+00-2.5583651073842E-04 0.0000000000000E+00
 3.9881008548000E-02 1.5129447852070E+00 2.1386283427340E+00-2.4603177731000E-02
 0.0000000000000E+00 1.9239395893100E-01 7.5616175248000E-02 0.0000000000000E+00
-9.7430085172000E-01-1.1037546844990E+00 0.0000000000000E+00-4.6151909961400E-01
-6.3902925537000E-01-9.4204459870000E-03 0.0000000000000E+00 1.0620475369669E-01
-8.1373362324647E-02 0.0000000000000E+00 1.3385575280400E-01 0.0000000000000E+00
 7.5675337147803E-01-9.2538352025869E-02 0.0000000000000E+00 1.8206385706400E-01
 0.0000000000000E+00-9.4086283135091E-02-4.3308910730988E-02 0.0000000000000E+00
 0.0000000000000E+00 2.4057431607787E-02 3.9881008548000E-02 1.5129447852070E+00
 2.1386283427340E+00-2.4603177731000E-02 0.0000000000000E+00-1.9239395893100E-01
 7.5616175248000E-02 0.0000000000000E+00 9.7430085172000E-01-1.1037546844990E+00
 0.0000000000000E+00 4.6151909961400E-01-6.3902925537000E-01-9.4204459870000E-03
 0.0000000000000E+00-1.0620475369669E-01-8.1373362324647E-02 0.0000000000000E+00
 1.3385575280400E-01 0.0000000000000E+00-7.5675337147803E-01-9.2538352025869E-02
 0.0000000000000E+00 1.8206385706400E-01 0.0000000000000E+00 9.4086283135091E-02
-4.3308910730988E-02 0.0000000000000E+00 0.0000000000000E+00-2.4057431607787E-02
 0.0000000000000E+00 0.0000000000000E+00 0.0000000000000E+00 0.0000000000000E+00
 0.0000000000000E+00 0.0000000000000E+00 0.0000000000000E+00 0.0000000000000E+00
 0.0000000000000E+00 0.0000000000000E+00 0.0000000000000E+00 0.0000000000000E+00
 0.0000000000000E+00 0.0000000000000E+00 0.0000000000000E+00 0.0000000000000E+00
 0.0000000000000E+00 0.0000000000000E+00 0.0000000000000E+00 0.0000000000000E+00
 0.0000000000000E+00 9.2737886526237E-03 0.0000000000000E+00 0.0000000000000E+00
 0.0000000000000E+00 0.0000000000000E+00-1.0327139288891E-01 0.0000000000000E+00
 0.0000000000000E+00 0.0000000000000E+00 0.0000000000000E+00-7.2035297802624E-01
 0.0000000000000E+00 0.0000000000000E+00 0.0000000000000E+00 0.0000000000000E+00
 6.9865996045393E-04 0.0000000000000E+00 0.0000000000000E+00 0.0000000000000E+00
 0.0000000000000E+00 0.0000000000000E+00 0.0000000000000E+00-7.1112205324921E-02
 0.0000000000000E+00 0.0000000000000E+00 0.0000000000000E+00 0.0000000000000E+00
 0.0000000000000E+00 0.0000000000000E+00 1.8929019559888E-04 0.0000000000000E+00
 0.0000000000000E+00 0.0000000000000E+00 4.7257457613430E-04 0.0000000000000E+00
 0.0000000000000E+00 0.0000000000000E+00 0.0000000000000E+00-4.3287574216000E-02
 0.0000000000000E+00 0.0000000000000E+00 3.8879442248900E-01 0.0000000000000E+00
 0.0000000000000E+00 1.0499990152100E-01 0.0000000000000E+00 0.0000000000000E+00
 0.0000000000000E+00 2.7915189830294E-02 0.0000000000000E+00 0.0000000000000E+00
 6.1910719924269E-02 0.0000000000000E+00-3.0027123005993E-01 0.0000000000000E+00
 0.0000000000000E+00-3.9296893280998E-01 0.0000000000000E+00-2.3551880891018E-01
 0.0000000000000E+00 0.0000000000000E+00 5.0585206815399E-02 8.1229362887336E-03
 0.0000000000000E+00 0.0000000000000E+00 0.0000000000000E+00 0.0000000000000E+00
 0.0000000000000E+00 4.3287574216000E-02 0.0000000000000E+00 0.0000000000000E+00
-3.8879442248900E-01 0.0000000000000E+00 0.0000000000000E+00-1.0499990152100E-01
 0.0000000000000E+00 0.0000000000000E+00 0.0000000000000E+00-2.7915189830294E-02
 0.0000000000000E+00 0.0000000000000E+00 6.1910719924269E-02 0.0000000000000E+00
 3.0027123005993E-01 0.0000000000000E+00 0.0000000000000E+00-3.9296893280998E-01
 0.0000000000000E+00 2.3551880891018E-01 0.0000000000000E+00 0.0000000000000E+00
 5.0585206815399E-02-8.1229362887336E-03 0.0000000000000E+00 0.0000000000000E+00
 0.0000000000000E+00 0.0000000000000E+00 0.0000000000000E+00 0.0000000000000E+00
 0.0000000000000E+00 3.4451080240000E-02 0.0000000000000E+00 0.0000000000000E+00
 1.9552118732900E-01 0.0000000000000E+00 0.0000000000000E+00-1.2715761084040E+00
 0.0000000000000E+00 0.0000000000000E+00-2.6541699367100E-01 0.0000000000000E+00
 0.0000000000000E+00 0.0000000000000E+00 2.0982693984024E-03 0.0000000000000E+00
 0.0000000000000E+00 0.0000000000000E+00 0.0000000000000E+00-3.8194859474219E-01
 0.0000000000000E+00 0.0000000000000E+00 0.0000000000000E+00 0.0000000000000E+00
-9.0176878487607E-01 0.0000000000000E+00 0.0000000000000E+00 0.0000000000000E+00
 0.0000000000000E+00-3.2646570284936E-03 0.0000000000000E+00 0.0000000000000E+00
 0.0000000000000E+00-1.5727272589978E-04 0.0000000000000E+00 0.0000000000000E+00
-7.1259838114966E-02 0.0000000000000E+00 0.0000000000000E+00 0.0000000000000E+00
 1.8663511537237E-02 0.0000000000000E+00 0.0000000000000E+00-7.5660713473611E-03
 0.0000000000000E+00 0.0000000000000E+00 0.0000000000000E+00 3.8911590892179E-04
 0.0000000000000E+00 0.0000000000000E+00 2.1985991236000E-02 6.9183443337200E-01
 4.3305955746400E-01-3.8625749531000E-02 0.0000000000000E+00 1.2995044737200E-01
 3.1513330020000E-02 0.0000000000000E+00-4.3026212662300E-01-3.1244784633400E-01
 0.0000000000000E+00 5.9149571214000E-02-1.4202603027500E-01-1.4592169424500E-02
 0.0000000000000E+00 9.0554316261743E-02 1.2281452255929E-02 0.0000000000000E+00
 4.4983983694000E-02 0.0000000000000E+00 1.1724859790403E-01 8.7086867112010E-03
 0.0000000000000E+00-2.6748050581900E-01 0.0000000000000E+00 1.3967875258267E-01
 5.6768377504334E-02 0.0000000000000E+00 0.0000000000000E+00-1.8369246254794E-02
-2.1985991236000E-02-6.9183443337200E-01-4.3305955746400E-01 3.8625749531000E-02
 0.0000000000000E+00 1.2995044737200E-01-3.1513330020000E-02 0.0000000000000E+00
-4.3026212662300E-01 3.1244784633400E-01 0.0000000000000E+00 5.9149571214000E-02
 1.4202603027500E-01 1.4592169424500E-02 0.0000000000000E+00 9.0554316261743E-02
-1.2281452255929E-02 0.0000000000000E+00-4.4983983694000E-02 0.0000000000000E+00
 1.1724859790403E-01-8.7086867112010E-03 0.0000000000000E+00 2.6748050581900E-01
 0.0000000000000E+00 1.3967875258267E-01-5.6768377504334E-02 0.0000000000000E+00
 0.0000000000000E+00-1.8369246254794E-02 0.0000000000000E+00 0.0000000000000E+00
 0.0000000000000E+00 0.0000000000000E+00 0.0000000000000E+00 0.0000000000000E+00
 0.0000000000000E+00 0.0000000000000E+00 0.0000000000000E+00 0.0000000000000E+00
 0.0000000000000E+00 0.0000000000000E+00 0.0000000000000E+00 0.0000000000000E+00
 0.0000000000000E+00 0.0000000000000E+00 0.0000000000000E+00 0.0000000000000E+00
 0.0000000000000E+00 0.0000000000000E+00 0.0000000000000E+00-1.9841300228506E-02
 0.0000000000000E+00 0.0000000000000E+00 0.0000000000000E+00 0.0000000000000E+00
-2.5073301787871E-01 0.0000000000000E+00 0.0000000000000E+00 0.0000000000000E+00
 0.0000000000000E+00-3.2922830182932E-01 0.0000000000000E+00 0.0000000000000E+00
 0.0000000000000E+00 0.0000000000000E+00-5.8074815002820E-03 0.0000000000000E+00
 0.0000000000000E+00 0.0000000000000E+00 0.0000000000000E+00 0.0000000000000E+00
 0.0000000000000E+00 1.1187371141792E-02 0.0000000000000E+00 0.0000000000000E+00
 0.0000000000000E+00 0.0000000000000E+00 0.0000000000000E+00 0.0000000000000E+00
-6.0738561253488E-03 0.0000000000000E+00 0.0000000000000E+00 0.0000000000000E+00
-1.5441507350042E-04 0.0000000000000E+00 0.0000000000000E+00 0.0000000000000E+00
 0.0000000000000E+00-1.0938414029600E-01 0.0000000000000E+00 0.0000000000000E+00
 1.4456587960900E-01 0.0000000000000E+00 0.0000000000000E+00-1.0957602888000E-02
 0.0000000000000E+00 0.0000000000000E+00 0.0000000000000E+00-1.1954321145961E-01
 0.0000000000000E+00 0.0000000000000E+00 2.9256604380923E-01 0.0000000000000E+00
-1.7460414852754E-01 0.0000000000000E+00 0.0000000000000E+00 8.1109982101038E-04
 0.0000000000000E+00 1.4232763972013E-01 0.0000000000000E+00 0.0000000000000E+00
 3.7010733367177E-02 2.8523270837281E-02 0.0000000000000E+00 0.0000000000000E+00
 0.0000000000000E+00 0.0000000000000E+00 0.0000000000000E+00 1.0938414029600E-01
 0.0000000000000E+00 0.0000000000000E+00-1.4456587960900E-01 0.0000000000000E+00
 0.0000000000000E+00 1.0957602888000E-02 0.0000000000000E+00 0.0000000000000E+00
 0.0000000000000E+00 1.1954321145961E-01 0.0000000000000E+00 0.0000000000000E+00
 2.9256604380923E-01 0.0000000000000E+00 1.7460414852754E-01 0.0000000000000E+00
 0.0000000000000E+00 8.1109982101038E-04 0.0000000000000E+00-1.4232763972013E-01
 0.0000000000000E+00 0.0000000000000E+00 3.7010733367177E-02-2.8523270837281E-02
 0.0000000000000E+00-2.5088442609000E-02-3.8894836281000E-02-3.1023163529500E-01
 1.2438359642940E+00 8.1915442817300E-01 0.0000000000000E+00 0.0000000000000E+00
 6.0093966542000E-02 0.0000000000000E+00 0.0000000000000E+00 1.0713656182600E-01
 0.0000000000000E+00 0.0000000000000E+00-2.5614636015600E-01 0.0000000000000E+00
 0.0000000000000E+00-1.0807912043000E-01 4.1822195500000E-05 0.0000000000000E+00
 0.0000000000000E+00 1.8765653235439E-02 0.0000000000000E+00-1.5548324228700E-01
 0.0000000000000E+00 0.0000000000000E+00-1.6026315227994E-02 0.0000000000000E+00
-5.6884280079350E-01 0.0000000000000E+00 0.0000000000000E+00-4.9060814827899E-01
 0.0000000000000E+00 4.4173758490000E-02 0.0000000000000E+00 0.0000000000000E+00
 9.8849208679117E-05 0.0000000000000E+00 0.0000000000000E+00 0.0000000000000E+00
-1.0407228945200E+00 0.0000000000000E+00 0.0000000000000E+00-3.3816157960181E-02
 0.0000000000000E+00 0.0000000000000E+00 0.0000000000000E+00 2.4808778881000E-02
 0.0000000000000E+00 0.0000000000000E+00-8.5850461471500E-04 0.0000000000000E+00
 0.0000000000000E+00 0.0000000000000E+00 5.9036138003114E-04 0.0000000000000E+00
 5.6688831726000E-02-5.0667838196400E-01-4.8952683866000E-01-4.7276134958000E-02
 0.0000000000000E+00 1.5385240231700E-01-3.1481716840000E-02 0.0000000000000E+00
-2.6563102888600E-01 7.2306230071400E-01 0.0000000000000E+00 7.3789105211000E-02
 4.5635978477700E-01 3.3669178294000E-02 0.0000000000000E+00-1.6179809220686E-02
 4.4276563390852E-02 0.0000000000000E+00-1.5462436545750E-01 0.0000000000000E+00
-6.4977833597196E-01-2.9107599282560E-01 0.0000000000000E+00-6.2261940793600E-01
 0.0000000000000E+00 9.6408956129237E-02 1.0617208206115E-02 0.0000000000000E+00
 0.0000000000000E+00 2.2904518555720E-02 5.6688831726000E-02-5.0667838196400E-01
-4.8952683866000E-01-4.7276134958000E-02 0.0000000000000E+00-1.5385240231700E-01
-3.1481716840000E-02 0.0000000000000E+00 2.6563102888600E-01 7.2306230071400E-01
 0.0000000000000E+00-7.3789105211000E-02 4.5635978477700E-01 3.3669178294000E-02
 0.0000000000000E+00 1.6179809220686E-02 4.4276563390852E-02 0.0000000000000E+00
-1.5462436545750E-01 0.0000000000000E+00 6.4977833597196E-01-2.9107599282560E-01
 0.0000000000000E+00-6.2261940793600E-01 0.0000000000000E+00-9.6408956129237E-02
 1.0617208206115E-02 0.0000000000000E+00 0.0000000000000E+00-2.2904518555720E-02
 0.0000000000000E+00 0.0000000000000E+00 0.0000000000000E+00 0.0000000000000E+00
 0.0000000000000E+00 0.0000000000000E+00 3.5196305703000E-02 0.0000000000000E+00
 0.0000000000000E+00 3.6497743373700E-01 0.0000000000000E+00 0.0000000000000E+00
-8.4219153128400E-01 0.0000000000000E+00 0.0000000000000E+00-5.7463367366700E-01
 0.0000000000000E+00 0.0000000000000E+00 0.0000000000000E+00-6.7069125573200E-02
 0.0000000000000E+00 0.0000000000000E+00 0.0000000000000E+00 0.0000000000000E+00
-3.3265763791810E-02 0.0000000000000E+00 0.0000000000000E+00 0.0000000000000E+00
 0.0000000000000E+00-1.5757482035194E+00 0.0000000000000E+00 0.0000000000000E+00
 0.0000000000000E+00 0.0000000000000E+00-1.9072211799066E-02 0.0000000000000E+00
 0.0000000000000E+00 0.0000000000000E+00 1.3183580260874E-03 0.0000000000000E+00
 0.0000000000000E+00-1.2965742812670E-01 0.0000000000000E+00 0.0000000000000E+00
 0.0000000000000E+00-2.9415254439542E-02 0.0000000000000E+00 0.0000000000000E+00
-3.3272007274465E-02 0.0000000000000E+00 0.0000000000000E+00 0.0000000000000E+00
 1.3293930689198E-03 0.0000000000000E+00 0.0000000000000E+00-3.2433589490000E-03
 4.1776748800300E-01 9.0395636327200E-01-4.6413991980000E-03 0.0000000000000E+00
 3.5441819358900E-01-8.0519603687000E-02 0.0000000000000E+00-6.4052937414300E-01
 1.8451610117100E-01 0.0000000000000E+00-7.9646921192000E-02-1.9352222242200E-01
 3.9435116091500E-02 0.0000000000000E+00 1.2292086945696E-01 9.8485432856574E-02
 0.0000000000000E+00-1.6531207665500E-01 0.0000000000000E+00-2.3027544713300E-02
 7.2934023148727E-02 0.0000000000000E+00 4.0803187589200E-01 0.0000000000000E+00
 4.2302205006282E-03-3.6892238530000E-02 0.0000000000000E+00 0.0000000000000E+00
-2.7911715745775E-02 3.2433589490000E-03-4.1776748800300E-01-9.0395636327200E-01
 4.6413991980000E-03 0.0000000000000E+00 3.5441819358900E-01 8.0519603687000E-02
 0.0000000000000E+00-6.4052937414300E-01-1.8451610117100E-01 0.0000000000000E+00
-7.9646921192000E-02 1.9352222242200E-01-3.9435116091500E-02 0.0000000000000E+00
 1.2292086945696E-01-9.8485432856574E-02 0.0000000000000E+00 1.6531207665500E-01
 0.0000000000000E+00-2.3027544713300E-02-7.2934023148727E-02 0.0000000000000E+00
-4.0803187589200E-01 0.0000000000000E+00 4.2302205006282E-03 3.6892238530000E-02
 0.0000000000000E+00 0.0000000000000E+00-2.7911715745775E-02 0.0000000000000E+00
 0.0000000000000E+00 0.0000000000000E+00 0.0000000000000E+00 0.0000000000000E+00
 0.0000000000000E+00-1.6851186913200E-01 0.0000000000000E+00 0.0000000000000E+00
-3.2994305302000E-01 0.0000000000000E+00 0.0000000000000E+00-5.1346608723000E-01
 0.0000000000000E+00 0.0000000000000E+00-4.1041183610900E-01 0.0000000000000E+00
 0.0000000000000E+00 0.0000000000000E+00 7.6282842630034E-02 0.0000000000000E+00
 0.0000000000000E+00 0.0000000000000E+00 0.0000000000000E+00 2.9745506427675E-01
 0.0000000000000E+00 0.0000000000000E+00 0.0000000000000E+00 0.0000000000000E+00
 8.6350604884408E-01 0.0000000000000E+00 0.0000000000000E+00 0.0000000000000E+00
 0.0000000000000E+00-3.1899125099915E-02 0.0000000000000E+00 0.0000000000000E+00
 0.0000000000000E+00-1.7210071439068E-03 0.0000000000000E+00 0.0000000000000E+00
 2.9966877457179E-01 0.0000000000000E+00 0.0000000000000E+00 0.0000000000000E+00
 2.1365351598580E-02 0.0000000000000E+00 0.0000000000000E+00 2.8270986158198E-02
 0.0000000000000E+00 0.0000000000000E+00 0.0000000000000E+00 3.1108906901115E-04
 0.0000000000000E+00 0.0000000000000E+00 1.9676957340000E-02-2.9440064671900E-01
 2.8065165475500E-01 6.5644270506000E-02 0.0000000000000E+00 1.7490268731400E-01
-5.5370977845800E-01 0.0000000000000E+00 2.0130675207300E-01 1.2828239339000E-01
 0.0000000000000E+00 2.5004239538800E-01-7.3159505817900E-01 3.3202012532000E-02
 0.0000000000000E+00 1.5043886378699E-01 2.5649867291629E-02 0.0000000000000E+00
 3.3812617391200E-01 0.0000000000000E+00 4.8212060003488E-01 2.0824513054832E-01
 0.0000000000000E+00-2.8370852108900E-01 0.0000000000000E+00-2.7166674313072E-01
 3.1561917880231E-02 0.0000000000000E+00 0.0000000000000E+00-5.9845832802336E-03
-1.9676957340000E-02 2.9440064671900E-01-2.8065165475500E-01-6.5644270506000E-02
 0.0000000000000E+00 1.7490268731400E-01 5.5370977845800E-01 0.0000000000000E+00
 2.0130675207300E-01-1.2828239339000E-01 0.0000000000000E+00 2.5004239538800E-01
 7.3159505817900E-01-3.3202012532000E-02 0.0000000000000E+00 1.5043886378699E-01
-2.5649867291629E-02 0.0000000000000E+00-3.3812617391200E-01 0.0000000000000E+00
 4.8212060003488E-01-2.0824513054832E-01 0.0000000000000E+00 2.8370852108900E-01
 0.0000000000000E+00-2.7166674313072E-01-3.1561917880231E-02 0.0000000000000E+00
 0.0000000000000E+00-5.9845832802336E-03 0.0000000000000E+00 0.0000000000000E+00
 0.0000000000000E+00 0.0000000000000E+00 0.0000000000000E+00-1.6826376066700E-01
 0.0000000000000E+00 0.0000000000000E+00 6.5420969178000E-02 0.0000000000000E+00
 0.0000000000000E+00-1.2470573477370E+00 0.0000000000000E+00 0.0000000000000E+00
-1.4049962623300E-01 0.0000000000000E+00 0.0000000000000E+00 0.0000000000000E+00
 7.4359500610018E-02 0.0000000000000E+00 0.0000000000000E+00 0.0000000000000E+00
 0.0000000000000E+00-6.8806977223999E-01 0.0000000000000E+00 0.0000000000000E+00
 0.0000000000000E+00 0.0000000000000E+00-1.1180430338000E-01 0.0000000000000E+00
 0.0000000000000E+00 0.0000000000000E+00 0.0000000000000E+00-8.7939319772472E-03
 0.0000000000000E+00 0.0000000000000E+00 0.0000000000000E+00-3.8186907141661E-03
 0.0000000000000E+00 0.0000000000000E+00 1.7189871317427E-01 0.0000000000000E+00
 0.0000000000000E+00 0.0000000000000E+00 4.5631087967773E-02 0.0000000000000E+00
 0.0000000000000E+00-2.4505295660494E-02 0.0000000000000E+00 0.0000000000000E+00
 0.0000000000000E+00 1.0008121783572E-03 0.0000000000000E+00 0.0000000000000E+00
 0.0000000000000E+00 0.0000000000000E+00 0.0000000000000E+00 0.0000000000000E+00
 0.0000000000000E+00 4.4525889645100E-01 0.0000000000000E+00 0.0000000000000E+00
 1.1831233765000E-02 0.0000000000000E+00 0.0000000000000E+00 4.5164526967200E-01
 0.0000000000000E+00 0.0000000000000E+00 0.0000000000000E+00-2.7836420818783E-02
 0.0000000000000E+00 0.0000000000000E+00-6.6011264912882E-02 0.0000000000000E+00
-1.0723016756049E+00 0.0000000000000E+00 0.0000000000000E+00-4.5902318019524E-01
 0.0000000000000E+00 2.7760309958611E-01 0.0000000000000E+00 0.0000000000000E+00
 6.3250825949687E-02-3.6856928687215E-03 0.0000000000000E+00 0.0000000000000E+00
 0.0000000000000E+00 0.0000000000000E+00 0.0000000000000E+00 4.4525889645100E-01
 0.0000000000000E+00 0.0000000000000E+00 1.1831233765000E-02 0.0000000000000E+00
 0.0000000000000E+00 4.5164526967200E-01 0.0000000000000E+00 0.0000000000000E+00
 0.0000000000000E+00-2.7836420818783E-02 0.0000000000000E+00 0.0000000000000E+00
 6.6011264912882E-02 0.0000000000000E+00-1.0723016756049E+00 0.0000000000000E+00
 0.0000000000000E+00 4.5902318019524E-01 0.0000000000000E+00 2.7760309958611E-01
 0.0000000000000E+00 0.0000000000000E+00-6.3250825949687E-02-3.6856928687215E-03
 0.0000000000000E+00 0.0000000000000E+00 0.0000000000000E+00 0.0000000000000E+00
 0.0000000000000E+00 0.0000000000000E+00-1.3169421631200E-01 0.0000000000000E+00
 0.0000000000000E+00 5.4943944499000E-02 0.0000000000000E+00 0.0000000000000E+00
-1.1567545848670E+00 0.0000000000000E+00 0.0000000000000E+00-2.6366038737200E-01
 0.0000000000000E+00 0.0000000000000E+00 0.0000000000000E+00 3.0103898394982E-02
 0.0000000000000E+00 0.0000000000000E+00 0.0000000000000E+00 0.0000000000000E+00
-1.1003136287053E+00 0.0000000000000E+00 0.0000000000000E+00 0.0000000000000E+00
 0.0000000000000E+00-1.1619572941858E+00 0.0000000000000E+00 0.0000000000000E+00
 0.0000000000000E+00 0.0000000000000E+00 1.8784126254279E-02 0.0000000000000E+00
 0.0000000000000E+00 0.0000000000000E+00-1.6102929772657E-04 0.0000000000000E+00
 0.0000000000000E+00-2.7825380406271E-01 0.0000000000000E+00 0.0000000000000E+00
 0.0000000000000E+00-6.6960039424682E-03 0.0000000000000E+00 0.0000000000000E+00
 2.5994467772834E-02 0.0000000000000E+00 0.0000000000000E+00 0.0000000000000E+00
 9.5436583515819E-04 0.0000000000000E+00 0.0000000000000E+00 0.0000000000000E+00
 0.0000000000000E+00 0.0000000000000E+00 0.0000000000000E+00 0.0000000000000E+00
 4.4381090340800E-01 0.0000000000000E+00 0.0000000000000E+00-4.3251079102000E-02
 0.0000000000000E+00 0.0000000000000E+00 5.3921692793100E-01 0.0000000000000E+00
 0.0000000000000E+00 0.0000000000000E+00-9.5334839999740E-02 0.0000000000000E+00
 0.0000000000000E+00 1.5392821976118E-01 0.0000000000000E+00-1.4491546691653E-01
 0.0000000000000E+00 0.0000000000000E+00-1.1500445028162E+00 0.0000000000000E+00
-1.8289345784562E-01 0.0000000000000E+00 0.0000000000000E+00 4.0397367590338E-02
-3.1939293949904E-02 0.0000000000000E+00 0.0000000000000E+00 0.0000000000000E+00
 0.0000000000000E+00 0.0000000000000E+00 4.4381090340800E-01 0.0000000000000E+00
 0.0000000000000E+00-4.3251079102000E-02 0.0000000000000E+00 0.0000000000000E+00
 5.3921692793100E-01 0.0000000000000E+00 0.0000000000000E+00 0.0000000000000E+00
-9.5334839999740E-02 0.0000000000000E+00 0.0000000000000E+00-1.5392821976118E-01
 0.0000000000000E+00-1.4491546691653E-01 0.0000000000000E+00 0.0000000000000E+00
 1.1500445028162E+00 0.0000000000000E+00-1.8289345784562E-01 0.0000000000000E+00
 0.0000000000000E+00-4.0397367590338E-02-3.1939293949904E-02 0.0000000000000E+00
 0.0000000000000E+00 0.0000000000000E+00 0.0000000000000E+00 0.0000000000000E+00
 0.0000000000000E+00 0.0000000000000E+00 0.0000000000000E+00 0.0000000000000E+00
 0.0000000000000E+00 0.0000000000000E+00 0.0000000000000E+00 0.0000000000000E+00
 0.0000000000000E+00 0.0000000000000E+00 0.0000000000000E+00 0.0000000000000E+00
 0.0000000000000E+00 0.0000000000000E+00 0.0000000000000E+00 0.0000000000000E+00
 0.0000000000000E+00 7.2020523830990E-02 0.0000000000000E+00 0.0000000000000E+00
 0.0000000000000E+00 0.0000000000000E+00-1.4572610266969E+00 0.0000000000000E+00
 0.0000000000000E+00 0.0000000000000E+00 0.0000000000000E+00-9.0056987172761E-01
 0.0000000000000E+00 0.0000000000000E+00 0.0000000000000E+00 0.0000000000000E+00
 7.7047935627508E-03 0.0000000000000E+00 0.0000000000000E+00 0.0000000000000E+00
 0.0000000000000E+00 0.0000000000000E+00 0.0000000000000E+00-6.6006650441664E-02
 0.0000000000000E+00 0.0000000000000E+00 0.0000000000000E+00 0.0000000000000E+00
 0.0000000000000E+00 0.0000000000000E+00-1.6027925127485E-03 0.0000000000000E+00
 0.0000000000000E+00 0.0000000000000E+00 1.8027452058936E-04 0.0000000000000E+00
 0.0000000000000E+00 0.0000000000000E+00 0.0000000000000E+00 7.2398946178600E-01
 0.0000000000000E+00 0.0000000000000E+00-1.9796527177600E-01 0.0000000000000E+00
 0.0000000000000E+00 6.2711572384700E-01 0.0000000000000E+00 0.0000000000000E+00
 0.0000000000000E+00 1.4261057345408E-01 0.0000000000000E+00 0.0000000000000E+00
 6.6761102285622E-02 0.0000000000000E+00-8.2655706884977E-01 0.0000000000000E+00
 0.0000000000000E+00-1.0001603247393E+00 0.0000000000000E+00 8.2443886273451E-02
 0.0000000000000E+00 0.0000000000000E+00 7.3550261282674E-02-1.8678993535160E-02
 0.0000000000000E+00 0.0000000000000E+00 0.0000000000000E+00 0.0000000000000E+00
 0.0000000000000E+00-7.2398946178600E-01 0.0000000000000E+00 0.0000000000000E+00
 1.9796527177600E-01 0.0000000000000E+00 0.0000000000000E+00-6.2711572384700E-01
 0.0000000000000E+00 0.0000000000000E+00 0.0000000000000E+00-1.4261057345408E-01
 0.0000000000000E+00 0.0000000000000E+00 6.6761102285622E-02 0.0000000000000E+00
 8.2655706884977E-01 0.0000000000000E+00 0.0000000000000E+00-1.0001603247393E+00
 0.0000000000000E+00-8.2443886273451E-02 0.0000000000000E+00 0.0000000000000E+00
 7.3550261282674E-02 1.8678993535160E-02 0.0000000000000E+00 0.0000000000000E+00
 0.0000000000000E+00 0.0000000000000E+00 0.0000000000000E+00 0.0000000000000E+00
 0.0000000000000E+00 8.4230065091000E-02 0.0000000000000E+00 0.0000000000000E+00
 1.0244452681820E+00 0.0000000000000E+00 0.0000000000000E+00-2.6344095404660E+00
 0.0000000000000E+00 0.0000000000000E+00-4.4009501129900E-01 0.0000000000000E+00
 0.0000000000000E+00 0.0000000000000E+00-1.6600678439888E-01 0.0000000000000E+00
 0.0000000000000E+00 0.0000000000000E+00 0.0000000000000E+00 8.7588681329931E-01
 0.0000000000000E+00 0.0000000000000E+00 0.0000000000000E+00 0.0000000000000E+00
-1.2129618464038E+00 0.0000000000000E+00 0.0000000000000E+00 0.0000000000000E+00
 0.0000000000000E+00 2.2555312513464E-02 0.0000000000000E+00 0.0000000000000E+00
 0.0000000000000E+00-1.6565700734159E-03 0.0000000000000E+00 0.0000000000000E+00
 2.4639083600907E-01 0.0000000000000E+00 0.0000000000000E+00 0.0000000000000E+00
 3.4062997970034E-02 0.0000000000000E+00 0.0000000000000E+00 5.0299684808048E-02
 0.0000000000000E+00 0.0000000000000E+00 0.0000000000000E+00 7.8672098838447E-04
 0.0000000000000E+00 0.0000000000000E+00-1.3512312904500E-01 1.0108665860650E+00
-2.6575636093000E-02-5.5563961369000E-02 0.0000000000000E+00 1.7987637688300E-01
 1.2560949310000E-02 0.0000000000000E+00 1.1672530864000E-01-6.2713317905500E-01
 0.0000000000000E+00 6.6660795048400E-01-2.6819534507300E-01-1.1323637299600E-01
 0.0000000000000E+00-1.3621791726951E-01-1.0237548826116E-01 0.0000000000000E+00
 4.2974176977600E-01 0.0000000000000E+00-3.2268264632923E-01 6.1625073301324E-01
 0.0000000000000E+00-6.8209964663100E-01 0.0000000000000E+00-5.4452411102342E-02
-7.5359680134258E-02 0.0000000000000E+00 0.0000000000000E+00-1.3307881090342E-02
 1.3512312904500E-01-1.0108665860650E+00 2.6575636093000E-02 5.5563961369000E-02
 0.0000000000000E+00 1.7987637688300E-01-1.2560949310000E-02 0.0000000000000E+00
 1.1672530864000E-01 6.2713317905500E-01 0.0000000000000E+00 6.6660795048400E-01
 2.6819534507300E-01 1.1323637299600E-01 0.0000000000000E+00-1.3621791726951E-01
 1.0237548826116E-01 0.0000000000000E+00-4.2974176977600E-01 0.0000000000000E+00
-3.2268264632923E-01-6.1625073301324E-01 0.0000000000000E+00 6.8209964663100E-01
 0.0000000000000E+00-5.4452411102342E-02 7.5359680134258E-02 0.0000000000000E+00
 0.0000000000000E+00-1.3307881090342E-02-2.2284360407000E-01-4.8324584904600E-01
-1.4540141103250E+00 4.0083718507900E-01-9.1978517947800E-01 0.0000000000000E+00
 0.0000000000000E+00-1.6688435518500E-01 0.0000000000000E+00 0.0000000000000E+00
-4.3796259834500E-01 0.0000000000000E+00 0.0000000000000E+00 2.9262561250200E-01
 0.0000000000000E+00 0.0000000000000E+00-8.6690972449000E-02 5.7893489640000E-03
 0.0000000000000E+00 0.0000000000000E+00-3.2001957212965E-02 0.0000000000000E+00
-1.4600822778700E-01 0.0000000000000E+00 0.0000000000000E+00 8.4229307060439E-02
 0.0000000000000E+00 1.0909124452500E-01 0.0000000000000E+00 0.0000000000000E+00
-1.6395920009246E-01 0.0000000000000E+00 2.3101935549000E-02 0.0000000000000E+00
 0.0000000000000E+00-3.9902275165044E-03 0.0000000000000E+00 0.0000000000000E+00
 0.0000000000000E+00-2.4029501711000E-02 0.0000000000000E+00 0.0000000000000E+00
 1.2885096542144E-02 0.0000000000000E+00 0.0000000000000E+00 0.0000000000000E+00
 4.6962366103000E-02 0.0000000000000E+00 0.0000000000000E+00-2.7447053652169E-03
 0.0000000000000E+00 0.0000000000000E+00 0.0000000000000E+00 5.2933498135950E-04
 0.0000000000000E+00-1.2182508026400E-01-1.4908711983000E-01 4.2670292962700E-01
 1.5016051541500E-01 0.0000000000000E+00-6.2335331787200E-01-2.4184273014300E-01
 0.0000000000000E+00 6.3098218102700E-01 1.9703252114000E-01 0.0000000000000E+00
-6.0574200310000E-01-4.0262886224800E-01 1.5066093235000E-02 0.0000000000000E+00
-2.6058593516752E-01-3.8587981392597E-02 0.0000000000000E+00-1.8035730425000E-02
 0.0000000000000E+00 7.0644948735451E-01-2.1080020109166E-01 0.0000000000000E+00
 2.6285703757300E-01 0.0000000000000E+00-6.0952387899922E-02 5.2459300534808E-02
 0.0000000000000E+00 0.0000000000000E+00 2.2011719272661E-02-1.2182508026400E-01
-1.4908711983000E-01 4.2670292962700E-01 1.5016051541500E-01 0.0000000000000E+00
 6.2335331787200E-01-2.4184273014300E-01 0.0000000000000E+00-6.3098218102700E-01
 1.9703252114000E-01 0.0000000000000E+00 6.0574200310000E-01-4.0262886224800E-01
 1.5066093235000E-02 0.0000000000000E+00 2.6058593516752E-01-3.8587981392597E-02
 0.0000000000000E+00-1.8035730425000E-02 0.0000000000000E+00-7.0644948735451E-01
-2.1080020109166E-01 0.0000000000000E+00 2.6285703757300E-01 0.0000000000000E+00
 6.0952387899922E-02 5.2459300534808E-02 0.0000000000000E+00 0.0000000000000E+00
-2.2011719272661E-02-1.2042872956200E-01-2.3007648937800E-01-8.6478667151700E-01
 1.2308284077020E+00 1.9603004643930E+00 0.0000000000000E+00 0.0000000000000E+00
 1.2407390956500E-01 0.0000000000000E+00 0.0000000000000E+00-2.5825112312800E-01
 0.0000000000000E+00 0.0000000000000E+00 2.1424782221400E+00 0.0000000000000E+00
 0.0000000000000E+00 6.4996935791700E-01-2.3915420839000E-02 0.0000000000000E+00
 0.0000000000000E+00-1.8239289884251E-02 0.0000000000000E+00 4.4493180647450E-01
 0.0000000000000E+00 0.0000000000000E+00 4.1690862658097E-01 0.0000000000000E+00
 2.5686611338750E-01 0.0000000000000E+00 0.0000000000000E+00-1.3240906772036E-01
 0.0000000000000E+00-2.9611987412000E-02 0.0000000000000E+00 0.0000000000000E+00
-2.4274242617661E-04 0.0000000000000E+00 0.0000000000000E+00 0.0000000000000E+00
 1.4274615678300E-01 0.0000000000000E+00 0.0000000000000E+00-1.2596610156037E-02
 0.0000000000000E+00 0.0000000000000E+00 0.0000000000000E+00-4.1117468070000E-02
 0.0000000000000E+00 0.0000000000000E+00-7.7332152700629E-03 0.0000000000000E+00
 0.0000000000000E+00 0.0000000000000E+00-1.8143308520640E-04 0.0000000000000E+00
 1.1642673180000E-03-4.6861994046900E-01-1.1879860481430E+00 1.5780607010000E-03
 0.0000000000000E+00 2.7334930096200E-01-5.7937698111900E-01 0.0000000000000E+00
 2.5265271950100E-01 3.9309019064100E-01 0.0000000000000E+00 6.0202237508400E-01
-2.5969127128200E-01-9.1282952694500E-02 0.0000000000000E+00-2.1148277701226E-01
 1.7453802592219E-02 0.0000000000000E+00 3.4591166423800E-01 0.0000000000000E+00
 3.9182001292477E-01 2.7420375742477E-01 0.0000000000000E+00-2.6718256943800E-01
 0.0000000000000E+00-2.8150200677449E-01 9.2018971981635E-03 0.0000000000000E+00
 0.0000000000000E+00-8.7406960999945E-03 1.1642673180000E-03-4.6861994046900E-01
-1.1879860481430E+00 1.5780607010000E-03 0.0000000000000E+00-2.7334930096200E-01
-5.7937698111900E-01 0.0000000000000E+00-2.5265271950100E-01 3.9309019064100E-01
 0.0000000000000E+00-6.0202237508400E-01-2.5969127128200E-01-9.1282952694500E-02
 0.0000000000000E+00 2.1148277701226E-01 1.7453802592219E-02 0.0000000000000E+00
 3.4591166423800E-01 0.0000000000000E+00-3.9182001292477E-01 2.7420375742477E-01
 0.0000000000000E+00-2.6718256943800E-01 0.0000000000000E+00 2.8150200677449E-01
 9.2018971981635E-03 0.0000000000000E+00 0.0000000000000E+00 8.7406960999945E-03
 0.0000000000000E+00 0.0000000000000E+00 0.0000000000000E+00 0.0000000000000E+00
 0.0000000000000E+00 2.1144895670000E-02 0.0000000000000E+00 0.0000000000000E+00
-9.4988528480000E-03 0.0000000000000E+00 0.0000000000000E+00-1.6123230263450E+00
 0.0000000000000E+00 0.0000000000000E+00-2.4049620900500E-01 0.0000000000000E+00
 0.0000000000000E+00 0.0000000000000E+00 2.2186649030197E-02 0.0000000000000E+00
 0.0000000000000E+00 0.0000000000000E+00 0.0000000000000E+00-6.3238454106459E-01
 0.0000000000000E+00 0.0000000000000E+00 0.0000000000000E+00 0.0000000000000E+00
-1.0664421632265E+00 0.0000000000000E+00 0.0000000000000E+00 0.0000000000000E+00
 0.0000000000000E+00-1.1811291566025E-03 0.0000000000000E+00 0.0000000000000E+00
 0.0000000000000E+00 5.1230442658654E-03 0.0000000000000E+00 0.0000000000000E+00
-4.7205377028695E-02 0.0000000000000E+00 0.0000000000000E+00 0.0000000000000E+00
 1.6762757489700E-02 0.0000000000000E+00 0.0000000000000E+00 4.2641461594116E-02
 0.0000000000000E+00 0.0000000000000E+00 0.0000000000000E+00 6.6257532409124E-03
 0.0000000000000E+00 0.0000000000000E+00 0.0000000000000E+00 0.0000000000000E+00
 0.0000000000000E+00 0.0000000000000E+00 0.0000000000000E+00-3.0060558018400E-01
 0.0000000000000E+00 0.0000000000000E+00 7.6804712735700E-01 0.0000000000000E+00
 0.0000000000000E+00 4.0862683047100E-01 0.0000000000000E+00 0.0000000000000E+00
 0.0000000000000E+00 1.2535162453320E+00 0.0000000000000E+00 0.0000000000000E+00
 5.1100595382783E-03 0.0000000000000E+00-1.3914785914340E+00 0.0000000000000E+00
 0.0000000000000E+00-1.0240044704176E+00 0.0000000000000E+00 4.3216669208306E-02
 0.0000000000000E+00 0.0000000000000E+00 4.9767601558563E-02-1.0533590847583E-02
 0.0000000000000E+00 0.0000000000000E+00 0.0000000000000E+00 0.0000000000000E+00
 0.0000000000000E+00-3.0060558018400E-01 0.0000000000000E+00 0.0000000000000E+00
 7.6804712735700E-01 0.0000000000000E+00 0.0000000000000E+00 4.0862683047100E-01
 0.0000000000000E+00 0.0000000000000E+00 0.0000000000000E+00 1.2535162453320E+00
 0.0000000000000E+00 0.0000000000000E+00-5.1100595382783E-03 0.0000000000000E+00
-1.3914785914340E+00 0.0000000000000E+00 0.0000000000000E+00 1.0240044704176E+00
 0.0000000000000E+00 4.3216669208306E-02 0.0000000000000E+00 0.0000000000000E+00
-4.9767601558563E-02-1.0533590847583E-02 0.0000000000000E+00 0.0000000000000E+00
 0.0000000000000E+00 0.0000000000000E+00 0.0000000000000E+00 0.0000000000000E+00
 0.0000000000000E+00-7.2260958839000E-02 0.0000000000000E+00 0.0000000000000E+00
-5.8688943594000E-01 0.0000000000000E+00 0.0000000000000E+00 9.6046369148600E-01
 0.0000000000000E+00 0.0000000000000E+00 7.2310337559000E-01 0.0000000000000E+00
 0.0000000000000E+00 0.0000000000000E+00 1.9139616181716E-01 0.0000000000000E+00
 0.0000000000000E+00 0.0000000000000E+00 0.0000000000000E+00 9.6738172926453E-03
 0.0000000000000E+00 0.0000000000000E+00 0.0000000000000E+00 0.0000000000000E+00
 1.6002733960301E+00 0.0000000000000E+00 0.0000000000000E+00 0.0000000000000E+00
 0.0000000000000E+00-2.4640394575166E-03 0.0000000000000E+00 0.0000000000000E+00
 0.0000000000000E+00 5.3627107380878E-03 0.0000000000000E+00 0.0000000000000E+00
 1.5903780175269E-01 0.0000000000000E+00 0.0000000000000E+00 0.0000000000000E+00
-5.4330350341801E-03 0.0000000000000E+00 0.0000000000000E+00 6.5129564281535E-02
 0.0000000000000E+00 0.0000000000000E+00 0.0000000000000E+00 4.1907118963737E-03
 0.0000000000000E+00 0.0000000000000E+00 3.7795953697800E-01-1.0020341253230E+00
-9.6838979887600E-01-3.5733306525900E-01 0.0000000000000E+00 2.2622657613100E-01
 6.1139461041400E-01 0.0000000000000E+00 1.2525358806300E-01-6.6770684985200E-01
 0.0000000000000E+00 6.7675006100400E-01 4.1959999217600E-01-1.6063486309200E-01
 0.0000000000000E+00 7.2847779102163E-01-1.1893604248402E-01 0.0000000000000E+00
 2.5003163750450E-01 0.0000000000000E+00-1.4478510488326E-01 2.3913616967615E-01
 0.0000000000000E+00 1.0709206801000E-02 0.0000000000000E+00-1.4267660703160E-01
 1.7277251707143E-02 0.0000000000000E+00 0.0000000000000E+00-2.0180164370281E-03
-3.7795953697800E-01 1.0020341253230E+00 9.6838979887600E-01 3.5733306525900E-01
 0.0000000000000E+00 2.2622657613100E-01-6.1139461041400E-01 0.0000000000000E+00
 1.2525358806300E-01 6.6770684985200E-01 0.0000000000000E+00 6.7675006100400E-01
-4.1959999217600E-01 1.6063486309200E-01 0.0000000000000E+00 7.2847779102163E-01
 1.1893604248402E-01 0.0000000000000E+00-2.5003163750450E-01 0.0000000000000E+00
-1.4478510488326E-01-2.3913616967615E-01 0.0000000000000E+00-1.0709206801000E-02
 0.0000000000000E+00-1.4267660703160E-01-1.7277251707143E-02 0.0000000000000E+00
 0.0000000000000E+00-2.0180164370281E-03 0.0000000000000E+00 0.0000000000000E+00
 0.0000000000000E+00 0.0000000000000E+00 0.0000000000000E+00 6.6624243547000E-02
 0.0000000000000E+00 0.0000000000000E+00-3.5310801095000E-02 0.0000000000000E+00
 0.0000000000000E+00-1.4115773688550E+00 0.0000000000000E+00 0.0000000000000E+00
-2.1287838013700E-01 0.0000000000000E+00 0.0000000000000E+00 0.0000000000000E+00
 8.9394186313350E-02 0.0000000000000E+00 0.0000000000000E+00 0.0000000000000E+00
 0.0000000000000E+00-3.7103063352802E-01 0.0000000000000E+00 0.0000000000000E+00
 0.0000000000000E+00 0.0000000000000E+00-1.3501691231532E+00 0.0000000000000E+00
 0.0000000000000E+00 0.0000000000000E+00 0.0000000000000E+00-3.1705693958431E-02
 0.0000000000000E+00 0.0000000000000E+00 0.0000000000000E+00 3.3855000518613E-03
 0.0000000000000E+00 0.0000000000000E+00-2.8170961889636E-02 0.0000000000000E+00
 0.0000000000000E+00 0.0000000000000E+00 1.6140353739352E-02 0.0000000000000E+00
 0.0000000000000E+00-5.7891779347817E-02 0.0000000000000E+00 0.0000000000000E+00
 0.0000000000000E+00 5.2993205740533E-03 0.0000000000000E+00 0.0000000000000E+00
 0.0000000000000E+00 0.0000000000000E+00 0.0000000000000E+00 0.0000000000000E+00
 0.0000000000000E+00-3.7950436988500E-01 0.0000000000000E+00 0.0000000000000E+00
 8.1452244643000E-01 0.0000000000000E+00 0.0000000000000E+00 3.1531440448900E-01
 0.0000000000000E+00 0.0000000000000E+00 0.0000000000000E+00-3.4343521795410E-01
 0.0000000000000E+00 0.0000000000000E+00 1.2385169354154E+00 0.0000000000000E+00
-4.8824020382056E-01 0.0000000000000E+00 0.0000000000000E+00-1.4967084741225E+00
 0.0000000000000E+00 2.9236423432265E-02 0.0000000000000E+00 0.0000000000000E+00
 3.7193778270583E-02-9.3370623469418E-03 0.0000000000000E+00 0.0000000000000E+00
 0.0000000000000E+00 0.0000000000000E+00 0.0000000000000E+00-3.7950436988500E-01
 0.0000000000000E+00 0.0000000000000E+00 8.1452244643000E-01 0.0000000000000E+00
 0.0000000000000E+00 3.1531440448900E-01 0.0000000000000E+00 0.0000000000000E+00
 0.0000000000000E+00-3.4343521795410E-01 0.0000000000000E+00 0.0000000000000E+00
-1.2385169354154E+00 0.0000000000000E+00-4.8824020382056E-01 0.0000000000000E+00
 0.0000000000000E+00 1.4967084741225E+00 0.0000000000000E+00 2.9236423432265E-02
 0.0000000000000E+00 0.0000000000000E+00-3.7193778270583E-02-9.3370623469418E-03
 0.0000000000000E+00-1.5873251013000E-02-4.4243914822000E-02-7.5459504572000E-02
 1.6575338272000E-02 4.7609166410800E-01 0.0000000000000E+00 0.0000000000000E+00
-1.3626965019000E-01 0.0000000000000E+00 0.0000000000000E+00 2.0883871036000E-02
 0.0000000000000E+00 0.0000000000000E+00-7.3005909434900E-01 0.0000000000000E+00
 0.0000000000000E+00 2.1525929778100E-01 2.4188913769500E-02 0.0000000000000E+00
 0.0000000000000E+00-1.6423871713630E-02 0.0000000000000E+00-2.5743302686050E-01
 0.0000000000000E+00 0.0000000000000E+00-1.9881144180743E-01 0.0000000000000E+00
-1.9124049874750E-01 0.0000000000000E+00 0.0000000000000E+00 2.8218011995330E-02
 0.0000000000000E+00-2.8918083250000E-02 0.0000000000000E+00 0.0000000000000E+00
 1.6502610893638E-03 0.0000000000000E+00 0.0000000000000E+00 0.0000000000000E+00
-1.2616782698200E-01 0.0000000000000E+00 0.0000000000000E+00 1.5338888516181E-02
 0.0000000000000E+00 0.0000000000000E+00 0.0000000000000E+00-1.8077118398000E-01
 0.0000000000000E+00 0.0000000000000E+00 8.7718884674062E-03 0.0000000000000E+00
 0.0000000000000E+00 0.0000000000000E+00-4.1455342748072E-04 0.0000000000000E+00
-4.2051192490000E-02 3.2241673110300E-01-4.4419702530900E-01 1.6056801692000E-02
 0.0000000000000E+00 1.7715345538100E-01-3.6203230909700E-01 0.0000000000000E+00
-3.8116898376600E-01 4.9142661683200E-01 0.0000000000000E+00 9.9342815474000E-02
 9.2170353686000E-02-1.7665184171950E-01 0.0000000000000E+00 7.2669466352531E-01
 4.1239809433136E-01 0.0000000000000E+00-5.4732091198500E-02 0.0000000000000E+00
-5.6896890597293E-01-3.9755369481367E-01 0.0000000000000E+00 1.3044962008000E-01
 0.0000000000000E+00 1.1128808360074E-01 1.3757860159708E-02 0.0000000000000E+00
 0.0000000000000E+00 1.2552538808179E-02-4.2051192490000E-02 3.2241673110300E-01
-4.4419702530900E-01 1.6056801692000E-02 0.0000000000000E+00-1.7715345538100E-01
-3.6203230909700E-01 0.0000000000000E+00 3.8116898376600E-01 4.9142661683200E-01
 0.0000000000000E+00-9.9342815474000E-02 9.2170353686000E-02-1.7665184171950E-01
 0.0000000000000E+00-7.2669466352531E-01 4.1239809433136E-01 0.0000000000000E+00
-5.4732091198500E-02 0.0000000000000E+00 5.6896890597293E-01-3.9755369481367E-01
 0.0000000000000E+00 1.3044962008000E-01 0.0000000000000E+00-1.1128808360074E-01
 1.3757860159708E-02 0.0000000000000E+00 0.0000000000000E+00-1.2552538808179E-02
 0.0000000000000E+00 0.0000000000000E+00 0.0000000000000E+00 0.0000000000000E+00
 0.0000000000000E+00 0.0000000000000E+00 0.0000000000000E+00 0.0000000000000E+00
 0.0000000000000E+00 0.0000000000000E+00 0.0000000000000E+00 0.0000000000000E+00
 0.0000000000000E+00 0.0000000000000E+00 0.0000000000000E+00 0.0000000000000E+00
 0.0000000000000E+00 0.0000000000000E+00 0.0000000000000E+00 0.0000000000000E+00
 0.0000000000000E+00-1.0491724755411E-01 0.0000000000000E+00 0.0000000000000E+00
 0.0000000000000E+00 0.0000000000000E+00 1.0356431457480E+00 0.0000000000000E+00
 0.0000000000000E+00 0.0000000000000E+00 0.0000000000000E+00 2.0270169833793E+00
 0.0000000000000E+00 0.0000000000000E+00 0.0000000000000E+00 0.0000000000000E+00
 1.6797931145045E-02 0.0000000000000E+00 0.0000000000000E+00 0.0000000000000E+00
 0.0000000000000E+00 0.0000000000000E+00 0.0000000000000E+00 6.8777332619528E-02
 0.0000000000000E+00 0.0000000000000E+00 0.0000000000000E+00 0.0000000000000E+00
 0.0000000000000E+00 0.0000000000000E+00 2.1633804095894E-02 0.0000000000000E+00
 0.0000000000000E+00 0.0000000000000E+00-2.2549524892708E-03 0.0000000000000E+00
 0.0000000000000E+00 0.0000000000000E+00 0.0000000000000E+00 5.7070540497600E-01
 0.0000000000000E+00 0.0000000000000E+00-1.1609258712010E+00 0.0000000000000E+00
 0.0000000000000E+00-4.6941784382000E-01 0.0000000000000E+00 0.0000000000000E+00
 0.0000000000000E+00-6.3456327171759E-01 0.0000000000000E+00 0.0000000000000E+00
-7.7199441685652E-01 0.0000000000000E+00 1.3524642646707E+00 0.0000000000000E+00
 0.0000000000000E+00 1.7209369349712E+00 0.0000000000000E+00-5.4094970262437E-02
 0.0000000000000E+00 0.0000000000000E+00-4.6539691138359E-02 2.5074698809216E-02
 0.0000000000000E+00 0.0000000000000E+00 0.0000000000000E+00 0.0000000000000E+00
 0.0000000000000E+00-5.7070540497600E-01 0.0000000000000E+00 0.0000000000000E+00
 1.1609258712010E+00 0.0000000000000E+00 0.0000000000000E+00 4.6941784382000E-01
 0.0000000000000E+00 0.0000000000000E+00 0.0000000000000E+00 6.3456327171759E-01
 0.0000000000000E+00 0.0000000000000E+00-7.7199441685652E-01 0.0000000000000E+00
-1.3524642646707E+00 0.0000000000000E+00 0.0000000000000E+00 1.7209369349712E+00
 0.0000000000000E+00 5.4094970262437E-02 0.0000000000000E+00 0.0000000000000E+00
-4.6539691138359E-02-2.5074698809216E-02 0.0000000000000E+00 0.0000000000000E+00
 0.0000000000000E+00 0.0000000000000E+00 0.0000000000000E+00 0.0000000000000E+00
 0.0000000000000E+00-1.9078588090000E-03 0.0000000000000E+00 0.0000000000000E+00
-7.9192248843000E-02 0.0000000000000E+00 0.0000000000000E+00 2.0200155470480E+00
 0.0000000000000E+00 0.0000000000000E+00 8.0348919849800E-01 0.0000000000000E+00
 0.0000000000000E+00 0.0000000000000E+00 1.4510675370359E-01 0.0000000000000E+00
 0.0000000000000E+00 0.0000000000000E+00 0.0000000000000E+00 4.7363174607127E-01
 0.0000000000000E+00 0.0000000000000E+00 0.0000000000000E+00 0.0000000000000E+00
 1.0459839208140E+00 0.0000000000000E+00 0.0000000000000E+00 0.0000000000000E+00
 0.0000000000000E+00-1.1011299094216E-02 0.0000000000000E+00 0.0000000000000E+00
 0.0000000000000E+00-8.0615742605735E-04 0.0000000000000E+00 0.0000000000000E+00
 9.4878928402017E-02 0.0000000000000E+00 0.0000000000000E+00 0.0000000000000E+00
-5.9131434247104E-03 0.0000000000000E+00 0.0000000000000E+00 3.3243571952629E-03
 0.0000000000000E+00 0.0000000000000E+00 0.0000000000000E+00-2.1154316302548E-03
 0.0000000000000E+00 0.0000000000000E+00 2.9879850752200E-01-9.0818956301000E-01
-2.0591350777980E+00-3.4235567509900E-01 0.0000000000000E+00 3.4164587271700E-01
 3.2855683105000E-02 0.0000000000000E+00 1.6504302063000E-01 3.1935599968500E-01
 0.0000000000000E+00 1.1926333196220E+00 6.2377411233500E-01 2.2840123567250E-01
 0.0000000000000E+00-2.0454129166642E-01-5.4931112242166E-01 0.0000000000000E+00
-1.2737462978050E-01 0.0000000000000E+00-4.3752624818476E-01 5.5198792043142E-01
 0.0000000000000E+00 2.0487363466000E-02 0.0000000000000E+00 4.0022933778693E-02
-7.5086469967595E-03 0.0000000000000E+00 0.0000000000000E+00-2.9496643256504E-03
-2.9879850752200E-01 9.0818956301000E-01 2.0591350777980E+00 3.4235567509900E-01
 0.0000000000000E+00 3.4164587271700E-01-3.2855683105000E-02 0.0000000000000E+00
 1.6504302063000E-01-3.1935599968500E-01 0.0000000000000E+00 1.1926333196220E+00
-6.2377411233500E-01-2.2840123567250E-01 0.0000000000000E+00-2.0454129166642E-01
 5.4931112242166E-01 0.0000000000000E+00 1.2737462978050E-01 0.0000000000000E+00
-4.3752624818476E-01-5.5198792043142E-01 0.0000000000000E+00-2.0487363466000E-02
 0.0000000000000E+00 4.0022933778693E-02 7.5086469967595E-03 0.0000000000000E+00
 0.0000000000000E+00-2.9496643256504E-03 0.0000000000000E+00 0.0000000000000E+00
 0.0000000000000E+00 0.0000000000000E+00 0.0000000000000E+00 0.0000000000000E+00
 0.0000000000000E+00 0.0000000000000E+00 0.0000000000000E+00 0.0000000000000E+00
 0.0000000000000E+00 0.0000000000000E+00 0.0000000000000E+00 0.0000000000000E+00
 0.0000000000000E+00 0.0000000000000E+00 0.0000000000000E+00 0.0000000000000E+00
 0.0000000000000E+00 0.0000000000000E+00 0.0000000000000E+00-2.8704630090952E-02
 0.0000000000000E+00 0.0000000000000E+00 0.0000000000000E+00 0.0000000000000E+00
-1.9428339208266E-01 0.0000000000000E+00 0.0000000000000E+00 0.0000000000000E+00
 0.0000000000000E+00 5.2640045627169E-01 0.0000000000000E+00 0.0000000000000E+00
 0.0000000000000E+00 0.0000000000000E+00 3.4109170405900E-03 0.0000000000000E+00
 0.0000000000000E+00 0.0000000000000E+00 0.0000000000000E+00 0.0000000000000E+00
 0.0000000000000E+00-1.0604238302294E-02 0.0000000000000E+00 0.0000000000000E+00
 0.0000000000000E+00 0.0000000000000E+00 0.0000000000000E+00 0.0000000000000E+00
-1.2186310006759E-02 0.0000000000000E+00 0.0000000000000E+00 0.0000000000000E+00
-7.4359935119544E-04 0.0000000000000E+00 0.0000000000000E+00 0.0000000000000E+00
 0.0000000000000E+00 4.0319762040000E-02 0.0000000000000E+00 0.0000000000000E+00
-5.5670696554000E-02 0.0000000000000E+00 0.0000000000000E+00 1.5690224288000E-02
 0.0000000000000E+00 0.0000000000000E+00 0.0000000000000E+00-1.2117177097431E+00
 0.0000000000000E+00 0.0000000000000E+00 8.4070217791408E-01 0.0000000000000E+00
 8.1688063401439E-01 0.0000000000000E+00 0.0000000000000E+00-6.9900138231069E-01
 0.0000000000000E+00-6.1401567425266E-02 0.0000000000000E+00 0.0000000000000E+00
-5.2989034944074E-03-1.3116637048076E-02 0.0000000000000E+00 0.0000000000000E+00
 0.0000000000000E+00 0.0000000000000E+00 0.0000000000000E+00-4.0319762040000E-02
 0.0000000000000E+00 0.0000000000000E+00 5.5670696554000E-02 0.0000000000000E+00
 0.0000000000000E+00-1.5690224288000E-02 0.0000000000000E+00 0.0000000000000E+00
 0.0000000000000E+00 1.2117177097431E+00 0.0000000000000E+00 0.0000000000000E+00
 8.4070217791408E-01 0.0000000000000E+00-8.1688063401439E-01 0.0000000000000E+00
 0.0000000000000E+00-6.9900138231069E-01 0.0000000000000E+00 6.1401567425266E-02
 0.0000000000000E+00 0.0000000000000E+00-5.2989034944074E-03 1.3116637048076E-02
 0.0000000000000E+00 1.7918926930800E-01 3.9018343364200E-01 1.3775215751700E+00
-2.3022471010360E+00-2.4847024027390E+00 0.0000000000000E+00 0.0000000000000E+00
 4.2811354660000E-02 0.0000000000000E+00 0.0000000000000E+00 3.1207272222000E-01
 0.0000000000000E+00 0.0000000000000E+00 1.5901461194900E-01 0.0000000000000E+00
 0.0000000000000E+00-2.1381496356300E-01-2.8150241836500E-02 0.0000000000000E+00
 0.0000000000000E+00 3.6408943129108E-02 0.0000000000000E+00 2.4424177691750E-01
 0.0000000000000E+00 0.0000000000000E+00 2.6492518513967E-01 0.0000000000000E+00
 6.3418602111700E-01 0.0000000000000E+00 0.0000000000000E+00 1.2817214596499E+00
 0.0000000000000E+00 2.8984626486000E-02 0.0000000000000E+00 0.0000000000000E+00
-6.4519909499404E-03 0.0000000000000E+00 0.0000000000000E+00 0.0000000000000E+00
 3.4317494188100E-01 0.0000000000000E+00 0.0000000000000E+00 4.2045459911921E-02
 0.0000000000000E+00 0.0000000000000E+00 0.0000000000000E+00-5.1644268378000E-02
 0.0000000000000E+00 0.0000000000000E+00-2.0033444229151E-02 0.0000000000000E+00
 0.0000000000000E+00 0.0000000000000E+00-9.8557504224728E-04 0.0000000000000E+00
-2.6590073372900E-01 9.2339111829200E-01 1.3450184260890E+00 1.2708331391400E-01
 0.0000000000000E+00-6.4684046354200E-01 4.2553970978700E-01 0.0000000000000E+00
 7.4112020812300E-01-1.1983246043330E+00 0.0000000000000E+00-3.4268659001100E-01
-8.3871181926000E-01-2.3455766509900E-01 0.0000000000000E+00-2.4004778403677E-01
 1.9034887426095E-01 0.0000000000000E+00 5.2510557199650E-01 0.0000000000000E+00
 5.2220882784412E-01 1.6375380788200E-01 0.0000000000000E+00-3.6617642799600E-01
 0.0000000000000E+00-9.7565611540572E-02-2.8279095564341E-02 0.0000000000000E+00
 0.0000000000000E+00-7.4030627978612E-03-2.6590073372900E-01 9.2339111829200E-01
 1.3450184260890E+00 1.2708331391400E-01 0.0000000000000E+00 6.4684046354200E-01
 4.2553970978700E-01 0.0000000000000E+00-7.4112020812300E-01-1.1983246043330E+00
 0.0000000000000E+00 3.4268659001100E-01-8.3871181926000E-01-2.3455766509900E-01
 0.0000000000000E+00 2.4004778403677E-01 1.9034887426095E-01 0.0000000000000E+00
 5.2510557199650E-01 0.0000000000000E+00-5.2220882784412E-01 1.6375380788200E-01
 0.0000000000000E+00-3.6617642799600E-01 0.0000000000000E+00 9.7565611540572E-02
-2.8279095564341E-02 0.0000000000000E+00 0.0000000000000E+00 7.4030627978612E-03
 1.9382361323300E-01 4.5157493472900E-01 1.8124616673200E+00-4.1212211487630E+00
-3.0629247366210E+00 0.0000000000000E+00 0.0000000000000E+00 1.7839460668100E-01
 0.0000000000000E+00 0.0000000000000E+00 2.5731777187800E-01 0.0000000000000E+00
 0.0000000000000E+00-3.1729260076860E+00 0.0000000000000E+00 0.0000000000000E+00
-7.6488441698100E-01 1.1868721375000E-02 0.0000000000000E+00 0.0000000000000E+00
 1.2827239725539E-01 0.0000000000000E+00-1.2607680961800E-01 0.0000000000000E+00
 0.0000000000000E+00-4.0738121439717E-02 0.0000000000000E+00-4.2032289182300E-01
 0.0000000000000E+00 0.0000000000000E+00 2.0938816754027E-01 0.0000000000000E+00
-8.3881525528000E-02 0.0000000000000E+00 0.0000000000000E+00-5.8764098995641E-03
 0.0000000000000E+00 0.0000000000000E+00 0.0000000000000E+00 1.2502862323600E-01
 0.0000000000000E+00 0.0000000000000E+00 4.8173921735864E-02 0.0000000000000E+00
 0.0000000000000E+00 0.0000000000000E+00-5.8105479256000E-02 0.0000000000000E+00
 0.0000000000000E+00 8.6604236982185E-03 0.0000000000000E+00 0.0000000000000E+00
 0.0000000000000E+00 8.7506886372442E-04 0.0000000000000E+00-4.5951661750300E-01
 1.6415039348670E+00 1.8506143378410E+00 1.4179623709700E-01 0.0000000000000E+00
 1.1395795595000E-02-4.2714520339800E-01 0.0000000000000E+00-9.2421350268800E-01
 1.1806061174300E-01 0.0000000000000E+00-1.0007199981380E+00-4.0022859152300E-01
 1.7604661180300E-01 0.0000000000000E+00-6.3207698742605E-01 3.4318205145051E-01
 0.0000000000000E+00-3.1249427698450E-01 0.0000000000000E+00 6.5464926464919E-01
-5.1620578830996E-01 0.0000000000000E+00 1.3521300431900E-01 0.0000000000000E+00
 1.0934808259522E-01-1.5572166953947E-02 0.0000000000000E+00 0.0000000000000E+00
-1.0072776483086E-03-4.5951661750300E-01 1.6415039348670E+00 1.8506143378410E+00
 1.4179623709700E-01 0.0000000000000E+00-1.1395795595000E-02-4.2714520339800E-01
 0.0000000000000E+00 9.2421350268800E-01 1.1806061174300E-01 0.0000000000000E+00
 1.0007199981380E+00-4.0022859152300E-01 1.7604661180300E-01 0.0000000000000E+00
 6.3207698742605E-01 3.4318205145051E-01 0.0000000000000E+00-3.1249427698450E-01
 0.0000000000000E+00-6.5464926464919E-01-5.1620578830996E-01 0.0000000000000E+00
 1.3521300431900E-01 0.0000000000000E+00-1.0934808259522E-01-1.5572166953947E-02
 0.0000000000000E+00 0.0000000000000E+00 1.0072776483086E-03 0.0000000000000E+00
 0.0000000000000E+00 0.0000000000000E+00 0.0000000000000E+00 0.0000000000000E+00
 0.0000000000000E+00-2.1405400915200E-01 0.0000000000000E+00 0.0000000000000E+00
 7.5736754509800E-01 0.0000000000000E+00 0.0000000000000E+00 4.8019427226600E-01
 0.0000000000000E+00 0.0000000000000E+00 6.7767805693600E-01 0.0000000000000E+00
 0.0000000000000E+00 0.0000000000000E+00 4.7636456689634E-02 0.0000000000000E+00
 0.0000000000000E+00 0.0000000000000E+00 0.0000000000000E+00 3.4664291053663E-01
 0.0000000000000E+00 0.0000000000000E+00 0.0000000000000E+00 0.0000000000000E+00
 5.2526598456369E-01 0.0000000000000E+00 0.0000000000000E+00 0.0000000000000E+00
 0.0000000000000E+00-2.9130596976464E-02 0.0000000000000E+00 0.0000000000000E+00
 0.0000000000000E+00-6.5380724703870E-03 0.0000000000000E+00 0.0000000000000E+00
 1.8396525851951E-01 0.0000000000000E+00 0.0000000000000E+00 0.0000000000000E+00
 2.5342737479573E-02 0.0000000000000E+00 0.0000000000000E+00-5.8207515539037E-02
 0.0000000000000E+00 0.0000000000000E+00 0.0000000000000E+00-1.9849967577191E-03
 0.0000000000000E+00 0.0000000000000E+00 1.9858821938500E-01-4.2192922916400E-01
-1.0157024779440E+00-1.4259225766600E-01 0.0000000000000E+00-2.6170905846200E-01
 1.3998419683300E-01 0.0000000000000E+00 7.3973867787000E-01-1.5816682505500E-01
 0.0000000000000E+00 2.1164549564200E-01 7.4739552871700E-01 1.9745282370200E-01
 0.0000000000000E+00 1.0270405379741E+00 1.9686675934097E-01 0.0000000000000E+00
-5.0858318788500E-02 0.0000000000000E+00-1.6339641408622E+00 3.0867097065727E-03
 0.0000000000000E+00-3.9328289204300E-01 0.0000000000000E+00 6.8520970096937E-02
-4.1389720184305E-02 0.0000000000000E+00 0.0000000000000E+00 3.1200205835630E-03
-1.9858821938500E-01 4.2192922916400E-01 1.0157024779440E+00 1.4259225766600E-01
 0.0000000000000E+00-2.6170905846200E-01-1.3998419683300E-01 0.0000000000000E+00
 7.3973867787000E-01 1.5816682505500E-01 0.0000000000000E+00 2.1164549564200E-01
-7.4739552871700E-01-1.9745282370200E-01 0.0000000000000E+00 1.0270405379741E+00
-1.9686675934097E-01 0.0000000000000E+00 5.0858318788500E-02 0.0000000000000E+00
-1.6339641408622E+00-3.0867097065727E-03 0.0000000000000E+00 3.9328289204300E-01
 0.0000000000000E+00 6.8520970096937E-02 4.1389720184305E-02 0.0000000000000E+00
 0.0000000000000E+00 3.1200205835630E-03 0.0000000000000E+00 0.0000000000000E+00
 0.0000000000000E+00 0.0000000000000E+00 0.0000000000000E+00 3.6984173147400E-01
 0.0000000000000E+00 0.0000000000000E+00-5.0348371938000E-01 0.0000000000000E+00
 0.0000000000000E+00 2.8198905918970E+00 0.0000000000000E+00 0.0000000000000E+00
-2.9707839416000E-02 0.0000000000000E+00 0.0000000000000E+00 0.0000000000000E+00
 5.3397974342806E-02 0.0000000000000E+00 0.0000000000000E+00 0.0000000000000E+00
 0.0000000000000E+00 1.4099751573367E+00 0.0000000000000E+00 0.0000000000000E+00
 0.0000000000000E+00 0.0000000000000E+00 1.8197250259702E+00 0.0000000000000E+00
 0.0000000000000E+00 0.0000000000000E+00 0.0000000000000E+00-4.4602288505958E-03
 0.0000000000000E+00 0.0000000000000E+00 0.0000000000000E+00 4.9911251073252E-03
 0.0000000000000E+00 0.0000000000000E+00 1.5733527135660E-01 0.0000000000000E+00
 0.0000000000000E+00 0.0000000000000E+00-4.8504744222133E-02 0.0000000000000E+00
 0.0000000000000E+00-2.6043849217091E-02 0.0000000000000E+00 0.0000000000000E+00
 0.0000000000000E+00-8.7788477116089E-04 0.0000000000000E+00 0.0000000000000E+00
 0.0000000000000E+00 0.0000000000000E+00 0.0000000000000E+00 0.0000000000000E+00
 0.0000000000000E+00 1.0129196550920E+00 0.0000000000000E+00 0.0000000000000E+00
-1.9738031491980E+00 0.0000000000000E+00 0.0000000000000E+00-2.1382868856000E-01
 0.0000000000000E+00 0.0000000000000E+00 0.0000000000000E+00 4.1711102698024E-01
 0.0000000000000E+00 0.0000000000000E+00 4.7151264031469E-01 0.0000000000000E+00
 9.9867103955160E-01 0.0000000000000E+00 0.0000000000000E+00 1.4339078445170E+00
 0.0000000000000E+00-6.0233265170304E-02 0.0000000000000E+00 0.0000000000000E+00
-6.4443952276069E-02 2.2052485712398E-02 0.0000000000000E+00 0.0000000000000E+00
 0.0000000000000E+00 0.0000000000000E+00 0.0000000000000E+00 1.0129196550920E+00
 0.0000000000000E+00 0.0000000000000E+00-1.9738031491980E+00 0.0000000000000E+00
 0.0000000000000E+00-2.1382868856000E-01 0.0000000000000E+00 0.0000000000000E+00
 0.0000000000000E+00 4.1711102698024E-01 0.0000000000000E+00 0.0000000000000E+00
-4.7151264031469E-01 0.0000000000000E+00 9.9867103955160E-01 0.0000000000000E+00
 0.0000000000000E+00-1.4339078445170E+00 0.0000000000000E+00-6.0233265170304E-02
 0.0000000000000E+00 0.0000000000000E+00 6.4443952276069E-02 2.2052485712398E-02
 0.0000000000000E+00-3.2367348108500E-01-5.6453470578200E-01-1.5038456145050E+00
-2.1944837464770E+00-1.7406457412160E+00 0.0000000000000E+00 0.0000000000000E+00
 1.4285750866200E-01 0.0000000000000E+00 0.0000000000000E+00-1.0129547597120E+00
 0.0000000000000E+00 0.0000000000000E+00 9.1880046981000E-02 0.0000000000000E+00
 0.0000000000000E+00-3.4288706271700E-01-3.8188184905000E-03 0.0000000000000E+00
 0.0000000000000E+00-5.8111062543699E-02 0.0000000000000E+00 1.0274557497500E-02
 0.0000000000000E+00 0.0000000000000E+00 3.4187776806106E-02 0.0000000000000E+00
 8.9957237443000E-02 0.0000000000000E+00 0.0000000000000E+00-2.5605680768453E-01
 0.0000000000000E+00 1.5904342723200E-01 0.0000000000000E+00 0.0000000000000E+00
 3.6738542812567E-02 0.0000000000000E+00 0.0000000000000E+00 0.0000000000000E+00
-2.8714852340100E-01 0.0000000000000E+00 0.0000000000000E+00-8.2217083973603E-02
 0.0000000000000E+00 0.0000000000000E+00 0.0000000000000E+00 1.2152257614800E-01
 0.0000000000000E+00 0.0000000000000E+00 1.3051765614836E-02 0.0000000000000E+00
 0.0000000000000E+00 0.0000000000000E+00-1.5104994410084E-03 0.0000000000000E+00
-1.8137374076100E-01-6.6125699462600E-01 2.2330720415370E+00-4.5630675513000E-02
 0.0000000000000E+00 5.0480092832800E-01 6.4313214098500E-01 0.0000000000000E+00
-6.3070363163500E-01-7.9160824252000E-01 0.0000000000000E+00-9.5765131087300E-01
-7.5284868962200E-01-5.2236390359500E-02 0.0000000000000E+00-6.8623357654289E-01
 2.5077417339083E-01 0.0000000000000E+00 8.8501717480000E-02 0.0000000000000E+00
 1.9091471657979E+00-5.9435672337981E-01 0.0000000000000E+00 1.5716984128200E-01
 0.0000000000000E+00-1.0922484279032E-01 6.0551218182011E-02 0.0000000000000E+00
 0.0000000000000E+00 1.2108814017709E-02-1.8137374076100E-01-6.6125699462600E-01
 2.2330720415370E+00-4.5630675513000E-02 0.0000000000000E+00-5.0480092832800E-01
 6.4313214098500E-01 0.0000000000000E+00 6.3070363163500E-01-7.9160824252000E-01
 0.0000000000000E+00 9.5765131087300E-01-7.5284868962200E-01-5.2236390359500E-02
 0.0000000000000E+00 6.8623357654289E-01 2.5077417339083E-01 0.0000000000000E+00
 8.8501717480000E-02 0.0000000000000E+00-1.9091471657979E+00-5.9435672337981E-01
 0.0000000000000E+00 1.5716984128200E-01 0.0000000000000E+00 1.0922484279032E-01
 6.0551218182011E-02 0.0000000000000E+00 0.0000000000000E+00-1.2108814017709E-02
 0.0000000000000E+00 0.0000000000000E+00 0.0000000000000E+00 0.0000000000000E+00
 0.0000000000000E+00 0.0000000000000E+00 0.0000000000000E+00 0.0000000000000E+00
 0.0000000000000E+00 0.0000000000000E+00 0.0000000000000E+00 0.0000000000000E+00
 0.0000000000000E+00 0.0000000000000E+00 0.0000000000000E+00 0.0000000000000E+00
 0.0000000000000E+00 0.0000000000000E+00 0.0000000000000E+00 0.0000000000000E+00
 0.0000000000000E+00 7.5868878738867E-02 0.0000000000000E+00 0.0000000000000E+00
 0.0000000000000E+00 0.0000000000000E+00 1.8843103304741E+00 0.0000000000000E+00
 0.0000000000000E+00 0.0000000000000E+00 0.0000000000000E+00 2.0440884735959E+00
 0.0000000000000E+00 0.0000000000000E+00 0.0000000000000E+00 0.0000000000000E+00
-2.3580907275378E-02 0.0000000000000E+00 0.0000000000000E+00 0.0000000000000E+00
 0.0000000000000E+00 0.0000000000000E+00 0.0000000000000E+00 1.5138373401441E-01
 0.0000000000000E+00 0.0000000000000E+00 0.0000000000000E+00 0.0000000000000E+00
 0.0000000000000E+00 0.0000000000000E+00-3.0624384184227E-03 0.0000000000000E+00
 0.0000000000000E+00 0.0000000000000E+00 4.7000592980394E-04 0.0000000000000E+00
 0.0000000000000E+00 0.0000000000000E+00 0.0000000000000E+00 8.5462438147800E-01
 0.0000000000000E+00 0.0000000000000E+00-1.7625125030200E+00 0.0000000000000E+00
 0.0000000000000E+00-2.1829889245200E-01 0.0000000000000E+00 0.0000000000000E+00
 0.0000000000000E+00 3.8036796224975E-01 0.0000000000000E+00 0.0000000000000E+00
 6.4011040784086E-01 0.0000000000000E+00 1.0595647798877E+00 0.0000000000000E+00
 0.0000000000000E+00 1.1492015593987E+00 0.0000000000000E+00-5.9946457737014E-02
 0.0000000000000E+00 0.0000000000000E+00-7.8495274919837E-02 1.9969584929007E-02
 0.0000000000000E+00 0.0000000000000E+00 0.0000000000000E+00 0.0000000000000E+00
 0.0000000000000E+00-8.5462438147800E-01 0.0000000000000E+00 0.0000000000000E+00
 1.7625125030200E+00 0.0000000000000E+00 0.0000000000000E+00 2.1829889245200E-01
 0.0000000000000E+00 0.0000000000000E+00 0.0000000000000E+00-3.8036796224975E-01
 0.0000000000000E+00 0.0000000000000E+00 6.4011040784086E-01 0.0000000000000E+00
-1.0595647798877E+00 0.0000000000000E+00 0.0000000000000E+00 1.1492015593987E+00
 0.0000000000000E+00 5.9946457737014E-02 0.0000000000000E+00 0.0000000000000E+00
-7.8495274919837E-02-1.9969584929007E-02 0.0000000000000E+00 0.0000000000000E+00
 0.0000000000000E+00 0.0000000000000E+00 0.0000000000000E+00 0.0000000000000E+00
 0.0000000000000E+00 1.1344878482200E-01 0.0000000000000E+00 0.0000000000000E+00
-3.7899281478200E-01 0.0000000000000E+00 0.0000000000000E+00-2.2731464836150E+00
 0.0000000000000E+00 0.0000000000000E+00-2.3722600168800E-01 0.0000000000000E+00
 0.0000000000000E+00 0.0000000000000E+00 3.1326534459551E-02 0.0000000000000E+00
 0.0000000000000E+00 0.0000000000000E+00 0.0000000000000E+00 7.1116128374948E-01
 0.0000000000000E+00 0.0000000000000E+00 0.0000000000000E+00 0.0000000000000E+00
 8.9182680116303E-01 0.0000000000000E+00 0.0000000000000E+00 0.0000000000000E+00
 0.0000000000000E+00-1.0813037648366E-01 0.0000000000000E+00 0.0000000000000E+00
 0.0000000000000E+00 1.8616122960942E-03 0.0000000000000E+00 0.0000000000000E+00
 6.3183595778870E-01 0.0000000000000E+00 0.0000000000000E+00 0.0000000000000E+00
 2.9232731900666E-02 0.0000000000000E+00 0.0000000000000E+00 1.5514904702387E-02
 0.0000000000000E+00 0.0000000000000E+00 0.0000000000000E+00 3.3602181902323E-03
 0.0000000000000E+00 0.0000000000000E+00-2.8294820664200E-01 7.8153630574000E-02
 1.2076030023660E+00 1.5288366998000E-02 0.0000000000000E+00-1.0369754929200E-01
 9.0087639538300E-01 0.0000000000000E+00 5.8926126284800E-01-1.8596274842060E+00
 0.0000000000000E+00-4.1199156492000E-01-6.2640541969600E-01 1.7120401146400E-01
 0.0000000000000E+00-6.8266196314970E-01 1.8431113352794E-01 0.0000000000000E+00
 4.9127878893000E-01 0.0000000000000E+00 1.5288202984575E+00 1.6187570169869E-01
 0.0000000000000E+00-3.3711701102700E-01 0.0000000000000E+00-2.3807572941799E-01
 1.4666062456252E-02 0.0000000000000E+00 0.0000000000000E+00-6.6867024720322E-03
 2.8294820664200E-01-7.8153630574000E-02-1.2076030023660E+00-1.5288366998000E-02
 0.0000000000000E+00-1.0369754929200E-01-9.0087639538300E-01 0.0000000000000E+00
 5.8926126284800E-01 1.8596274842060E+00 0.0000000000000E+00-4.1199156492000E-01
 6.2640541969600E-01-1.7120401146400E-01 0.0000000000000E+00-6.8266196314970E-01
-1.8431113352794E-01 0.0000000000000E+00-4.9127878893000E-01 0.0000000000000E+00
 1.5288202984575E+00-1.6187570169869E-01 0.0000000000000E+00 3.3711701102700E-01
 0.0000000000000E+00-2.3807572941799E-01-1.4666062456252E-02 0.0000000000000E+00
 0.0000000000000E+00-6.6867024720322E-03-6.5747939220000E-02-1.7145200297000E-01
-6.7631585618100E-01 6.9576057231000E-01 1.3180851910310E+00 0.0000000000000E+00
 0.0000000000000E+00 1.2821845291800E-01 0.0000000000000E+00 0.0000000000000E+00
-4.8330873361300E-01 0.0000000000000E+00 0.0000000000000E+00 2.3448820030910E+00
 0.0000000000000E+00 0.0000000000000E+00 4.3090582649800E-01 4.3186450119500E-02
 0.0000000000000E+00 0.0000000000000E+00-2.0491000847034E-03 0.0000000000000E+00
 3.9540690389400E-01 0.0000000000000E+00 0.0000000000000E+00 4.6743480088491E-01
 0.0000000000000E+00 6.2929872199250E-01 0.0000000000000E+00 0.0000000000000E+00
 3.0777290143540E-01 0.0000000000000E+00-9.5256052318000E-02 0.0000000000000E+00
 0.0000000000000E+00-1.2279397014854E-03 0.0000000000000E+00 0.0000000000000E+00
 0.0000000000000E+00 5.8639214979300E-01 0.0000000000000E+00 0.0000000000000E+00
 1.1666908921710E-02 0.0000000000000E+00 0.0000000000000E+00 0.0000000000000E+00
-4.0750880467400E-01 0.0000000000000E+00 0.0000000000000E+00 2.1241050402058E-02
 0.0000000000000E+00 0.0000000000000E+00 0.0000000000000E+00 1.0581426876783E-03
 0.0000000000000E+00 1.8829690379900E-01-4.8484350936500E-01-6.4145712562100E-01
-3.7630087175000E-02 0.0000000000000E+00-4.1387009200600E-01 4.9529529203500E-01
 0.0000000000000E+00 1.0571736415850E+00-1.0418292604380E+00 0.0000000000000E+00
 3.2415138807200E-01-1.0165259086200E-01 1.3681855723200E-01 0.0000000000000E+00
 4.3635039337144E-01 2.1067277109912E-01 0.0000000000000E+00 3.0261666244050E-01
 0.0000000000000E+00 3.2587660791443E-01 2.4801580474793E-01 0.0000000000000E+00
-9.5621764429000E-02 0.0000000000000E+00-2.3379580488151E-01-4.1440892670548E-03
 0.0000000000000E+00 0.0000000000000E+00-1.6100713474020E-03 1.8829690379900E-01
-4.8484350936500E-01-6.4145712562100E-01-3.7630087175000E-02 0.0000000000000E+00
 4.1387009200600E-01 4.9529529203500E-01 0.0000000000000E+00-1.0571736415850E+00
-1.0418292604380E+00 0.0000000000000E+00-3.2415138807200E-01-1.0165259086200E-01
 1.3681855723200E-01 0.0000000000000E+00-4.3635039337144E-01 2.1067277109912E-01
 0.0000000000000E+00 3.0261666244050E-01 0.0000000000000E+00-3.2587660791443E-01
 2.4801580474793E-01 0.0000000000000E+00-9.5621764429000E-02 0.0000000000000E+00
 2.3379580488151E-01-4.1440892670548E-03 0.0000000000000E+00 0.0000000000000E+00
 1.6100713474020E-03 0.0000000000000E+00 0.0000000000000E+00 0.0000000000000E+00
 0.0000000000000E+00 0.0000000000000E+00 0.0000000000000E+00 1.0446783438800E-01
 0.0000000000000E+00 0.0000000000000E+00-8.5792042568000E-01 0.0000000000000E+00
 0.0000000000000E+00 8.3946340178300E-01 0.0000000000000E+00 0.0000000000000E+00
-2.2880644964400E-01 0.0000000000000E+00 0.0000000000000E+00 0.0000000000000E+00
 2.2141745114873E-01 0.0000000000000E+00 0.0000000000000E+00 0.0000000000000E+00
 0.0000000000000E+00-7.1102639808620E-01 0.0000000000000E+00 0.0000000000000E+00
 0.0000000000000E+00 0.0000000000000E+00 7.0790202543365E-01 0.0000000000000E+00
 0.0000000000000E+00 0.0000000000000E+00 0.0000000000000E+00-2.7259472240995E-02
 0.0000000000000E+00 0.0000000000000E+00 0.0000000000000E+00 5.8500493879829E-03
 0.0000000000000E+00 0.0000000000000E+00-1.2598910281059E-01 0.0000000000000E+00
 0.0000000000000E+00 0.0000000000000E+00-1.4170249414662E-02 0.0000000000000E+00
 0.0000000000000E+00-1.1258175650523E-01 0.0000000000000E+00 0.0000000000000E+00
 0.0000000000000E+00 4.8589489479465E-03 0.0000000000000E+00 0.0000000000000E+00
-1.4190037920100E-01-6.3424132211700E-01 2.2469470283670E+00-2.8239411545000E-02
 0.0000000000000E+00 1.0264815504640E+00-1.0069251081000E-01 0.0000000000000E+00
-1.5609675473530E+00 3.0808232718400E-01 0.0000000000000E+00-1.2508251530320E+00
-2.5109840529200E-01 3.7028216421000E-02 0.0000000000000E+00 1.8733011173929E-02
 2.8535370072009E-01 0.0000000000000E+00-3.4949402625750E-01 0.0000000000000E+00
 3.7477061202847E-01-1.1860621932448E+00 0.0000000000000E+00 7.6962100388000E-02
 0.0000000000000E+00 1.2798152010010E-01 2.2868684569153E-02 0.0000000000000E+00
 0.0000000000000E+00 3.4179720536804E-02 1.4190037920100E-01 6.3424132211700E-01
-2.2469470283670E+00 2.8239411545000E-02 0.0000000000000E+00 1.0264815504640E+00
 1.0069251081000E-01 0.0000000000000E+00-1.5609675473530E+00-3.0808232718400E-01
 0.0000000000000E+00-1.2508251530320E+00 2.5109840529200E-01-3.7028216421000E-02
 0.0000000000000E+00 1.8733011173929E-02-2.8535370072009E-01 0.0000000000000E+00
 3.4949402625750E-01 0.0000000000000E+00 3.7477061202847E-01 1.1860621932448E+00
 0.0000000000000E+00-7.6962100388000E-02 0.0000000000000E+00 1.2798152010010E-01
-2.2868684569153E-02 0.0000000000000E+00 0.0000000000000E+00 3.4179720536804E-02
-2.1174427768400E-01-3.5777945606600E-01-2.9374931648000E+00 9.3630556822500E+00
 7.5492229078100E+00 0.0000000000000E+00 0.0000000000000E+00 7.3750316966800E-01
 0.0000000000000E+00 0.0000000000000E+00-1.0763114663990E+00 0.0000000000000E+00
 0.0000000000000E+00 6.3024779273900E+00 0.0000000000000E+00 0.0000000000000E+00
 1.5527790343230E+00-1.6415520022000E-02 0.0000000000000E+00 0.0000000000000E+00
-5.6345164424467E-02 0.0000000000000E+00-4.6529778660000E-02 0.0000000000000E+00
 0.0000000000000E+00-1.0256052544405E+00 0.0000000000000E+00 1.6598883317700E-01
 0.0000000000000E+00 0.0000000000000E+00-1.7669418389670E+00 0.0000000000000E+00
 1.6965722212100E-01 0.0000000000000E+00 0.0000000000000E+00 1.5953111763443E-02
 0.0000000000000E+00 0.0000000000000E+00 0.0000000000000E+00-7.5393227321700E-01
 0.0000000000000E+00 0.0000000000000E+00-1.8465999710439E-01 0.0000000000000E+00
 0.0000000000000E+00 0.0000000000000E+00-4.0626245010700E-01 0.0000000000000E+00
 0.0000000000000E+00-2.6513363922172E-02 0.0000000000000E+00 0.0000000000000E+00
 0.0000000000000E+00 2.4985367126501E-03 0.0000000000000E+00 8.6238169102600E-01
-4.6302828880920E+00-4.6001224835480E+00-1.3463211778300E-01 0.0000000000000E+00
-3.7048127483000E-02-6.2785603023000E-02 0.0000000000000E+00 2.4039845943390E+00
 2.0104358681270E+00 0.0000000000000E+00 1.3998759850780E+00 1.0161000962220E+00
-6.9852934995500E-02 0.0000000000000E+00-8.5518371339814E-01 1.8888151479095E-01
 0.0000000000000E+00-2.9572738536500E-02 0.0000000000000E+00-1.0996713262005E+00
 3.6370499099314E-01 0.0000000000000E+00 7.4166913390000E-03 0.0000000000000E+00
 9.1063608165411E-02-2.1157112668646E-02 0.0000000000000E+00 0.0000000000000E+00
 5.8896865386814E-05 8.6238169102600E-01-4.6302828880920E+00-4.6001224835480E+00
-1.3463211778300E-01 0.0000000000000E+00 3.7048127483000E-02-6.2785603023000E-02
 0.0000000000000E+00-2.4039845943390E+00 2.0104358681270E+00 0.0000000000000E+00
-1.3998759850780E+00 1.0161000962220E+00-6.9852934995500E-02 0.0000000000000E+00
 8.5518371339814E-01 1.8888151479095E-01 0.0000000000000E+00-2.9572738536500E-02
 0.0000000000000E+00 1.0996713262005E+00 3.6370499099314E-01 0.0000000000000E+00
 7.4166913390000E-03 0.0000000000000E+00-9.1063608165411E-02-2.1157112668646E-02
 0.0000000000000E+00 0.0000000000000E+00-5.8896865386814E-05 0.0000000000000E+00
 0.0000000000000E+00 0.0000000000000E+00 0.0000000000000E+00 0.0000000000000E+00
 0.0000000000000E+00-8.0682320938700E-01 0.0000000000000E+00 0.0000000000000E+00
 1.3694445137100E+00 0.0000000000000E+00 0.0000000000000E+00-8.1062766856020E+00
 0.0000000000000E+00 0.0000000000000E+00-1.8560874124900E+00 0.0000000000000E+00
 0.0000000000000E+00 0.0000000000000E+00-5.6341683987881E-02 0.0000000000000E+00
 0.0000000000000E+00 0.0000000000000E+00 0.0000000000000E+00-2.4869090751275E+00
 0.0000000000000E+00 0.0000000000000E+00 0.0000000000000E+00 0.0000000000000E+00
-5.7095806710697E+00 0.0000000000000E+00 0.0000000000000E+00 0.0000000000000E+00
 0.0000000000000E+00 1.7831558377694E-02 0.0000000000000E+00 0.0000000000000E+00
 0.0000000000000E+00 8.7927348011094E-06 0.0000000000000E+00 0.0000000000000E+00
-2.6982489240965E-01 0.0000000000000E+00 0.0000000000000E+00 0.0000000000000E+00
 4.3697947660076E-02 0.0000000000000E+00 0.0000000000000E+00 1.8609117907713E-02
 0.0000000000000E+00 0.0000000000000E+00 0.0000000000000E+00 1.0634879686149E-02
 0.0000000000000E+00 0.0000000000000E+00-9.7199426544600E-01 4.9530385627920E+00
 3.6673055247110E+00 1.9519278847500E-01 0.0000000000000E+00-3.1564928972000E-02
 9.5885974440000E-02 0.0000000000000E+00-2.0763044246380E+00-1.8948772324630E+00
 0.0000000000000E+00-9.5501354041900E-01-1.0635308046370E+00 4.4677840844000E-02
 0.0000000000000E+00 6.3265684237870E-01-3.6665664963165E-01 0.0000000000000E+00
 1.0196252433650E-01 0.0000000000000E+00 9.9365120952871E-01 9.6599612187385E-04
 0.0000000000000E+00 1.3610524435000E-02 0.0000000000000E+00-3.9730541468781E-02
 1.9059025198568E-02 0.0000000000000E+00 0.0000000000000E+00 2.5667667685874E-03
 9.7199426544600E-01-4.9530385627920E+00-3.6673055247110E+00-1.9519278847500E-01
 0.0000000000000E+00-3.1564928972000E-02-9.5885974440000E-02 0.0000000000000E+00
-2.0763044246380E+00 1.8948772324630E+00 0.0000000000000E+00-9.5501354041900E-01
 1.0635308046370E+00-4.4677840844000E-02 0.0000000000000E+00 6.3265684237870E-01
 3.6665664963165E-01 0.0000000000000E+00-1.0196252433650E-01 0.0000000000000E+00
 9.9365120952871E-01-9.6599612187385E-04 0.0000000000000E+00-1.3610524435000E-02
 0.0000000000000E+00-3.9730541468781E-02-1.9059025198568E-02 0.0000000000000E+00
 0.0000000000000E+00 2.5667667685874E-03 0.0000000000000E+00 0.0000000000000E+00
 0.0000000000000E+00 0.0000000000000E+00 0.0000000000000E+00-2.3858072804300E-01
 0.0000000000000E+00 0.0000000000000E+00 3.5623854597800E-01 0.0000000000000E+00
 0.0000000000000E+00-4.9757236544300E-01 0.0000000000000E+00 0.0000000000000E+00
-2.1696864290000E-02 0.0000000000000E+00 0.0000000000000E+00 0.0000000000000E+00
-2.5585084141094E-01 0.0000000000000E+00 0.0000000000000E+00 0.0000000000000E+00
 0.0000000000000E+00-8.8989088535655E-02 0.0000000000000E+00 0.0000000000000E+00
 0.0000000000000E+00 0.0000000000000E+00-7.4752190764849E-01 0.0000000000000E+00
 0.0000000000000E+00 0.0000000000000E+00 0.0000000000000E+00-5.7620597796679E-02
 0.0000000000000E+00 0.0000000000000E+00 0.0000000000000E+00-5.5912852343876E-04
 0.0000000000000E+00 0.0000000000000E+00-1.8315582213635E-01 0.0000000000000E+00
 0.0000000000000E+00 0.0000000000000E+00-5.4435490618546E-03 0.0000000000000E+00
 0.0000000000000E+00-3.0575849750541E-01 0.0000000000000E+00 0.0000000000000E+00
 0.0000000000000E+00 5.1547253124018E-03 0.0000000000000E+00 0.0000000000000E+00
 0.0000000000000E+00 0.0000000000000E+00 0.0000000000000E+00 0.0000000000000E+00
 0.0000000000000E+00-7.9822381850000E-03 0.0000000000000E+00 0.0000000000000E+00
 2.0881558567400E-01 0.0000000000000E+00 0.0000000000000E+00 8.5708139938000E-02
 0.0000000000000E+00 0.0000000000000E+00 0.0000000000000E+00 1.3429622933030E-01
 0.0000000000000E+00 0.0000000000000E+00-4.3705259000256E-01 0.0000000000000E+00
 1.4851859213534E-01 0.0000000000000E+00 0.0000000000000E+00-2.5616311933584E-01
 0.0000000000000E+00-8.7088726793612E-02 0.0000000000000E+00 0.0000000000000E+00
-2.0049937977152E-02-1.6329257064643E-02 0.0000000000000E+00 0.0000000000000E+00
 0.0000000000000E+00 0.0000000000000E+00 0.0000000000000E+00-7.9822381850000E-03
 0.0000000000000E+00 0.0000000000000E+00 2.0881558567400E-01 0.0000000000000E+00
 0.0000000000000E+00 8.5708139938000E-02 0.0000000000000E+00 0.0000000000000E+00
 0.0000000000000E+00 1.3429622933030E-01 0.0000000000000E+00 0.0000000000000E+00
 4.3705259000256E-01 0.0000000000000E+00 1.4851859213534E-01 0.0000000000000E+00
 0.0000000000000E+00 2.5616311933584E-01 0.0000000000000E+00-8.7088726793612E-02
 0.0000000000000E+00 0.0000000000000E+00 2.0049937977152E-02-1.6329257064643E-02
 0.0000000000000E+00 4.3509053174000E-02 1.2199427987800E-01 7.2263575384100E-01
-1.4065228844070E+00-2.1351926575410E+00 0.0000000000000E+00 0.0000000000000E+00
-3.0787632807300E-01 0.0000000000000E+00 0.0000000000000E+00 7.2095045588600E-01
 0.0000000000000E+00 0.0000000000000E+00-2.5246896041150E+00 0.0000000000000E+00
 0.0000000000000E+00-6.4360666113300E-01-1.6037249138550E-01 0.0000000000000E+00
 0.0000000000000E+00-7.3310071331410E-02 0.0000000000000E+00-1.5746953716100E-01
 0.0000000000000E+00 0.0000000000000E+00-1.2520341146798E-01 0.0000000000000E+00
-6.5339903005350E-01 0.0000000000000E+00 0.0000000000000E+00-9.0779532763647E-02
 0.0000000000000E+00-3.1737764230000E-02 0.0000000000000E+00 0.0000000000000E+00
 1.3763540042768E-02 0.0000000000000E+00 0.0000000000000E+00 0.0000000000000E+00
-7.0316369407400E-01 0.0000000000000E+00 0.0000000000000E+00-3.9436259350189E-04
 0.0000000000000E+00 0.0000000000000E+00 0.0000000000000E+00-5.1834303381600E-01
 0.0000000000000E+00 0.0000000000000E+00 4.4576668328133E-02 0.0000000000000E+00
 0.0000000000000E+00 0.0000000000000E+00 1.8322594387389E-03 0.0000000000000E+00
-2.8253482281700E-01 7.9152700658300E-01 1.2056871997400E+00 3.4221170170000E-02
 0.0000000000000E+00 1.8889236606900E-01-7.1927139513000E-02 0.0000000000000E+00
-1.0560583094820E+00 4.8175209932900E-01 0.0000000000000E+00-4.7175984398500E-01
-3.6543433090000E-03-1.7673548829300E-01 0.0000000000000E+00-4.1896020380403E-01
-3.4760029245797E-01 0.0000000000000E+00-1.4151580947150E-01 0.0000000000000E+00
-1.1899769184906E-01-2.0011393813268E-01 0.0000000000000E+00-3.5685605000000E-02
 0.0000000000000E+00 9.6199714018095E-02-1.4780669579191E-02 0.0000000000000E+00
 0.0000000000000E+00 1.1088158556724E-02-2.8253482281700E-01 7.9152700658300E-01
 1.2056871997400E+00 3.4221170170000E-02 0.0000000000000E+00-1.8889236606900E-01
-7.1927139513000E-02 0.0000000000000E+00 1.0560583094820E+00 4.8175209932900E-01
 0.0000000000000E+00 4.7175984398500E-01-3.6543433090000E-03-1.7673548829300E-01
 0.0000000000000E+00 4.1896020380403E-01-3.4760029245797E-01 0.0000000000000E+00
-1.4151580947150E-01 0.0000000000000E+00 1.1899769184906E-01-2.0011393813268E-01
 0.0000000000000E+00-3.5685605000000E-02 0.0000000000000E+00-9.6199714018095E-02
-1.4780669579191E-02 0.0000000000000E+00 0.0000000000000E+00-1.1088158556724E-02
 0.0000000000000E+00 0.0000000000000E+00 0.0000000000000E+00 0.0000000000000E+00
 0.0000000000000E+00-1.2399686175890E+00 0.0000000000000E+00 0.0000000000000E+00
 1.6462850325280E+00 0.0000000000000E+00 0.0000000000000E+00-6.8735847971200E-01
 0.0000000000000E+00 0.0000000000000E+00 2.8213692640100E-01 0.0000000000000E+00
 0.0000000000000E+00 0.0000000000000E+00 3.9759549483228E-02 0.0000000000000E+00
 0.0000000000000E+00 0.0000000000000E+00 0.0000000000000E+00 3.1787595078738E-01
 0.0000000000000E+00 0.0000000000000E+00 0.0000000000000E+00 0.0000000000000E+00
 9.0041958908182E-02 0.0000000000000E+00 0.0000000000000E+00 0.0000000000000E+00
 0.0000000000000E+00-3.4010473002162E-02 0.0000000000000E+00 0.0000000000000E+00
 0.0000000000000E+00 1.5725908028799E-02 0.0000000000000E+00 0.0000000000000E+00
 5.9508860191583E-02 0.0000000000000E+00 0.0000000000000E+00 0.0000000000000E+00
-4.3613258511058E-03 0.0000000000000E+00 0.0000000000000E+00 7.1392427402779E-02
 0.0000000000000E+00 0.0000000000000E+00 0.0000000000000E+00 5.0329232545351E-03
 0.0000000000000E+00 0.0000000000000E+00 0.0000000000000E+00 0.0000000000000E+00
 0.0000000000000E+00 0.0000000000000E+00 0.0000000000000E+00 1.5287456906400E-01
 0.0000000000000E+00 0.0000000000000E+00-1.5129949677000E-01 0.0000000000000E+00
 0.0000000000000E+00-3.4904552122000E-02 0.0000000000000E+00 0.0000000000000E+00
 0.0000000000000E+00-1.3683054538432E-01 0.0000000000000E+00 0.0000000000000E+00
 4.8690998020072E-02 0.0000000000000E+00 1.2698928630432E-01 0.0000000000000E+00
 0.0000000000000E+00 1.9124803375944E-01 0.0000000000000E+00 1.8232682509319E-03
 0.0000000000000E+00 0.0000000000000E+00-1.5858446232062E-02 1.1492266191841E-02
 0.0000000000000E+00 0.0000000000000E+00 0.0000000000000E+00 0.0000000000000E+00
 0.0000000000000E+00 1.5287456906400E-01 0.0000000000000E+00 0.0000000000000E+00
-1.5129949677000E-01 0.0000000000000E+00 0.0000000000000E+00-3.4904552122000E-02
 0.0000000000000E+00 0.0000000000000E+00 0.0000000000000E+00-1.3683054538432E-01
 0.0000000000000E+00 0.0000000000000E+00-4.8690998020072E-02 0.0000000000000E+00
 1.2698928630432E-01 0.0000000000000E+00 0.0000000000000E+00-1.9124803375944E-01
 0.0000000000000E+00 1.8232682509319E-03 0.0000000000000E+00 0.0000000000000E+00
 1.5858446232062E-02 1.1492266191841E-02 0.0000000000000E+00 0.0000000000000E+00
 0.0000000000000E+00 0.0000000000000E+00 0.0000000000000E+00 0.0000000000000E+00
 0.0000000000000E+00 0.0000000000000E+00 0.0000000000000E+00 0.0000000000000E+00
 0.0000000000000E+00 0.0000000000000E+00 0.0000000000000E+00 0.0000000000000E+00
 0.0000000000000E+00 0.0000000000000E+00 0.0000000000000E+00 0.0000000000000E+00
 0.0000000000000E+00 0.0000000000000E+00 0.0000000000000E+00 0.0000000000000E+00
 4.9447976104993E-01 0.0000000000000E+00 0.0000000000000E+00 0.0000000000000E+00
 0.0000000000000E+00 1.3552446352857E-01 0.0000000000000E+00 0.0000000000000E+00
 0.0000000000000E+00 0.0000000000000E+00 1.1637203340254E+00 0.0000000000000E+00
 0.0000000000000E+00 0.0000000000000E+00 0.0000000000000E+00-1.6840440105137E-02
 0.0000000000000E+00 0.0000000000000E+00 0.0000000000000E+00 0.0000000000000E+00
 0.0000000000000E+00 0.0000000000000E+00 5.7481219848648E-02 0.0000000000000E+00
 0.0000000000000E+00 0.0000000000000E+00 0.0000000000000E+00 0.0000000000000E+00
 0.0000000000000E+00-2.0223535895390E-02 0.0000000000000E+00 0.0000000000000E+00
 0.0000000000000E+00-7.3918242532214E-03 0.0000000000000E+00 0.0000000000000E+00
 0.0000000000000E+00 0.0000000000000E+00-3.9187685210000E-02 0.0000000000000E+00
 0.0000000000000E+00-4.0256315367100E-01 0.0000000000000E+00 0.0000000000000E+00
-1.4852091859100E-01 0.0000000000000E+00 0.0000000000000E+00 0.0000000000000E+00
 5.4889744386335E-01 0.0000000000000E+00 0.0000000000000E+00 2.7797666265275E-01
 0.0000000000000E+00 3.2249133279064E-01 0.0000000000000E+00 0.0000000000000E+00
 6.2095673938666E-02 0.0000000000000E+00-1.2590183757724E-01 0.0000000000000E+00
 0.0000000000000E+00-1.3669180736948E-02-4.5545113406961E-03 0.0000000000000E+00
 0.0000000000000E+00 0.0000000000000E+00 0.0000000000000E+00 0.0000000000000E+00
 3.9187685210000E-02 0.0000000000000E+00 0.0000000000000E+00 4.0256315367100E-01
 0.0000000000000E+00 0.0000000000000E+00 1.4852091859100E-01 0.0000000000000E+00
 0.0000000000000E+00 0.0000000000000E+00-5.4889744386335E-01 0.0000000000000E+00
 0.0000000000000E+00 2.7797666265275E-01 0.0000000000000E+00-3.2249133279064E-01
 0.0000000000000E+00 0.0000000000000E+00 6.2095673938666E-02 0.0000000000000E+00
 1.2590183757724E-01 0.0000000000000E+00 0.0000000000000E+00-1.3669180736948E-02
 4.5545113406961E-03 0.0000000000000E+00-3.5028941295000E-02-4.6784079103000E-02
 2.3115040752000E-02-1.1710805709430E+00-5.1721576898200E-01 0.0000000000000E+00
 0.0000000000000E+00-2.9933738434100E-01 0.0000000000000E+00 0.0000000000000E+00
 2.9267080665200E-01 0.0000000000000E+00 0.0000000000000E+00-6.8863033056400E-01
 0.0000000000000E+00 0.0000000000000E+00-2.9569009037000E-02 2.6459600986000E-02
 0.0000000000000E+00 0.0000000000000E+00-1.7943132341812E-01 0.0000000000000E+00
 1.5796326749500E-02 0.0000000000000E+00 0.0000000000000E+00 9.1052804444496E-02
 0.0000000000000E+00-1.0922860716500E-02 0.0000000000000E+00 0.0000000000000E+00
-3.0550513346703E-01 0.0000000000000E+00 1.1481382439600E-01 0.0000000000000E+00
 0.0000000000000E+00 1.4913163096495E-02 0.0000000000000E+00 0.0000000000000E+00
 0.0000000000000E+00 1.3079318083800E-01 0.0000000000000E+00 0.0000000000000E+00
-4.0790401249389E-02 0.0000000000000E+00 0.0000000000000E+00 0.0000000000000E+00
 3.5695460541800E-01 0.0000000000000E+00 0.0000000000000E+00-1.1792721430731E-02
 0.0000000000000E+00 0.0000000000000E+00 0.0000000000000E+00 6.8185866448652E-03
 0.0000000000000E+00-2.6673488527800E-01 1.0362499703100E-01 6.5935674943100E-01
-2.2034439391000E-02 0.0000000000000E+00 2.8762341787400E-01 2.6959099043900E-01
 0.0000000000000E+00-4.7970632659100E-01-2.8099735134600E-01 0.0000000000000E+00
-2.7686161699300E-01-1.5867523846900E-01-7.8744890838500E-02 0.0000000000000E+00
 2.2470386041751E-02 1.3631968024536E-01 0.0000000000000E+00-4.2605281334000E-02
 0.0000000000000E+00 5.1402036612462E-01-6.9571459608703E-02 0.0000000000000E+00
 2.5675344567300E-01 0.0000000000000E+00-2.9350790749306E-02-4.7802928852327E-03
 0.0000000000000E+00 0.0000000000000E+00-1.2566682294606E-02-2.6673488527800E-01
 1.0362499703100E-01 6.5935674943100E-01-2.2034439391000E-02 0.0000000000000E+00
-2.8762341787400E-01 2.6959099043900E-01 0.0000000000000E+00 4.7970632659100E-01
-2.8099735134600E-01 0.0000000000000E+00 2.7686161699300E-01-1.5867523846900E-01
-7.8744890838500E-02 0.0000000000000E+00-2.2470386041751E-02 1.3631968024536E-01
 0.0000000000000E+00-4.2605281334000E-02 0.0000000000000E+00-5.1402036612462E-01
-6.9571459608703E-02 0.0000000000000E+00 2.5675344567300E-01 0.0000000000000E+00
 2.9350790749306E-02-4.7802928852327E-03 0.0000000000000E+00 0.0000000000000E+00
 1.2566682294606E-02 0.0000000000000E+00 0.0000000000000E+00 0.0000000000000E+00
 0.0000000000000E+00 0.0000000000000E+00 0.0000000000000E+00 3.2049270268800E-01
 0.0000000000000E+00 0.0000000000000E+00-1.8300556989900E-01 0.0000000000000E+00
 0.0000000000000E+00 1.4164871508040E+00 0.0000000000000E+00 0.0000000000000E+00
 2.5966493104700E-01 0.0000000000000E+00 0.0000000000000E+00 0.0000000000000E+00
-5.0587599339817E-01 0.0000000000000E+00 0.0000000000000E+00 0.0000000000000E+00
 0.0000000000000E+00 5.0222249948889E-01 0.0000000000000E+00 0.0000000000000E+00
 0.0000000000000E+00 0.0000000000000E+00-1.9662779498889E-01 0.0000000000000E+00
 0.0000000000000E+00 0.0000000000000E+00 0.0000000000000E+00 7.5996579927495E-02
 0.0000000000000E+00 0.0000000000000E+00 0.0000000000000E+00-1.0288887456813E-02
 0.0000000000000E+00 0.0000000000000E+00-2.0596759305420E-01 0.0000000000000E+00
 0.0000000000000E+00 0.0000000000000E+00 2.2737847882720E-02 0.0000000000000E+00
 0.0000000000000E+00-1.4323829772332E-01 0.0000000000000E+00 0.0000000000000E+00
 0.0000000000000E+00 1.7393255963417E-02 0.0000000000000E+00 0.0000000000000E+00
 5.0520934216700E-01-1.9741401167100E-01-1.6644390314550E+00 6.6249209202000E-02
 0.0000000000000E+00-6.1678791945300E-01-3.9286431752700E-01 0.0000000000000E+00
 7.4307260283800E-01 7.3929913565600E-01 0.0000000000000E+00 6.3319499944300E-01
 4.4813181384700E-01-1.1134169208000E-02 0.0000000000000E+00 6.2074280144189E-02
-2.2663395998699E-01 0.0000000000000E+00-7.9517896635000E-03 0.0000000000000E+00
-8.5327639584974E-01 2.2379427899004E-01 0.0000000000000E+00-1.9030898457100E-01
 0.0000000000000E+00 7.4393116426342E-03 2.5102362801328E-03 0.0000000000000E+00
 0.0000000000000E+00 7.8176628596081E-03-5.0520934216700E-01 1.9741401167100E-01
 1.6644390314550E+00-6.6249209202000E-02 0.0000000000000E+00-6.1678791945300E-01
 3.9286431752700E-01 0.0000000000000E+00 7.4307260283800E-01-7.3929913565600E-01
 0.0000000000000E+00 6.3319499944300E-01-4.4813181384700E-01 1.1134169208000E-02
 0.0000000000000E+00 6.2074280144189E-02 2.2663395998699E-01 0.0000000000000E+00
 7.9517896635000E-03 0.0000000000000E+00-8.5327639584974E-01-2.2379427899004E-01
 0.0000000000000E+00 1.9030898457100E-01 0.0000000000000E+00 7.4393116426342E-03
-2.5102362801328E-03 0.0000000000000E+00 0.0000000000000E+00 7.8176628596081E-03
 0.0000000000000E+00 0.0000000000000E+00 0.0000000000000E+00 0.0000000000000E+00
 0.0000000000000E+00 0.0000000000000E+00 0.0000000000000E+00 0.0000000000000E+00
 0.0000000000000E+00 0.0000000000000E+00 0.0000000000000E+00 0.0000000000000E+00
 0.0000000000000E+00 0.0000000000000E+00 0.0000000000000E+00 0.0000000000000E+00
 0.0000000000000E+00 0.0000000000000E+00 0.0000000000000E+00 0.0000000000000E+00
 0.0000000000000E+00 7.5216093421855E-01 0.0000000000000E+00 0.0000000000000E+00
 0.0000000000000E+00 0.0000000000000E+00-6.3068044849288E-02 0.0000000000000E+00
 0.0000000000000E+00 0.0000000000000E+00 0.0000000000000E+00 1.1999871721813E+00
 0.0000000000000E+00 0.0000000000000E+00 0.0000000000000E+00 0.0000000000000E+00
-2.1589060833137E-02 0.0000000000000E+00 0.0000000000000E+00 0.0000000000000E+00
 0.0000000000000E+00 0.0000000000000E+00 0.0000000000000E+00 1.1647790690186E-01
 0.0000000000000E+00 0.0000000000000E+00 0.0000000000000E+00 0.0000000000000E+00
 0.0000000000000E+00 0.0000000000000E+00 8.1864407597756E-02 0.0000000000000E+00
 0.0000000000000E+00 0.0000000000000E+00-9.3156078046571E-04 0.0000000000000E+00
 0.0000000000000E+00 0.0000000000000E+00 0.0000000000000E+00-8.7118693550000E-02
 0.0000000000000E+00 0.0000000000000E+00-5.7820978424300E-01 0.0000000000000E+00
 0.0000000000000E+00-1.7246160386000E-01 0.0000000000000E+00 0.0000000000000E+00
 0.0000000000000E+00 2.0781383905200E-01 0.0000000000000E+00 0.0000000000000E+00
 8.3358651625558E-01 0.0000000000000E+00 1.7445011544096E-01 0.0000000000000E+00
 0.0000000000000E+00 3.5665787816298E-01 0.0000000000000E+00 9.5938158680341E-02
 0.0000000000000E+00 0.0000000000000E+00-1.0199392035001E-02 1.3222428884884E-02
 0.0000000000000E+00 0.0000000000000E+00 0.0000000000000E+00 0.0000000000000E+00
 0.0000000000000E+00 8.7118693550000E-02 0.0000000000000E+00 0.0000000000000E+00
 5.7820978424300E-01 0.0000000000000E+00 0.0000000000000E+00 1.7246160386000E-01
 0.0000000000000E+00 0.0000000000000E+00 0.0000000000000E+00-2.0781383905200E-01
 0.0000000000000E+00 0.0000000000000E+00 8.3358651625558E-01 0.0000000000000E+00
-1.7445011544096E-01 0.0000000000000E+00 0.0000000000000E+00 3.5665787816298E-01
 0.0000000000000E+00-9.5938158680341E-02 0.0000000000000E+00 0.0000000000000E+00
-1.0199392035001E-02-1.3222428884884E-02 0.0000000000000E+00 4.1336433798000E-02
 6.1550208847000E-02 8.5194026645000E-01-3.2527080244580E+00-1.1735491629920E+00
 0.0000000000000E+00 0.0000000000000E+00 5.6383911242700E-01 0.0000000000000E+00
 0.0000000000000E+00-7.9869335859200E-01 0.0000000000000E+00 0.0000000000000E+00
-1.7088719257220E+00 0.0000000000000E+00 0.0000000000000E+00-4.0678995213500E-01
-9.4006180177000E-02 0.0000000000000E+00 0.0000000000000E+00 1.1007104953670E-02
 0.0000000000000E+00-3.5039735645000E-02 0.0000000000000E+00 0.0000000000000E+00
 2.5876716383401E-01 0.0000000000000E+00-2.0750040345900E-01 0.0000000000000E+00
 0.0000000000000E+00 4.3544120755044E-01 0.0000000000000E+00 4.2202953796300E-01
 0.0000000000000E+00 0.0000000000000E+00-1.1268355133165E-01 0.0000000000000E+00
 0.0000000000000E+00 0.0000000000000E+00-7.0991863135000E-02 0.0000000000000E+00
 0.0000000000000E+00 1.1591334382527E-01 0.0000000000000E+00 0.0000000000000E+00
 0.0000000000000E+00 1.8496919190000E-01 0.0000000000000E+00 0.0000000000000E+00
 2.6205020599382E-02 0.0000000000000E+00 0.0000000000000E+00 0.0000000000000E+00
 5.8684218491433E-04 0.0000000000000E+00-2.6079551201900E-01 1.6824534513240E+00
 8.5916670258100E-01-2.1117456270000E-02 0.0000000000000E+00 8.8052825889000E-02
 3.3366779137000E-02 0.0000000000000E+00-1.1272236245250E+00-5.8390784931500E-01
 0.0000000000000E+00-2.1500387913500E-01-4.7185901400000E-02-7.0250971809500E-02
 0.0000000000000E+00 2.7145618824770E-01-9.7402417173776E-02 0.0000000000000E+00
-1.9622979896500E-02 0.0000000000000E+00 3.5853937593647E-01-2.4734013083589E-01
 0.0000000000000E+00 1.6751917039800E-01 0.0000000000000E+00 1.9052766478202E-03
 1.0812557593491E-02 0.0000000000000E+00 0.0000000000000E+00 4.3140297150378E-03
-2.6079551201900E-01 1.6824534513240E+00 8.5916670258100E-01-2.1117456270000E-02
 0.0000000000000E+00-8.8052825889000E-02 3.3366779137000E-02 0.0000000000000E+00
 1.1272236245250E+00-5.8390784931500E-01 0.0000000000000E+00 2.1500387913500E-01
-4.7185901400000E-02-7.0250971809500E-02 0.0000000000000E+00-2.7145618824770E-01
-9.7402417173776E-02 0.0000000000000E+00-1.9622979896500E-02 0.0000000000000E+00
-3.5853937593647E-01-2.4734013083589E-01 0.0000000000000E+00 1.6751917039800E-01
 0.0000000000000E+00-1.9052766478202E-03 1.0812557593491E-02 0.0000000000000E+00
 0.0000000000000E+00-4.3140297150378E-03 0.0000000000000E+00 0.0000000000000E+00
 0.0000000000000E+00 0.0000000000000E+00 0.0000000000000E+00 1.6122692805600E-01
 0.0000000000000E+00 0.0000000000000E+00-2.2018885488000E-02 0.0000000000000E+00
 0.0000000000000E+00-1.3374506521050E+00 0.0000000000000E+00 0.0000000000000E+00
-2.5652528933200E-01 0.0000000000000E+00 0.0000000000000E+00 0.0000000000000E+00
-8.8925057912872E-01 0.0000000000000E+00 0.0000000000000E+00 0.0000000000000E+00
 0.0000000000000E+00 1.7932569503834E-01 0.0000000000000E+00 0.0000000000000E+00
 0.0000000000000E+00 0.0000000000000E+00-1.5092546496602E+00 0.0000000000000E+00
 0.0000000000000E+00 0.0000000000000E+00 0.0000000000000E+00 1.5540173301869E-01
 0.0000000000000E+00 0.0000000000000E+00 0.0000000000000E+00-1.9818880715183E-02
 0.0000000000000E+00 0.0000000000000E+00-1.2345588903279E-01 0.0000000000000E+00
 0.0000000000000E+00 0.0000000000000E+00 5.2705950520052E-02 0.0000000000000E+00
 0.0000000000000E+00 7.0603527458469E-02 0.0000000000000E+00 0.0000000000000E+00
 0.0000000000000E+00 1.9548746593151E-02 0.0000000000000E+00 0.0000000000000E+00
 0.0000000000000E+00 0.0000000000000E+00 0.0000000000000E+00 0.0000000000000E+00
 0.0000000000000E+00 4.0852935727000E-02 0.0000000000000E+00 0.0000000000000E+00
 7.8805140158300E-01 0.0000000000000E+00 0.0000000000000E+00 3.2736668384700E-01
 0.0000000000000E+00 0.0000000000000E+00 0.0000000000000E+00-6.4947482791567E-01
 0.0000000000000E+00 0.0000000000000E+00-5.0337077998235E-01 0.0000000000000E+00
-4.5588129018011E-01 0.0000000000000E+00 0.0000000000000E+00-5.8760800518580E-01
 0.0000000000000E+00 7.1342059504786E-02 0.0000000000000E+00 0.0000000000000E+00
 2.5752801808500E-02-1.6257185142495E-03 0.0000000000000E+00 0.0000000000000E+00
 0.0000000000000E+00 0.0000000000000E+00 0.0000000000000E+00 4.0852935727000E-02
 0.0000000000000E+00 0.0000000000000E+00 7.8805140158300E-01 0.0000000000000E+00
 0.0000000000000E+00 3.2736668384700E-01 0.0000000000000E+00 0.0000000000000E+00
 0.0000000000000E+00-6.4947482791567E-01 0.0000000000000E+00 0.0000000000000E+00
 5.0337077998235E-01 0.0000000000000E+00-4.5588129018011E-01 0.0000000000000E+00
 0.0000000000000E+00 5.8760800518580E-01 0.0000000000000E+00 7.1342059504786E-02
 0.0000000000000E+00 0.0000000000000E+00-2.5752801808500E-02-1.6257185142495E-03
 0.0000000000000E+00 0.0000000000000E+00 0.0000000000000E+00 0.0000000000000E+00
 0.0000000000000E+00 0.0000000000000E+00 0.0000000000000E+00 4.1432269451500E-01
 0.0000000000000E+00 0.0000000000000E+00-7.8521215429000E-01 0.0000000000000E+00
 0.0000000000000E+00-1.8331332986250E+00 0.0000000000000E+00 0.0000000000000E+00
-3.7650517063300E-01 0.0000000000000E+00 0.0000000000000E+00 0.0000000000000E+00
 1.9797819672179E-01 0.0000000000000E+00 0.0000000000000E+00 0.0000000000000E+00
 0.0000000000000E+00-1.0026954258037E+00 0.0000000000000E+00 0.0000000000000E+00
 0.0000000000000E+00 0.0000000000000E+00-8.8912492240546E-01 0.0000000000000E+00
 0.0000000000000E+00 0.0000000000000E+00 0.0000000000000E+00 9.8652309101092E-02
 0.0000000000000E+00 0.0000000000000E+00 0.0000000000000E+00-5.3356589583023E-02
 0.0000000000000E+00 0.0000000000000E+00-6.0676042317747E-03 0.0000000000000E+00
 0.0000000000000E+00 0.0000000000000E+00 3.8009151957717E-02 0.0000000000000E+00
 0.0000000000000E+00 4.4413414968603E-02 0.0000000000000E+00 0.0000000000000E+00
 0.0000000000000E+00-5.4529645552681E-04 0.0000000000000E+00 0.0000000000000E+00
-3.9206882657000E-01 1.3598919393770E+00 9.3638712186800E-01-3.0201951161000E-02
 0.0000000000000E+00 2.6537673926600E-01 2.3558543901100E-01 0.0000000000000E+00
-8.8235963663200E-01-9.7283584150200E-01 0.0000000000000E+00-1.7219540277000E-01
-2.4548544672300E-01 2.0005940306000E-02 0.0000000000000E+00 1.8486133402831E-01
 4.6880930804780E-03 0.0000000000000E+00 1.0876602844450E-01 0.0000000000000E+00
 6.5535584419850E-01-1.8879610552966E-01 0.0000000000000E+00 2.7540782945000E-02
 0.0000000000000E+00-4.6540480085648E-02 1.8060137781123E-02 0.0000000000000E+00
 0.0000000000000E+00 6.6450432878437E-04 3.9206882657000E-01-1.3598919393770E+00
-9.3638712186800E-01 3.0201951161000E-02 0.0000000000000E+00 2.6537673926600E-01
-2.3558543901100E-01 0.0000000000000E+00-8.8235963663200E-01 9.7283584150200E-01
 0.0000000000000E+00-1.7219540277000E-01 2.4548544672300E-01-2.0005940306000E-02
 0.0000000000000E+00 1.8486133402831E-01-4.6880930804780E-03 0.0000000000000E+00
-1.0876602844450E-01 0.0000000000000E+00 6.5535584419850E-01 1.8879610552966E-01
 0.0000000000000E+00-2.7540782945000E-02 0.0000000000000E+00-4.6540480085648E-02
-1.8060137781123E-02 0.0000000000000E+00 0.0000000000000E+00 6.6450432878437E-04
 0.0000000000000E+00 0.0000000000000E+00 0.0000000000000E+00 0.0000000000000E+00
 0.0000000000000E+00 4.4353299912000E-02 0.0000000000000E+00 0.0000000000000E+00
-5.1329373198000E-02 0.0000000000000E+00 0.0000000000000E+00 3.0238068657000E-02
 0.0000000000000E+00 0.0000000000000E+00 1.3943476657000E-02 0.0000000000000E+00
 0.0000000000000E+00 0.0000000000000E+00-1.5432894691998E-01 0.0000000000000E+00
 0.0000000000000E+00 0.0000000000000E+00 0.0000000000000E+00 1.1390570970081E-01
 0.0000000000000E+00 0.0000000000000E+00 0.0000000000000E+00 0.0000000000000E+00
 3.2056616695577E-01 0.0000000000000E+00 0.0000000000000E+00 0.0000000000000E+00
 0.0000000000000E+00-4.2972137315015E-01 0.0000000000000E+00 0.0000000000000E+00
 0.0000000000000E+00-2.6309864951866E-02 0.0000000000000E+00 0.0000000000000E+00
 2.9731512467022E-01 0.0000000000000E+00 0.0000000000000E+00 0.0000000000000E+00
 2.4282397092199E-02 0.0000000000000E+00 0.0000000000000E+00 8.0785136378062E-02
 0.0000000000000E+00 0.0000000000000E+00 0.0000000000000E+00 3.2876090057885E-03
 0.0000000000000E+00 0.0000000000000E+00 0.0000000000000E+00 0.0000000000000E+00
 0.0000000000000E+00 0.0000000000000E+00 0.0000000000000E+00 7.0261630815000E-02
 0.0000000000000E+00 0.0000000000000E+00-2.6409334110000E-02 0.0000000000000E+00
 0.0000000000000E+00-1.3119263382000E-02 0.0000000000000E+00 0.0000000000000E+00
 0.0000000000000E+00-9.2819633317602E-02 0.0000000000000E+00 0.0000000000000E+00
-9.1056589771388E-02 0.0000000000000E+00-3.1797784959671E-01 0.0000000000000E+00
 0.0000000000000E+00 3.1414274926653E-01 0.0000000000000E+00 4.2632292224807E-02
 0.0000000000000E+00 0.0000000000000E+00 7.6230365126437E-03 5.7280750947833E-03
 0.0000000000000E+00 0.0000000000000E+00 0.0000000000000E+00 0.0000000000000E+00
 0.0000000000000E+00 7.0261630815000E-02 0.0000000000000E+00 0.0000000000000E+00
-2.6409334110000E-02 0.0000000000000E+00 0.0000000000000E+00-1.3119263382000E-02
 0.0000000000000E+00 0.0000000000000E+00 0.0000000000000E+00-9.2819633317602E-02
 0.0000000000000E+00 0.0000000000000E+00 9.1056589771388E-02 0.0000000000000E+00
-3.1797784959671E-01 0.0000000000000E+00 0.0000000000000E+00-3.1414274926653E-01
 0.0000000000000E+00 4.2632292224807E-02 0.0000000000000E+00 0.0000000000000E+00
-7.6230365126437E-03 5.7280750947833E-03 0.0000000000000E+00 5.0129699792000E-02
 1.1406164997600E-01-1.0239804056200E-01 3.5242468638960E+00 1.3018512468610E+00
 0.0000000000000E+00 0.0000000000000E+00-3.8560686101000E-01 0.0000000000000E+00
 0.0000000000000E+00 1.0293417513210E+00 0.0000000000000E+00 0.0000000000000E+00
 5.3351699893000E-01 0.0000000000000E+00 0.0000000000000E+00 1.5738601242100E-01
-6.0095613342500E-02 0.0000000000000E+00 0.0000000000000E+00 3.3841596681637E-01
 0.0000000000000E+00 7.9044609362000E-02 0.0000000000000E+00 0.0000000000000E+00
-5.1907199184759E-01 0.0000000000000E+00-3.0538314921650E-01 0.0000000000000E+00
 0.0000000000000E+00-2.7971924808085E-01 0.0000000000000E+00 6.6869301534400E-01
 0.0000000000000E+00 0.0000000000000E+00 2.9275503465831E-02 0.0000000000000E+00
 0.0000000000000E+00 0.0000000000000E+00-3.7039592624200E-01 0.0000000000000E+00
 0.0000000000000E+00 3.9742541557977E-03 0.0000000000000E+00 0.0000000000000E+00
 0.0000000000000E+00 3.9812958900400E-01 0.0000000000000E+00 0.0000000000000E+00
 4.0183315944461E-02 0.0000000000000E+00 0.0000000000000E+00 0.0000000000000E+00
-1.5645223061857E-04 0.0000000000000E+00 5.5938427964000E-01-8.5788502268300E-01
-1.5621575404280E+00 5.6182857844000E-02 0.0000000000000E+00-5.5302678256200E-01
-5.0621639111300E-01 0.0000000000000E+00 9.7352843029300E-01 1.2687518612450E+00
 0.0000000000000E+00 4.3555186718700E-01 5.3846847849900E-01-3.9306762907000E-02
 0.0000000000000E+00 1.3585261276676E-01-3.7568484700708E-03 0.0000000000000E+00
-9.6386563608500E-02 0.0000000000000E+00-1.2842900551458E+00 2.4980019693752E-01
 0.0000000000000E+00-1.0659721534000E-02 0.0000000000000E+00 1.4860215364952E-02
-1.8483514149009E-02 0.0000000000000E+00 0.0000000000000E+00-8.3177438759229E-03
 5.5938427964000E-01-8.5788502268300E-01-1.5621575404280E+00 5.6182857844000E-02
 0.0000000000000E+00 5.5302678256200E-01-5.0621639111300E-01 0.0000000000000E+00
-9.7352843029300E-01 1.2687518612450E+00 0.0000000000000E+00-4.3555186718700E-01
 5.3846847849900E-01-3.9306762907000E-02 0.0000000000000E+00-1.3585261276676E-01
-3.7568484700708E-03 0.0000000000000E+00-9.6386563608500E-02 0.0000000000000E+00
 1.2842900551458E+00 2.4980019693752E-01 0.0000000000000E+00-1.0659721534000E-02
 0.0000000000000E+00-1.4860215364952E-02-1.8483514149009E-02 0.0000000000000E+00
 0.0000000000000E+00 8.3177438759229E-03 0.0000000000000E+00 0.0000000000000E+00
 0.0000000000000E+00 0.0000000000000E+00 0.0000000000000E+00-4.1006382237200E-01
 0.0000000000000E+00 0.0000000000000E+00 6.7500387949400E-01 0.0000000000000E+00
 0.0000000000000E+00-5.4109400266300E-01 0.0000000000000E+00 0.0000000000000E+00
-4.9147752633000E-02 0.0000000000000E+00 0.0000000000000E+00 0.0000000000000E+00
 1.0495800292525E+00 0.0000000000000E+00 0.0000000000000E+00 0.0000000000000E+00
 0.0000000000000E+00-5.2812430344924E-01 0.0000000000000E+00 0.0000000000000E+00
 0.0000000000000E+00 0.0000000000000E+00-2.4576953749613E-01 0.0000000000000E+00
 0.0000000000000E+00 0.0000000000000E+00 0.0000000000000E+00 1.4413401891320E-01
 0.0000000000000E+00 0.0000000000000E+00 0.0000000000000E+00-4.9634715859773E-02
 0.0000000000000E+00 0.0000000000000E+00-9.9993410340515E-02 0.0000000000000E+00
 0.0000000000000E+00 0.0000000000000E+00 2.2951003660645E-02 0.0000000000000E+00
 0.0000000000000E+00-2.8708362040911E-02 0.0000000000000E+00 0.0000000000000E+00
 0.0000000000000E+00-1.3854635289381E-03 0.0000000000000E+00 0.0000000000000E+00
 0.0000000000000E+00 0.0000000000000E+00 0.0000000000000E+00 0.0000000000000E+00
 0.0000000000000E+00-3.9470194308000E-02 0.0000000000000E+00 0.0000000000000E+00
 1.6610414567500E-01 0.0000000000000E+00 0.0000000000000E+00 9.7243828018000E-02
 0.0000000000000E+00 0.0000000000000E+00 0.0000000000000E+00 2.5423637692423E-01
 0.0000000000000E+00 0.0000000000000E+00 2.2921329022285E-01 0.0000000000000E+00
-1.6583175135674E-01 0.0000000000000E+00 0.0000000000000E+00-2.3370054327399E-01
 0.0000000000000E+00-3.2986869271472E-02 0.0000000000000E+00 0.0000000000000E+00
-2.6399617577783E-02 3.2859441062744E-03 0.0000000000000E+00 0.0000000000000E+00
 0.0000000000000E+00 0.0000000000000E+00 0.0000000000000E+00-3.9470194308000E-02
 0.0000000000000E+00 0.0000000000000E+00 1.6610414567500E-01 0.0000000000000E+00
 0.0000000000000E+00 9.7243828018000E-02 0.0000000000000E+00 0.0000000000000E+00
 0.0000000000000E+00 2.5423637692423E-01 0.0000000000000E+00 0.0000000000000E+00
-2.2921329022285E-01 0.0000000000000E+00-1.6583175135674E-01 0.0000000000000E+00
 0.0000000000000E+00 2.3370054327399E-01 0.0000000000000E+00-3.2986869271472E-02
 0.0000000000000E+00 0.0000000000000E+00 2.6399617577783E-02 3.2859441062744E-03
 0.0000000000000E+00-4.8165469744000E-02-5.9700539185000E-02-3.2337842397500E-01
 8.1565641284100E-01 8.1174423963100E-01 0.0000000000000E+00 0.0000000000000E+00
-4.6652907294600E-01 0.0000000000000E+00 0.0000000000000E+00 7.0888831859400E-01
 0.0000000000000E+00 0.0000000000000E+00-2.0003326935600E-01 0.0000000000000E+00
 0.0000000000000E+00 1.1017362376600E-01 2.3850573016850E-01 0.0000000000000E+00
 0.0000000000000E+00-1.8702423598686E-01 0.0000000000000E+00-1.1602353009300E-01
 0.0000000000000E+00 0.0000000000000E+00 1.0929736909203E-01 0.0000000000000E+00
-3.2181017963000E-01 0.0000000000000E+00 0.0000000000000E+00-5.0882632500863E-01
 0.0000000000000E+00 8.0112890111200E-01 0.0000000000000E+00 0.0000000000000E+00
-1.2473595199759E-02 0.0000000000000E+00 0.0000000000000E+00 0.0000000000000E+00
-1.0304303408230E+00 0.0000000000000E+00 0.0000000000000E+00-5.0269560665979E-02
 0.0000000000000E+00 0.0000000000000E+00 0.0000000000000E+00-6.2194535687900E-01
 0.0000000000000E+00 0.0000000000000E+00-3.0776326569067E-02 0.0000000000000E+00
 0.0000000000000E+00 0.0000000000000E+00-1.0291791075024E-03 0.0000000000000E+00
-2.4341138866200E-01-3.9901213173200E-01-3.8473444723800E-01-4.0213483909000E-02
 0.0000000000000E+00 3.8138602563900E-01 1.0072411269900E-01 0.0000000000000E+00
-3.0741260161300E-01 3.9029253975800E-01 0.0000000000000E+00 7.2492257348000E-02
 2.5197393973500E-01 1.0142571157500E-01 0.0000000000000E+00-3.1013742125093E-01
 1.9606266850604E-02 0.0000000000000E+00-7.6484489135500E-02 0.0000000000000E+00
-2.6506377650399E-01-1.8655845030120E-01 0.0000000000000E+00-3.1590789530800E-01
 0.0000000000000E+00-1.6092002613252E-02-1.0209097992435E-02 0.0000000000000E+00
 0.0000000000000E+00 4.7659034261392E-03-2.4341138866200E-01-3.9901213173200E-01
-3.8473444723800E-01-4.0213483909000E-02 0.0000000000000E+00-3.8138602563900E-01
 1.0072411269900E-01 0.0000000000000E+00 3.0741260161300E-01 3.9029253975800E-01
 0.0000000000000E+00-7.2492257348000E-02 2.5197393973500E-01 1.0142571157500E-01
 0.0000000000000E+00 3.1013742125093E-01 1.9606266850604E-02 0.0000000000000E+00
-7.6484489135500E-02 0.0000000000000E+00 2.6506377650399E-01-1.8655845030120E-01
 0.0000000000000E+00-3.1590789530800E-01 0.0000000000000E+00 1.6092002613252E-02
-1.0209097992435E-02 0.0000000000000E+00 0.0000000000000E+00-4.7659034261392E-03
 0.0000000000000E+00 0.0000000000000E+00 0.0000000000000E+00 0.0000000000000E+00
 0.0000000000000E+00 0.0000000000000E+00 0.0000000000000E+00 0.0000000000000E+00
 0.0000000000000E+00 0.0000000000000E+00 0.0000000000000E+00 0.0000000000000E+00
 0.0000000000000E+00 0.0000000000000E+00 0.0000000000000E+00 0.0000000000000E+00
 0.0000000000000E+00 0.0000000000000E+00 0.0000000000000E+00 0.0000000000000E+00
 0.0000000000000E+00 8.1070777761822E-01 0.0000000000000E+00 0.0000000000000E+00
 0.0000000000000E+00 0.0000000000000E+00-3.9506506312910E-01 0.0000000000000E+00
 0.0000000000000E+00 0.0000000000000E+00 0.0000000000000E+00-8.5516681795612E-01
 0.0000000000000E+00 0.0000000000000E+00 0.0000000000000E+00 0.0000000000000E+00
 1.4880245950008E-01 0.0000000000000E+00 0.0000000000000E+00 0.0000000000000E+00
 0.0000000000000E+00 0.0000000000000E+00 0.0000000000000E+00-1.0606651783444E-01
 0.0000000000000E+00 0.0000000000000E+00 0.0000000000000E+00 0.0000000000000E+00
 0.0000000000000E+00 0.0000000000000E+00-6.7695489281407E-03 0.0000000000000E+00
 0.0000000000000E+00 0.0000000000000E+00 4.6459453432071E-04 0.0000000000000E+00
 0.0000000000000E+00 0.0000000000000E+00 0.0000000000000E+00-3.3863568757000E-02
 0.0000000000000E+00 0.0000000000000E+00 3.7950403100100E-01 0.0000000000000E+00
 0.0000000000000E+00 1.6637983659200E-01 0.0000000000000E+00 0.0000000000000E+00
 0.0000000000000E+00 1.2801759811378E-01 0.0000000000000E+00 0.0000000000000E+00
 1.2604782813238E-01 0.0000000000000E+00-3.0690793160227E-01 0.0000000000000E+00
 0.0000000000000E+00-3.7759110863669E-01 0.0000000000000E+00-2.0842700842662E-02
 0.0000000000000E+00 0.0000000000000E+00-1.2819313483524E-02 6.5362899152883E-03
 0.0000000000000E+00 0.0000000000000E+00 0.0000000000000E+00 0.0000000000000E+00
 0.0000000000000E+00 3.3863568757000E-02 0.0000000000000E+00 0.0000000000000E+00
-3.7950403100100E-01 0.0000000000000E+00 0.0000000000000E+00-1.6637983659200E-01
 0.0000000000000E+00 0.0000000000000E+00 0.0000000000000E+00-1.2801759811378E-01
 0.0000000000000E+00 0.0000000000000E+00 1.2604782813238E-01 0.0000000000000E+00
 3.0690793160227E-01 0.0000000000000E+00 0.0000000000000E+00-3.7759110863669E-01
 0.0000000000000E+00 2.0842700842662E-02 0.0000000000000E+00 0.0000000000000E+00
-1.2819313483524E-02-6.5362899152883E-03 0.0000000000000E+00 0.0000000000000E+00
 0.0000000000000E+00 0.0000000000000E+00 0.0000000000000E+00 0.0000000000000E+00
 0.0000000000000E+00-1.9519434649600E-01 0.0000000000000E+00 0.0000000000000E+00
 6.2168112477400E-01 0.0000000000000E+00 0.0000000000000E+00 1.7271888100600E-01
 0.0000000000000E+00 0.0000000000000E+00 2.3998042736700E-01 0.0000000000000E+00
 0.0000000000000E+00 0.0000000000000E+00-1.8726159061596E-01 0.0000000000000E+00
 0.0000000000000E+00 0.0000000000000E+00 0.0000000000000E+00 6.7052189186016E-01
 0.0000000000000E+00 0.0000000000000E+00 0.0000000000000E+00 0.0000000000000E+00
 1.1810992230403E+00 0.0000000000000E+00 0.0000000000000E+00 0.0000000000000E+00
 0.0000000000000E+00-3.7540524775547E-01 0.0000000000000E+00 0.0000000000000E+00
 0.0000000000000E+00-1.9730170279917E-02 0.0000000000000E+00 0.0000000000000E+00
 5.4601014854725E-01 0.0000000000000E+00 0.0000000000000E+00 0.0000000000000E+00
 3.2261665505489E-02 0.0000000000000E+00 0.0000000000000E+00 2.3099353851714E-01
 0.0000000000000E+00 0.0000000000000E+00 0.0000000000000E+00 7.2035470195705E-03
 0.0000000000000E+00 0.0000000000000E+00 2.6030677832000E-01-7.6372157736700E-01
-6.6193962142400E-01 2.3669981740000E-03 0.0000000000000E+00-1.4244140984700E-01
-2.8971803266600E-01 0.0000000000000E+00 1.0209993913310E+00-6.8448781007000E-02
 0.0000000000000E+00 2.5399014052400E-01 4.9369734264000E-02 1.3670898738500E-01
 0.0000000000000E+00 1.4743355176828E-01 1.6219114655205E-01 0.0000000000000E+00
 1.6282406397150E-01 0.0000000000000E+00-4.7719760211892E-01 1.9169689134872E-01
 0.0000000000000E+00-8.0988042334000E-02 0.0000000000000E+00 2.4049704301299E-02
-1.5488002828682E-02 0.0000000000000E+00 0.0000000000000E+00 1.6257892018542E-03
-2.6030677832000E-01 7.6372157736700E-01 6.6193962142400E-01-2.3669981740000E-03
 0.0000000000000E+00-1.4244140984700E-01 2.8971803266600E-01 0.0000000000000E+00
 1.0209993913310E+00 6.8448781007000E-02 0.0000000000000E+00 2.5399014052400E-01
-4.9369734264000E-02-1.3670898738500E-01 0.0000000000000E+00 1.4743355176828E-01
-1.6219114655205E-01 0.0000000000000E+00-1.6282406397150E-01 0.0000000000000E+00
-4.7719760211892E-01-1.9169689134872E-01 0.0000000000000E+00 8.0988042334000E-02
 0.0000000000000E+00 2.4049704301299E-02 1.5488002828682E-02 0.0000000000000E+00
 0.0000000000000E+00 1.6257892018542E-03-1.1148473840900E-01 1.1085086908000E-01
 1.1111260569850E+00 1.1229652195930E+00-4.6157240402000E-02 0.0000000000000E+00
 0.0000000000000E+00-3.9880809521900E-01 0.0000000000000E+00 0.0000000000000E+00
 1.3001239980290E+00 0.0000000000000E+00 0.0000000000000E+00-8.3591136396600E-01
 0.0000000000000E+00 0.0000000000000E+00 1.3880548865500E-01 2.6309964447350E-01
 0.0000000000000E+00 0.0000000000000E+00-7.3263957496670E-01 0.0000000000000E+00
-2.9225227709250E-01 0.0000000000000E+00 0.0000000000000E+00 3.0027626844331E-01
 0.0000000000000E+00-1.1502757219000E-02 0.0000000000000E+00 0.0000000000000E+00
 1.6850189649872E-01 0.0000000000000E+00-3.1863801059200E-01 0.0000000000000E+00
 0.0000000000000E+00-6.6346210659445E-02 0.0000000000000E+00 0.0000000000000E+00
 0.0000000000000E+00 2.9176611664600E-01 0.0000000000000E+00 0.0000000000000E+00
 9.4874894925851E-02 0.0000000000000E+00 0.0000000000000E+00 0.0000000000000E+00
 2.7143853821100E-01 0.0000000000000E+00 0.0000000000000E+00 3.1860539008818E-02
 0.0000000000000E+00 0.0000000000000E+00 0.0000000000000E+00-7.8946748123095E-04
 0.0000000000000E+00 5.0261867791700E-01 2.6271247280900E-01-8.4057437123900E-01
 1.1669023368400E-01 0.0000000000000E+00-4.6863935026400E-01-4.0058395981000E-01
 0.0000000000000E+00 5.6193124878100E-01 6.4825261135800E-01 0.0000000000000E+00
 2.7650804344100E-01 2.3349884467400E-01-5.7781993673000E-02 0.0000000000000E+00
-3.2338318874790E-01 4.9864287377762E-02 0.0000000000000E+00-6.2343698422000E-02
 0.0000000000000E+00-8.6362530365641E-01 2.2313364130725E-01 0.0000000000000E+00
-6.9282572565000E-02 0.0000000000000E+00 9.6948723940429E-02-3.4742390545847E-02
 0.0000000000000E+00 0.0000000000000E+00-4.6476531101692E-03 5.0261867791700E-01
 2.6271247280900E-01-8.4057437123900E-01 1.1669023368400E-01 0.0000000000000E+00
 4.6863935026400E-01-4.0058395981000E-01 0.0000000000000E+00-5.6193124878100E-01
 6.4825261135800E-01 0.0000000000000E+00-2.7650804344100E-01 2.3349884467400E-01
-5.7781993673000E-02 0.0000000000000E+00 3.2338318874790E-01 4.9864287377762E-02
 0.0000000000000E+00-6.2343698422000E-02 0.0000000000000E+00 8.6362530365641E-01
 2.2313364130725E-01 0.0000000000000E+00-6.9282572565000E-02 0.0000000000000E+00
-9.6948723940429E-02-3.4742390545847E-02 0.0000000000000E+00 0.0000000000000E+00
 4.6476531101692E-03 0.0000000000000E+00 0.0000000000000E+00 0.0000000000000E+00
 0.0000000000000E+00 0.0000000000000E+00 0.0000000000000E+00-1.6605185135600E-01
 0.0000000000000E+00 0.0000000000000E+00-2.4818665318100E-01 0.0000000000000E+00
 0.0000000000000E+00 3.0941725426690E+00 0.0000000000000E+00 0.0000000000000E+00
 3.0519261097500E-01 0.0000000000000E+00 0.0000000000000E+00 0.0000000000000E+00
-1.3152618357931E-01 0.0000000000000E+00 0.0000000000000E+00 0.0000000000000E+00
 0.0000000000000E+00-2.1648546030893E-01 0.0000000000000E+00 0.0000000000000E+00
 0.0000000000000E+00 0.0000000000000E+00 7.3381159358194E-01 0.0000000000000E+00
 0.0000000000000E+00 0.0000000000000E+00 0.0000000000000E+00-2.6907698079442E-01
 0.0000000000000E+00 0.0000000000000E+00 0.0000000000000E+00-1.3043747861092E-02
 0.0000000000000E+00 0.0000000000000E+00-4.4852053440472E-01 0.0000000000000E+00
 0.0000000000000E+00 0.0000000000000E+00-4.5055496765132E-02 0.0000000000000E+00
 0.0000000000000E+00-3.7892984518576E-01 0.0000000000000E+00 0.0000000000000E+00
 0.0000000000000E+00-9.7215479850410E-03 0.0000000000000E+00 0.0000000000000E+00
 1.6655681627000E-02-9.9427669983700E-01-3.8690462294400E-01-1.5261778273000E-02
 0.0000000000000E+00 2.5370841039900E-01 6.4140483283000E-02 0.0000000000000E+00
-7.0879563135000E-01 1.3120717370900E+00 0.0000000000000E+00-1.1966138013100E-01
 3.4749999455200E-01-3.4425663374550E-01 0.0000000000000E+00-3.9575080001038E-01
-2.8290528403193E-01 0.0000000000000E+00-3.9728446676200E-01 0.0000000000000E+00
-2.8764361030280E-01-4.7936244547866E-01 0.0000000000000E+00 3.5326261723500E-01
 0.0000000000000E+00 2.4356729911027E-01 1.7665578292119E-02 0.0000000000000E+00
 0.0000000000000E+00 1.7431839139134E-02-1.6655681627000E-02 9.9427669983700E-01
 3.8690462294400E-01 1.5261778273000E-02 0.0000000000000E+00 2.5370841039900E-01
-6.4140483283000E-02 0.0000000000000E+00-7.0879563135000E-01-1.3120717370900E+00
 0.0000000000000E+00-1.1966138013100E-01-3.4749999455200E-01 3.4425663374550E-01
 0.0000000000000E+00-3.9575080001038E-01 2.8290528403193E-01 0.0000000000000E+00
 3.9728446676200E-01 0.0000000000000E+00-2.8764361030280E-01 4.7936244547866E-01
 0.0000000000000E+00-3.5326261723500E-01 0.0000000000000E+00 2.4356729911027E-01
-1.7665578292119E-02 0.0000000000000E+00 0.0000000000000E+00 1.7431839139134E-02
 0.0000000000000E+00 0.0000000000000E+00 0.0000000000000E+00 0.0000000000000E+00
 0.0000000000000E+00 3.2191693892100E-01 0.0000000000000E+00 0.0000000000000E+00
-3.1783613261300E-01 0.0000000000000E+00 0.0000000000000E+00-2.2802707413220E+00
 0.0000000000000E+00 0.0000000000000E+00-3.9139202265000E-02 0.0000000000000E+00
 0.0000000000000E+00 0.0000000000000E+00 2.0727048218176E+00 0.0000000000000E+00
 0.0000000000000E+00 0.0000000000000E+00 0.0000000000000E+00-3.1576823496470E+00
 0.0000000000000E+00 0.0000000000000E+00 0.0000000000000E+00 0.0000000000000E+00
-1.0565895039111E+00 0.0000000000000E+00 0.0000000000000E+00 0.0000000000000E+00
 0.0000000000000E+00-4.6659548032701E-02 0.0000000000000E+00 0.0000000000000E+00
 0.0000000000000E+00 1.6280688831393E-02 0.0000000000000E+00 0.0000000000000E+00
-1.4664555845613E-01 0.0000000000000E+00 0.0000000000000E+00 0.0000000000000E+00
 4.7499272224724E-02 0.0000000000000E+00 0.0000000000000E+00 1.3894938298258E-02
 0.0000000000000E+00 0.0000000000000E+00 0.0000000000000E+00 1.7064721222464E-02
 0.0000000000000E+00 0.0000000000000E+00 0.0000000000000E+00 0.0000000000000E+00
 0.0000000000000E+00 0.0000000000000E+00 0.0000000000000E+00-1.8486688050500E-01
 0.0000000000000E+00 0.0000000000000E+00 1.3882672795070E+00 0.0000000000000E+00
 0.0000000000000E+00 2.6768589649900E-01 0.0000000000000E+00 0.0000000000000E+00
 0.0000000000000E+00-6.5070707653140E-01 0.0000000000000E+00 0.0000000000000E+00
-8.3110497602349E-01 0.0000000000000E+00-9.5051035314363E-01 0.0000000000000E+00
 0.0000000000000E+00-1.2539129632297E+00 0.0000000000000E+00 5.8561219944940E-02
 0.0000000000000E+00 0.0000000000000E+00 6.5103428452232E-02-2.2405764783653E-02
 0.0000000000000E+00 0.0000000000000E+00 0.0000000000000E+00 0.0000000000000E+00
 0.0000000000000E+00-1.8486688050500E-01 0.0000000000000E+00 0.0000000000000E+00
 1.3882672795070E+00 0.0000000000000E+00 0.0000000000000E+00 2.6768589649900E-01
 0.0000000000000E+00 0.0000000000000E+00 0.0000000000000E+00-6.5070707653140E-01
 0.0000000000000E+00 0.0000000000000E+00 8.3110497602349E-01 0.0000000000000E+00
-9.5051035314363E-01 0.0000000000000E+00 0.0000000000000E+00 1.2539129632297E+00
 0.0000000000000E+00 5.8561219944940E-02 0.0000000000000E+00 0.0000000000000E+00
-6.5103428452232E-02-2.2405764783653E-02 0.0000000000000E+00 0.0000000000000E+00
 0.0000000000000E+00 0.0000000000000E+00 0.0000000000000E+00 0.0000000000000E+00
 0.0000000000000E+00 0.0000000000000E+00 0.0000000000000E+00 0.0000000000000E+00
 0.0000000000000E+00 0.0000000000000E+00 0.0000000000000E+00 0.0000000000000E+00
 0.0000000000000E+00 0.0000000000000E+00 0.0000000000000E+00 0.0000000000000E+00
 0.0000000000000E+00 0.0000000000000E+00 0.0000000000000E+00 0.0000000000000E+00
 2.2909930833107E+00 0.0000000000000E+00 0.0000000000000E+00 0.0000000000000E+00
 0.0000000000000E+00-3.7536710424573E+00 0.0000000000000E+00 0.0000000000000E+00
 0.0000000000000E+00 0.0000000000000E+00-1.4478869931633E+00 0.0000000000000E+00
 0.0000000000000E+00 0.0000000000000E+00 0.0000000000000E+00-4.7630910142602E-02
 0.0000000000000E+00 0.0000000000000E+00 0.0000000000000E+00 0.0000000000000E+00
 0.0000000000000E+00 0.0000000000000E+00-1.5171614509004E-01 0.0000000000000E+00
 0.0000000000000E+00 0.0000000000000E+00 0.0000000000000E+00 0.0000000000000E+00
 0.0000000000000E+00-3.8130913659880E-02 0.0000000000000E+00 0.0000000000000E+00
 0.0000000000000E+00 3.5726853004862E-03 0.0000000000000E+00 0.0000000000000E+00
 0.0000000000000E+00 0.0000000000000E+00-1.6950382380900E-01 0.0000000000000E+00
 0.0000000000000E+00 1.3721782257550E+00 0.0000000000000E+00 0.0000000000000E+00
 2.8063530925400E-01 0.0000000000000E+00 0.0000000000000E+00 0.0000000000000E+00
-6.2739086779750E-01 0.0000000000000E+00 0.0000000000000E+00-8.3810784047989E-01
 0.0000000000000E+00-9.8625965497035E-01 0.0000000000000E+00 0.0000000000000E+00
-1.2334175837322E+00 0.0000000000000E+00 5.9160672593528E-02 0.0000000000000E+00
 0.0000000000000E+00 6.8997940606091E-02-2.1169523484360E-02 0.0000000000000E+00
 0.0000000000000E+00 0.0000000000000E+00 0.0000000000000E+00 0.0000000000000E+00
 1.6950382380900E-01 0.0000000000000E+00 0.0000000000000E+00-1.3721782257550E+00
 0.0000000000000E+00 0.0000000000000E+00-2.8063530925400E-01 0.0000000000000E+00
 0.0000000000000E+00 0.0000000000000E+00 6.2739086779750E-01 0.0000000000000E+00
 0.0000000000000E+00-8.3810784047989E-01 0.0000000000000E+00 9.8625965497035E-01
 0.0000000000000E+00 0.0000000000000E+00-1.2334175837322E+00 0.0000000000000E+00
-5.9160672593528E-02 0.0000000000000E+00 0.0000000000000E+00 6.8997940606091E-02
 2.1169523484360E-02 0.0000000000000E+00-8.2749477995000E-02-6.8248386113000E-02
-4.4422689809500E-01 2.1984765927860E+00 8.2408338331800E-01 0.0000000000000E+00
 0.0000000000000E+00-4.1927471191400E-01 0.0000000000000E+00 0.0000000000000E+00
 6.1855103514800E-01 0.0000000000000E+00 0.0000000000000E+00 2.6771479182780E+00
 0.0000000000000E+00 0.0000000000000E+00 2.6238255471200E-01-6.2858968568600E-01
 0.0000000000000E+00 0.0000000000000E+00-4.8476413570888E-01 0.0000000000000E+00
 1.0634766046115E+00 0.0000000000000E+00 0.0000000000000E+00 6.2543634752927E-01
 0.0000000000000E+00 5.0096680647850E-01 0.0000000000000E+00 0.0000000000000E+00
 2.8768512149848E-01 0.0000000000000E+00 4.4449651493000E-02 0.0000000000000E+00
 0.0000000000000E+00-2.3859274197496E-02 0.0000000000000E+00 0.0000000000000E+00
 0.0000000000000E+00 6.4474834664200E-01 0.0000000000000E+00 0.0000000000000E+00
 1.1070401818791E-03 0.0000000000000E+00 0.0000000000000E+00 0.0000000000000E+00
-1.1875223895400E-01 0.0000000000000E+00 0.0000000000000E+00-3.6329093223274E-02
 0.0000000000000E+00 0.0000000000000E+00 0.0000000000000E+00-1.5739019634983E-03
 0.0000000000000E+00 2.7562033340200E-01-9.3165179656500E-01-7.2509657552100E-01
 2.2633351973000E-02 0.0000000000000E+00-1.7476696708400E-01 1.6110840269400E-01
 0.0000000000000E+00 1.4768806085260E+00-6.0862776397900E-01 0.0000000000000E+00
 3.9097689992400E-01-6.6023627605000E-02 2.0018907811000E-01 0.0000000000000E+00
-4.9486850433278E-02 3.4670396641186E-01 0.0000000000000E+00 3.6269611944100E-01
 0.0000000000000E+00 6.8167628764149E-02 4.8220502976861E-01 0.0000000000000E+00
-2.8260809075200E-01 0.0000000000000E+00-1.9358108106312E-01-1.8227368920429E-02
 0.0000000000000E+00 0.0000000000000E+00-1.5839983294035E-02 2.7562033340200E-01
-9.3165179656500E-01-7.2509657552100E-01 2.2633351973000E-02 0.0000000000000E+00
 1.7476696708400E-01 1.6110840269400E-01 0.0000000000000E+00-1.4768806085260E+00
-6.0862776397900E-01 0.0000000000000E+00-3.9097689992400E-01-6.6023627605000E-02
 2.0018907811000E-01 0.0000000000000E+00 4.9486850433278E-02 3.4670396641186E-01
 0.0000000000000E+00 3.6269611944100E-01 0.0000000000000E+00-6.8167628764149E-02
 4.8220502976861E-01 0.0000000000000E+00-2.8260809075200E-01 0.0000000000000E+00
 1.9358108106312E-01-1.8227368920429E-02 0.0000000000000E+00 0.0000000000000E+00
 1.5839983294035E-02 0.0000000000000E+00 0.0000000000000E+00 0.0000000000000E+00
 0.0000000000000E+00 0.0000000000000E+00 0.0000000000000E+00-8.5351609787800E-01
 0.0000000000000E+00 0.0000000000000E+00 2.5623811740990E+00 0.0000000000000E+00
 0.0000000000000E+00-2.0086404876380E+00 0.0000000000000E+00 0.0000000000000E+00
-4.0455160157100E-01 0.0000000000000E+00 0.0000000000000E+00 0.0000000000000E+00
 1.8944435360257E+00 0.0000000000000E+00 0.0000000000000E+00 0.0000000000000E+00
 0.0000000000000E+00-8.6128883610631E-01 0.0000000000000E+00 0.0000000000000E+00
 0.0000000000000E+00 0.0000000000000E+00-2.5630631334078E+00 0.0000000000000E+00
 0.0000000000000E+00 0.0000000000000E+00 0.0000000000000E+00 1.3041213446644E-01
 0.0000000000000E+00 0.0000000000000E+00 0.0000000000000E+00-1.7466077565664E-02
 0.0000000000000E+00 0.0000000000000E+00-3.8750560672914E-01 0.0000000000000E+00
 0.0000000000000E+00 0.0000000000000E+00 1.7140207206678E-02 0.0000000000000E+00
 0.0000000000000E+00-6.0586292331711E-02 0.0000000000000E+00 0.0000000000000E+00
 0.0000000000000E+00 4.1471034645421E-03 0.0000000000000E+00 0.0000000000000E+00
 3.6732415567000E-01 1.0481596633720E+00 6.0491426060000E-03 1.0404818606700E-01
 0.0000000000000E+00-4.4032722172400E-01-3.2369597857600E-01 0.0000000000000E+00
 2.3391012587500E-01 6.1189177355900E-01 0.0000000000000E+00 1.0304359944700E-01
 6.0081259081000E-02-7.6942861227000E-02 0.0000000000000E+00-4.9204788906004E-01
 2.9991114427476E-02 0.0000000000000E+00-1.1085056483100E-01 0.0000000000000E+00
-9.2580781271177E-01 2.7919923705978E-01 0.0000000000000E+00-1.2412748890900E-01
 0.0000000000000E+00 1.4424763958413E-01-4.7714428248307E-02 0.0000000000000E+00
 0.0000000000000E+00-9.8018094470605E-03-3.6732415567000E-01-1.0481596633720E+00
-6.0491426060000E-03-1.0404818606700E-01 0.0000000000000E+00-4.4032722172400E-01
 3.2369597857600E-01 0.0000000000000E+00 2.3391012587500E-01-6.1189177355900E-01
 0.0000000000000E+00 1.0304359944700E-01-6.0081259081000E-02 7.6942861227000E-02
 0.0000000000000E+00-4.9204788906004E-01-2.9991114427476E-02 0.0000000000000E+00
 1.1085056483100E-01 0.0000000000000E+00-9.2580781271177E-01-2.7919923705978E-01
 0.0000000000000E+00 1.2412748890900E-01 0.0000000000000E+00 1.4424763958413E-01
 4.7714428248307E-02 0.0000000000000E+00 0.0000000000000E+00-9.8018094470605E-03
 2.8314235925200E-01 4.0349168505100E-01 3.7410945455990E+00-1.2915249910830E+01
-5.7607153679460E+00 0.0000000000000E+00 0.0000000000000E+00 7.3164750411700E-01
 0.0000000000000E+00 0.0000000000000E+00-1.1676488567500E+00 0.0000000000000E+00
 0.0000000000000E+00-6.1711337464280E+00 0.0000000000000E+00 0.0000000000000E+00
-1.1547734579680E+00-1.2747772562000E-02 0.0000000000000E+00 0.0000000000000E+00
-9.4219074084789E-01 0.0000000000000E+00-7.2836460800000E-03 0.0000000000000E+00
 0.0000000000000E+00 2.4397969891729E+00 0.0000000000000E+00-3.5822392418000E-02
 0.0000000000000E+00 0.0000000000000E+00 1.5403003229135E+00 0.0000000000000E+00
 3.3398413378300E-01 0.0000000000000E+00 0.0000000000000E+00 8.5835494134912E-02
 0.0000000000000E+00 0.0000000000000E+00 0.0000000000000E+00 8.0326090929900E-01
 0.0000000000000E+00 0.0000000000000E+00 1.9866109279064E-01 0.0000000000000E+00
 0.0000000000000E+00 0.0000000000000E+00 3.7671815315000E-01 0.0000000000000E+00
 0.0000000000000E+00 3.5298068077185E-02 0.0000000000000E+00 0.0000000000000E+00
 0.0000000000000E+00-2.1922996897316E-03 0.0000000000000E+00-9.0262970073700E-01
 5.5778623571640E+00 4.2798524491000E+00-6.8757031540000E-03 0.0000000000000E+00
-2.7625961812800E-01-1.8040658935000E-01 0.0000000000000E+00-3.0432401760900E+00
-2.6564515689740E+00 0.0000000000000E+00-1.2841484050280E+00-1.0356852070000E+00
 7.0804422075000E-02 0.0000000000000E+00 1.5175015199677E+00-4.2339569891447E-01
 0.0000000000000E+00 9.0038474264500E-02 0.0000000000000E+00 1.6023054140036E+00
-4.4943850939433E-01 0.0000000000000E+00 7.9480560237000E-02 0.0000000000000E+00
-1.0478914166767E-01 3.1080815564409E-02 0.0000000000000E+00 0.0000000000000E+00
 5.0976190168919E-03-9.0262970073700E-01 5.5778623571640E+00 4.2798524491000E+00
-6.8757031540000E-03 0.0000000000000E+00 2.7625961812800E-01-1.8040658935000E-01
 0.0000000000000E+00 3.0432401760900E+00-2.6564515689740E+00 0.0000000000000E+00
 1.2841484050280E+00-1.0356852070000E+00 7.0804422075000E-02 0.0000000000000E+00
-1.5175015199677E+00-4.2339569891447E-01 0.0000000000000E+00 9.0038474264500E-02
 0.0000000000000E+00-1.6023054140036E+00-4.4943850939433E-01 0.0000000000000E+00
 7.9480560237000E-02 0.0000000000000E+00 1.0478914166767E-01 3.1080815564409E-02
 0.0000000000000E+00 0.0000000000000E+00-5.0976190168919E-03 0.0000000000000E+00
 0.0000000000000E+00 0.0000000000000E+00 0.0000000000000E+00 0.0000000000000E+00
 0.0000000000000E+00-9.4946997280200E-01 0.0000000000000E+00 0.0000000000000E+00
 1.7433165580320E+00 0.0000000000000E+00 0.0000000000000E+00 6.6409800378300E+00
 0.0000000000000E+00 0.0000000000000E+00 1.1948423347520E+00 0.0000000000000E+00
 0.0000000000000E+00 0.0000000000000E+00-2.1205005348926E+00 0.0000000000000E+00
 0.0000000000000E+00 0.0000000000000E+00 0.0000000000000E+00 6.3165715117182E+00
 0.0000000000000E+00 0.0000000000000E+00 0.0000000000000E+00 0.0000000000000E+00
 3.6918229212619E+00 0.0000000000000E+00 0.0000000000000E+00 0.0000000000000E+00
 0.0000000000000E+00 1.7536045308642E-01 0.0000000000000E+00 0.0000000000000E+00
 0.0000000000000E+00-1.8125583268922E-02 0.0000000000000E+00 0.0000000000000E+00
 3.5964156661095E-01 0.0000000000000E+00 0.0000000000000E+00 0.0000000000000E+00
-2.8397446698187E-02 0.0000000000000E+00 0.0000000000000E+00 3.0436593921634E-03
 0.0000000000000E+00 0.0000000000000E+00 0.0000000000000E+00-9.5270427935785E-03
 0.0000000000000E+00 0.0000000000000E+00 8.9662008687700E-01-4.8500611155990E+00
-3.5161915205690E+00-2.7856868917000E-02 0.0000000000000E+00 2.1085832266700E-01
 1.6871298053500E-01 0.0000000000000E+00 2.8839000671140E+00 2.0214714397370E+00
 0.0000000000000E+00 1.1468696025570E+00 8.8753456605800E-01 3.7911993385000E-03
 0.0000000000000E+00-1.3938237097915E+00 5.0877793857670E-01 0.0000000000000E+00
 1.0194780426000E-02 0.0000000000000E+00-1.4209026416364E+00 4.8129101088413E-01
 0.0000000000000E+00-1.8491472564500E-01 0.0000000000000E+00 4.3238846317298E-02
-4.3437331762539E-02 0.0000000000000E+00 0.0000000000000E+00-9.8467369947337E-03
-8.9662008687700E-01 4.8500611155990E+00 3.5161915205690E+00 2.7856868917000E-02
 0.0000000000000E+00 2.1085832266700E-01-1.6871298053500E-01 0.0000000000000E+00
 2.8839000671140E+00-2.0214714397370E+00 0.0000000000000E+00 1.1468696025570E+00
-8.8753456605800E-01-3.7911993385000E-03 0.0000000000000E+00-1.3938237097915E+00
-5.0877793857670E-01 0.0000000000000E+00-1.0194780426000E-02 0.0000000000000E+00
-1.4209026416364E+00-4.8129101088413E-01 0.0000000000000E+00 1.8491472564500E-01
 0.0000000000000E+00 4.3238846317298E-02 4.3437331762539E-02 0.0000000000000E+00
 0.0000000000000E+00-9.8467369947337E-03 1.1833593910174E+01 1.2832726137369E+01
 3.8834641101020E+00-4.1347239211630E+00-2.0970321443210E+00 0.0000000000000E+00
 0.0000000000000E+00-1.1528958617000E-01 0.0000000000000E+00 0.0000000000000E+00
 7.1216831093800E-01 0.0000000000000E+00 0.0000000000000E+00-2.3120033750780E+00
 0.0000000000000E+00 0.0000000000000E+00-5.1246508900000E-01 1.8376242638000E-02
 0.0000000000000E+00 0.0000000000000E+00-1.3188276318010E-01 0.0000000000000E+00
-4.5321244635500E-02 0.0000000000000E+00 0.0000000000000E+00 2.0168348451528E-01
 0.0000000000000E+00-7.4044876002500E-02 0.0000000000000E+00 0.0000000000000E+00
 7.8914309634514E-01 0.0000000000000E+00-5.5007193704000E-02 0.0000000000000E+00
 0.0000000000000E+00-1.5939107161008E-02 0.0000000000000E+00 0.0000000000000E+00
 0.0000000000000E+00 2.7121313396200E-01 0.0000000000000E+00 0.0000000000000E+00
 8.4424079797861E-02 0.0000000000000E+00 0.0000000000000E+00 0.0000000000000E+00
 7.8323895409000E-02 0.0000000000000E+00 0.0000000000000E+00 8.6945429423266E-03
 0.0000000000000E+00 0.0000000000000E+00 0.0000000000000E+00-3.1749503810487E-04
 0.0000000000000E+00-3.7228158715000E-02 1.4956355211130E+00 1.3381713355730E+00
-7.6007592680000E-03 0.0000000000000E+00-1.2747240936200E-01-1.2593220210000E-01
 0.0000000000000E+00-5.4446737815200E-01-3.5825688917900E-01 0.0000000000000E+00
-3.3482814940600E-01-2.6259196858900E-01-6.9869761840000E-03 0.0000000000000E+00
 2.8168984760027E-02-1.2208392203390E-02 0.0000000000000E+00-1.1458248232500E-02
 0.0000000000000E+00-1.4344505723751E-01 5.5937434575600E-03 0.0000000000000E+00
-6.0891481737000E-02 0.0000000000000E+00 5.0488373048046E-02-2.3748864273214E-02
 0.0000000000000E+00 0.0000000000000E+00-4.4741047845706E-03-3.7228158715000E-02
 1.4956355211130E+00 1.3381713355730E+00-7.6007592680000E-03 0.0000000000000E+00
 1.2747240936200E-01-1.2593220210000E-01 0.0000000000000E+00 5.4446737815200E-01
-3.5825688917900E-01 0.0000000000000E+00 3.3482814940600E-01-2.6259196858900E-01
-6.9869761840000E-03 0.0000000000000E+00-2.8168984760027E-02-1.2208392203390E-02
 0.0000000000000E+00-1.1458248232500E-02 0.0000000000000E+00 1.4344505723751E-01
 5.5937434575600E-03 0.0000000000000E+00-6.0891481737000E-02 0.0000000000000E+00
-5.0488373048046E-02-2.3748864273214E-02 0.0000000000000E+00 0.0000000000000E+00
 4.4741047845706E-03

EIGENVALUES
-----------
k 1 0.00000000 0.00000000 0.00000000
-2.0560089533919E+01-1.3494505486427E+00-7.1324573380543E-01-5.8260355880023E-01
-5.0821201407323E-01 1.1695034151507E-01 1.7107164714557E-01 4.4882239334098E-01
 4.6227336387374E-01 5.0220806258927E-01 5.8363961537998E-01 6.0409849981879E-01
 6.1468996892656E-01 6.5703622888490E-01 7.1692772939831E-01 8.5185170040722E-01
 9.2012791278084E-01 1.1121381031086E+00 1.1563363029989E+00 1.3458927133074E+00
 1.4181610158051E+00 1.4814404338479E+00 1.4845269040043E+00 1.5772120733120E+00
 1.6864898016333E+00 1.9120644571424E+00 2.0657015971903E+00 2.1926242394202E+00
 2.2932760044104E+00 2.3636668924196E+00 2.4236705585605E+00 2.4895399417331E+00
 2.5191452465454E+00 2.5823345091476E+00 2.5883168716534E+00 2.6540261630584E+00
 2.6705700841577E+00 2.8397924097883E+00 2.8582318665335E+00 3.0372294301316E+00
 3.1313884114421E+00 3.2936061014610E+00 3.3442192752296E+00 3.4601514689866E+00
 3.6284888884376E+00 3.8264169015074E+00 4.0007829072245E+00 4.1261770157555E+00
 4.1884350641601E+00 4.2133156619969E+00 4.4354937179805E+00 4.4957518772841E+00
 4.7075130358250E+00 4.7504205223761E+00 4.7943120719442E+00 4.9268298707803E+00
 5.3620878517853E+00 5.3960691903040E+00 5.9686118867015E+00 6.1038592510970E+00
 6.2479384092274E+00 6.3199930177132E+00 6.7381688239647E+00 6.7838435695713E+00
 7.0754910069650E+00 7.2728304089196E+00 7.3102856678945E+00 7.3647454399505E+00
 7.4363503675850E+00 7.5412281622331E+00 7.5520991373397E+00 7.5695828226258E+00
 7.9995177937068E+00 8.0766549824381E+00 8.0986308473653E+00 8.1462431368392E+00
 8.1517087090830E+00 8.2768005144388E+00 8.3224199588420E+00 8.3577715917648E+00
 8.4303172496204E+00 8.6121381332397E+00 8.8415149294661E+00 8.9054679907145E+00
 8.9600737931506E+00 9.2329265950923E+00 9.3858351526200E+00 9.4256467325081E+00
 9.9232750087507E+00 1.0019274677097E+01 1.0296865006295E+01 1.0446948219686E+01
 1.0658237257900E+01 1.0746327312263E+01 1.0811481174196E+01 1.1292430716587E+01
 1.1407983304289E+01 1.1602871732121E+01 1.1640799987581E+01 1.1701397019974E+01
 1.1846793891893E+01 1.2194534323699E+01 1.2334489949936E+01 1.2424355327255E+01
 1.2431048927144E+01 1.2454549529704E+01 1.3623500199648E+01 1.3813644109265E+01
 1.4284639178318E+01 1.4641215268965E+01 1.4678018754316E+01 1.4867806794519E+01
 1.6446315510084E+01 1.6842706629770E+01 4.4375115298602E+01
