TITLE
 generated from Orca output data.
BASIC_INFO
----------
Generated by:
 molden2qmc version: 4.0.5
Method:

DFT Functional:

Periodicity:
         0
Spin unrestricted:
    .false.
nuclear-nuclear repulsion energy (au/atom):
 6.1944434102248E+00
Number of electrons per primitive cell:
        14

GEOMETRY
--------
Number of atoms:
         4
Atomic positions (au):
 0.0000000000000E+00 0.0000000000000E+00-3.1435594238000E+00
 0.0000000000000E+00 0.0000000000000E+00-1.1366702696000E+00
 0.0000000000000E+00 0.0000000000000E+00 1.1366702696000E+00
 0.0000000000000E+00 0.0000000000000E+00 3.1435594238000E+00
Atomic numbers for each atom:
         1         6         6         1
Valence charges for each atom:
 1.0000000000000E+00 6.0000000000000E+00 6.0000000000000E+00 1.0000000000000E+00

BASIS SET
---------
Number of Gaussian centres
         4
Number of shells per primitive cell
        50
Number of basis functions ('AO') per primitive cell
       170
Number of Gaussian primitives per primitive cell
        90
Highest shell angular momentum (s/p/d/f... 1/2/3/4...)
         5
Code for shell types (s/sp/p/d/f... 1/2/3/4/5...)
         1         1         1         1         3         3         3         4
         4         5         1         1         1         1         1         3
         3         3         3         4         4         4         5         5
         6         1         1         1         1         1         3         3
         3         3         4         4         4         5         5         6
         1         1         1         1         3         3         3         4
         4         5
Number of primitive Gaussians in each shell
         3         1         1         1         1         1         1         1
         1         1         9         9         1         1         1         3
         1         1         1         1         1         1         1         1
         1         9         9         1         1         1         3         1
         1         1         1         1         1         1         1         1
         3         1         1         1         1         1         1         1
         1         1
Sequence number of first shell on each centre
         1        11        26        41        51
Exponents of Gaussian primitives
 8.2640000000000E+01 1.2410000000000E+01 2.8240000000000E+00 7.9770000000000E-01
 2.5810000000000E-01 8.9890000000000E-02 2.2920000000000E+00 8.3800000000000E-01
 2.9200000000000E-01 2.0620000000000E+00 6.6200000000000E-01 1.3970000000000E+00
 3.3980000000000E+04 5.0890000000000E+03 1.1570000000000E+03 3.2660000000000E+02
 1.0610000000000E+02 3.8110000000000E+01 1.4750000000000E+01 6.0350000000000E+00
 2.5300000000000E+00 3.3980000000000E+04 5.0890000000000E+03 1.1570000000000E+03
 3.2660000000000E+02 1.0610000000000E+02 3.8110000000000E+01 1.4750000000000E+01
 6.0350000000000E+00 2.5300000000000E+00 7.3550000000000E-01 2.9050000000000E-01
 1.1110000000000E-01 3.4510000000000E+01 7.9150000000000E+00 2.3680000000000E+00
 8.1320000000000E-01 2.8900000000000E-01 1.0070000000000E-01 1.8480000000000E+00
 6.4900000000000E-01 2.2800000000000E-01 1.4190000000000E+00 4.8500000000000E-01
 1.0110000000000E+00 3.3980000000000E+04 5.0890000000000E+03 1.1570000000000E+03
 3.2660000000000E+02 1.0610000000000E+02 3.8110000000000E+01 1.4750000000000E+01
 6.0350000000000E+00 2.5300000000000E+00 3.3980000000000E+04 5.0890000000000E+03
 1.1570000000000E+03 3.2660000000000E+02 1.0610000000000E+02 3.8110000000000E+01
 1.4750000000000E+01 6.0350000000000E+00 2.5300000000000E+00 7.3550000000000E-01
 2.9050000000000E-01 1.1110000000000E-01 3.4510000000000E+01 7.9150000000000E+00
 2.3680000000000E+00 8.1320000000000E-01 2.8900000000000E-01 1.0070000000000E-01
 1.8480000000000E+00 6.4900000000000E-01 2.2800000000000E-01 1.4190000000000E+00
 4.8500000000000E-01 1.0110000000000E+00 8.2640000000000E+01 1.2410000000000E+01
 2.8240000000000E+00 7.9770000000000E-01 2.5810000000000E-01 8.9890000000000E-02
 2.2920000000000E+00 8.3800000000000E-01 2.9200000000000E-01 2.0620000000000E+00
 6.6200000000000E-01 1.3970000000000E+00
Normalized contraction coefficients
 4.4833211900000E-01 8.2720912110000E-01 1.3425357337000E+00 6.0157500910000E-01
 2.5807806610000E-01 1.1700209210000E-01 4.0198361784000E+00 1.1428654696000E+00
 3.0596281800000E-01 5.8400237441636E+00 7.9967024699702E-01 3.1235349047773E+00
 1.6345072610000E-01 3.0442122430000E-01 5.2578386900000E-01 8.4689834070000E-01
 1.2557643734000E+00 1.6186445796000E+00 1.6508946063000E+00 1.1035299844000E+00
 3.1248567480000E-01-9.9371899100000E-02-1.9012697710000E-01-3.2543340760000E-01
-5.3366117510000E-01-7.9529779190000E-01-1.0949380078000E+00-1.2138132005000E+00
-1.1385061172000E+00-4.9474883370000E-01 5.6603997100000E-01 2.8201336770000E-01
 1.3714994460000E-01 3.7780189504000E+00 4.0287265029000E+00 3.5154650741000E+00
 1.1007452001000E+00 3.0203856020000E-01 8.0858731900000E-02 4.8210085116501E+00
 7.7239183749914E-01 1.2382132254020E-01 3.2353020987478E+00 2.8898370952098E-01
 1.1468354346880E+00 1.6345072610000E-01 3.0442122430000E-01 5.2578386900000E-01
 8.4689834070000E-01 1.2557643734000E+00 1.6186445796000E+00 1.6508946063000E+00
 1.1035299844000E+00 3.1248567480000E-01-9.9371899100000E-02-1.9012697710000E-01
-3.2543340760000E-01-5.3366117510000E-01-7.9529779190000E-01-1.0949380078000E+00
-1.2138132005000E+00-1.1385061172000E+00-4.9474883370000E-01 5.6603997100000E-01
 2.8201336770000E-01 1.3714994460000E-01 3.7780189504000E+00 4.0287265029000E+00
 3.5154650741000E+00 1.1007452001000E+00 3.0203856020000E-01 8.0858731900000E-02
 4.8210085116501E+00 7.7239183749914E-01 1.2382132254020E-01 3.2353020987478E+00
 2.8898370952098E-01 1.1468354346880E+00 4.4833211900000E-01 8.2720912110000E-01
 1.3425357337000E+00 6.0157500910000E-01 2.5807806610000E-01 1.1700209210000E-01
 4.0198361784000E+00 1.1428654696000E+00 3.0596281800000E-01 5.8400237441636E+00
 7.9967024699702E-01 3.1235349047773E+00
Position of each shell (au)
 0.0000000000000E+00 0.0000000000000E+00-3.1435594238000E+00
 0.0000000000000E+00 0.0000000000000E+00-3.1435594238000E+00
 0.0000000000000E+00 0.0000000000000E+00-3.1435594238000E+00
 0.0000000000000E+00 0.0000000000000E+00-3.1435594238000E+00
 0.0000000000000E+00 0.0000000000000E+00-3.1435594238000E+00
 0.0000000000000E+00 0.0000000000000E+00-3.1435594238000E+00
 0.0000000000000E+00 0.0000000000000E+00-3.1435594238000E+00
 0.0000000000000E+00 0.0000000000000E+00-3.1435594238000E+00
 0.0000000000000E+00 0.0000000000000E+00-3.1435594238000E+00
 0.0000000000000E+00 0.0000000000000E+00-3.1435594238000E+00
 0.0000000000000E+00 0.0000000000000E+00-1.1366702696000E+00
 0.0000000000000E+00 0.0000000000000E+00-1.1366702696000E+00
 0.0000000000000E+00 0.0000000000000E+00-1.1366702696000E+00
 0.0000000000000E+00 0.0000000000000E+00-1.1366702696000E+00
 0.0000000000000E+00 0.0000000000000E+00-1.1366702696000E+00
 0.0000000000000E+00 0.0000000000000E+00-1.1366702696000E+00
 0.0000000000000E+00 0.0000000000000E+00-1.1366702696000E+00
 0.0000000000000E+00 0.0000000000000E+00-1.1366702696000E+00
 0.0000000000000E+00 0.0000000000000E+00-1.1366702696000E+00
 0.0000000000000E+00 0.0000000000000E+00-1.1366702696000E+00
 0.0000000000000E+00 0.0000000000000E+00-1.1366702696000E+00
 0.0000000000000E+00 0.0000000000000E+00-1.1366702696000E+00
 0.0000000000000E+00 0.0000000000000E+00-1.1366702696000E+00
 0.0000000000000E+00 0.0000000000000E+00-1.1366702696000E+00
 0.0000000000000E+00 0.0000000000000E+00-1.1366702696000E+00
 0.0000000000000E+00 0.0000000000000E+00 1.1366702696000E+00
 0.0000000000000E+00 0.0000000000000E+00 1.1366702696000E+00
 0.0000000000000E+00 0.0000000000000E+00 1.1366702696000E+00
 0.0000000000000E+00 0.0000000000000E+00 1.1366702696000E+00
 0.0000000000000E+00 0.0000000000000E+00 1.1366702696000E+00
 0.0000000000000E+00 0.0000000000000E+00 1.1366702696000E+00
 0.0000000000000E+00 0.0000000000000E+00 1.1366702696000E+00
 0.0000000000000E+00 0.0000000000000E+00 1.1366702696000E+00
 0.0000000000000E+00 0.0000000000000E+00 1.1366702696000E+00
 0.0000000000000E+00 0.0000000000000E+00 1.1366702696000E+00
 0.0000000000000E+00 0.0000000000000E+00 1.1366702696000E+00
 0.0000000000000E+00 0.0000000000000E+00 1.1366702696000E+00
 0.0000000000000E+00 0.0000000000000E+00 1.1366702696000E+00
 0.0000000000000E+00 0.0000000000000E+00 1.1366702696000E+00
 0.0000000000000E+00 0.0000000000000E+00 1.1366702696000E+00
 0.0000000000000E+00 0.0000000000000E+00 3.1435594238000E+00
 0.0000000000000E+00 0.0000000000000E+00 3.1435594238000E+00
 0.0000000000000E+00 0.0000000000000E+00 3.1435594238000E+00
 0.0000000000000E+00 0.0000000000000E+00 3.1435594238000E+00
 0.0000000000000E+00 0.0000000000000E+00 3.1435594238000E+00
 0.0000000000000E+00 0.0000000000000E+00 3.1435594238000E+00
 0.0000000000000E+00 0.0000000000000E+00 3.1435594238000E+00
 0.0000000000000E+00 0.0000000000000E+00 3.1435594238000E+00
 0.0000000000000E+00 0.0000000000000E+00 3.1435594238000E+00
 0.0000000000000E+00 0.0000000000000E+00 3.1435594238000E+00

MULTIDETERMINANT INFORMATION
----------------------------
GS

ORBITAL COEFFICIENTS
------------------------
 1.0320130800000E-04-1.2116434640000E-03 1.5857501280000E-03 3.1705338100000E-04
 0.0000000000000E+00 0.0000000000000E+00-3.9791234000000E-05 0.0000000000000E+00
 0.0000000000000E+00-4.0431836000000E-04 0.0000000000000E+00 0.0000000000000E+00
 3.6786030000000E-04 1.7113722000000E-05 0.0000000000000E+00 0.0000000000000E+00
 0.0000000000000E+00 0.0000000000000E+00 4.0698389500000E-05 0.0000000000000E+00
 0.0000000000000E+00 0.0000000000000E+00 0.0000000000000E+00 9.4544518000000E-05
 0.0000000000000E+00 0.0000000000000E+00 0.0000000000000E+00 0.0000000000000E+00
 0.0000000000000E+00 0.0000000000000E+00 7.0208495170200E-01 1.2768539950000E-03
 1.3879309901000E-02-3.1834083900000E-04-1.2988560090000E-03 0.0000000000000E+00
 0.0000000000000E+00-4.8442604500000E-04 0.0000000000000E+00 0.0000000000000E+00
 1.2518092870000E-03 0.0000000000000E+00 0.0000000000000E+00-1.5082317850000E-03
 0.0000000000000E+00 0.0000000000000E+00 1.2260403700000E-04 4.7422032000000E-05
 0.0000000000000E+00 0.0000000000000E+00 0.0000000000000E+00 0.0000000000000E+00
 4.6851870450000E-04 0.0000000000000E+00 0.0000000000000E+00 0.0000000000000E+00
 0.0000000000000E+00-8.4700934250000E-04 0.0000000000000E+00 0.0000000000000E+00
 0.0000000000000E+00 0.0000000000000E+00 1.8668275500000E-04 0.0000000000000E+00
 0.0000000000000E+00 0.0000000000000E+00 0.0000000000000E+00 0.0000000000000E+00
 0.0000000000000E+00-9.1247650500000E-04 0.0000000000000E+00 0.0000000000000E+00
 0.0000000000000E+00 0.0000000000000E+00 0.0000000000000E+00 0.0000000000000E+00
 2.9858408500000E-04 0.0000000000000E+00 0.0000000000000E+00 0.0000000000000E+00
 0.0000000000000E+00 0.0000000000000E+00 0.0000000000000E+00 9.1558377595589E-14
 0.0000000000000E+00 7.0208495170200E-01 1.2768539950000E-03 1.3879309901000E-02
-3.1834083900000E-04-1.2988560090000E-03 0.0000000000000E+00 0.0000000000000E+00
 4.8442604500000E-04 0.0000000000000E+00 0.0000000000000E+00-1.2518092870000E-03
 0.0000000000000E+00 0.0000000000000E+00 1.5082317850000E-03 0.0000000000000E+00
 0.0000000000000E+00-1.2260403700000E-04 4.7422032000000E-05 0.0000000000000E+00
 0.0000000000000E+00 0.0000000000000E+00 0.0000000000000E+00 4.6851870450000E-04
 0.0000000000000E+00 0.0000000000000E+00 0.0000000000000E+00 0.0000000000000E+00
-8.4700934250000E-04 0.0000000000000E+00 0.0000000000000E+00 0.0000000000000E+00
 0.0000000000000E+00-1.8668275500000E-04 0.0000000000000E+00 0.0000000000000E+00
 0.0000000000000E+00 0.0000000000000E+00 0.0000000000000E+00 0.0000000000000E+00
 9.1247650500000E-04 0.0000000000000E+00 0.0000000000000E+00 0.0000000000000E+00
 0.0000000000000E+00 0.0000000000000E+00 0.0000000000000E+00 2.9858408500000E-04
 0.0000000000000E+00 0.0000000000000E+00 0.0000000000000E+00 0.0000000000000E+00
 0.0000000000000E+00 0.0000000000000E+00 9.1558377595589E-14 0.0000000000000E+00
 1.0320130800000E-04-1.2116434640000E-03 1.5857501280000E-03 3.1705338100000E-04
 0.0000000000000E+00 0.0000000000000E+00 3.9791234000000E-05 0.0000000000000E+00
 0.0000000000000E+00 4.0431836000000E-04 0.0000000000000E+00 0.0000000000000E+00
-3.6786030000000E-04 1.7113722000000E-05 0.0000000000000E+00 0.0000000000000E+00
 0.0000000000000E+00 0.0000000000000E+00 4.0698389500000E-05 0.0000000000000E+00
 0.0000000000000E+00 0.0000000000000E+00 0.0000000000000E+00-9.4544518000000E-05
 0.0000000000000E+00 0.0000000000000E+00 0.0000000000000E+00 0.0000000000000E+00
 0.0000000000000E+00 0.0000000000000E+00 6.2368213000000E-05-3.2549412700000E-04
 2.4560478810000E-03-3.3392381900000E-04 0.0000000000000E+00 0.0000000000000E+00
-1.0634270000000E-05 0.0000000000000E+00 0.0000000000000E+00-1.9880929900000E-04
 0.0000000000000E+00 0.0000000000000E+00 7.9600374800000E-04 2.9184532000000E-05
 0.0000000000000E+00 0.0000000000000E+00 0.0000000000000E+00 0.0000000000000E+00
 3.3320341000000E-05 0.0000000000000E+00 0.0000000000000E+00 0.0000000000000E+00
 0.0000000000000E+00 1.1937996200000E-04 0.0000000000000E+00 0.0000000000000E+00
 0.0000000000000E+00 0.0000000000000E+00 0.0000000000000E+00 0.0000000000000E+00
 7.0271629883300E-01 1.2149118100000E-03 1.3624518730000E-02-2.5243380160000E-03
-4.1979231660000E-03 0.0000000000000E+00 0.0000000000000E+00-7.5674363900000E-04
 0.0000000000000E+00 0.0000000000000E+00 1.5847122300000E-03 0.0000000000000E+00
 0.0000000000000E+00 1.0857021020000E-03 0.0000000000000E+00 0.0000000000000E+00
-1.4188364660000E-03 5.0568856000000E-05 0.0000000000000E+00 0.0000000000000E+00
 0.0000000000000E+00 0.0000000000000E+00 9.0099877300000E-04 0.0000000000000E+00
 0.0000000000000E+00 0.0000000000000E+00 0.0000000000000E+00-5.0369515200000E-04
 0.0000000000000E+00 0.0000000000000E+00 0.0000000000000E+00 0.0000000000000E+00
 2.0722872900000E-04 0.0000000000000E+00 0.0000000000000E+00 0.0000000000000E+00
 0.0000000000000E+00 0.0000000000000E+00 0.0000000000000E+00 1.6826098200000E-04
 0.0000000000000E+00 0.0000000000000E+00 0.0000000000000E+00 0.0000000000000E+00
 0.0000000000000E+00 0.0000000000000E+00 2.0378585900000E-04 0.0000000000000E+00
 0.0000000000000E+00 0.0000000000000E+00 0.0000000000000E+00 0.0000000000000E+00
 0.0000000000000E+00 2.6058922854129E-13 0.0000000000000E+00-7.0271629883300E-01
-1.2149118100000E-03-1.3624518730000E-02 2.5243380160000E-03 4.1979231660000E-03
 0.0000000000000E+00 0.0000000000000E+00-7.5674363900000E-04 0.0000000000000E+00
 0.0000000000000E+00 1.5847122300000E-03 0.0000000000000E+00 0.0000000000000E+00
 1.0857021020000E-03 0.0000000000000E+00 0.0000000000000E+00-1.4188364660000E-03
-5.0568856000000E-05 0.0000000000000E+00 0.0000000000000E+00 0.0000000000000E+00
 0.0000000000000E+00-9.0099877300000E-04 0.0000000000000E+00 0.0000000000000E+00
 0.0000000000000E+00 0.0000000000000E+00 5.0369515200000E-04 0.0000000000000E+00
 0.0000000000000E+00 0.0000000000000E+00 0.0000000000000E+00 2.0722872900000E-04
 0.0000000000000E+00 0.0000000000000E+00 0.0000000000000E+00 0.0000000000000E+00
 0.0000000000000E+00 0.0000000000000E+00 1.6826098200000E-04 0.0000000000000E+00
 0.0000000000000E+00 0.0000000000000E+00 0.0000000000000E+00 0.0000000000000E+00
 0.0000000000000E+00-2.0378585900000E-04 0.0000000000000E+00 0.0000000000000E+00
 0.0000000000000E+00 0.0000000000000E+00 0.0000000000000E+00 0.0000000000000E+00
-2.6058922854129E-13 0.0000000000000E+00-6.2368213000000E-05 3.2549412700000E-04
-2.4560478810000E-03 3.3392381900000E-04 0.0000000000000E+00 0.0000000000000E+00
-1.0634270000000E-05 0.0000000000000E+00 0.0000000000000E+00-1.9880929900000E-04
 0.0000000000000E+00 0.0000000000000E+00 7.9600374800000E-04-2.9184532000000E-05
 0.0000000000000E+00 0.0000000000000E+00 0.0000000000000E+00 0.0000000000000E+00
-3.3320341000000E-05 0.0000000000000E+00 0.0000000000000E+00 0.0000000000000E+00
 0.0000000000000E+00 1.1937996200000E-04 0.0000000000000E+00 0.0000000000000E+00
 0.0000000000000E+00 0.0000000000000E+00 0.0000000000000E+00 0.0000000000000E+00
-1.5907687747000E-02-4.1298671475000E-02-4.2763233434000E-02-4.8668085080000E-03
 0.0000000000000E+00 0.0000000000000E+00-1.9252740300000E-03 0.0000000000000E+00
 0.0000000000000E+00-5.0072881990000E-03 0.0000000000000E+00 0.0000000000000E+00
-6.4066359060000E-03-2.8457345900000E-04 0.0000000000000E+00 0.0000000000000E+00
 0.0000000000000E+00 0.0000000000000E+00-4.8567919900000E-04 0.0000000000000E+00
 0.0000000000000E+00 0.0000000000000E+00 0.0000000000000E+00 4.4058036000000E-05
 0.0000000000000E+00 0.0000000000000E+00 0.0000000000000E+00 0.0000000000000E+00
 0.0000000000000E+00 0.0000000000000E+00 8.7191223260000E-03-2.3889809880600E-01
-1.8250769151000E-01-2.9552120344900E-01-7.6894284506000E-02 0.0000000000000E+00
 0.0000000000000E+00-4.5841427751000E-02 0.0000000000000E+00 0.0000000000000E+00
-8.3210457412000E-02 0.0000000000000E+00 0.0000000000000E+00-6.4981766836000E-02
 0.0000000000000E+00 0.0000000000000E+00-1.2635452828000E-02-3.9497441590000E-03
 0.0000000000000E+00 0.0000000000000E+00 0.0000000000000E+00 0.0000000000000E+00
-9.9628455895000E-03 0.0000000000000E+00 0.0000000000000E+00 0.0000000000000E+00
 0.0000000000000E+00-6.3346429945000E-03 0.0000000000000E+00 0.0000000000000E+00
 0.0000000000000E+00 0.0000000000000E+00-1.8186928870000E-03 0.0000000000000E+00
 0.0000000000000E+00 0.0000000000000E+00 0.0000000000000E+00 0.0000000000000E+00
 0.0000000000000E+00-2.8110763310000E-03 0.0000000000000E+00 0.0000000000000E+00
 0.0000000000000E+00 0.0000000000000E+00 0.0000000000000E+00 0.0000000000000E+00
-8.0805142500000E-04 0.0000000000000E+00 0.0000000000000E+00 0.0000000000000E+00
 0.0000000000000E+00 0.0000000000000E+00 0.0000000000000E+00 3.8736236675057E-13
 0.0000000000000E+00 8.7191223260000E-03-2.3889809880600E-01-1.8250769151000E-01
-2.9552120344900E-01-7.6894284506000E-02 0.0000000000000E+00 0.0000000000000E+00
 4.5841427751000E-02 0.0000000000000E+00 0.0000000000000E+00 8.3210457412000E-02
 0.0000000000000E+00 0.0000000000000E+00 6.4981766836000E-02 0.0000000000000E+00
 0.0000000000000E+00 1.2635452828000E-02-3.9497441590000E-03 0.0000000000000E+00
 0.0000000000000E+00 0.0000000000000E+00 0.0000000000000E+00-9.9628455895000E-03
 0.0000000000000E+00 0.0000000000000E+00 0.0000000000000E+00 0.0000000000000E+00
-6.3346429945000E-03 0.0000000000000E+00 0.0000000000000E+00 0.0000000000000E+00
 0.0000000000000E+00 1.8186928870000E-03 0.0000000000000E+00 0.0000000000000E+00
 0.0000000000000E+00 0.0000000000000E+00 0.0000000000000E+00 0.0000000000000E+00
 2.8110763310000E-03 0.0000000000000E+00 0.0000000000000E+00 0.0000000000000E+00
 0.0000000000000E+00 0.0000000000000E+00 0.0000000000000E+00-8.0805142500000E-04
 0.0000000000000E+00 0.0000000000000E+00 0.0000000000000E+00 0.0000000000000E+00
 0.0000000000000E+00 0.0000000000000E+00 3.8736236675057E-13 0.0000000000000E+00
-1.5907687747000E-02-4.1298671475000E-02-4.2763233434000E-02-4.8668085080000E-03
 0.0000000000000E+00 0.0000000000000E+00 1.9252740300000E-03 0.0000000000000E+00
 0.0000000000000E+00 5.0072881990000E-03 0.0000000000000E+00 0.0000000000000E+00
 6.4066359060000E-03-2.8457345900000E-04 0.0000000000000E+00 0.0000000000000E+00
 0.0000000000000E+00 0.0000000000000E+00-4.8567919900000E-04 0.0000000000000E+00
 0.0000000000000E+00 0.0000000000000E+00 0.0000000000000E+00-4.4058036000000E-05
 0.0000000000000E+00 0.0000000000000E+00 0.0000000000000E+00 0.0000000000000E+00
 0.0000000000000E+00 0.0000000000000E+00-4.8955903209000E-02-1.2767221395300E-01
-1.2937765673300E-01-2.9465007865000E-02 0.0000000000000E+00 0.0000000000000E+00
-4.2515445700000E-03 0.0000000000000E+00 0.0000000000000E+00-1.3962776359000E-02
 0.0000000000000E+00 0.0000000000000E+00-2.7481017670000E-03-7.0564793500000E-04
 0.0000000000000E+00 0.0000000000000E+00 0.0000000000000E+00 0.0000000000000E+00
-1.0565922425000E-03 0.0000000000000E+00 0.0000000000000E+00 0.0000000000000E+00
 0.0000000000000E+00-3.8231162100000E-04 0.0000000000000E+00 0.0000000000000E+00
 0.0000000000000E+00 0.0000000000000E+00 0.0000000000000E+00 0.0000000000000E+00
 3.0100637460000E-03-1.5773713275600E-01-1.2066134818100E-01-2.3244515511500E-01
-1.4487630762600E-01 0.0000000000000E+00 0.0000000000000E+00 5.2792042863000E-02
 0.0000000000000E+00 0.0000000000000E+00 1.0438981624200E-01 0.0000000000000E+00
 0.0000000000000E+00 1.3642743268700E-01 0.0000000000000E+00 0.0000000000000E+00
 5.1737609500000E-04-2.1075177065000E-03 0.0000000000000E+00 0.0000000000000E+00
 0.0000000000000E+00 0.0000000000000E+00-6.1859005945000E-03 0.0000000000000E+00
 0.0000000000000E+00 0.0000000000000E+00 0.0000000000000E+00-7.0701624455000E-03
 0.0000000000000E+00 0.0000000000000E+00 0.0000000000000E+00 0.0000000000000E+00
 1.5507185760000E-03 0.0000000000000E+00 0.0000000000000E+00 0.0000000000000E+00
 0.0000000000000E+00 0.0000000000000E+00 0.0000000000000E+00 3.2825697040000E-03
 0.0000000000000E+00 0.0000000000000E+00 0.0000000000000E+00 0.0000000000000E+00
 0.0000000000000E+00 0.0000000000000E+00-3.4588934100000E-04 0.0000000000000E+00
 0.0000000000000E+00 0.0000000000000E+00 0.0000000000000E+00 0.0000000000000E+00
 0.0000000000000E+00 7.9585358986935E-13 0.0000000000000E+00-3.0100637460000E-03
 1.5773713275600E-01 1.2066134818100E-01 2.3244515511500E-01 1.4487630762600E-01
 0.0000000000000E+00 0.0000000000000E+00 5.2792042863000E-02 0.0000000000000E+00
 0.0000000000000E+00 1.0438981624200E-01 0.0000000000000E+00 0.0000000000000E+00
 1.3642743268700E-01 0.0000000000000E+00 0.0000000000000E+00 5.1737609500000E-04
 2.1075177065000E-03 0.0000000000000E+00 0.0000000000000E+00 0.0000000000000E+00
 0.0000000000000E+00 6.1859005945000E-03 0.0000000000000E+00 0.0000000000000E+00
 0.0000000000000E+00 0.0000000000000E+00 7.0701624455000E-03 0.0000000000000E+00
 0.0000000000000E+00 0.0000000000000E+00 0.0000000000000E+00 1.5507185760000E-03
 0.0000000000000E+00 0.0000000000000E+00 0.0000000000000E+00 0.0000000000000E+00
 0.0000000000000E+00 0.0000000000000E+00 3.2825697040000E-03 0.0000000000000E+00
 0.0000000000000E+00 0.0000000000000E+00 0.0000000000000E+00 0.0000000000000E+00
 0.0000000000000E+00 3.4588934100000E-04 0.0000000000000E+00 0.0000000000000E+00
 0.0000000000000E+00 0.0000000000000E+00 0.0000000000000E+00 0.0000000000000E+00
-7.9585358986935E-13 0.0000000000000E+00 4.8955903209000E-02 1.2767221395300E-01
 1.2937765673300E-01 2.9465007865000E-02 0.0000000000000E+00 0.0000000000000E+00
-4.2515445700000E-03 0.0000000000000E+00 0.0000000000000E+00-1.3962776359000E-02
 0.0000000000000E+00 0.0000000000000E+00-2.7481017670000E-03 7.0564793500000E-04
 0.0000000000000E+00 0.0000000000000E+00 0.0000000000000E+00 0.0000000000000E+00
 1.0565922425000E-03 0.0000000000000E+00 0.0000000000000E+00 0.0000000000000E+00
 0.0000000000000E+00-3.8231162100000E-04 0.0000000000000E+00 0.0000000000000E+00
 0.0000000000000E+00 0.0000000000000E+00 0.0000000000000E+00 0.0000000000000E+00
 4.9236692482000E-02 1.3558279767000E-01 1.6339559872000E-01 3.2747966628000E-02
 0.0000000000000E+00 0.0000000000000E+00 4.0012920410000E-03 0.0000000000000E+00
 0.0000000000000E+00 1.5497373138000E-02 0.0000000000000E+00 0.0000000000000E+00
 9.0265339590000E-03 7.2375703500000E-04 0.0000000000000E+00 0.0000000000000E+00
 0.0000000000000E+00 0.0000000000000E+00 7.9497574700000E-04 0.0000000000000E+00
 0.0000000000000E+00 0.0000000000000E+00 0.0000000000000E+00 3.0146197200000E-04
 0.0000000000000E+00 0.0000000000000E+00 0.0000000000000E+00 0.0000000000000E+00
 0.0000000000000E+00 0.0000000000000E+00 3.2358668200000E-04 6.4791882680000E-03
 5.4368510300000E-04 3.2235615206000E-02 4.0982996839000E-02 0.0000000000000E+00
 0.0000000000000E+00-1.0384746086000E-01 0.0000000000000E+00 0.0000000000000E+00
-2.0500041306500E-01 0.0000000000000E+00 0.0000000000000E+00-1.8068031194800E-01
 0.0000000000000E+00 0.0000000000000E+00-4.1458234392000E-02-1.6549121200000E-04
 0.0000000000000E+00 0.0000000000000E+00 0.0000000000000E+00 0.0000000000000E+00
 7.8804885000000E-05 0.0000000000000E+00 0.0000000000000E+00 0.0000000000000E+00
 0.0000000000000E+00 4.2590639675000E-03 0.0000000000000E+00 0.0000000000000E+00
 0.0000000000000E+00 0.0000000000000E+00-3.7688998590000E-03 0.0000000000000E+00
 0.0000000000000E+00 0.0000000000000E+00 0.0000000000000E+00 0.0000000000000E+00
 0.0000000000000E+00-1.8855251360000E-03 0.0000000000000E+00 0.0000000000000E+00
 0.0000000000000E+00 0.0000000000000E+00 0.0000000000000E+00 0.0000000000000E+00
-1.2671948340000E-03 0.0000000000000E+00 0.0000000000000E+00 0.0000000000000E+00
 0.0000000000000E+00 0.0000000000000E+00 0.0000000000000E+00-8.1698244623757E-13
 0.0000000000000E+00 3.2358668200000E-04 6.4791882680000E-03 5.4368510300000E-04
 3.2235615206000E-02 4.0982996839000E-02 0.0000000000000E+00 0.0000000000000E+00
 1.0384746086000E-01 0.0000000000000E+00 0.0000000000000E+00 2.0500041306500E-01
 0.0000000000000E+00 0.0000000000000E+00 1.8068031194800E-01 0.0000000000000E+00
 0.0000000000000E+00 4.1458234392000E-02-1.6549121200000E-04 0.0000000000000E+00
 0.0000000000000E+00 0.0000000000000E+00 0.0000000000000E+00 7.8804885000000E-05
 0.0000000000000E+00 0.0000000000000E+00 0.0000000000000E+00 0.0000000000000E+00
 4.2590639675000E-03 0.0000000000000E+00 0.0000000000000E+00 0.0000000000000E+00
 0.0000000000000E+00 3.7688998590000E-03 0.0000000000000E+00 0.0000000000000E+00
 0.0000000000000E+00 0.0000000000000E+00 0.0000000000000E+00 0.0000000000000E+00
 1.8855251360000E-03 0.0000000000000E+00 0.0000000000000E+00 0.0000000000000E+00
 0.0000000000000E+00 0.0000000000000E+00 0.0000000000000E+00-1.2671948340000E-03
 0.0000000000000E+00 0.0000000000000E+00 0.0000000000000E+00 0.0000000000000E+00
 0.0000000000000E+00 0.0000000000000E+00-8.1698244623757E-13 0.0000000000000E+00
 4.9236692482000E-02 1.3558279767000E-01 1.6339559872000E-01 3.2747966628000E-02
 0.0000000000000E+00 0.0000000000000E+00-4.0012920410000E-03 0.0000000000000E+00
 0.0000000000000E+00-1.5497373138000E-02 0.0000000000000E+00 0.0000000000000E+00
-9.0265339590000E-03 7.2375703500000E-04 0.0000000000000E+00 0.0000000000000E+00
 0.0000000000000E+00 0.0000000000000E+00 7.9497574700000E-04 0.0000000000000E+00
 0.0000000000000E+00 0.0000000000000E+00 0.0000000000000E+00-3.0146197200000E-04
 0.0000000000000E+00 0.0000000000000E+00 0.0000000000000E+00 0.0000000000000E+00
 0.0000000000000E+00 0.0000000000000E+00 0.0000000000000E+00 0.0000000000000E+00
 0.0000000000000E+00 0.0000000000000E+00 0.0000000000000E+00-1.9633801860000E-03
 0.0000000000000E+00 0.0000000000000E+00-7.1100240480000E-03 0.0000000000000E+00
 0.0000000000000E+00-1.2868652275000E-02 0.0000000000000E+00 0.0000000000000E+00
 0.0000000000000E+00-1.7357848042691E-03 0.0000000000000E+00 0.0000000000000E+00
 0.0000000000000E+00 0.0000000000000E+00-5.8146168074227E-03 0.0000000000000E+00
 0.0000000000000E+00 0.0000000000000E+00 0.0000000000000E+00-3.1888927206222E-04
 0.0000000000000E+00 0.0000000000000E+00 0.0000000000000E+00-2.0554804791094E-12
 0.0000000000000E+00 0.0000000000000E+00 0.0000000000000E+00 0.0000000000000E+00
 0.0000000000000E+00 0.0000000000000E+00-1.0442248501800E-01 0.0000000000000E+00
 0.0000000000000E+00-2.0485820530000E-01 0.0000000000000E+00 0.0000000000000E+00
-2.5996534878000E-01 0.0000000000000E+00 0.0000000000000E+00-1.3985123909800E-01
 0.0000000000000E+00 0.0000000000000E+00 0.0000000000000E+00-1.0295446122062E-02
 0.0000000000000E+00 0.0000000000000E+00 0.0000000000000E+00 0.0000000000000E+00
-3.8193770467885E-02 0.0000000000000E+00 0.0000000000000E+00 0.0000000000000E+00
 0.0000000000000E+00-2.5780434987745E-02 0.0000000000000E+00 0.0000000000000E+00
 0.0000000000000E+00 0.0000000000000E+00-1.4375183355531E-03 0.0000000000000E+00
 0.0000000000000E+00 0.0000000000000E+00 1.0171993140208E-11 0.0000000000000E+00
 0.0000000000000E+00-2.5524419591552E-03 0.0000000000000E+00 0.0000000000000E+00
 0.0000000000000E+00-1.5600569790164E-11 0.0000000000000E+00 0.0000000000000E+00
-5.9712567077347E-04 0.0000000000000E+00 0.0000000000000E+00 0.0000000000000E+00
 1.6334790994237E-12 0.0000000000000E+00 0.0000000000000E+00 0.0000000000000E+00
 0.0000000000000E+00 0.0000000000000E+00 0.0000000000000E+00 0.0000000000000E+00
 0.0000000000000E+00-1.0442248501800E-01 0.0000000000000E+00 0.0000000000000E+00
-2.0485820530000E-01 0.0000000000000E+00 0.0000000000000E+00-2.5996534878000E-01
 0.0000000000000E+00 0.0000000000000E+00-1.3985123909800E-01 0.0000000000000E+00
 0.0000000000000E+00 0.0000000000000E+00 1.0295446122062E-02 0.0000000000000E+00
 0.0000000000000E+00 0.0000000000000E+00 0.0000000000000E+00 3.8193770467885E-02
 0.0000000000000E+00 0.0000000000000E+00 0.0000000000000E+00 0.0000000000000E+00
 2.5780434987745E-02 0.0000000000000E+00 0.0000000000000E+00 0.0000000000000E+00
 0.0000000000000E+00-1.4375183355531E-03 0.0000000000000E+00 0.0000000000000E+00
 0.0000000000000E+00 1.0171993140208E-11 0.0000000000000E+00 0.0000000000000E+00
-2.5524419591552E-03 0.0000000000000E+00 0.0000000000000E+00 0.0000000000000E+00
-1.5600569790164E-11 0.0000000000000E+00 0.0000000000000E+00 5.9712567077347E-04
 0.0000000000000E+00 0.0000000000000E+00 0.0000000000000E+00-1.6334790994237E-12
 0.0000000000000E+00 0.0000000000000E+00 0.0000000000000E+00 0.0000000000000E+00
 0.0000000000000E+00 0.0000000000000E+00 0.0000000000000E+00-1.9633801860000E-03
 0.0000000000000E+00 0.0000000000000E+00-7.1100240480000E-03 0.0000000000000E+00
 0.0000000000000E+00-1.2868652275000E-02 0.0000000000000E+00 0.0000000000000E+00
 0.0000000000000E+00 1.7357848042691E-03 0.0000000000000E+00 0.0000000000000E+00
 0.0000000000000E+00 0.0000000000000E+00 5.8146168074227E-03 0.0000000000000E+00
 0.0000000000000E+00 0.0000000000000E+00 0.0000000000000E+00-3.1888927206222E-04
 0.0000000000000E+00 0.0000000000000E+00 0.0000000000000E+00-2.0554804791094E-12
 0.0000000000000E+00 0.0000000000000E+00 0.0000000000000E+00 0.0000000000000E+00
 1.9633801860000E-03 0.0000000000000E+00 0.0000000000000E+00 7.1100240480000E-03
 0.0000000000000E+00 0.0000000000000E+00 1.2868652275000E-02 0.0000000000000E+00
 0.0000000000000E+00 0.0000000000000E+00 1.7357848042691E-03 0.0000000000000E+00
 0.0000000000000E+00 0.0000000000000E+00 0.0000000000000E+00 5.8146168074227E-03
 0.0000000000000E+00 0.0000000000000E+00 0.0000000000000E+00 0.0000000000000E+00
 3.1888927206222E-04 0.0000000000000E+00 0.0000000000000E+00 0.0000000000000E+00
-2.0554804791094E-12 0.0000000000000E+00 0.0000000000000E+00 0.0000000000000E+00
 0.0000000000000E+00 0.0000000000000E+00 0.0000000000000E+00 1.0442248501800E-01
 0.0000000000000E+00 0.0000000000000E+00 2.0485820530000E-01 0.0000000000000E+00
 0.0000000000000E+00 2.5996534878000E-01 0.0000000000000E+00 0.0000000000000E+00
 1.3985123909800E-01 0.0000000000000E+00 0.0000000000000E+00 0.0000000000000E+00
 1.0295446122062E-02 0.0000000000000E+00 0.0000000000000E+00 0.0000000000000E+00
 0.0000000000000E+00 3.8193770467885E-02 0.0000000000000E+00 0.0000000000000E+00
 0.0000000000000E+00 0.0000000000000E+00 2.5780434987745E-02 0.0000000000000E+00
 0.0000000000000E+00 0.0000000000000E+00 0.0000000000000E+00 1.4375183355531E-03
 0.0000000000000E+00 0.0000000000000E+00 0.0000000000000E+00 1.0171993140208E-11
 0.0000000000000E+00 0.0000000000000E+00 2.5524419591552E-03 0.0000000000000E+00
 0.0000000000000E+00 0.0000000000000E+00-1.5600569790164E-11 0.0000000000000E+00
 0.0000000000000E+00 5.9712567077347E-04 0.0000000000000E+00 0.0000000000000E+00
 0.0000000000000E+00 1.6334790994237E-12 0.0000000000000E+00 0.0000000000000E+00
 0.0000000000000E+00 0.0000000000000E+00 0.0000000000000E+00 0.0000000000000E+00
 0.0000000000000E+00 0.0000000000000E+00 1.0442248501800E-01 0.0000000000000E+00
 0.0000000000000E+00 2.0485820530000E-01 0.0000000000000E+00 0.0000000000000E+00
 2.5996534878000E-01 0.0000000000000E+00 0.0000000000000E+00 1.3985123909800E-01
 0.0000000000000E+00 0.0000000000000E+00 0.0000000000000E+00-1.0295446122062E-02
 0.0000000000000E+00 0.0000000000000E+00 0.0000000000000E+00 0.0000000000000E+00
-3.8193770467885E-02 0.0000000000000E+00 0.0000000000000E+00 0.0000000000000E+00
 0.0000000000000E+00-2.5780434987745E-02 0.0000000000000E+00 0.0000000000000E+00
 0.0000000000000E+00 0.0000000000000E+00 1.4375183355531E-03 0.0000000000000E+00
 0.0000000000000E+00 0.0000000000000E+00 1.0171993140208E-11 0.0000000000000E+00
 0.0000000000000E+00 2.5524419591552E-03 0.0000000000000E+00 0.0000000000000E+00
 0.0000000000000E+00-1.5600569790164E-11 0.0000000000000E+00 0.0000000000000E+00
-5.9712567077347E-04 0.0000000000000E+00 0.0000000000000E+00 0.0000000000000E+00
-1.6334790994237E-12 0.0000000000000E+00 0.0000000000000E+00 0.0000000000000E+00
 0.0000000000000E+00 0.0000000000000E+00 0.0000000000000E+00 0.0000000000000E+00
 1.9633801860000E-03 0.0000000000000E+00 0.0000000000000E+00 7.1100240480000E-03
 0.0000000000000E+00 0.0000000000000E+00 1.2868652275000E-02 0.0000000000000E+00
 0.0000000000000E+00 0.0000000000000E+00-1.7357848042691E-03 0.0000000000000E+00
 0.0000000000000E+00 0.0000000000000E+00 0.0000000000000E+00-5.8146168074227E-03
 0.0000000000000E+00 0.0000000000000E+00 0.0000000000000E+00 0.0000000000000E+00
 3.1888927206222E-04 0.0000000000000E+00 0.0000000000000E+00 0.0000000000000E+00
-2.0554804791094E-12 0.0000000000000E+00 3.6828277240000E-03-1.0852516396000E-02
-3.6338610310200E-01 5.8418472907640E+00 0.0000000000000E+00 0.0000000000000E+00
-1.2309232900000E-03 0.0000000000000E+00 0.0000000000000E+00-6.1159091432000E-02
 0.0000000000000E+00 0.0000000000000E+00 8.7006876884000E-02-4.0411567530000E-03
 0.0000000000000E+00 0.0000000000000E+00 0.0000000000000E+00 0.0000000000000E+00
 1.0612447130000E-03 0.0000000000000E+00 0.0000000000000E+00 0.0000000000000E+00
 0.0000000000000E+00-1.0115508200000E-03 0.0000000000000E+00 0.0000000000000E+00
 0.0000000000000E+00 0.0000000000000E+00 0.0000000000000E+00 0.0000000000000E+00
-2.9109219300000E-03-7.3114476138000E-02-2.7195085804300E-01 1.9316646655820E+00
 1.5462050747564E+01 0.0000000000000E+00 0.0000000000000E+00 1.3148784021000E-02
 0.0000000000000E+00 0.0000000000000E+00 7.0765029524000E-02 0.0000000000000E+00
 0.0000000000000E+00 1.9285540058850E+00 0.0000000000000E+00 0.0000000000000E+00
 9.7733569105780E+00-4.4983543095000E-03 0.0000000000000E+00 0.0000000000000E+00
 0.0000000000000E+00 0.0000000000000E+00 9.7493941075500E-02 0.0000000000000E+00
 0.0000000000000E+00 0.0000000000000E+00 0.0000000000000E+00 4.6551498689100E-01
 0.0000000000000E+00 0.0000000000000E+00 0.0000000000000E+00 0.0000000000000E+00
 4.7995087740000E-03 0.0000000000000E+00 0.0000000000000E+00 0.0000000000000E+00
 0.0000000000000E+00 0.0000000000000E+00 0.0000000000000E+00 6.3710917690000E-02
 0.0000000000000E+00 0.0000000000000E+00 0.0000000000000E+00 0.0000000000000E+00
 0.0000000000000E+00 0.0000000000000E+00 1.5168194440000E-02 0.0000000000000E+00
 0.0000000000000E+00 0.0000000000000E+00 0.0000000000000E+00 0.0000000000000E+00
 0.0000000000000E+00 7.0429521227376E-15 0.0000000000000E+00 2.9109219300000E-03
 7.3114476138000E-02 2.7195085804300E-01-1.9316646655820E+00-1.5462050747564E+01
 0.0000000000000E+00 0.0000000000000E+00 1.3148784021000E-02 0.0000000000000E+00
 0.0000000000000E+00 7.0765029524000E-02 0.0000000000000E+00 0.0000000000000E+00
 1.9285540058850E+00 0.0000000000000E+00 0.0000000000000E+00 9.7733569105780E+00
 4.4983543095000E-03 0.0000000000000E+00 0.0000000000000E+00 0.0000000000000E+00
 0.0000000000000E+00-9.7493941075500E-02 0.0000000000000E+00 0.0000000000000E+00
 0.0000000000000E+00 0.0000000000000E+00-4.6551498689100E-01 0.0000000000000E+00
 0.0000000000000E+00 0.0000000000000E+00 0.0000000000000E+00 4.7995087740000E-03
 0.0000000000000E+00 0.0000000000000E+00 0.0000000000000E+00 0.0000000000000E+00
 0.0000000000000E+00 0.0000000000000E+00 6.3710917690000E-02 0.0000000000000E+00
 0.0000000000000E+00 0.0000000000000E+00 0.0000000000000E+00 0.0000000000000E+00
 0.0000000000000E+00-1.5168194440000E-02 0.0000000000000E+00 0.0000000000000E+00
 0.0000000000000E+00 0.0000000000000E+00 0.0000000000000E+00 0.0000000000000E+00
-7.0429521227376E-15 0.0000000000000E+00-3.6828277240000E-03 1.0852516396000E-02
 3.6338610310200E-01-5.8418472907640E+00 0.0000000000000E+00 0.0000000000000E+00
-1.2309232900000E-03 0.0000000000000E+00 0.0000000000000E+00-6.1159091432000E-02
 0.0000000000000E+00 0.0000000000000E+00 8.7006876884000E-02 4.0411567530000E-03
 0.0000000000000E+00 0.0000000000000E+00 0.0000000000000E+00 0.0000000000000E+00
-1.0612447130000E-03 0.0000000000000E+00 0.0000000000000E+00 0.0000000000000E+00
 0.0000000000000E+00-1.0115508200000E-03 0.0000000000000E+00 0.0000000000000E+00
 0.0000000000000E+00 0.0000000000000E+00 0.0000000000000E+00 0.0000000000000E+00
-4.8815601500000E-03-1.0078138692200E-01 5.8014538179600E-01 3.1025667263480E+00
 0.0000000000000E+00 0.0000000000000E+00 8.2800295500000E-04 0.0000000000000E+00
 0.0000000000000E+00-4.5778359603000E-02 0.0000000000000E+00 0.0000000000000E+00
 4.3714072940500E-01-2.8123281935000E-03 0.0000000000000E+00 0.0000000000000E+00
 0.0000000000000E+00 0.0000000000000E+00 3.2473025431500E-02 0.0000000000000E+00
 0.0000000000000E+00 0.0000000000000E+00 0.0000000000000E+00 9.7681547440000E-03
 0.0000000000000E+00 0.0000000000000E+00 0.0000000000000E+00 0.0000000000000E+00
 0.0000000000000E+00 0.0000000000000E+00-3.4643476870000E-03-5.1491355429000E-02
-1.2018227944000E-02-2.3975157045900E-01-2.9059158659270E+00 0.0000000000000E+00
 0.0000000000000E+00 2.3730145838000E-02 0.0000000000000E+00 0.0000000000000E+00
 1.6820585906200E-01 0.0000000000000E+00 0.0000000000000E+00 1.5615132837600E-01
 0.0000000000000E+00 0.0000000000000E+00 1.8310599539110E+00 2.3894033300000E-04
 0.0000000000000E+00 0.0000000000000E+00 0.0000000000000E+00 0.0000000000000E+00
-1.5733613132000E-02 0.0000000000000E+00 0.0000000000000E+00 0.0000000000000E+00
 0.0000000000000E+00-5.6712906974000E-02 0.0000000000000E+00 0.0000000000000E+00
 0.0000000000000E+00 0.0000000000000E+00 3.6550897090000E-03 0.0000000000000E+00
 0.0000000000000E+00 0.0000000000000E+00 0.0000000000000E+00 0.0000000000000E+00
 0.0000000000000E+00-5.5206202501000E-02 0.0000000000000E+00 0.0000000000000E+00
 0.0000000000000E+00 0.0000000000000E+00 0.0000000000000E+00 0.0000000000000E+00
 7.9091543100000E-04 0.0000000000000E+00 0.0000000000000E+00 0.0000000000000E+00
 0.0000000000000E+00 0.0000000000000E+00 0.0000000000000E+00 7.0429521227376E-15
 0.0000000000000E+00-3.4643476870000E-03-5.1491355429000E-02-1.2018227944000E-02
-2.3975157045900E-01-2.9059158659270E+00 0.0000000000000E+00 0.0000000000000E+00
-2.3730145838000E-02 0.0000000000000E+00 0.0000000000000E+00-1.6820585906200E-01
 0.0000000000000E+00 0.0000000000000E+00-1.5615132837600E-01 0.0000000000000E+00
 0.0000000000000E+00-1.8310599539110E+00 2.3894033300000E-04 0.0000000000000E+00
 0.0000000000000E+00 0.0000000000000E+00 0.0000000000000E+00-1.5733613132000E-02
 0.0000000000000E+00 0.0000000000000E+00 0.0000000000000E+00 0.0000000000000E+00
-5.6712906974000E-02 0.0000000000000E+00 0.0000000000000E+00 0.0000000000000E+00
 0.0000000000000E+00-3.6550897090000E-03 0.0000000000000E+00 0.0000000000000E+00
 0.0000000000000E+00 0.0000000000000E+00 0.0000000000000E+00 0.0000000000000E+00
 5.5206202501000E-02 0.0000000000000E+00 0.0000000000000E+00 0.0000000000000E+00
 0.0000000000000E+00 0.0000000000000E+00 0.0000000000000E+00 7.9091543100000E-04
 0.0000000000000E+00 0.0000000000000E+00 0.0000000000000E+00 0.0000000000000E+00
 0.0000000000000E+00 0.0000000000000E+00 7.0429521227376E-15 0.0000000000000E+00
-4.8815601500000E-03-1.0078138692200E-01 5.8014538179600E-01 3.1025667263480E+00
 0.0000000000000E+00 0.0000000000000E+00-8.2800295500000E-04 0.0000000000000E+00
 0.0000000000000E+00 4.5778359603000E-02 0.0000000000000E+00 0.0000000000000E+00
-4.3714072940500E-01-2.8123281935000E-03 0.0000000000000E+00 0.0000000000000E+00
 0.0000000000000E+00 0.0000000000000E+00 3.2473025431500E-02 0.0000000000000E+00
 0.0000000000000E+00 0.0000000000000E+00 0.0000000000000E+00-9.7681547440000E-03
 0.0000000000000E+00 0.0000000000000E+00 0.0000000000000E+00 0.0000000000000E+00
 0.0000000000000E+00 0.0000000000000E+00 0.0000000000000E+00 0.0000000000000E+00
 0.0000000000000E+00 0.0000000000000E+00 0.0000000000000E+00 3.9670417690000E-03
 0.0000000000000E+00 0.0000000000000E+00 9.9772836740000E-03 0.0000000000000E+00
 0.0000000000000E+00 1.9450335768300E-01 0.0000000000000E+00 0.0000000000000E+00
 0.0000000000000E+00-2.2183194281656E-03 0.0000000000000E+00 0.0000000000000E+00
 0.0000000000000E+00 0.0000000000000E+00 5.9532642919252E-02 0.0000000000000E+00
 0.0000000000000E+00 0.0000000000000E+00 0.0000000000000E+00 2.1215849024521E-03
 0.0000000000000E+00 0.0000000000000E+00 0.0000000000000E+00 5.2704627669473E-14
 0.0000000000000E+00 0.0000000000000E+00 0.0000000000000E+00 0.0000000000000E+00
 0.0000000000000E+00 0.0000000000000E+00 7.2126117117000E-02 0.0000000000000E+00
 0.0000000000000E+00 1.4372907535600E-01 0.0000000000000E+00 0.0000000000000E+00
 3.7922216462400E-01 0.0000000000000E+00 0.0000000000000E+00 1.2686680382990E+00
 0.0000000000000E+00 0.0000000000000E+00 0.0000000000000E+00-1.2360379879993E-02
 0.0000000000000E+00 0.0000000000000E+00 0.0000000000000E+00 0.0000000000000E+00
 2.6521164584355E-02 0.0000000000000E+00 0.0000000000000E+00 0.0000000000000E+00
 0.0000000000000E+00 6.8704444037718E-01 0.0000000000000E+00 0.0000000000000E+00
 0.0000000000000E+00 0.0000000000000E+00-5.2124067421050E-04 0.0000000000000E+00
 0.0000000000000E+00 0.0000000000000E+00-1.0540925533895E-13 0.0000000000000E+00
 0.0000000000000E+00 1.1809190739918E-02 0.0000000000000E+00 0.0000000000000E+00
 0.0000000000000E+00 4.7434164902526E-13 0.0000000000000E+00 0.0000000000000E+00
 4.0184078874729E-03 0.0000000000000E+00 0.0000000000000E+00 0.0000000000000E+00
-1.9920476822240E-14 0.0000000000000E+00 0.0000000000000E+00 0.0000000000000E+00
 0.0000000000000E+00 0.0000000000000E+00 0.0000000000000E+00 0.0000000000000E+00
 0.0000000000000E+00-7.2126117117000E-02 0.0000000000000E+00 0.0000000000000E+00
-1.4372907535600E-01 0.0000000000000E+00 0.0000000000000E+00-3.7922216462400E-01
 0.0000000000000E+00 0.0000000000000E+00-1.2686680382990E+00 0.0000000000000E+00
 0.0000000000000E+00 0.0000000000000E+00-1.2360379879993E-02 0.0000000000000E+00
 0.0000000000000E+00 0.0000000000000E+00 0.0000000000000E+00 2.6521164584355E-02
 0.0000000000000E+00 0.0000000000000E+00 0.0000000000000E+00 0.0000000000000E+00
 6.8704444037718E-01 0.0000000000000E+00 0.0000000000000E+00 0.0000000000000E+00
 0.0000000000000E+00 5.2124067421050E-04 0.0000000000000E+00 0.0000000000000E+00
 0.0000000000000E+00 1.0540925533895E-13 0.0000000000000E+00 0.0000000000000E+00
-1.1809190739918E-02 0.0000000000000E+00 0.0000000000000E+00 0.0000000000000E+00
-4.7434164902526E-13 0.0000000000000E+00 0.0000000000000E+00 4.0184078874729E-03
 0.0000000000000E+00 0.0000000000000E+00 0.0000000000000E+00-1.9920476822240E-14
 0.0000000000000E+00 0.0000000000000E+00 0.0000000000000E+00 0.0000000000000E+00
 0.0000000000000E+00 0.0000000000000E+00 0.0000000000000E+00-3.9670417690000E-03
 0.0000000000000E+00 0.0000000000000E+00-9.9772836740000E-03 0.0000000000000E+00
 0.0000000000000E+00-1.9450335768300E-01 0.0000000000000E+00 0.0000000000000E+00
 0.0000000000000E+00-2.2183194281656E-03 0.0000000000000E+00 0.0000000000000E+00
 0.0000000000000E+00 0.0000000000000E+00 5.9532642919252E-02 0.0000000000000E+00
 0.0000000000000E+00 0.0000000000000E+00 0.0000000000000E+00-2.1215849024521E-03
 0.0000000000000E+00 0.0000000000000E+00 0.0000000000000E+00-5.2704627669473E-14
 0.0000000000000E+00 0.0000000000000E+00 0.0000000000000E+00 0.0000000000000E+00
-3.9670417690000E-03 0.0000000000000E+00 0.0000000000000E+00-9.9772836740000E-03
 0.0000000000000E+00 0.0000000000000E+00-1.9450335768300E-01 0.0000000000000E+00
 0.0000000000000E+00 0.0000000000000E+00 2.2183194281656E-03 0.0000000000000E+00
 0.0000000000000E+00 0.0000000000000E+00 0.0000000000000E+00-5.9532642919252E-02
 0.0000000000000E+00 0.0000000000000E+00 0.0000000000000E+00 0.0000000000000E+00
-2.1215849024521E-03 0.0000000000000E+00 0.0000000000000E+00 0.0000000000000E+00
 5.2704627669473E-14 0.0000000000000E+00 0.0000000000000E+00 0.0000000000000E+00
 0.0000000000000E+00 0.0000000000000E+00 0.0000000000000E+00-7.2126117117000E-02
 0.0000000000000E+00 0.0000000000000E+00-1.4372907535600E-01 0.0000000000000E+00
 0.0000000000000E+00-3.7922216462400E-01 0.0000000000000E+00 0.0000000000000E+00
-1.2686680382990E+00 0.0000000000000E+00 0.0000000000000E+00 0.0000000000000E+00
 1.2360379879993E-02 0.0000000000000E+00 0.0000000000000E+00 0.0000000000000E+00
 0.0000000000000E+00-2.6521164584355E-02 0.0000000000000E+00 0.0000000000000E+00
 0.0000000000000E+00 0.0000000000000E+00-6.8704444037718E-01 0.0000000000000E+00
 0.0000000000000E+00 0.0000000000000E+00 0.0000000000000E+00 5.2124067421050E-04
 0.0000000000000E+00 0.0000000000000E+00 0.0000000000000E+00-1.0540925533895E-13
 0.0000000000000E+00 0.0000000000000E+00-1.1809190739918E-02 0.0000000000000E+00
 0.0000000000000E+00 0.0000000000000E+00 4.7434164902526E-13 0.0000000000000E+00
 0.0000000000000E+00-4.0184078874729E-03 0.0000000000000E+00 0.0000000000000E+00
 0.0000000000000E+00-1.9920476822240E-14 0.0000000000000E+00 0.0000000000000E+00
 0.0000000000000E+00 0.0000000000000E+00 0.0000000000000E+00 0.0000000000000E+00
 0.0000000000000E+00 0.0000000000000E+00 7.2126117117000E-02 0.0000000000000E+00
 0.0000000000000E+00 1.4372907535600E-01 0.0000000000000E+00 0.0000000000000E+00
 3.7922216462400E-01 0.0000000000000E+00 0.0000000000000E+00 1.2686680382990E+00
 0.0000000000000E+00 0.0000000000000E+00 0.0000000000000E+00 1.2360379879993E-02
 0.0000000000000E+00 0.0000000000000E+00 0.0000000000000E+00 0.0000000000000E+00
-2.6521164584355E-02 0.0000000000000E+00 0.0000000000000E+00 0.0000000000000E+00
 0.0000000000000E+00-6.8704444037718E-01 0.0000000000000E+00 0.0000000000000E+00
 0.0000000000000E+00 0.0000000000000E+00-5.2124067421050E-04 0.0000000000000E+00
 0.0000000000000E+00 0.0000000000000E+00 1.0540925533895E-13 0.0000000000000E+00
 0.0000000000000E+00 1.1809190739918E-02 0.0000000000000E+00 0.0000000000000E+00
 0.0000000000000E+00-4.7434164902526E-13 0.0000000000000E+00 0.0000000000000E+00
-4.0184078874729E-03 0.0000000000000E+00 0.0000000000000E+00 0.0000000000000E+00
-1.9920476822240E-14 0.0000000000000E+00 0.0000000000000E+00 0.0000000000000E+00
 0.0000000000000E+00 0.0000000000000E+00 0.0000000000000E+00 0.0000000000000E+00
 3.9670417690000E-03 0.0000000000000E+00 0.0000000000000E+00 9.9772836740000E-03
 0.0000000000000E+00 0.0000000000000E+00 1.9450335768300E-01 0.0000000000000E+00
 0.0000000000000E+00 0.0000000000000E+00 2.2183194281656E-03 0.0000000000000E+00
 0.0000000000000E+00 0.0000000000000E+00 0.0000000000000E+00-5.9532642919252E-02
 0.0000000000000E+00 0.0000000000000E+00 0.0000000000000E+00 0.0000000000000E+00
 2.1215849024521E-03 0.0000000000000E+00 0.0000000000000E+00 0.0000000000000E+00
-5.2704627669473E-14 0.0000000000000E+00-7.2129713830000E-03-1.4034584862100E-01
-4.6654493641630E+00-1.3112533869180E+00 0.0000000000000E+00 0.0000000000000E+00
 1.3710583381000E-02 0.0000000000000E+00 0.0000000000000E+00-1.7325149528600E-01
 0.0000000000000E+00 0.0000000000000E+00-1.2847593956500E+00-3.4691932610000E-03
 0.0000000000000E+00 0.0000000000000E+00 0.0000000000000E+00 0.0000000000000E+00
-4.8695273381000E-02 0.0000000000000E+00 0.0000000000000E+00 0.0000000000000E+00
 0.0000000000000E+00-6.9869181340000E-03 0.0000000000000E+00 0.0000000000000E+00
 0.0000000000000E+00 0.0000000000000E+00 0.0000000000000E+00 0.0000000000000E+00
-3.1335836188000E-02-9.3702253409000E-02-3.3861833283400E-01-1.0587321502600E-01
 4.4901999318900E+00 0.0000000000000E+00 0.0000000000000E+00-2.4701545189000E-02
 0.0000000000000E+00 0.0000000000000E+00-1.3256508036800E-01 0.0000000000000E+00
 0.0000000000000E+00-1.9300097750480E+00 0.0000000000000E+00 0.0000000000000E+00
-3.8878125876900E-01-1.0740786119500E-02 0.0000000000000E+00 0.0000000000000E+00
 0.0000000000000E+00 0.0000000000000E+00 5.1586921021000E-02 0.0000000000000E+00
 0.0000000000000E+00 0.0000000000000E+00 0.0000000000000E+00 1.0153792605470E+00
 0.0000000000000E+00 0.0000000000000E+00 0.0000000000000E+00 0.0000000000000E+00
-1.6713274853000E-02 0.0000000000000E+00 0.0000000000000E+00 0.0000000000000E+00
 0.0000000000000E+00 0.0000000000000E+00 0.0000000000000E+00-5.2192148363000E-02
 0.0000000000000E+00 0.0000000000000E+00 0.0000000000000E+00 0.0000000000000E+00
 0.0000000000000E+00 0.0000000000000E+00 2.9359497512000E-02 0.0000000000000E+00
 0.0000000000000E+00 0.0000000000000E+00 0.0000000000000E+00 0.0000000000000E+00
 0.0000000000000E+00-7.0429521227376E-15 0.0000000000000E+00-3.1335836188000E-02
-9.3702253409000E-02-3.3861833283400E-01-1.0587321502600E-01 4.4901999318900E+00
 0.0000000000000E+00 0.0000000000000E+00 2.4701545189000E-02 0.0000000000000E+00
 0.0000000000000E+00 1.3256508036800E-01 0.0000000000000E+00 0.0000000000000E+00
 1.9300097750480E+00 0.0000000000000E+00 0.0000000000000E+00 3.8878125876900E-01
-1.0740786119500E-02 0.0000000000000E+00 0.0000000000000E+00 0.0000000000000E+00
 0.0000000000000E+00 5.1586921021000E-02 0.0000000000000E+00 0.0000000000000E+00
 0.0000000000000E+00 0.0000000000000E+00 1.0153792605470E+00 0.0000000000000E+00
 0.0000000000000E+00 0.0000000000000E+00 0.0000000000000E+00 1.6713274853000E-02
 0.0000000000000E+00 0.0000000000000E+00 0.0000000000000E+00 0.0000000000000E+00
 0.0000000000000E+00 0.0000000000000E+00 5.2192148363000E-02 0.0000000000000E+00
 0.0000000000000E+00 0.0000000000000E+00 0.0000000000000E+00 0.0000000000000E+00
 0.0000000000000E+00 2.9359497512000E-02 0.0000000000000E+00 0.0000000000000E+00
 0.0000000000000E+00 0.0000000000000E+00 0.0000000000000E+00 0.0000000000000E+00
-7.0429521227376E-15 0.0000000000000E+00-7.2129713830000E-03-1.4034584862100E-01
-4.6654493641630E+00-1.3112533869180E+00 0.0000000000000E+00 0.0000000000000E+00
-1.3710583381000E-02 0.0000000000000E+00 0.0000000000000E+00 1.7325149528600E-01
 0.0000000000000E+00 0.0000000000000E+00 1.2847593956500E+00-3.4691932610000E-03
 0.0000000000000E+00 0.0000000000000E+00 0.0000000000000E+00 0.0000000000000E+00
-4.8695273381000E-02 0.0000000000000E+00 0.0000000000000E+00 0.0000000000000E+00
 0.0000000000000E+00 6.9869181340000E-03 0.0000000000000E+00 0.0000000000000E+00
 0.0000000000000E+00 0.0000000000000E+00 0.0000000000000E+00 0.0000000000000E+00
 0.0000000000000E+00 0.0000000000000E+00 0.0000000000000E+00 0.0000000000000E+00
-1.4121419240000E-03 0.0000000000000E+00 0.0000000000000E+00 5.7645045370000E-03
 0.0000000000000E+00 0.0000000000000E+00-6.3203327261000E-02 0.0000000000000E+00
 0.0000000000000E+00 0.0000000000000E+00-1.1821825630358E-03 0.0000000000000E+00
 0.0000000000000E+00 0.0000000000000E+00 0.0000000000000E+00-5.3914369527689E-03
 0.0000000000000E+00 0.0000000000000E+00 0.0000000000000E+00 0.0000000000000E+00
 6.0396049967495E-04 0.0000000000000E+00 0.0000000000000E+00 0.0000000000000E+00
 0.0000000000000E+00 0.0000000000000E+00 0.0000000000000E+00 0.0000000000000E+00
 0.0000000000000E+00 0.0000000000000E+00 0.0000000000000E+00-7.7322271393000E-02
 0.0000000000000E+00 0.0000000000000E+00-4.6957635966000E-02 0.0000000000000E+00
 0.0000000000000E+00-5.1015470255500E-01 0.0000000000000E+00 0.0000000000000E+00
 7.5884844188500E-01 0.0000000000000E+00 0.0000000000000E+00 0.0000000000000E+00
-1.8458703829754E-02 0.0000000000000E+00 0.0000000000000E+00 0.0000000000000E+00
 0.0000000000000E+00 6.6854334205433E-03 0.0000000000000E+00 0.0000000000000E+00
 0.0000000000000E+00 0.0000000000000E+00-1.9652941662825E-01 0.0000000000000E+00
 0.0000000000000E+00 0.0000000000000E+00 0.0000000000000E+00-4.0249345289349E-03
 0.0000000000000E+00 0.0000000000000E+00 0.0000000000000E+00-1.5811388300842E-13
 0.0000000000000E+00 0.0000000000000E+00 1.0098632223254E-02 0.0000000000000E+00
 0.0000000000000E+00 0.0000000000000E+00 3.1622776601684E-13 0.0000000000000E+00
 0.0000000000000E+00-1.3441273467345E-03 0.0000000000000E+00 0.0000000000000E+00
 0.0000000000000E+00-1.9920476822240E-14 0.0000000000000E+00 0.0000000000000E+00
 0.0000000000000E+00 0.0000000000000E+00 0.0000000000000E+00 0.0000000000000E+00
 0.0000000000000E+00 0.0000000000000E+00-7.7322271393000E-02 0.0000000000000E+00
 0.0000000000000E+00-4.6957635966000E-02 0.0000000000000E+00 0.0000000000000E+00
-5.1015470255500E-01 0.0000000000000E+00 0.0000000000000E+00 7.5884844188500E-01
 0.0000000000000E+00 0.0000000000000E+00 0.0000000000000E+00 1.8458703829754E-02
 0.0000000000000E+00 0.0000000000000E+00 0.0000000000000E+00 0.0000000000000E+00
-6.6854334205433E-03 0.0000000000000E+00 0.0000000000000E+00 0.0000000000000E+00
 0.0000000000000E+00 1.9652941662825E-01 0.0000000000000E+00 0.0000000000000E+00
 0.0000000000000E+00 0.0000000000000E+00-4.0249345289349E-03 0.0000000000000E+00
 0.0000000000000E+00 0.0000000000000E+00-1.5811388300842E-13 0.0000000000000E+00
 0.0000000000000E+00 1.0098632223254E-02 0.0000000000000E+00 0.0000000000000E+00
 0.0000000000000E+00 3.1622776601684E-13 0.0000000000000E+00 0.0000000000000E+00
 1.3441273467345E-03 0.0000000000000E+00 0.0000000000000E+00 0.0000000000000E+00
 1.9920476822240E-14 0.0000000000000E+00 0.0000000000000E+00 0.0000000000000E+00
 0.0000000000000E+00 0.0000000000000E+00 0.0000000000000E+00 0.0000000000000E+00
-1.4121419240000E-03 0.0000000000000E+00 0.0000000000000E+00 5.7645045370000E-03
 0.0000000000000E+00 0.0000000000000E+00-6.3203327261000E-02 0.0000000000000E+00
 0.0000000000000E+00 0.0000000000000E+00 1.1821825630358E-03 0.0000000000000E+00
 0.0000000000000E+00 0.0000000000000E+00 0.0000000000000E+00 5.3914369527689E-03
 0.0000000000000E+00 0.0000000000000E+00 0.0000000000000E+00 0.0000000000000E+00
 6.0396049967495E-04 0.0000000000000E+00 0.0000000000000E+00 0.0000000000000E+00
 0.0000000000000E+00 0.0000000000000E+00 0.0000000000000E+00 0.0000000000000E+00
 0.0000000000000E+00 0.0000000000000E+00 0.0000000000000E+00-1.4121419240000E-03
 0.0000000000000E+00 0.0000000000000E+00 5.7645045370000E-03 0.0000000000000E+00
 0.0000000000000E+00-6.3203327261000E-02 0.0000000000000E+00 0.0000000000000E+00
 0.0000000000000E+00-1.1821825630358E-03 0.0000000000000E+00 0.0000000000000E+00
 0.0000000000000E+00 0.0000000000000E+00-5.3914369527689E-03 0.0000000000000E+00
 0.0000000000000E+00 0.0000000000000E+00 0.0000000000000E+00 6.0396049967495E-04
 0.0000000000000E+00 0.0000000000000E+00 0.0000000000000E+00 0.0000000000000E+00
 0.0000000000000E+00 0.0000000000000E+00 0.0000000000000E+00 0.0000000000000E+00
 0.0000000000000E+00 0.0000000000000E+00-7.7322271393000E-02 0.0000000000000E+00
 0.0000000000000E+00-4.6957635966000E-02 0.0000000000000E+00 0.0000000000000E+00
-5.1015470255500E-01 0.0000000000000E+00 0.0000000000000E+00 7.5884844188500E-01
 0.0000000000000E+00 0.0000000000000E+00 0.0000000000000E+00-1.8458703829754E-02
 0.0000000000000E+00 0.0000000000000E+00 0.0000000000000E+00 0.0000000000000E+00
 6.6854334205433E-03 0.0000000000000E+00 0.0000000000000E+00 0.0000000000000E+00
 0.0000000000000E+00-1.9652941662825E-01 0.0000000000000E+00 0.0000000000000E+00
 0.0000000000000E+00 0.0000000000000E+00-4.0249345289349E-03 0.0000000000000E+00
 0.0000000000000E+00 0.0000000000000E+00 1.5811388300842E-13 0.0000000000000E+00
 0.0000000000000E+00 1.0098632223254E-02 0.0000000000000E+00 0.0000000000000E+00
 0.0000000000000E+00-3.1622776601684E-13 0.0000000000000E+00 0.0000000000000E+00
-1.3441273467345E-03 0.0000000000000E+00 0.0000000000000E+00 0.0000000000000E+00
 1.9920476822240E-14 0.0000000000000E+00 0.0000000000000E+00 0.0000000000000E+00
 0.0000000000000E+00 0.0000000000000E+00 0.0000000000000E+00 0.0000000000000E+00
 0.0000000000000E+00-7.7322271393000E-02 0.0000000000000E+00 0.0000000000000E+00
-4.6957635966000E-02 0.0000000000000E+00 0.0000000000000E+00-5.1015470255500E-01
 0.0000000000000E+00 0.0000000000000E+00 7.5884844188500E-01 0.0000000000000E+00
 0.0000000000000E+00 0.0000000000000E+00 1.8458703829754E-02 0.0000000000000E+00
 0.0000000000000E+00 0.0000000000000E+00 0.0000000000000E+00-6.6854334205433E-03
 0.0000000000000E+00 0.0000000000000E+00 0.0000000000000E+00 0.0000000000000E+00
 1.9652941662825E-01 0.0000000000000E+00 0.0000000000000E+00 0.0000000000000E+00
 0.0000000000000E+00-4.0249345289349E-03 0.0000000000000E+00 0.0000000000000E+00
 0.0000000000000E+00 1.5811388300842E-13 0.0000000000000E+00 0.0000000000000E+00
 1.0098632223254E-02 0.0000000000000E+00 0.0000000000000E+00 0.0000000000000E+00
-3.1622776601684E-13 0.0000000000000E+00 0.0000000000000E+00 1.3441273467345E-03
 0.0000000000000E+00 0.0000000000000E+00 0.0000000000000E+00-1.9920476822240E-14
 0.0000000000000E+00 0.0000000000000E+00 0.0000000000000E+00 0.0000000000000E+00
 0.0000000000000E+00 0.0000000000000E+00 0.0000000000000E+00-1.4121419240000E-03
 0.0000000000000E+00 0.0000000000000E+00 5.7645045370000E-03 0.0000000000000E+00
 0.0000000000000E+00-6.3203327261000E-02 0.0000000000000E+00 0.0000000000000E+00
 0.0000000000000E+00 1.1821825630358E-03 0.0000000000000E+00 0.0000000000000E+00
 0.0000000000000E+00 0.0000000000000E+00 5.3914369527689E-03 0.0000000000000E+00
 0.0000000000000E+00 0.0000000000000E+00 0.0000000000000E+00 6.0396049967495E-04
 0.0000000000000E+00 0.0000000000000E+00 0.0000000000000E+00 0.0000000000000E+00
-4.5976825430000E-03-1.8646126500600E-01-3.4093655197110E+00-8.6803543126560E+00
 0.0000000000000E+00 0.0000000000000E+00 2.4262361546000E-02 0.0000000000000E+00
 0.0000000000000E+00-2.8743302412800E-01 0.0000000000000E+00 0.0000000000000E+00
-1.0865653341480E+00-6.3296074750000E-04 0.0000000000000E+00 0.0000000000000E+00
 0.0000000000000E+00 0.0000000000000E+00-6.4594506476500E-02 0.0000000000000E+00
 0.0000000000000E+00 0.0000000000000E+00 0.0000000000000E+00-3.7170788670000E-03
 0.0000000000000E+00 0.0000000000000E+00 0.0000000000000E+00 0.0000000000000E+00
 0.0000000000000E+00 0.0000000000000E+00 9.2774924430000E-03-3.9776507018000E-02
-1.4085094200000E-01-4.9051480547700E-01-2.9023088283210E+01 0.0000000000000E+00
 0.0000000000000E+00 2.9711929274000E-02 0.0000000000000E+00 0.0000000000000E+00
 5.2504688513000E-02 0.0000000000000E+00 0.0000000000000E+00-4.3793178265450E+00
 0.0000000000000E+00 0.0000000000000E+00-1.9180419656532E+01-2.5346281910000E-03
 0.0000000000000E+00 0.0000000000000E+00 0.0000000000000E+00 0.0000000000000E+00
 5.4650213430000E-02 0.0000000000000E+00 0.0000000000000E+00 0.0000000000000E+00
 0.0000000000000E+00-3.0421959657350E-01 0.0000000000000E+00 0.0000000000000E+00
 0.0000000000000E+00 0.0000000000000E+00 2.2707650600000E-03 0.0000000000000E+00
 0.0000000000000E+00 0.0000000000000E+00 0.0000000000000E+00 0.0000000000000E+00
 0.0000000000000E+00-2.6329947116000E-01 0.0000000000000E+00 0.0000000000000E+00
 0.0000000000000E+00 0.0000000000000E+00 0.0000000000000E+00 0.0000000000000E+00
 1.9988630966000E-02 0.0000000000000E+00 0.0000000000000E+00 0.0000000000000E+00
 0.0000000000000E+00 0.0000000000000E+00 0.0000000000000E+00 7.0429521227376E-15
 0.0000000000000E+00-9.2774924430000E-03 3.9776507018000E-02 1.4085094200000E-01
 4.9051480547700E-01 2.9023088283210E+01 0.0000000000000E+00 0.0000000000000E+00
 2.9711929274000E-02 0.0000000000000E+00 0.0000000000000E+00 5.2504688513000E-02
 0.0000000000000E+00 0.0000000000000E+00-4.3793178265450E+00 0.0000000000000E+00
 0.0000000000000E+00-1.9180419656532E+01 2.5346281910000E-03 0.0000000000000E+00
 0.0000000000000E+00 0.0000000000000E+00 0.0000000000000E+00-5.4650213430000E-02
 0.0000000000000E+00 0.0000000000000E+00 0.0000000000000E+00 0.0000000000000E+00
 3.0421959657350E-01 0.0000000000000E+00 0.0000000000000E+00 0.0000000000000E+00
 0.0000000000000E+00 2.2707650600000E-03 0.0000000000000E+00 0.0000000000000E+00
 0.0000000000000E+00 0.0000000000000E+00 0.0000000000000E+00 0.0000000000000E+00
-2.6329947116000E-01 0.0000000000000E+00 0.0000000000000E+00 0.0000000000000E+00
 0.0000000000000E+00 0.0000000000000E+00 0.0000000000000E+00-1.9988630966000E-02
 0.0000000000000E+00 0.0000000000000E+00 0.0000000000000E+00 0.0000000000000E+00
 0.0000000000000E+00 0.0000000000000E+00-7.0429521227376E-15 0.0000000000000E+00
 4.5976825430000E-03 1.8646126500600E-01 3.4093655197110E+00 8.6803543126560E+00
 0.0000000000000E+00 0.0000000000000E+00 2.4262361546000E-02 0.0000000000000E+00
 0.0000000000000E+00-2.8743302412800E-01 0.0000000000000E+00 0.0000000000000E+00
-1.0865653341480E+00 6.3296074750000E-04 0.0000000000000E+00 0.0000000000000E+00
 0.0000000000000E+00 0.0000000000000E+00 6.4594506476500E-02 0.0000000000000E+00
 0.0000000000000E+00 0.0000000000000E+00 0.0000000000000E+00-3.7170788670000E-03
 0.0000000000000E+00 0.0000000000000E+00 0.0000000000000E+00 0.0000000000000E+00
 0.0000000000000E+00 0.0000000000000E+00 3.5430656131000E-02 1.6066970820500E-01
 3.0767128501980E+00-6.1449410750490E+00 0.0000000000000E+00 0.0000000000000E+00
-1.3874984245000E-02 0.0000000000000E+00 0.0000000000000E+00 1.8700093135000E-01
 0.0000000000000E+00 0.0000000000000E+00 4.2925172955000E-01 7.1710408650000E-03
 0.0000000000000E+00 0.0000000000000E+00 0.0000000000000E+00 0.0000000000000E+00
 3.8519700177000E-02 0.0000000000000E+00 0.0000000000000E+00 0.0000000000000E+00
 0.0000000000000E+00 7.5748625680000E-03 0.0000000000000E+00 0.0000000000000E+00
 0.0000000000000E+00 0.0000000000000E+00 0.0000000000000E+00 0.0000000000000E+00
-9.3881051800000E-03-1.4291839356800E-01 4.4882608399200E-01-5.4494418798420E+00
-3.1081117817873E+01 0.0000000000000E+00 0.0000000000000E+00 5.1643406180000E-03
 0.0000000000000E+00 0.0000000000000E+00-6.1712360971000E-02 0.0000000000000E+00
 0.0000000000000E+00-2.9187027541500E+00 0.0000000000000E+00 0.0000000000000E+00
-1.5137557414746E+01 1.5946779115500E-02 0.0000000000000E+00 0.0000000000000E+00
 0.0000000000000E+00 0.0000000000000E+00-2.3252911051150E-01 0.0000000000000E+00
 0.0000000000000E+00 0.0000000000000E+00 0.0000000000000E+00-1.1003205214475E+00
 0.0000000000000E+00 0.0000000000000E+00 0.0000000000000E+00 0.0000000000000E+00
-9.6056490910000E-03 0.0000000000000E+00 0.0000000000000E+00 0.0000000000000E+00
 0.0000000000000E+00 0.0000000000000E+00 0.0000000000000E+00-8.8892428696000E-02
 0.0000000000000E+00 0.0000000000000E+00 0.0000000000000E+00 0.0000000000000E+00
 0.0000000000000E+00 0.0000000000000E+00-3.7869095241000E-02 0.0000000000000E+00
 0.0000000000000E+00 0.0000000000000E+00 0.0000000000000E+00 0.0000000000000E+00
 0.0000000000000E+00 7.0429521227376E-15 0.0000000000000E+00 9.3881051800000E-03
 1.4291839356800E-01-4.4882608399200E-01 5.4494418798420E+00 3.1081117817873E+01
 0.0000000000000E+00 0.0000000000000E+00 5.1643406180000E-03 0.0000000000000E+00
 0.0000000000000E+00-6.1712360971000E-02 0.0000000000000E+00 0.0000000000000E+00
-2.9187027541500E+00 0.0000000000000E+00 0.0000000000000E+00-1.5137557414746E+01
-1.5946779115500E-02 0.0000000000000E+00 0.0000000000000E+00 0.0000000000000E+00
 0.0000000000000E+00 2.3252911051150E-01 0.0000000000000E+00 0.0000000000000E+00
 0.0000000000000E+00 0.0000000000000E+00 1.1003205214475E+00 0.0000000000000E+00
 0.0000000000000E+00 0.0000000000000E+00 0.0000000000000E+00-9.6056490910000E-03
 0.0000000000000E+00 0.0000000000000E+00 0.0000000000000E+00 0.0000000000000E+00
 0.0000000000000E+00 0.0000000000000E+00-8.8892428696000E-02 0.0000000000000E+00
 0.0000000000000E+00 0.0000000000000E+00 0.0000000000000E+00 0.0000000000000E+00
 0.0000000000000E+00 3.7869095241000E-02 0.0000000000000E+00 0.0000000000000E+00
 0.0000000000000E+00 0.0000000000000E+00 0.0000000000000E+00 0.0000000000000E+00
-7.0429521227376E-15 0.0000000000000E+00-3.5430656131000E-02-1.6066970820500E-01
-3.0767128501980E+00 6.1449410750490E+00 0.0000000000000E+00 0.0000000000000E+00
-1.3874984245000E-02 0.0000000000000E+00 0.0000000000000E+00 1.8700093135000E-01
 0.0000000000000E+00 0.0000000000000E+00 4.2925172955000E-01-7.1710408650000E-03
 0.0000000000000E+00 0.0000000000000E+00 0.0000000000000E+00 0.0000000000000E+00
-3.8519700177000E-02 0.0000000000000E+00 0.0000000000000E+00 0.0000000000000E+00
 0.0000000000000E+00 7.5748625680000E-03 0.0000000000000E+00 0.0000000000000E+00
 0.0000000000000E+00 0.0000000000000E+00 0.0000000000000E+00 0.0000000000000E+00
 0.0000000000000E+00 0.0000000000000E+00 0.0000000000000E+00 0.0000000000000E+00
 0.0000000000000E+00-4.4324774700000E-04 0.0000000000000E+00 0.0000000000000E+00
-2.2513631905000E-02 0.0000000000000E+00 0.0000000000000E+00 4.5585596491800E-01
 0.0000000000000E+00 0.0000000000000E+00 0.0000000000000E+00-1.0795961135947E-02
 0.0000000000000E+00 0.0000000000000E+00 0.0000000000000E+00 0.0000000000000E+00
 1.3355660056629E-01 0.0000000000000E+00 0.0000000000000E+00 0.0000000000000E+00
 0.0000000000000E+00 5.3479182477065E-03 0.0000000000000E+00 0.0000000000000E+00
 0.0000000000000E+00-5.2704627669473E-14 0.0000000000000E+00 0.0000000000000E+00
 0.0000000000000E+00 0.0000000000000E+00 0.0000000000000E+00 0.0000000000000E+00
-1.0296700441400E-01 0.0000000000000E+00 0.0000000000000E+00-1.9055027893900E-01
 0.0000000000000E+00 0.0000000000000E+00 4.1143960670100E-01 0.0000000000000E+00
 0.0000000000000E+00 2.2961043875030E+00 0.0000000000000E+00 0.0000000000000E+00
 0.0000000000000E+00 1.4258711027458E-03 0.0000000000000E+00 0.0000000000000E+00
 0.0000000000000E+00 0.0000000000000E+00 2.6438236085046E-01 0.0000000000000E+00
 0.0000000000000E+00 0.0000000000000E+00 0.0000000000000E+00 2.8418418158113E+00
 0.0000000000000E+00 0.0000000000000E+00 0.0000000000000E+00 0.0000000000000E+00
-1.0426519970229E-03 0.0000000000000E+00 0.0000000000000E+00 0.0000000000000E+00
 1.0540925533895E-13 0.0000000000000E+00 0.0000000000000E+00 6.1172875328208E-02
 0.0000000000000E+00 0.0000000000000E+00 0.0000000000000E+00-4.2163702135578E-13
 0.0000000000000E+00 0.0000000000000E+00 1.2773460472743E-02 0.0000000000000E+00
 0.0000000000000E+00 0.0000000000000E+00 1.9920476822240E-14 0.0000000000000E+00
 0.0000000000000E+00 0.0000000000000E+00 0.0000000000000E+00 0.0000000000000E+00
 0.0000000000000E+00 0.0000000000000E+00 0.0000000000000E+00 1.0296700441400E-01
 0.0000000000000E+00 0.0000000000000E+00 1.9055027893900E-01 0.0000000000000E+00
 0.0000000000000E+00-4.1143960670100E-01 0.0000000000000E+00 0.0000000000000E+00
-2.2961043875030E+00 0.0000000000000E+00 0.0000000000000E+00 0.0000000000000E+00
 1.4258711027458E-03 0.0000000000000E+00 0.0000000000000E+00 0.0000000000000E+00
 0.0000000000000E+00 2.6438236085046E-01 0.0000000000000E+00 0.0000000000000E+00
 0.0000000000000E+00 0.0000000000000E+00 2.8418418158113E+00 0.0000000000000E+00
 0.0000000000000E+00 0.0000000000000E+00 0.0000000000000E+00 1.0426519970229E-03
 0.0000000000000E+00 0.0000000000000E+00 0.0000000000000E+00-1.0540925533895E-13
 0.0000000000000E+00 0.0000000000000E+00-6.1172875328208E-02 0.0000000000000E+00
 0.0000000000000E+00 0.0000000000000E+00 4.2163702135578E-13 0.0000000000000E+00
 0.0000000000000E+00 1.2773460472743E-02 0.0000000000000E+00 0.0000000000000E+00
 0.0000000000000E+00 1.9920476822240E-14 0.0000000000000E+00 0.0000000000000E+00
 0.0000000000000E+00 0.0000000000000E+00 0.0000000000000E+00 0.0000000000000E+00
 0.0000000000000E+00 4.4324774700000E-04 0.0000000000000E+00 0.0000000000000E+00
 2.2513631905000E-02 0.0000000000000E+00 0.0000000000000E+00-4.5585596491800E-01
 0.0000000000000E+00 0.0000000000000E+00 0.0000000000000E+00-1.0795961135947E-02
 0.0000000000000E+00 0.0000000000000E+00 0.0000000000000E+00 0.0000000000000E+00
 1.3355660056629E-01 0.0000000000000E+00 0.0000000000000E+00 0.0000000000000E+00
 0.0000000000000E+00-5.3479182477065E-03 0.0000000000000E+00 0.0000000000000E+00
 0.0000000000000E+00 5.2704627669473E-14 0.0000000000000E+00 0.0000000000000E+00
 0.0000000000000E+00 0.0000000000000E+00 4.4324774700000E-04 0.0000000000000E+00
 0.0000000000000E+00 2.2513631905000E-02 0.0000000000000E+00 0.0000000000000E+00
-4.5585596491800E-01 0.0000000000000E+00 0.0000000000000E+00 0.0000000000000E+00
 1.0795961135947E-02 0.0000000000000E+00 0.0000000000000E+00 0.0000000000000E+00
 0.0000000000000E+00-1.3355660056629E-01 0.0000000000000E+00 0.0000000000000E+00
 0.0000000000000E+00 0.0000000000000E+00-5.3479182477065E-03 0.0000000000000E+00
 0.0000000000000E+00 0.0000000000000E+00-5.2704627669473E-14 0.0000000000000E+00
 0.0000000000000E+00 0.0000000000000E+00 0.0000000000000E+00 0.0000000000000E+00
 0.0000000000000E+00 1.0296700441400E-01 0.0000000000000E+00 0.0000000000000E+00
 1.9055027893900E-01 0.0000000000000E+00 0.0000000000000E+00-4.1143960670100E-01
 0.0000000000000E+00 0.0000000000000E+00-2.2961043875030E+00 0.0000000000000E+00
 0.0000000000000E+00 0.0000000000000E+00-1.4258711027458E-03 0.0000000000000E+00
 0.0000000000000E+00 0.0000000000000E+00 0.0000000000000E+00-2.6438236085046E-01
 0.0000000000000E+00 0.0000000000000E+00 0.0000000000000E+00 0.0000000000000E+00
-2.8418418158113E+00 0.0000000000000E+00 0.0000000000000E+00 0.0000000000000E+00
 0.0000000000000E+00 1.0426519970229E-03 0.0000000000000E+00 0.0000000000000E+00
 0.0000000000000E+00 1.0540925533895E-13 0.0000000000000E+00 0.0000000000000E+00
-6.1172875328208E-02 0.0000000000000E+00 0.0000000000000E+00 0.0000000000000E+00
-4.2163702135578E-13 0.0000000000000E+00 0.0000000000000E+00-1.2773460472743E-02
 0.0000000000000E+00 0.0000000000000E+00 0.0000000000000E+00 1.9920476822240E-14
 0.0000000000000E+00 0.0000000000000E+00 0.0000000000000E+00 0.0000000000000E+00
 0.0000000000000E+00 0.0000000000000E+00 0.0000000000000E+00 0.0000000000000E+00
-1.0296700441400E-01 0.0000000000000E+00 0.0000000000000E+00-1.9055027893900E-01
 0.0000000000000E+00 0.0000000000000E+00 4.1143960670100E-01 0.0000000000000E+00
 0.0000000000000E+00 2.2961043875030E+00 0.0000000000000E+00 0.0000000000000E+00
 0.0000000000000E+00-1.4258711027458E-03 0.0000000000000E+00 0.0000000000000E+00
 0.0000000000000E+00 0.0000000000000E+00-2.6438236085046E-01 0.0000000000000E+00
 0.0000000000000E+00 0.0000000000000E+00 0.0000000000000E+00-2.8418418158113E+00
 0.0000000000000E+00 0.0000000000000E+00 0.0000000000000E+00 0.0000000000000E+00
-1.0426519970229E-03 0.0000000000000E+00 0.0000000000000E+00 0.0000000000000E+00
-1.0540925533895E-13 0.0000000000000E+00 0.0000000000000E+00 6.1172875328208E-02
 0.0000000000000E+00 0.0000000000000E+00 0.0000000000000E+00 4.2163702135578E-13
 0.0000000000000E+00 0.0000000000000E+00-1.2773460472743E-02 0.0000000000000E+00
 0.0000000000000E+00 0.0000000000000E+00 1.9920476822240E-14 0.0000000000000E+00
 0.0000000000000E+00 0.0000000000000E+00 0.0000000000000E+00 0.0000000000000E+00
 0.0000000000000E+00 0.0000000000000E+00-4.4324774700000E-04 0.0000000000000E+00
 0.0000000000000E+00-2.2513631905000E-02 0.0000000000000E+00 0.0000000000000E+00
 4.5585596491800E-01 0.0000000000000E+00 0.0000000000000E+00 0.0000000000000E+00
 1.0795961135947E-02 0.0000000000000E+00 0.0000000000000E+00 0.0000000000000E+00
 0.0000000000000E+00-1.3355660056629E-01 0.0000000000000E+00 0.0000000000000E+00
 0.0000000000000E+00 0.0000000000000E+00 5.3479182477065E-03 0.0000000000000E+00
 0.0000000000000E+00 0.0000000000000E+00 5.2704627669473E-14 0.0000000000000E+00
-2.1542549183000E-02-1.2061081379900E-01 4.9987478068400E+00 4.5877518603140E+00
 0.0000000000000E+00 0.0000000000000E+00-1.9212743780000E-03 0.0000000000000E+00
 0.0000000000000E+00 1.3461389448600E-01 0.0000000000000E+00 0.0000000000000E+00
 2.0869588252520E+00-1.2067583255000E-03 0.0000000000000E+00 0.0000000000000E+00
 0.0000000000000E+00 0.0000000000000E+00 1.1365658570300E-01 0.0000000000000E+00
 0.0000000000000E+00 0.0000000000000E+00 0.0000000000000E+00 2.8094004301000E-02
 0.0000000000000E+00 0.0000000000000E+00 0.0000000000000E+00 0.0000000000000E+00
 0.0000000000000E+00 0.0000000000000E+00 1.8063987610000E-02 8.5785638983000E-02
 3.2575597560900E-01-8.1014161930000E-01-7.4475876125520E+00 0.0000000000000E+00
 0.0000000000000E+00-9.8969159681000E-02 0.0000000000000E+00 0.0000000000000E+00
 1.1919692053600E-01 0.0000000000000E+00 0.0000000000000E+00 1.5324944144620E+00
 0.0000000000000E+00 0.0000000000000E+00 4.3439680431690E+00 5.1427297015000E-03
 0.0000000000000E+00 0.0000000000000E+00 0.0000000000000E+00 0.0000000000000E+00
-1.1161226359400E-01 0.0000000000000E+00 0.0000000000000E+00 0.0000000000000E+00
 0.0000000000000E+00-8.3339271167200E-01 0.0000000000000E+00 0.0000000000000E+00
 0.0000000000000E+00 0.0000000000000E+00 1.4966532450000E-02 0.0000000000000E+00
 0.0000000000000E+00 0.0000000000000E+00 0.0000000000000E+00 0.0000000000000E+00
 0.0000000000000E+00-2.2336527600000E-03 0.0000000000000E+00 0.0000000000000E+00
 0.0000000000000E+00 0.0000000000000E+00 0.0000000000000E+00 0.0000000000000E+00
-2.7628360559000E-02 0.0000000000000E+00 0.0000000000000E+00 0.0000000000000E+00
 0.0000000000000E+00 0.0000000000000E+00 0.0000000000000E+00-1.4085904245475E-14
 0.0000000000000E+00 1.8063987610000E-02 8.5785638983000E-02 3.2575597560900E-01
-8.1014161930000E-01-7.4475876125520E+00 0.0000000000000E+00 0.0000000000000E+00
 9.8969159681000E-02 0.0000000000000E+00 0.0000000000000E+00-1.1919692053600E-01
 0.0000000000000E+00 0.0000000000000E+00-1.5324944144620E+00 0.0000000000000E+00
 0.0000000000000E+00-4.3439680431690E+00 5.1427297015000E-03 0.0000000000000E+00
 0.0000000000000E+00 0.0000000000000E+00 0.0000000000000E+00-1.1161226359400E-01
 0.0000000000000E+00 0.0000000000000E+00 0.0000000000000E+00 0.0000000000000E+00
-8.3339271167200E-01 0.0000000000000E+00 0.0000000000000E+00 0.0000000000000E+00
 0.0000000000000E+00-1.4966532450000E-02 0.0000000000000E+00 0.0000000000000E+00
 0.0000000000000E+00 0.0000000000000E+00 0.0000000000000E+00 0.0000000000000E+00
 2.2336527600000E-03 0.0000000000000E+00 0.0000000000000E+00 0.0000000000000E+00
 0.0000000000000E+00 0.0000000000000E+00 0.0000000000000E+00-2.7628360559000E-02
 0.0000000000000E+00 0.0000000000000E+00 0.0000000000000E+00 0.0000000000000E+00
 0.0000000000000E+00 0.0000000000000E+00-1.4085904245475E-14 0.0000000000000E+00
-2.1542549183000E-02-1.2061081379900E-01 4.9987478068400E+00 4.5877518603140E+00
 0.0000000000000E+00 0.0000000000000E+00 1.9212743780000E-03 0.0000000000000E+00
 0.0000000000000E+00-1.3461389448600E-01 0.0000000000000E+00 0.0000000000000E+00
-2.0869588252520E+00-1.2067583255000E-03 0.0000000000000E+00 0.0000000000000E+00
 0.0000000000000E+00 0.0000000000000E+00 1.1365658570300E-01 0.0000000000000E+00
 0.0000000000000E+00 0.0000000000000E+00 0.0000000000000E+00-2.8094004301000E-02
 0.0000000000000E+00 0.0000000000000E+00 0.0000000000000E+00 0.0000000000000E+00
 0.0000000000000E+00 0.0000000000000E+00 0.0000000000000E+00 0.0000000000000E+00
 0.0000000000000E+00 0.0000000000000E+00 0.0000000000000E+00 0.0000000000000E+00
 0.0000000000000E+00 0.0000000000000E+00 0.0000000000000E+00 0.0000000000000E+00
 0.0000000000000E+00 0.0000000000000E+00 0.0000000000000E+00 0.0000000000000E+00
 0.0000000000000E+00 0.0000000000000E+00 0.0000000000000E+00 5.1010324185589E-03
 0.0000000000000E+00 0.0000000000000E+00 0.0000000000000E+00 0.0000000000000E+00
-3.1807307610293E-02 0.0000000000000E+00 0.0000000000000E+00 0.0000000000000E+00
 0.0000000000000E+00-5.0198547003922E-04 0.0000000000000E+00 0.0000000000000E+00
 0.0000000000000E+00 0.0000000000000E+00 0.0000000000000E+00 0.0000000000000E+00
 0.0000000000000E+00 0.0000000000000E+00 0.0000000000000E+00 0.0000000000000E+00
 0.0000000000000E+00 0.0000000000000E+00 0.0000000000000E+00 0.0000000000000E+00
 0.0000000000000E+00 0.0000000000000E+00 0.0000000000000E+00 0.0000000000000E+00
 0.0000000000000E+00 0.0000000000000E+00 0.0000000000000E+00 0.0000000000000E+00
 0.0000000000000E+00 6.3963091486619E-02 0.0000000000000E+00 0.0000000000000E+00
 0.0000000000000E+00 0.0000000000000E+00-1.2935186887472E-01 0.0000000000000E+00
 0.0000000000000E+00 0.0000000000000E+00 0.0000000000000E+00 1.0598654227405E+00
 0.0000000000000E+00 0.0000000000000E+00 0.0000000000000E+00 0.0000000000000E+00
 9.2184174610411E-04 0.0000000000000E+00 0.0000000000000E+00 0.0000000000000E+00
 0.0000000000000E+00 0.0000000000000E+00 0.0000000000000E+00-3.6306171735206E-03
 0.0000000000000E+00 0.0000000000000E+00 0.0000000000000E+00 0.0000000000000E+00
 0.0000000000000E+00 0.0000000000000E+00 7.0367717573864E-04 0.0000000000000E+00
 0.0000000000000E+00 0.0000000000000E+00 0.0000000000000E+00 0.0000000000000E+00
 0.0000000000000E+00 0.0000000000000E+00 0.0000000000000E+00 0.0000000000000E+00
 0.0000000000000E+00 0.0000000000000E+00 0.0000000000000E+00 0.0000000000000E+00
 0.0000000000000E+00 0.0000000000000E+00 0.0000000000000E+00 0.0000000000000E+00
 0.0000000000000E+00 0.0000000000000E+00 0.0000000000000E+00 0.0000000000000E+00
 0.0000000000000E+00 0.0000000000000E+00 0.0000000000000E+00 0.0000000000000E+00
 6.3963091486619E-02 0.0000000000000E+00 0.0000000000000E+00 0.0000000000000E+00
 0.0000000000000E+00-1.2935186887472E-01 0.0000000000000E+00 0.0000000000000E+00
 0.0000000000000E+00 0.0000000000000E+00 1.0598654227405E+00 0.0000000000000E+00
 0.0000000000000E+00 0.0000000000000E+00 0.0000000000000E+00-9.2184174610411E-04
 0.0000000000000E+00 0.0000000000000E+00 0.0000000000000E+00 0.0000000000000E+00
 0.0000000000000E+00 0.0000000000000E+00 3.6306171735206E-03 0.0000000000000E+00
 0.0000000000000E+00 0.0000000000000E+00 0.0000000000000E+00 0.0000000000000E+00
 0.0000000000000E+00 7.0367717573864E-04 0.0000000000000E+00 0.0000000000000E+00
 0.0000000000000E+00 0.0000000000000E+00 0.0000000000000E+00 0.0000000000000E+00
 0.0000000000000E+00 0.0000000000000E+00 0.0000000000000E+00 0.0000000000000E+00
 0.0000000000000E+00 0.0000000000000E+00 0.0000000000000E+00 0.0000000000000E+00
 0.0000000000000E+00 0.0000000000000E+00 0.0000000000000E+00 0.0000000000000E+00
 0.0000000000000E+00 0.0000000000000E+00 0.0000000000000E+00 5.1010324185589E-03
 0.0000000000000E+00 0.0000000000000E+00 0.0000000000000E+00 0.0000000000000E+00
-3.1807307610293E-02 0.0000000000000E+00 0.0000000000000E+00 0.0000000000000E+00
 0.0000000000000E+00 5.0198547003922E-04 0.0000000000000E+00 0.0000000000000E+00
 0.0000000000000E+00 0.0000000000000E+00 0.0000000000000E+00 0.0000000000000E+00
 0.0000000000000E+00 0.0000000000000E+00 0.0000000000000E+00 0.0000000000000E+00
 0.0000000000000E+00 0.0000000000000E+00 0.0000000000000E+00 0.0000000000000E+00
 0.0000000000000E+00 0.0000000000000E+00 0.0000000000000E+00 0.0000000000000E+00
-2.5505162092795E-03 0.0000000000000E+00 0.0000000000000E+00 0.0000000000000E+00
 0.0000000000000E+00 1.5903653807745E-02 0.0000000000000E+00 0.0000000000000E+00
 0.0000000000000E+00 0.0000000000000E+00 5.0198547003922E-04 0.0000000000000E+00
 0.0000000000000E+00 0.0000000000000E+00 0.0000000000000E+00 0.0000000000000E+00
 0.0000000000000E+00 0.0000000000000E+00-1.0000000000000E-12 0.0000000000000E+00
 0.0000000000000E+00 0.0000000000000E+00 0.0000000000000E+00 0.0000000000000E+00
 0.0000000000000E+00 0.0000000000000E+00 0.0000000000000E+00 0.0000000000000E+00
 0.0000000000000E+00 0.0000000000000E+00 0.0000000000000E+00 0.0000000000000E+00
 0.0000000000000E+00 0.0000000000000E+00-3.1981545746773E-02 0.0000000000000E+00
 0.0000000000000E+00 0.0000000000000E+00 0.0000000000000E+00 6.4675934452082E-02
 0.0000000000000E+00 0.0000000000000E+00 0.0000000000000E+00 0.0000000000000E+00
-5.2993271137804E-01 0.0000000000000E+00 0.0000000000000E+00 0.0000000000000E+00
 0.0000000000000E+00-9.2184174636231E-04 0.0000000000000E+00 0.0000000000000E+00
 0.0000000000000E+00 0.0000000000000E+00 0.0000000000000E+00 0.0000000000000E+00
 3.6306171737788E-03 0.0000000000000E+00 0.0000000000000E+00 0.0000000000000E+00
 0.0000000000000E+00 0.0000000000000E+00 0.0000000000000E+00-7.0367717581318E-04
 0.0000000000000E+00 0.0000000000000E+00 0.0000000000000E+00 0.0000000000000E+00
 0.0000000000000E+00 0.0000000000000E+00 0.0000000000000E+00 0.0000000000000E+00
 0.0000000000000E+00-1.0000000000000E-12 0.0000000000000E+00 0.0000000000000E+00
 0.0000000000000E+00 0.0000000000000E+00 0.0000000000000E+00 0.0000000000000E+00
 0.0000000000000E+00 0.0000000000000E+00 0.0000000000000E+00 0.0000000000000E+00
 0.0000000000000E+00 0.0000000000000E+00 0.0000000000000E+00 0.0000000000000E+00
 0.0000000000000E+00-3.1981545746773E-02 0.0000000000000E+00 0.0000000000000E+00
 0.0000000000000E+00 0.0000000000000E+00 6.4675934452082E-02 0.0000000000000E+00
 0.0000000000000E+00 0.0000000000000E+00 0.0000000000000E+00-5.2993271137804E-01
 0.0000000000000E+00 0.0000000000000E+00 0.0000000000000E+00 0.0000000000000E+00
 9.2184174636231E-04 0.0000000000000E+00 0.0000000000000E+00 0.0000000000000E+00
 0.0000000000000E+00 0.0000000000000E+00 0.0000000000000E+00-3.6306171737788E-03
 0.0000000000000E+00 0.0000000000000E+00 0.0000000000000E+00 0.0000000000000E+00
 0.0000000000000E+00 0.0000000000000E+00-7.0367717581318E-04 0.0000000000000E+00
 0.0000000000000E+00 0.0000000000000E+00 0.0000000000000E+00 0.0000000000000E+00
 0.0000000000000E+00 0.0000000000000E+00 0.0000000000000E+00 0.0000000000000E+00
 0.0000000000000E+00 0.0000000000000E+00 0.0000000000000E+00 0.0000000000000E+00
 0.0000000000000E+00 0.0000000000000E+00 0.0000000000000E+00 0.0000000000000E+00
 0.0000000000000E+00 0.0000000000000E+00 0.0000000000000E+00 0.0000000000000E+00
-2.5505162092795E-03 0.0000000000000E+00 0.0000000000000E+00 0.0000000000000E+00
 0.0000000000000E+00 1.5903653807745E-02 0.0000000000000E+00 0.0000000000000E+00
 0.0000000000000E+00 0.0000000000000E+00-5.0198547003922E-04 0.0000000000000E+00
 0.0000000000000E+00 0.0000000000000E+00 0.0000000000000E+00 0.0000000000000E+00
 0.0000000000000E+00 0.0000000000000E+00 2.4685108482000E-02 0.0000000000000E+00
 0.0000000000000E+00-4.6802421967000E-02 0.0000000000000E+00 0.0000000000000E+00
 1.0081380398710E+00 0.0000000000000E+00 0.0000000000000E+00 0.0000000000000E+00
-1.3745627085511E-02 0.0000000000000E+00 0.0000000000000E+00 0.0000000000000E+00
 0.0000000000000E+00 2.6402480695984E-01 0.0000000000000E+00 0.0000000000000E+00
 0.0000000000000E+00 0.0000000000000E+00 1.0009345650553E-02 0.0000000000000E+00
 0.0000000000000E+00 0.0000000000000E+00 0.0000000000000E+00 0.0000000000000E+00
 0.0000000000000E+00 0.0000000000000E+00 0.0000000000000E+00 0.0000000000000E+00
 0.0000000000000E+00 1.9254278880000E-03 0.0000000000000E+00 0.0000000000000E+00
 4.0774386373000E-02 0.0000000000000E+00 0.0000000000000E+00-1.9683754148100E-01
 0.0000000000000E+00 0.0000000000000E+00-2.9708470547400E-01 0.0000000000000E+00
 0.0000000000000E+00 0.0000000000000E+00-5.6805500291935E-02 0.0000000000000E+00
 0.0000000000000E+00 0.0000000000000E+00 0.0000000000000E+00 2.6943847371778E-01
 0.0000000000000E+00 0.0000000000000E+00 0.0000000000000E+00 0.0000000000000E+00
-1.2662828489821E-01 0.0000000000000E+00 0.0000000000000E+00 0.0000000000000E+00
 0.0000000000000E+00 3.4690765352399E-03 0.0000000000000E+00 0.0000000000000E+00
 0.0000000000000E+00-5.2704627669473E-14 0.0000000000000E+00 0.0000000000000E+00
-7.6694597003515E-02 0.0000000000000E+00 0.0000000000000E+00 0.0000000000000E+00
 0.0000000000000E+00 0.0000000000000E+00 0.0000000000000E+00 1.7304947819505E-04
 0.0000000000000E+00 0.0000000000000E+00 0.0000000000000E+00 0.0000000000000E+00
 0.0000000000000E+00 0.0000000000000E+00 0.0000000000000E+00 0.0000000000000E+00
 0.0000000000000E+00 0.0000000000000E+00 0.0000000000000E+00 0.0000000000000E+00
 1.9254278880000E-03 0.0000000000000E+00 0.0000000000000E+00 4.0774386373000E-02
 0.0000000000000E+00 0.0000000000000E+00-1.9683754148100E-01 0.0000000000000E+00
 0.0000000000000E+00-2.9708470547400E-01 0.0000000000000E+00 0.0000000000000E+00
 0.0000000000000E+00 5.6805500291935E-02 0.0000000000000E+00 0.0000000000000E+00
 0.0000000000000E+00 0.0000000000000E+00-2.6943847371778E-01 0.0000000000000E+00
 0.0000000000000E+00 0.0000000000000E+00 0.0000000000000E+00 1.2662828489821E-01
 0.0000000000000E+00 0.0000000000000E+00 0.0000000000000E+00 0.0000000000000E+00
 3.4690765352399E-03 0.0000000000000E+00 0.0000000000000E+00 0.0000000000000E+00
-5.2704627669473E-14 0.0000000000000E+00 0.0000000000000E+00-7.6694597003515E-02
 0.0000000000000E+00 0.0000000000000E+00 0.0000000000000E+00 0.0000000000000E+00
 0.0000000000000E+00 0.0000000000000E+00-1.7304947819505E-04 0.0000000000000E+00
 0.0000000000000E+00 0.0000000000000E+00 0.0000000000000E+00 0.0000000000000E+00
 0.0000000000000E+00 0.0000000000000E+00 0.0000000000000E+00 0.0000000000000E+00
 0.0000000000000E+00 0.0000000000000E+00 2.4685108482000E-02 0.0000000000000E+00
 0.0000000000000E+00-4.6802421967000E-02 0.0000000000000E+00 0.0000000000000E+00
 1.0081380398710E+00 0.0000000000000E+00 0.0000000000000E+00 0.0000000000000E+00
 1.3745627085511E-02 0.0000000000000E+00 0.0000000000000E+00 0.0000000000000E+00
 0.0000000000000E+00-2.6402480695984E-01 0.0000000000000E+00 0.0000000000000E+00
 0.0000000000000E+00 0.0000000000000E+00 1.0009345650553E-02 0.0000000000000E+00
 0.0000000000000E+00 0.0000000000000E+00 0.0000000000000E+00 0.0000000000000E+00
 0.0000000000000E+00 0.0000000000000E+00 0.0000000000000E+00 0.0000000000000E+00
 0.0000000000000E+00-2.4685108482000E-02 0.0000000000000E+00 0.0000000000000E+00
 4.6802421967000E-02 0.0000000000000E+00 0.0000000000000E+00-1.0081380398710E+00
 0.0000000000000E+00 0.0000000000000E+00 0.0000000000000E+00 1.3745627085511E-02
 0.0000000000000E+00 0.0000000000000E+00 0.0000000000000E+00 0.0000000000000E+00
-2.6402480695984E-01 0.0000000000000E+00 0.0000000000000E+00 0.0000000000000E+00
 0.0000000000000E+00-1.0009345650553E-02 0.0000000000000E+00 0.0000000000000E+00
 0.0000000000000E+00 0.0000000000000E+00 0.0000000000000E+00 0.0000000000000E+00
 0.0000000000000E+00 0.0000000000000E+00 0.0000000000000E+00 0.0000000000000E+00
-1.9254278880000E-03 0.0000000000000E+00 0.0000000000000E+00-4.0774386373000E-02
 0.0000000000000E+00 0.0000000000000E+00 1.9683754148100E-01 0.0000000000000E+00
 0.0000000000000E+00 2.9708470547400E-01 0.0000000000000E+00 0.0000000000000E+00
 0.0000000000000E+00 5.6805500291935E-02 0.0000000000000E+00 0.0000000000000E+00
 0.0000000000000E+00 0.0000000000000E+00-2.6943847371778E-01 0.0000000000000E+00
 0.0000000000000E+00 0.0000000000000E+00 0.0000000000000E+00 1.2662828489994E-01
 0.0000000000000E+00 0.0000000000000E+00 0.0000000000000E+00 0.0000000000000E+00
-3.4690765352399E-03 0.0000000000000E+00 0.0000000000000E+00 0.0000000000000E+00
-5.2704627669473E-14 0.0000000000000E+00 0.0000000000000E+00 7.6694597003515E-02
 0.0000000000000E+00 0.0000000000000E+00 0.0000000000000E+00 0.0000000000000E+00
 0.0000000000000E+00 0.0000000000000E+00-1.7304947819505E-04 0.0000000000000E+00
 0.0000000000000E+00 0.0000000000000E+00 0.0000000000000E+00 0.0000000000000E+00
 0.0000000000000E+00 0.0000000000000E+00 0.0000000000000E+00 0.0000000000000E+00
 0.0000000000000E+00 0.0000000000000E+00 0.0000000000000E+00-1.9254278880000E-03
 0.0000000000000E+00 0.0000000000000E+00-4.0774386373000E-02 0.0000000000000E+00
 0.0000000000000E+00 1.9683754148100E-01 0.0000000000000E+00 0.0000000000000E+00
 2.9708470547400E-01 0.0000000000000E+00 0.0000000000000E+00 0.0000000000000E+00
-5.6805500291935E-02 0.0000000000000E+00 0.0000000000000E+00 0.0000000000000E+00
 0.0000000000000E+00 2.6943847371778E-01 0.0000000000000E+00 0.0000000000000E+00
 0.0000000000000E+00 0.0000000000000E+00-1.2662828489994E-01 0.0000000000000E+00
 0.0000000000000E+00 0.0000000000000E+00 0.0000000000000E+00-3.4690765352399E-03
 0.0000000000000E+00 0.0000000000000E+00 0.0000000000000E+00-5.2704627669473E-14
 0.0000000000000E+00 0.0000000000000E+00 7.6694597003515E-02 0.0000000000000E+00
 0.0000000000000E+00 0.0000000000000E+00 0.0000000000000E+00 0.0000000000000E+00
 0.0000000000000E+00 1.7304947819505E-04 0.0000000000000E+00 0.0000000000000E+00
 0.0000000000000E+00 0.0000000000000E+00 0.0000000000000E+00 0.0000000000000E+00
 0.0000000000000E+00 0.0000000000000E+00 0.0000000000000E+00 0.0000000000000E+00
 0.0000000000000E+00-2.4685108482000E-02 0.0000000000000E+00 0.0000000000000E+00
 4.6802421967000E-02 0.0000000000000E+00 0.0000000000000E+00-1.0081380398710E+00
 0.0000000000000E+00 0.0000000000000E+00 0.0000000000000E+00-1.3745627085511E-02
 0.0000000000000E+00 0.0000000000000E+00 0.0000000000000E+00 0.0000000000000E+00
 2.6402480695984E-01 0.0000000000000E+00 0.0000000000000E+00 0.0000000000000E+00
 0.0000000000000E+00-1.0009345650553E-02 0.0000000000000E+00 0.0000000000000E+00
 0.0000000000000E+00 0.0000000000000E+00 4.7008630820000E-02 3.0298235788000E-02
 4.6480018210700E-01 1.9992373066080E+00 0.0000000000000E+00 0.0000000000000E+00
-2.0857509072000E-02 0.0000000000000E+00 0.0000000000000E+00 1.0978306492200E-01
 0.0000000000000E+00 0.0000000000000E+00-6.0324657338900E-01 2.5697726015000E-03
 0.0000000000000E+00 0.0000000000000E+00 0.0000000000000E+00 0.0000000000000E+00
 4.5439009490000E-03 0.0000000000000E+00 0.0000000000000E+00 0.0000000000000E+00
 0.0000000000000E+00 6.3132739810000E-03 0.0000000000000E+00 0.0000000000000E+00
 0.0000000000000E+00 0.0000000000000E+00 0.0000000000000E+00 0.0000000000000E+00
-2.9855372956000E-02-6.9929691057000E-02-1.3708217111600E-01-6.7358580043800E-01
-2.2061276815650E+00 0.0000000000000E+00 0.0000000000000E+00 2.3828131913000E-02
 0.0000000000000E+00 0.0000000000000E+00 8.6218707977000E-02 0.0000000000000E+00
 0.0000000000000E+00-4.2855029192200E-01 0.0000000000000E+00 0.0000000000000E+00
 4.0901087037920E+00 4.4330546430000E-03 0.0000000000000E+00 0.0000000000000E+00
 0.0000000000000E+00 0.0000000000000E+00-2.3066307750500E-02 0.0000000000000E+00
 0.0000000000000E+00 0.0000000000000E+00 0.0000000000000E+00 4.7073941940200E-01
 0.0000000000000E+00 0.0000000000000E+00 0.0000000000000E+00 0.0000000000000E+00
-6.8153275020000E-03 0.0000000000000E+00 0.0000000000000E+00 0.0000000000000E+00
 0.0000000000000E+00 0.0000000000000E+00 0.0000000000000E+00 9.6474892974000E-02
 0.0000000000000E+00 0.0000000000000E+00 0.0000000000000E+00 0.0000000000000E+00
 0.0000000000000E+00 0.0000000000000E+00 2.8429519840000E-03 0.0000000000000E+00
 0.0000000000000E+00 0.0000000000000E+00 0.0000000000000E+00 0.0000000000000E+00
 0.0000000000000E+00 7.0429521227376E-15 0.0000000000000E+00-2.9855372956000E-02
-6.9929691057000E-02-1.3708217111600E-01-6.7358580043800E-01-2.2061276815650E+00
 0.0000000000000E+00 0.0000000000000E+00-2.3828131913000E-02 0.0000000000000E+00
 0.0000000000000E+00-8.6218707977000E-02 0.0000000000000E+00 0.0000000000000E+00
 4.2855029192200E-01 0.0000000000000E+00 0.0000000000000E+00-4.0901087037920E+00
 4.4330546430000E-03 0.0000000000000E+00 0.0000000000000E+00 0.0000000000000E+00
 0.0000000000000E+00-2.3066307750500E-02 0.0000000000000E+00 0.0000000000000E+00
 0.0000000000000E+00 0.0000000000000E+00 4.7073941940200E-01 0.0000000000000E+00
 0.0000000000000E+00 0.0000000000000E+00 0.0000000000000E+00 6.8153275020000E-03
 0.0000000000000E+00 0.0000000000000E+00 0.0000000000000E+00 0.0000000000000E+00
 0.0000000000000E+00 0.0000000000000E+00-9.6474892974000E-02 0.0000000000000E+00
 0.0000000000000E+00 0.0000000000000E+00 0.0000000000000E+00 0.0000000000000E+00
 0.0000000000000E+00 2.8429519840000E-03 0.0000000000000E+00 0.0000000000000E+00
 0.0000000000000E+00 0.0000000000000E+00 0.0000000000000E+00 0.0000000000000E+00
 7.0429521227376E-15 0.0000000000000E+00 4.7008630820000E-02 3.0298235788000E-02
 4.6480018210700E-01 1.9992373066080E+00 0.0000000000000E+00 0.0000000000000E+00
 2.0857509072000E-02 0.0000000000000E+00 0.0000000000000E+00-1.0978306492200E-01
 0.0000000000000E+00 0.0000000000000E+00 6.0324657338900E-01 2.5697726015000E-03
 0.0000000000000E+00 0.0000000000000E+00 0.0000000000000E+00 0.0000000000000E+00
 4.5439009490000E-03 0.0000000000000E+00 0.0000000000000E+00 0.0000000000000E+00
 0.0000000000000E+00-6.3132739810000E-03 0.0000000000000E+00 0.0000000000000E+00
 0.0000000000000E+00 0.0000000000000E+00 0.0000000000000E+00 0.0000000000000E+00
-3.7340909439000E-02-1.9832100302600E-01 7.0618916582260E+00-1.1700701050667E+01
 0.0000000000000E+00 0.0000000000000E+00 5.4913310700000E-03 0.0000000000000E+00
 0.0000000000000E+00 1.7534469909800E-01 0.0000000000000E+00 0.0000000000000E+00
 2.5852134279760E+00 5.5307642065000E-03 0.0000000000000E+00 0.0000000000000E+00
 0.0000000000000E+00 0.0000000000000E+00 1.4549841112800E-01 0.0000000000000E+00
 0.0000000000000E+00 0.0000000000000E+00 0.0000000000000E+00 2.9833085125000E-02
 0.0000000000000E+00 0.0000000000000E+00 0.0000000000000E+00 0.0000000000000E+00
 0.0000000000000E+00 0.0000000000000E+00 6.1880136600000E-04 1.2629005610900E-01
 1.3034583304730E+00-1.3457877187065E+01-8.3316296508776E+01 0.0000000000000E+00
 0.0000000000000E+00-1.0641299800000E-03 0.0000000000000E+00 0.0000000000000E+00
-8.5422660610000E-02 0.0000000000000E+00 0.0000000000000E+00-7.9142088843790E+00
 0.0000000000000E+00 0.0000000000000E+00-3.7618420992590E+01 1.7991626090000E-02
 0.0000000000000E+00 0.0000000000000E+00 0.0000000000000E+00 0.0000000000000E+00
-5.5959776953600E-01 0.0000000000000E+00 0.0000000000000E+00 0.0000000000000E+00
 0.0000000000000E+00-3.1941821648790E+00 0.0000000000000E+00 0.0000000000000E+00
 0.0000000000000E+00 0.0000000000000E+00-4.4132792060000E-03 0.0000000000000E+00
 0.0000000000000E+00 0.0000000000000E+00 0.0000000000000E+00 0.0000000000000E+00
 0.0000000000000E+00-4.0855120004100E-01 0.0000000000000E+00 0.0000000000000E+00
 0.0000000000000E+00 0.0000000000000E+00 0.0000000000000E+00 0.0000000000000E+00
-6.0503673292000E-02 0.0000000000000E+00 0.0000000000000E+00 0.0000000000000E+00
 0.0000000000000E+00 0.0000000000000E+00 0.0000000000000E+00-7.0429521227376E-15
 0.0000000000000E+00-6.1880136600000E-04-1.2629005610900E-01-1.3034583304730E+00
 1.3457877187065E+01 8.3316296508776E+01 0.0000000000000E+00 0.0000000000000E+00
-1.0641299800000E-03 0.0000000000000E+00 0.0000000000000E+00-8.5422660610000E-02
 0.0000000000000E+00 0.0000000000000E+00-7.9142088843790E+00 0.0000000000000E+00
 0.0000000000000E+00-3.7618420992590E+01-1.7991626090000E-02 0.0000000000000E+00
 0.0000000000000E+00 0.0000000000000E+00 0.0000000000000E+00 5.5959776953600E-01
 0.0000000000000E+00 0.0000000000000E+00 0.0000000000000E+00 0.0000000000000E+00
 3.1941821648790E+00 0.0000000000000E+00 0.0000000000000E+00 0.0000000000000E+00
 0.0000000000000E+00-4.4132792060000E-03 0.0000000000000E+00 0.0000000000000E+00
 0.0000000000000E+00 0.0000000000000E+00 0.0000000000000E+00 0.0000000000000E+00
-4.0855120004100E-01 0.0000000000000E+00 0.0000000000000E+00 0.0000000000000E+00
 0.0000000000000E+00 0.0000000000000E+00 0.0000000000000E+00 6.0503673292000E-02
 0.0000000000000E+00 0.0000000000000E+00 0.0000000000000E+00 0.0000000000000E+00
 0.0000000000000E+00 0.0000000000000E+00 7.0429521227376E-15 0.0000000000000E+00
 3.7340909439000E-02 1.9832100302600E-01-7.0618916582260E+00 1.1700701050667E+01
 0.0000000000000E+00 0.0000000000000E+00 5.4913310700000E-03 0.0000000000000E+00
 0.0000000000000E+00 1.7534469909800E-01 0.0000000000000E+00 0.0000000000000E+00
 2.5852134279760E+00-5.5307642065000E-03 0.0000000000000E+00 0.0000000000000E+00
 0.0000000000000E+00 0.0000000000000E+00-1.4549841112800E-01 0.0000000000000E+00
 0.0000000000000E+00 0.0000000000000E+00 0.0000000000000E+00 2.9833085125000E-02
 0.0000000000000E+00 0.0000000000000E+00 0.0000000000000E+00 0.0000000000000E+00
 0.0000000000000E+00 0.0000000000000E+00 0.0000000000000E+00 0.0000000000000E+00
 0.0000000000000E+00 0.0000000000000E+00 0.0000000000000E+00 0.0000000000000E+00
 0.0000000000000E+00 0.0000000000000E+00 0.0000000000000E+00 0.0000000000000E+00
 0.0000000000000E+00 0.0000000000000E+00 0.0000000000000E+00 0.0000000000000E+00
 0.0000000000000E+00 0.0000000000000E+00 0.0000000000000E+00-5.6757504843628E-03
 0.0000000000000E+00 0.0000000000000E+00 0.0000000000000E+00 0.0000000000000E+00
 5.4858443444490E-02 0.0000000000000E+00 0.0000000000000E+00 0.0000000000000E+00
 0.0000000000000E+00 5.3305460725042E-04 0.0000000000000E+00 0.0000000000000E+00
 0.0000000000000E+00 0.0000000000000E+00 0.0000000000000E+00 0.0000000000000E+00
 0.0000000000000E+00 0.0000000000000E+00 0.0000000000000E+00 0.0000000000000E+00
 0.0000000000000E+00 0.0000000000000E+00 0.0000000000000E+00 0.0000000000000E+00
 0.0000000000000E+00 0.0000000000000E+00 0.0000000000000E+00 0.0000000000000E+00
 0.0000000000000E+00 0.0000000000000E+00 0.0000000000000E+00 0.0000000000000E+00
 0.0000000000000E+00 6.8482064647681E-02 0.0000000000000E+00 0.0000000000000E+00
 0.0000000000000E+00 0.0000000000000E+00-2.0369639957399E-01 0.0000000000000E+00
 0.0000000000000E+00 0.0000000000000E+00 0.0000000000000E+00 2.0762786672076E+00
 0.0000000000000E+00 0.0000000000000E+00 0.0000000000000E+00 0.0000000000000E+00
-1.7181201126300E-03 0.0000000000000E+00 0.0000000000000E+00 0.0000000000000E+00
 0.0000000000000E+00 0.0000000000000E+00 0.0000000000000E+00 1.3229418247608E-02
 0.0000000000000E+00 0.0000000000000E+00 0.0000000000000E+00 0.0000000000000E+00
 0.0000000000000E+00 0.0000000000000E+00 8.9729170782042E-04 0.0000000000000E+00
 0.0000000000000E+00 0.0000000000000E+00 0.0000000000000E+00 0.0000000000000E+00
 0.0000000000000E+00 0.0000000000000E+00 0.0000000000000E+00 0.0000000000000E+00
 0.0000000000000E+00 0.0000000000000E+00 0.0000000000000E+00 0.0000000000000E+00
 0.0000000000000E+00 0.0000000000000E+00 0.0000000000000E+00 0.0000000000000E+00
 0.0000000000000E+00 0.0000000000000E+00 0.0000000000000E+00 0.0000000000000E+00
 0.0000000000000E+00 0.0000000000000E+00 0.0000000000000E+00 0.0000000000000E+00
-6.8482064647681E-02 0.0000000000000E+00 0.0000000000000E+00 0.0000000000000E+00
 0.0000000000000E+00 2.0369639957399E-01 0.0000000000000E+00 0.0000000000000E+00
 0.0000000000000E+00 0.0000000000000E+00-2.0762786672076E+00 0.0000000000000E+00
 0.0000000000000E+00 0.0000000000000E+00 0.0000000000000E+00-1.7181201126300E-03
 0.0000000000000E+00 0.0000000000000E+00 0.0000000000000E+00 0.0000000000000E+00
 0.0000000000000E+00 0.0000000000000E+00 1.3229418247608E-02 0.0000000000000E+00
 0.0000000000000E+00 0.0000000000000E+00 0.0000000000000E+00 0.0000000000000E+00
 0.0000000000000E+00-8.9729170782042E-04 0.0000000000000E+00 0.0000000000000E+00
 0.0000000000000E+00 0.0000000000000E+00 0.0000000000000E+00 0.0000000000000E+00
 0.0000000000000E+00 0.0000000000000E+00 0.0000000000000E+00 0.0000000000000E+00
 0.0000000000000E+00 0.0000000000000E+00 0.0000000000000E+00 0.0000000000000E+00
 0.0000000000000E+00 0.0000000000000E+00 0.0000000000000E+00 0.0000000000000E+00
 0.0000000000000E+00 0.0000000000000E+00 0.0000000000000E+00 5.6757504843628E-03
 0.0000000000000E+00 0.0000000000000E+00 0.0000000000000E+00 0.0000000000000E+00
-5.4858443444490E-02 0.0000000000000E+00 0.0000000000000E+00 0.0000000000000E+00
 0.0000000000000E+00 5.3305460725042E-04 0.0000000000000E+00 0.0000000000000E+00
 0.0000000000000E+00 0.0000000000000E+00 0.0000000000000E+00 1.0000000000000E-12
 0.0000000000000E+00 0.0000000000000E+00 0.0000000000000E+00 0.0000000000000E+00
 0.0000000000000E+00 0.0000000000000E+00 0.0000000000000E+00 0.0000000000000E+00
 0.0000000000000E+00 0.0000000000000E+00 0.0000000000000E+00 0.0000000000000E+00
-2.8378752421814E-03 0.0000000000000E+00 0.0000000000000E+00 0.0000000000000E+00
 0.0000000000000E+00 2.7429221721379E-02 0.0000000000000E+00 0.0000000000000E+00
 0.0000000000000E+00 0.0000000000000E+00 5.3305460725042E-04 0.0000000000000E+00
 0.0000000000000E+00 0.0000000000000E+00 0.0000000000000E+00 0.0000000000000E+00
 0.0000000000000E+00-1.0000000000000E-12 7.0000000000000E-12 0.0000000000000E+00
 0.0000000000000E+00 0.0000000000000E+00 0.0000000000000E+00 0.0000000000000E+00
 0.0000000000000E+00 0.0000000000000E+00 0.0000000000000E+00 0.0000000000000E+00
 0.0000000000000E+00 0.0000000000000E+00 3.0000000000000E-12 0.0000000000000E+00
 0.0000000000000E+00 0.0000000000000E+00 3.4241032325573E-02 0.0000000000000E+00
 0.0000000000000E+00 0.0000000000000E+00 0.0000000000000E+00-1.0184819979652E-01
 0.0000000000000E+00 0.0000000000000E+00 0.0000000000000E+00 0.0000000000000E+00
 1.0381393336185E+00 0.0000000000000E+00 0.0000000000000E+00 0.0000000000000E+00
 0.0000000000000E+00-1.7181201127591E-03 0.0000000000000E+00 0.0000000000000E+00
 0.0000000000000E+00 0.0000000000000E+00 0.0000000000000E+00 0.0000000000000E+00
 1.3229418249029E-02 0.0000000000000E+00 0.0000000000000E+00 0.0000000000000E+00
 0.0000000000000E+00 0.0000000000000E+00 0.0000000000000E+00 8.9729170789495E-04
 0.0000000000000E+00 0.0000000000000E+00 0.0000000000000E+00 0.0000000000000E+00
 0.0000000000000E+00 0.0000000000000E+00 0.0000000000000E+00 0.0000000000000E+00
 1.0000000000000E-12-7.0000000000000E-12 0.0000000000000E+00 0.0000000000000E+00
 0.0000000000000E+00 0.0000000000000E+00 0.0000000000000E+00 0.0000000000000E+00
 0.0000000000000E+00 0.0000000000000E+00 0.0000000000000E+00 0.0000000000000E+00
 0.0000000000000E+00 3.0000000000000E-12 0.0000000000000E+00 0.0000000000000E+00
 0.0000000000000E+00-3.4241032325573E-02 0.0000000000000E+00 0.0000000000000E+00
 0.0000000000000E+00 0.0000000000000E+00 1.0184819979652E-01 0.0000000000000E+00
 0.0000000000000E+00 0.0000000000000E+00 0.0000000000000E+00-1.0381393336185E+00
 0.0000000000000E+00 0.0000000000000E+00 0.0000000000000E+00 0.0000000000000E+00
-1.7181201127591E-03 0.0000000000000E+00 0.0000000000000E+00 0.0000000000000E+00
 0.0000000000000E+00 0.0000000000000E+00 0.0000000000000E+00 1.3229418249029E-02
 0.0000000000000E+00 0.0000000000000E+00 0.0000000000000E+00 0.0000000000000E+00
 0.0000000000000E+00 0.0000000000000E+00-8.9729170789495E-04 0.0000000000000E+00
 0.0000000000000E+00 0.0000000000000E+00 0.0000000000000E+00 0.0000000000000E+00
 0.0000000000000E+00 0.0000000000000E+00 0.0000000000000E+00-1.0000000000000E-12
 0.0000000000000E+00 0.0000000000000E+00 0.0000000000000E+00 0.0000000000000E+00
 0.0000000000000E+00 0.0000000000000E+00 0.0000000000000E+00 0.0000000000000E+00
 0.0000000000000E+00 0.0000000000000E+00 0.0000000000000E+00 0.0000000000000E+00
 2.8378752421814E-03 0.0000000000000E+00 0.0000000000000E+00 0.0000000000000E+00
 0.0000000000000E+00-2.7429221721379E-02 0.0000000000000E+00 0.0000000000000E+00
 0.0000000000000E+00 0.0000000000000E+00 5.3305460725042E-04 0.0000000000000E+00
 0.0000000000000E+00 0.0000000000000E+00-3.9404447277000E-02 2.6279191363400E-01
 7.3405706540690E+00 4.8858656057000E-02 0.0000000000000E+00 0.0000000000000E+00
-3.8996100092000E-02 0.0000000000000E+00 0.0000000000000E+00 4.4020311867300E-01
 0.0000000000000E+00 0.0000000000000E+00 1.4359758069190E+00 1.1622828050500E-02
 0.0000000000000E+00 0.0000000000000E+00 0.0000000000000E+00 0.0000000000000E+00
 4.3970728181500E-02 0.0000000000000E+00 0.0000000000000E+00 0.0000000000000E+00
 0.0000000000000E+00 1.4013816590000E-03 0.0000000000000E+00 0.0000000000000E+00
 0.0000000000000E+00 0.0000000000000E+00 0.0000000000000E+00 0.0000000000000E+00
 5.4233493894000E-02-4.5404693544000E-02 4.8519635278400E-01-9.8052153254700E-01
-3.8534744625660E+00 0.0000000000000E+00 0.0000000000000E+00-2.4845454023000E-02
 0.0000000000000E+00 0.0000000000000E+00-2.6732005091000E-02 0.0000000000000E+00
 0.0000000000000E+00 3.1770113881240E+00 0.0000000000000E+00 0.0000000000000E+00
-1.0949703046600E-01 6.2439608735000E-03 0.0000000000000E+00 0.0000000000000E+00
 0.0000000000000E+00 0.0000000000000E+00-1.3446276374700E-01 0.0000000000000E+00
 0.0000000000000E+00 0.0000000000000E+00 0.0000000000000E+00-1.8776615002570E+00
 0.0000000000000E+00 0.0000000000000E+00 0.0000000000000E+00 0.0000000000000E+00
 2.2263252695000E-02 0.0000000000000E+00 0.0000000000000E+00 0.0000000000000E+00
 0.0000000000000E+00 0.0000000000000E+00 0.0000000000000E+00 2.2009224994400E-01
 0.0000000000000E+00 0.0000000000000E+00 0.0000000000000E+00 0.0000000000000E+00
 0.0000000000000E+00 0.0000000000000E+00-6.7685772265000E-02 0.0000000000000E+00
 0.0000000000000E+00 0.0000000000000E+00 0.0000000000000E+00 0.0000000000000E+00
 0.0000000000000E+00 0.0000000000000E+00 0.0000000000000E+00 5.4233493894000E-02
-4.5404693544000E-02 4.8519635278400E-01-9.8052153254700E-01-3.8534744625660E+00
 0.0000000000000E+00 0.0000000000000E+00 2.4845454023000E-02 0.0000000000000E+00
 0.0000000000000E+00 2.6732005091000E-02 0.0000000000000E+00 0.0000000000000E+00
-3.1770113881240E+00 0.0000000000000E+00 0.0000000000000E+00 1.0949703046600E-01
 6.2439608735000E-03 0.0000000000000E+00 0.0000000000000E+00 0.0000000000000E+00
 0.0000000000000E+00-1.3446276374700E-01 0.0000000000000E+00 0.0000000000000E+00
 0.0000000000000E+00 0.0000000000000E+00-1.8776615002570E+00 0.0000000000000E+00
 0.0000000000000E+00 0.0000000000000E+00 0.0000000000000E+00-2.2263252695000E-02
 0.0000000000000E+00 0.0000000000000E+00 0.0000000000000E+00 0.0000000000000E+00
 0.0000000000000E+00 0.0000000000000E+00-2.2009224994400E-01 0.0000000000000E+00
 0.0000000000000E+00 0.0000000000000E+00 0.0000000000000E+00 0.0000000000000E+00
 0.0000000000000E+00-6.7685772265000E-02 0.0000000000000E+00 0.0000000000000E+00
 0.0000000000000E+00 0.0000000000000E+00 0.0000000000000E+00 0.0000000000000E+00
 0.0000000000000E+00 0.0000000000000E+00-3.9404447277000E-02 2.6279191363400E-01
 7.3405706540690E+00 4.8858656057000E-02 0.0000000000000E+00 0.0000000000000E+00
 3.8996100092000E-02 0.0000000000000E+00 0.0000000000000E+00-4.4020311867300E-01
 0.0000000000000E+00 0.0000000000000E+00-1.4359758069190E+00 1.1622828050500E-02
 0.0000000000000E+00 0.0000000000000E+00 0.0000000000000E+00 0.0000000000000E+00
 4.3970728181500E-02 0.0000000000000E+00 0.0000000000000E+00 0.0000000000000E+00
 0.0000000000000E+00-1.4013816590000E-03 0.0000000000000E+00 0.0000000000000E+00
 0.0000000000000E+00 0.0000000000000E+00 0.0000000000000E+00 0.0000000000000E+00
 0.0000000000000E+00 0.0000000000000E+00 0.0000000000000E+00 0.0000000000000E+00
-1.2820636008000E-02 0.0000000000000E+00 0.0000000000000E+00-4.1408635859000E-02
 0.0000000000000E+00 0.0000000000000E+00-1.3691254506890E+00 0.0000000000000E+00
 0.0000000000000E+00 0.0000000000000E+00 2.9572733197068E-02 0.0000000000000E+00
 0.0000000000000E+00 0.0000000000000E+00 0.0000000000000E+00-4.2137398114748E-01
 0.0000000000000E+00 0.0000000000000E+00 0.0000000000000E+00 0.0000000000000E+00
-6.6034943565925E-03 0.0000000000000E+00 0.0000000000000E+00 0.0000000000000E+00
 0.0000000000000E+00 0.0000000000000E+00 0.0000000000000E+00 0.0000000000000E+00
 0.0000000000000E+00 0.0000000000000E+00 0.0000000000000E+00 3.3957438940000E-02
 0.0000000000000E+00 0.0000000000000E+00 8.1165522437000E-02 0.0000000000000E+00
 0.0000000000000E+00 2.3807359515330E+00 0.0000000000000E+00 0.0000000000000E+00
 1.4472909362680E+00 0.0000000000000E+00 0.0000000000000E+00 0.0000000000000E+00
-3.6831579110281E-02 0.0000000000000E+00 0.0000000000000E+00 0.0000000000000E+00
 0.0000000000000E+00 4.5761751888475E-01 0.0000000000000E+00 0.0000000000000E+00
 0.0000000000000E+00 0.0000000000000E+00 1.5318741292827E+00 0.0000000000000E+00
 0.0000000000000E+00 0.0000000000000E+00 0.0000000000000E+00-4.7747852700583E-03
 0.0000000000000E+00 0.0000000000000E+00 0.0000000000000E+00 5.2704627669473E-14
 0.0000000000000E+00 0.0000000000000E+00 2.7518570720166E-01 0.0000000000000E+00
 0.0000000000000E+00 0.0000000000000E+00 0.0000000000000E+00 0.0000000000000E+00
 0.0000000000000E+00 4.5051312237526E-03 0.0000000000000E+00 0.0000000000000E+00
 0.0000000000000E+00 0.0000000000000E+00 0.0000000000000E+00 0.0000000000000E+00
 0.0000000000000E+00 0.0000000000000E+00 0.0000000000000E+00 0.0000000000000E+00
 0.0000000000000E+00 0.0000000000000E+00-3.3957438940000E-02 0.0000000000000E+00
 0.0000000000000E+00-8.1165522437000E-02 0.0000000000000E+00 0.0000000000000E+00
-2.3807359515330E+00 0.0000000000000E+00 0.0000000000000E+00-1.4472909362680E+00
 0.0000000000000E+00 0.0000000000000E+00 0.0000000000000E+00-3.6831579110281E-02
 0.0000000000000E+00 0.0000000000000E+00 0.0000000000000E+00 0.0000000000000E+00
 4.5761751888475E-01 0.0000000000000E+00 0.0000000000000E+00 0.0000000000000E+00
 0.0000000000000E+00 1.5318741292827E+00 0.0000000000000E+00 0.0000000000000E+00
 0.0000000000000E+00 0.0000000000000E+00 4.7747852700583E-03 0.0000000000000E+00
 0.0000000000000E+00 0.0000000000000E+00-5.2704627669473E-14 0.0000000000000E+00
 0.0000000000000E+00-2.7518570720166E-01 0.0000000000000E+00 0.0000000000000E+00
 0.0000000000000E+00 0.0000000000000E+00 0.0000000000000E+00 0.0000000000000E+00
 4.5051312237526E-03 0.0000000000000E+00 0.0000000000000E+00 0.0000000000000E+00
 0.0000000000000E+00 0.0000000000000E+00 0.0000000000000E+00 0.0000000000000E+00
 0.0000000000000E+00 0.0000000000000E+00 0.0000000000000E+00 0.0000000000000E+00
 1.2820636008000E-02 0.0000000000000E+00 0.0000000000000E+00 4.1408635859000E-02
 0.0000000000000E+00 0.0000000000000E+00 1.3691254506890E+00 0.0000000000000E+00
 0.0000000000000E+00 0.0000000000000E+00 2.9572733197068E-02 0.0000000000000E+00
 0.0000000000000E+00 0.0000000000000E+00 0.0000000000000E+00-4.2137398114748E-01
 0.0000000000000E+00 0.0000000000000E+00 0.0000000000000E+00 0.0000000000000E+00
 6.6034943565925E-03 0.0000000000000E+00 0.0000000000000E+00 0.0000000000000E+00
 0.0000000000000E+00 0.0000000000000E+00 0.0000000000000E+00 0.0000000000000E+00
 0.0000000000000E+00 0.0000000000000E+00 0.0000000000000E+00-1.2820636008000E-02
 0.0000000000000E+00 0.0000000000000E+00-4.1408635859000E-02 0.0000000000000E+00
 0.0000000000000E+00-1.3691254506890E+00 0.0000000000000E+00 0.0000000000000E+00
 0.0000000000000E+00 2.9572733197068E-02 0.0000000000000E+00 0.0000000000000E+00
 0.0000000000000E+00 0.0000000000000E+00-4.2137398114748E-01 0.0000000000000E+00
 0.0000000000000E+00 0.0000000000000E+00 0.0000000000000E+00-6.6034943565925E-03
 0.0000000000000E+00 0.0000000000000E+00 0.0000000000000E+00 0.0000000000000E+00
 0.0000000000000E+00 0.0000000000000E+00 0.0000000000000E+00 0.0000000000000E+00
 0.0000000000000E+00 0.0000000000000E+00 3.3957438940000E-02 0.0000000000000E+00
 0.0000000000000E+00 8.1165522437000E-02 0.0000000000000E+00 0.0000000000000E+00
 2.3807359515330E+00 0.0000000000000E+00 0.0000000000000E+00 1.4472909362680E+00
 0.0000000000000E+00 0.0000000000000E+00 0.0000000000000E+00-3.6831579110281E-02
 0.0000000000000E+00 0.0000000000000E+00 0.0000000000000E+00 0.0000000000000E+00
 4.5761751888475E-01 0.0000000000000E+00 0.0000000000000E+00 0.0000000000000E+00
 0.0000000000000E+00 1.5318741292827E+00 0.0000000000000E+00 0.0000000000000E+00
 0.0000000000000E+00 0.0000000000000E+00-4.7747852700583E-03 0.0000000000000E+00
 0.0000000000000E+00 0.0000000000000E+00-5.2704627669473E-14 0.0000000000000E+00
 0.0000000000000E+00 2.7518570720166E-01 0.0000000000000E+00 0.0000000000000E+00
 0.0000000000000E+00 0.0000000000000E+00 0.0000000000000E+00 0.0000000000000E+00
 4.5051312237526E-03 0.0000000000000E+00 0.0000000000000E+00 0.0000000000000E+00
 0.0000000000000E+00 0.0000000000000E+00 0.0000000000000E+00 0.0000000000000E+00
 0.0000000000000E+00 0.0000000000000E+00 0.0000000000000E+00 0.0000000000000E+00
 0.0000000000000E+00-3.3957438940000E-02 0.0000000000000E+00 0.0000000000000E+00
-8.1165522437000E-02 0.0000000000000E+00 0.0000000000000E+00-2.3807359515330E+00
 0.0000000000000E+00 0.0000000000000E+00-1.4472909362680E+00 0.0000000000000E+00
 0.0000000000000E+00 0.0000000000000E+00-3.6831579110281E-02 0.0000000000000E+00
 0.0000000000000E+00 0.0000000000000E+00 0.0000000000000E+00 4.5761751888475E-01
 0.0000000000000E+00 0.0000000000000E+00 0.0000000000000E+00 0.0000000000000E+00
 1.5318741292827E+00 0.0000000000000E+00 0.0000000000000E+00 0.0000000000000E+00
 0.0000000000000E+00 4.7747852700583E-03 0.0000000000000E+00 0.0000000000000E+00
 0.0000000000000E+00 5.2704627669473E-14 0.0000000000000E+00 0.0000000000000E+00
-2.7518570720166E-01 0.0000000000000E+00 0.0000000000000E+00 0.0000000000000E+00
 0.0000000000000E+00 0.0000000000000E+00 0.0000000000000E+00 4.5051312237526E-03
 0.0000000000000E+00 0.0000000000000E+00 0.0000000000000E+00 0.0000000000000E+00
 0.0000000000000E+00 0.0000000000000E+00 0.0000000000000E+00 0.0000000000000E+00
 0.0000000000000E+00 0.0000000000000E+00 0.0000000000000E+00 1.2820636008000E-02
 0.0000000000000E+00 0.0000000000000E+00 4.1408635859000E-02 0.0000000000000E+00
 0.0000000000000E+00 1.3691254506890E+00 0.0000000000000E+00 0.0000000000000E+00
 0.0000000000000E+00 2.9572733197068E-02 0.0000000000000E+00 0.0000000000000E+00
 0.0000000000000E+00 0.0000000000000E+00-4.2137398114748E-01 0.0000000000000E+00
 0.0000000000000E+00 0.0000000000000E+00 0.0000000000000E+00 6.6034943565925E-03
 0.0000000000000E+00 0.0000000000000E+00 0.0000000000000E+00 0.0000000000000E+00
 3.7639011825000E-02-1.0785070238700E-01-3.1720750111930E+00 1.6732462941950E+00
 0.0000000000000E+00 0.0000000000000E+00 4.4264893039000E-02 0.0000000000000E+00
 0.0000000000000E+00-4.9476549979700E-01 0.0000000000000E+00 0.0000000000000E+00
 5.1541536674000E-01-1.6835093766500E-02 0.0000000000000E+00 0.0000000000000E+00
 0.0000000000000E+00 0.0000000000000E+00-3.0124353490500E-02 0.0000000000000E+00
 0.0000000000000E+00 0.0000000000000E+00 0.0000000000000E+00-3.3217821740000E-03
 0.0000000000000E+00 0.0000000000000E+00 0.0000000000000E+00 0.0000000000000E+00
 0.0000000000000E+00 0.0000000000000E+00-2.1602162920000E-03-6.3740048246000E-02
-9.5052920455000E-01 6.9394351833520E+00 1.0884820129135E+01 0.0000000000000E+00
 0.0000000000000E+00-9.0228711042000E-02 0.0000000000000E+00 0.0000000000000E+00
-1.9272153460000E-02 0.0000000000000E+00 0.0000000000000E+00 3.2801914449290E+00
 0.0000000000000E+00 0.0000000000000E+00 3.6827800109360E+00-1.0239551048500E-02
 0.0000000000000E+00 0.0000000000000E+00 0.0000000000000E+00 0.0000000000000E+00
 4.3191100723050E-01 0.0000000000000E+00 0.0000000000000E+00 0.0000000000000E+00
 0.0000000000000E+00 1.3686608483905E+00 0.0000000000000E+00 0.0000000000000E+00
 0.0000000000000E+00 0.0000000000000E+00 1.9130964799000E-02 0.0000000000000E+00
 0.0000000000000E+00 0.0000000000000E+00 0.0000000000000E+00 0.0000000000000E+00
 0.0000000000000E+00-2.6599901546000E-02 0.0000000000000E+00 0.0000000000000E+00
 0.0000000000000E+00 0.0000000000000E+00 0.0000000000000E+00 0.0000000000000E+00
 7.7418713645000E-02 0.0000000000000E+00 0.0000000000000E+00 0.0000000000000E+00
 0.0000000000000E+00 0.0000000000000E+00 0.0000000000000E+00-7.0429521227376E-15
 0.0000000000000E+00 2.1602162920000E-03 6.3740048246000E-02 9.5052920455000E-01
-6.9394351833520E+00-1.0884820129135E+01 0.0000000000000E+00 0.0000000000000E+00
-9.0228711042000E-02 0.0000000000000E+00 0.0000000000000E+00-1.9272153460000E-02
 0.0000000000000E+00 0.0000000000000E+00 3.2801914449290E+00 0.0000000000000E+00
 0.0000000000000E+00 3.6827800109360E+00 1.0239551048500E-02 0.0000000000000E+00
 0.0000000000000E+00 0.0000000000000E+00 0.0000000000000E+00-4.3191100723050E-01
 0.0000000000000E+00 0.0000000000000E+00 0.0000000000000E+00 0.0000000000000E+00
-1.3686608483905E+00 0.0000000000000E+00 0.0000000000000E+00 0.0000000000000E+00
 0.0000000000000E+00 1.9130964799000E-02 0.0000000000000E+00 0.0000000000000E+00
 0.0000000000000E+00 0.0000000000000E+00 0.0000000000000E+00 0.0000000000000E+00
-2.6599901546000E-02 0.0000000000000E+00 0.0000000000000E+00 0.0000000000000E+00
 0.0000000000000E+00 0.0000000000000E+00 0.0000000000000E+00-7.7418713645000E-02
 0.0000000000000E+00 0.0000000000000E+00 0.0000000000000E+00 0.0000000000000E+00
 0.0000000000000E+00 0.0000000000000E+00 7.0429521227376E-15 0.0000000000000E+00
-3.7639011825000E-02 1.0785070238700E-01 3.1720750111930E+00-1.6732462941950E+00
 0.0000000000000E+00 0.0000000000000E+00 4.4264893039000E-02 0.0000000000000E+00
 0.0000000000000E+00-4.9476549979700E-01 0.0000000000000E+00 0.0000000000000E+00
 5.1541536674000E-01 1.6835093766500E-02 0.0000000000000E+00 0.0000000000000E+00
 0.0000000000000E+00 0.0000000000000E+00 3.0124353490500E-02 0.0000000000000E+00
 0.0000000000000E+00 0.0000000000000E+00 0.0000000000000E+00-3.3217821740000E-03
 0.0000000000000E+00 0.0000000000000E+00 0.0000000000000E+00 0.0000000000000E+00
 0.0000000000000E+00 0.0000000000000E+00-5.1132389145000E-02 3.5396250152700E-01
 1.8393753296024E+01 7.2982588073100E-01 0.0000000000000E+00 0.0000000000000E+00
-5.6437572399000E-02 0.0000000000000E+00 0.0000000000000E+00 8.8142781781900E-01
 0.0000000000000E+00 0.0000000000000E+00 7.6957266263200E+00-1.1596286065000E-03
 0.0000000000000E+00 0.0000000000000E+00 0.0000000000000E+00 0.0000000000000E+00
 3.6418084806950E-01 0.0000000000000E+00 0.0000000000000E+00 0.0000000000000E+00
 0.0000000000000E+00 3.7602009377000E-02 0.0000000000000E+00 0.0000000000000E+00
 0.0000000000000E+00 0.0000000000000E+00 0.0000000000000E+00 0.0000000000000E+00
-4.2947181936000E-02-1.5414838936100E-01 1.2733551873460E+00-1.1939056908841E+01
-1.9605112055988E+01 0.0000000000000E+00 0.0000000000000E+00 4.8301270415000E-02
 0.0000000000000E+00 0.0000000000000E+00-1.5248646413000E-02 0.0000000000000E+00
 0.0000000000000E+00 1.0528280293808E+01 0.0000000000000E+00 0.0000000000000E+00
-3.4963918160090E+00 1.7559802240000E-02 0.0000000000000E+00 0.0000000000000E+00
 0.0000000000000E+00 0.0000000000000E+00-6.3042928572400E-01 0.0000000000000E+00
 0.0000000000000E+00 0.0000000000000E+00 0.0000000000000E+00-2.0401291443845E+00
 0.0000000000000E+00 0.0000000000000E+00 0.0000000000000E+00 0.0000000000000E+00
-4.2120929510000E-03 0.0000000000000E+00 0.0000000000000E+00 0.0000000000000E+00
 0.0000000000000E+00 0.0000000000000E+00 0.0000000000000E+00 4.9695059488100E-01
 0.0000000000000E+00 0.0000000000000E+00 0.0000000000000E+00 0.0000000000000E+00
 0.0000000000000E+00 0.0000000000000E+00-1.1905082444200E-01 0.0000000000000E+00
 0.0000000000000E+00 0.0000000000000E+00 0.0000000000000E+00 0.0000000000000E+00
 0.0000000000000E+00 7.0429521227376E-15 0.0000000000000E+00 4.2947181936000E-02
 1.5414838936100E-01-1.2733551873460E+00 1.1939056908841E+01 1.9605112055988E+01
 0.0000000000000E+00 0.0000000000000E+00 4.8301270415000E-02 0.0000000000000E+00
 0.0000000000000E+00-1.5248646413000E-02 0.0000000000000E+00 0.0000000000000E+00
 1.0528280293808E+01 0.0000000000000E+00 0.0000000000000E+00-3.4963918160090E+00
-1.7559802240000E-02 0.0000000000000E+00 0.0000000000000E+00 0.0000000000000E+00
 0.0000000000000E+00 6.3042928572400E-01 0.0000000000000E+00 0.0000000000000E+00
 0.0000000000000E+00 0.0000000000000E+00 2.0401291443845E+00 0.0000000000000E+00
 0.0000000000000E+00 0.0000000000000E+00 0.0000000000000E+00-4.2120929510000E-03
 0.0000000000000E+00 0.0000000000000E+00 0.0000000000000E+00 0.0000000000000E+00
 0.0000000000000E+00 0.0000000000000E+00 4.9695059488100E-01 0.0000000000000E+00
 0.0000000000000E+00 0.0000000000000E+00 0.0000000000000E+00 0.0000000000000E+00
 0.0000000000000E+00 1.1905082444200E-01 0.0000000000000E+00 0.0000000000000E+00
 0.0000000000000E+00 0.0000000000000E+00 0.0000000000000E+00 0.0000000000000E+00
-7.0429521227376E-15 0.0000000000000E+00 5.1132389145000E-02-3.5396250152700E-01
-1.8393753296024E+01-7.2982588073100E-01 0.0000000000000E+00 0.0000000000000E+00
-5.6437572399000E-02 0.0000000000000E+00 0.0000000000000E+00 8.8142781781900E-01
 0.0000000000000E+00 0.0000000000000E+00 7.6957266263200E+00 1.1596286065000E-03
 0.0000000000000E+00 0.0000000000000E+00 0.0000000000000E+00 0.0000000000000E+00
-3.6418084806950E-01 0.0000000000000E+00 0.0000000000000E+00 0.0000000000000E+00
 0.0000000000000E+00 3.7602009377000E-02 0.0000000000000E+00 0.0000000000000E+00
 0.0000000000000E+00 0.0000000000000E+00 0.0000000000000E+00 0.0000000000000E+00
 0.0000000000000E+00 0.0000000000000E+00 0.0000000000000E+00 0.0000000000000E+00
 0.0000000000000E+00 2.7134661871000E-02 0.0000000000000E+00 0.0000000000000E+00
-1.5783006018600E-01 0.0000000000000E+00 0.0000000000000E+00 2.1704494745670E+00
 0.0000000000000E+00 0.0000000000000E+00 0.0000000000000E+00-2.2336127018873E-02
 0.0000000000000E+00 0.0000000000000E+00 0.0000000000000E+00 0.0000000000000E+00
 3.7308989690841E-01 0.0000000000000E+00 0.0000000000000E+00 0.0000000000000E+00
 0.0000000000000E+00 1.4116223823298E-02 0.0000000000000E+00 0.0000000000000E+00
 0.0000000000000E+00 0.0000000000000E+00 0.0000000000000E+00 0.0000000000000E+00
 0.0000000000000E+00 0.0000000000000E+00 0.0000000000000E+00 0.0000000000000E+00
 1.2024213855300E-01 0.0000000000000E+00 0.0000000000000E+00 1.4231462854100E-01
 0.0000000000000E+00 0.0000000000000E+00 3.2138596069730E+00 0.0000000000000E+00
 0.0000000000000E+00 1.8881731314030E+00 0.0000000000000E+00 0.0000000000000E+00
 0.0000000000000E+00-2.3447388768002E-02 0.0000000000000E+00 0.0000000000000E+00
 0.0000000000000E+00 0.0000000000000E+00 5.2059025042783E-01 0.0000000000000E+00
 0.0000000000000E+00 0.0000000000000E+00 0.0000000000000E+00 8.8929949246645E+00
 0.0000000000000E+00 0.0000000000000E+00 0.0000000000000E+00 0.0000000000000E+00
-1.0278992665383E-03 0.0000000000000E+00 0.0000000000000E+00 0.0000000000000E+00
-1.0540925533895E-13 0.0000000000000E+00 0.0000000000000E+00 1.2800999446796E-01
 0.0000000000000E+00 0.0000000000000E+00 0.0000000000000E+00 2.1081851067789E-13
 0.0000000000000E+00 0.0000000000000E+00 2.9070124431485E-02 0.0000000000000E+00
 0.0000000000000E+00 0.0000000000000E+00-1.9920476822240E-14 0.0000000000000E+00
 0.0000000000000E+00 0.0000000000000E+00 0.0000000000000E+00 0.0000000000000E+00
 0.0000000000000E+00 0.0000000000000E+00 0.0000000000000E+00-1.2024213855300E-01
 0.0000000000000E+00 0.0000000000000E+00-1.4231462854100E-01 0.0000000000000E+00
 0.0000000000000E+00-3.2138596069730E+00 0.0000000000000E+00 0.0000000000000E+00
-1.8881731314030E+00 0.0000000000000E+00 0.0000000000000E+00 0.0000000000000E+00
-2.3447388768002E-02 0.0000000000000E+00 0.0000000000000E+00 0.0000000000000E+00
 0.0000000000000E+00 5.2059025042783E-01 0.0000000000000E+00 0.0000000000000E+00
 0.0000000000000E+00 0.0000000000000E+00 8.8929949246645E+00 0.0000000000000E+00
 0.0000000000000E+00 0.0000000000000E+00 0.0000000000000E+00 1.0278992665383E-03
 0.0000000000000E+00 0.0000000000000E+00 0.0000000000000E+00 1.0540925533895E-13
 0.0000000000000E+00 0.0000000000000E+00-1.2800999446796E-01 0.0000000000000E+00
 0.0000000000000E+00 0.0000000000000E+00-2.1081851067789E-13 0.0000000000000E+00
 0.0000000000000E+00 2.9070124431485E-02 0.0000000000000E+00 0.0000000000000E+00
 0.0000000000000E+00-1.9920476822240E-14 0.0000000000000E+00 0.0000000000000E+00
 0.0000000000000E+00 0.0000000000000E+00 0.0000000000000E+00 0.0000000000000E+00
 0.0000000000000E+00-2.7134661871000E-02 0.0000000000000E+00 0.0000000000000E+00
 1.5783006018600E-01 0.0000000000000E+00 0.0000000000000E+00-2.1704494745670E+00
 0.0000000000000E+00 0.0000000000000E+00 0.0000000000000E+00-2.2336127018873E-02
 0.0000000000000E+00 0.0000000000000E+00 0.0000000000000E+00 0.0000000000000E+00
 3.7308989690841E-01 0.0000000000000E+00 0.0000000000000E+00 0.0000000000000E+00
 0.0000000000000E+00-1.4116223823298E-02 0.0000000000000E+00 0.0000000000000E+00
 0.0000000000000E+00 0.0000000000000E+00 0.0000000000000E+00 0.0000000000000E+00
 0.0000000000000E+00 0.0000000000000E+00 2.7134661871000E-02 0.0000000000000E+00
 0.0000000000000E+00-1.5783006018600E-01 0.0000000000000E+00 0.0000000000000E+00
 2.1704494745660E+00 0.0000000000000E+00 0.0000000000000E+00 0.0000000000000E+00
-2.2336127018873E-02 0.0000000000000E+00 0.0000000000000E+00 0.0000000000000E+00
 0.0000000000000E+00 3.7308989690841E-01 0.0000000000000E+00 0.0000000000000E+00
 0.0000000000000E+00 0.0000000000000E+00 1.4116223823298E-02 0.0000000000000E+00
 0.0000000000000E+00 0.0000000000000E+00 0.0000000000000E+00 0.0000000000000E+00
 0.0000000000000E+00 0.0000000000000E+00 0.0000000000000E+00 0.0000000000000E+00
 0.0000000000000E+00 1.2024213855300E-01 0.0000000000000E+00 0.0000000000000E+00
 1.4231462854200E-01 0.0000000000000E+00 0.0000000000000E+00 3.2138596069720E+00
 0.0000000000000E+00 0.0000000000000E+00 1.8881731314030E+00 0.0000000000000E+00
 0.0000000000000E+00 0.0000000000000E+00-2.3447388768002E-02 0.0000000000000E+00
 0.0000000000000E+00 0.0000000000000E+00 0.0000000000000E+00 5.2059025042783E-01
 0.0000000000000E+00 0.0000000000000E+00 0.0000000000000E+00 0.0000000000000E+00
 8.8929949246627E+00 0.0000000000000E+00 0.0000000000000E+00 0.0000000000000E+00
 0.0000000000000E+00-1.0278992665383E-03 0.0000000000000E+00 0.0000000000000E+00
 0.0000000000000E+00 1.0540925533895E-13 0.0000000000000E+00 0.0000000000000E+00
 1.2800999446755E-01 0.0000000000000E+00 0.0000000000000E+00 0.0000000000000E+00
-2.1081851067789E-13 0.0000000000000E+00 0.0000000000000E+00 2.9070124431485E-02
 0.0000000000000E+00 0.0000000000000E+00 0.0000000000000E+00 1.9920476822240E-14
 0.0000000000000E+00 0.0000000000000E+00 0.0000000000000E+00 0.0000000000000E+00
 0.0000000000000E+00 0.0000000000000E+00 0.0000000000000E+00 0.0000000000000E+00
-1.2024213855300E-01 0.0000000000000E+00 0.0000000000000E+00-1.4231462854200E-01
 0.0000000000000E+00 0.0000000000000E+00-3.2138596069720E+00 0.0000000000000E+00
 0.0000000000000E+00-1.8881731314030E+00 0.0000000000000E+00 0.0000000000000E+00
 0.0000000000000E+00-2.3447388768002E-02 0.0000000000000E+00 0.0000000000000E+00
 0.0000000000000E+00 0.0000000000000E+00 5.2059025042783E-01 0.0000000000000E+00
 0.0000000000000E+00 0.0000000000000E+00 0.0000000000000E+00 8.8929949246627E+00
 0.0000000000000E+00 0.0000000000000E+00 0.0000000000000E+00 0.0000000000000E+00
 1.0278992665383E-03 0.0000000000000E+00 0.0000000000000E+00 0.0000000000000E+00
-1.0540925533895E-13 0.0000000000000E+00 0.0000000000000E+00-1.2800999446755E-01
 0.0000000000000E+00 0.0000000000000E+00 0.0000000000000E+00 2.1081851067789E-13
 0.0000000000000E+00 0.0000000000000E+00 2.9070124431485E-02 0.0000000000000E+00
 0.0000000000000E+00 0.0000000000000E+00 1.9920476822240E-14 0.0000000000000E+00
 0.0000000000000E+00 0.0000000000000E+00 0.0000000000000E+00 0.0000000000000E+00
 0.0000000000000E+00 0.0000000000000E+00-2.7134661871000E-02 0.0000000000000E+00
 0.0000000000000E+00 1.5783006018600E-01 0.0000000000000E+00 0.0000000000000E+00
-2.1704494745660E+00 0.0000000000000E+00 0.0000000000000E+00 0.0000000000000E+00
-2.2336127018873E-02 0.0000000000000E+00 0.0000000000000E+00 0.0000000000000E+00
 0.0000000000000E+00 3.7308989690841E-01 0.0000000000000E+00 0.0000000000000E+00
 0.0000000000000E+00 0.0000000000000E+00-1.4116223823298E-02 0.0000000000000E+00
 0.0000000000000E+00 0.0000000000000E+00 0.0000000000000E+00 0.0000000000000E+00
-3.6683605840000E-03-3.1199378346400E-01-1.2178727106265E+01-3.4520202626480E+00
 0.0000000000000E+00 0.0000000000000E+00 1.6152877754000E-02 0.0000000000000E+00
 0.0000000000000E+00-3.6289542668700E-01 0.0000000000000E+00 0.0000000000000E+00
-5.7353079164940E+00 6.4951752470000E-03 0.0000000000000E+00 0.0000000000000E+00
 0.0000000000000E+00 0.0000000000000E+00-2.7864360891750E-01 0.0000000000000E+00
 0.0000000000000E+00 0.0000000000000E+00 0.0000000000000E+00-4.6552884406000E-02
 0.0000000000000E+00 0.0000000000000E+00 0.0000000000000E+00 0.0000000000000E+00
 0.0000000000000E+00 0.0000000000000E+00-1.2740921241000E-02 9.2234578848000E-02
-5.9737792434900E-01 7.8250940572470E+00 6.7959407699910E+00 0.0000000000000E+00
 0.0000000000000E+00-6.1023952382000E-02 0.0000000000000E+00 0.0000000000000E+00
-3.5486675319900E-01 0.0000000000000E+00 0.0000000000000E+00-6.3035040367120E+00
 0.0000000000000E+00 0.0000000000000E+00-3.4538245467980E+00-2.4677212539500E-02
 0.0000000000000E+00 0.0000000000000E+00 0.0000000000000E+00 0.0000000000000E+00
 2.7820502835550E-01 0.0000000000000E+00 0.0000000000000E+00 0.0000000000000E+00
 0.0000000000000E+00 1.1875802019660E+00 0.0000000000000E+00 0.0000000000000E+00
 0.0000000000000E+00 0.0000000000000E+00-3.3819018934000E-02 0.0000000000000E+00
 0.0000000000000E+00 0.0000000000000E+00 0.0000000000000E+00 0.0000000000000E+00
 0.0000000000000E+00-3.5264891662200E-01 0.0000000000000E+00 0.0000000000000E+00
 0.0000000000000E+00 0.0000000000000E+00 0.0000000000000E+00 0.0000000000000E+00
 4.1672230431000E-02 0.0000000000000E+00 0.0000000000000E+00 0.0000000000000E+00
 0.0000000000000E+00 0.0000000000000E+00 0.0000000000000E+00-7.0429521227376E-15
 0.0000000000000E+00-1.2740921241000E-02 9.2234578848000E-02-5.9737792434900E-01
 7.8250940572470E+00 6.7959407699910E+00 0.0000000000000E+00 0.0000000000000E+00
 6.1023952382000E-02 0.0000000000000E+00 0.0000000000000E+00 3.5486675319900E-01
 0.0000000000000E+00 0.0000000000000E+00 6.3035040367120E+00 0.0000000000000E+00
 0.0000000000000E+00 3.4538245467980E+00-2.4677212539500E-02 0.0000000000000E+00
 0.0000000000000E+00 0.0000000000000E+00 0.0000000000000E+00 2.7820502835550E-01
 0.0000000000000E+00 0.0000000000000E+00 0.0000000000000E+00 0.0000000000000E+00
 1.1875802019660E+00 0.0000000000000E+00 0.0000000000000E+00 0.0000000000000E+00
 0.0000000000000E+00 3.3819018934000E-02 0.0000000000000E+00 0.0000000000000E+00
 0.0000000000000E+00 0.0000000000000E+00 0.0000000000000E+00 0.0000000000000E+00
 3.5264891662200E-01 0.0000000000000E+00 0.0000000000000E+00 0.0000000000000E+00
 0.0000000000000E+00 0.0000000000000E+00 0.0000000000000E+00 4.1672230431000E-02
 0.0000000000000E+00 0.0000000000000E+00 0.0000000000000E+00 0.0000000000000E+00
 0.0000000000000E+00 0.0000000000000E+00-7.0429521227376E-15 0.0000000000000E+00
-3.6683605840000E-03-3.1199378346400E-01-1.2178727106265E+01-3.4520202626480E+00
 0.0000000000000E+00 0.0000000000000E+00-1.6152877754000E-02 0.0000000000000E+00
 0.0000000000000E+00 3.6289542668700E-01 0.0000000000000E+00 0.0000000000000E+00
 5.7353079164940E+00 6.4951752470000E-03 0.0000000000000E+00 0.0000000000000E+00
 0.0000000000000E+00 0.0000000000000E+00-2.7864360891750E-01 0.0000000000000E+00
 0.0000000000000E+00 0.0000000000000E+00 0.0000000000000E+00 4.6552884406000E-02
 0.0000000000000E+00 0.0000000000000E+00 0.0000000000000E+00 0.0000000000000E+00
 0.0000000000000E+00 0.0000000000000E+00 0.0000000000000E+00 0.0000000000000E+00
 0.0000000000000E+00 0.0000000000000E+00 0.0000000000000E+00 1.5801985875000E-02
 0.0000000000000E+00 0.0000000000000E+00-5.3185890231000E-02 0.0000000000000E+00
 0.0000000000000E+00 2.0518426453820E+00 0.0000000000000E+00 0.0000000000000E+00
 0.0000000000000E+00-2.8533740039860E-02 0.0000000000000E+00 0.0000000000000E+00
 0.0000000000000E+00 0.0000000000000E+00 5.1342040788699E-01 0.0000000000000E+00
 0.0000000000000E+00 0.0000000000000E+00 0.0000000000000E+00 1.6326106322683E-02
 0.0000000000000E+00 0.0000000000000E+00 0.0000000000000E+00 0.0000000000000E+00
 0.0000000000000E+00 0.0000000000000E+00 0.0000000000000E+00 0.0000000000000E+00
 0.0000000000000E+00 0.0000000000000E+00-5.0730145912000E-02 0.0000000000000E+00
 0.0000000000000E+00 2.2284885752000E-02 0.0000000000000E+00 0.0000000000000E+00
-1.4523833561030E+00 0.0000000000000E+00 0.0000000000000E+00-1.9527843396100E-01
 0.0000000000000E+00 0.0000000000000E+00 0.0000000000000E+00 2.1371278597166E-02
 0.0000000000000E+00 0.0000000000000E+00 0.0000000000000E+00 0.0000000000000E+00
 3.2800373837498E-01 0.0000000000000E+00 0.0000000000000E+00 0.0000000000000E+00
 0.0000000000000E+00 2.9809900327157E+00 0.0000000000000E+00 0.0000000000000E+00
 0.0000000000000E+00 0.0000000000000E+00 1.6735775444980E-03 0.0000000000000E+00
 0.0000000000000E+00 0.0000000000000E+00 0.0000000000000E+00 0.0000000000000E+00
 0.0000000000000E+00-1.3616405652429E-01 0.0000000000000E+00 0.0000000000000E+00
 0.0000000000000E+00-5.2704627669473E-14 0.0000000000000E+00 0.0000000000000E+00
 1.1781443325573E-02 0.0000000000000E+00 0.0000000000000E+00 0.0000000000000E+00
 0.0000000000000E+00 0.0000000000000E+00 0.0000000000000E+00 0.0000000000000E+00
 0.0000000000000E+00 0.0000000000000E+00 0.0000000000000E+00 0.0000000000000E+00
 0.0000000000000E+00-5.0730145912000E-02 0.0000000000000E+00 0.0000000000000E+00
 2.2284885752000E-02 0.0000000000000E+00 0.0000000000000E+00-1.4523833561030E+00
 0.0000000000000E+00 0.0000000000000E+00-1.9527843396100E-01 0.0000000000000E+00
 0.0000000000000E+00 0.0000000000000E+00-2.1371278597166E-02 0.0000000000000E+00
 0.0000000000000E+00 0.0000000000000E+00 0.0000000000000E+00-3.2800373837498E-01
 0.0000000000000E+00 0.0000000000000E+00 0.0000000000000E+00 0.0000000000000E+00
-2.9809900327157E+00 0.0000000000000E+00 0.0000000000000E+00 0.0000000000000E+00
 0.0000000000000E+00 1.6735775444980E-03 0.0000000000000E+00 0.0000000000000E+00
 0.0000000000000E+00 0.0000000000000E+00 0.0000000000000E+00 0.0000000000000E+00
-1.3616405652429E-01 0.0000000000000E+00 0.0000000000000E+00 0.0000000000000E+00
-5.2704627669473E-14 0.0000000000000E+00 0.0000000000000E+00-1.1781443325573E-02
 0.0000000000000E+00 0.0000000000000E+00 0.0000000000000E+00 0.0000000000000E+00
 0.0000000000000E+00 0.0000000000000E+00 0.0000000000000E+00 0.0000000000000E+00
 0.0000000000000E+00 0.0000000000000E+00 0.0000000000000E+00 1.5801985875000E-02
 0.0000000000000E+00 0.0000000000000E+00-5.3185890231000E-02 0.0000000000000E+00
 0.0000000000000E+00 2.0518426453820E+00 0.0000000000000E+00 0.0000000000000E+00
 0.0000000000000E+00 2.8533740039860E-02 0.0000000000000E+00 0.0000000000000E+00
 0.0000000000000E+00 0.0000000000000E+00-5.1342040788699E-01 0.0000000000000E+00
 0.0000000000000E+00 0.0000000000000E+00 0.0000000000000E+00 1.6326106322683E-02
 0.0000000000000E+00 0.0000000000000E+00 0.0000000000000E+00 0.0000000000000E+00
 0.0000000000000E+00 0.0000000000000E+00 0.0000000000000E+00 0.0000000000000E+00
-1.5801985875000E-02 0.0000000000000E+00 0.0000000000000E+00 5.3185890231000E-02
 0.0000000000000E+00 0.0000000000000E+00-2.0518426453820E+00 0.0000000000000E+00
 0.0000000000000E+00 0.0000000000000E+00 2.8533740039860E-02 0.0000000000000E+00
 0.0000000000000E+00 0.0000000000000E+00 0.0000000000000E+00-5.1342040788699E-01
 0.0000000000000E+00 0.0000000000000E+00 0.0000000000000E+00 0.0000000000000E+00
-1.6326106322683E-02 0.0000000000000E+00 0.0000000000000E+00 0.0000000000000E+00
 0.0000000000000E+00 0.0000000000000E+00 0.0000000000000E+00 0.0000000000000E+00
 0.0000000000000E+00 0.0000000000000E+00 0.0000000000000E+00 5.0730145912000E-02
 0.0000000000000E+00 0.0000000000000E+00-2.2284885752000E-02 0.0000000000000E+00
 0.0000000000000E+00 1.4523833561030E+00 0.0000000000000E+00 0.0000000000000E+00
 1.9527843396100E-01 0.0000000000000E+00 0.0000000000000E+00 0.0000000000000E+00
-2.1371278597166E-02 0.0000000000000E+00 0.0000000000000E+00 0.0000000000000E+00
 0.0000000000000E+00-3.2800373837498E-01 0.0000000000000E+00 0.0000000000000E+00
 0.0000000000000E+00 0.0000000000000E+00-2.9809900327157E+00 0.0000000000000E+00
 0.0000000000000E+00 0.0000000000000E+00 0.0000000000000E+00-1.6735775444980E-03
 0.0000000000000E+00 0.0000000000000E+00 0.0000000000000E+00 0.0000000000000E+00
 0.0000000000000E+00 0.0000000000000E+00 1.3616405652429E-01 0.0000000000000E+00
 0.0000000000000E+00 0.0000000000000E+00-5.2704627669473E-14 0.0000000000000E+00
 0.0000000000000E+00-1.1781443325573E-02 0.0000000000000E+00 0.0000000000000E+00
 0.0000000000000E+00 0.0000000000000E+00 0.0000000000000E+00 0.0000000000000E+00
 0.0000000000000E+00 0.0000000000000E+00 0.0000000000000E+00 0.0000000000000E+00
 0.0000000000000E+00 0.0000000000000E+00 5.0730145912000E-02 0.0000000000000E+00
 0.0000000000000E+00-2.2284885752000E-02 0.0000000000000E+00 0.0000000000000E+00
 1.4523833561030E+00 0.0000000000000E+00 0.0000000000000E+00 1.9527843396100E-01
 0.0000000000000E+00 0.0000000000000E+00 0.0000000000000E+00 2.1371278597166E-02
 0.0000000000000E+00 0.0000000000000E+00 0.0000000000000E+00 0.0000000000000E+00
 3.2800373837498E-01 0.0000000000000E+00 0.0000000000000E+00 0.0000000000000E+00
 0.0000000000000E+00 2.9809900327157E+00 0.0000000000000E+00 0.0000000000000E+00
 0.0000000000000E+00 0.0000000000000E+00-1.6735775444980E-03 0.0000000000000E+00
 0.0000000000000E+00 0.0000000000000E+00 0.0000000000000E+00 0.0000000000000E+00
 0.0000000000000E+00 1.3616405652429E-01 0.0000000000000E+00 0.0000000000000E+00
 0.0000000000000E+00-5.2704627669473E-14 0.0000000000000E+00 0.0000000000000E+00
 1.1781443325573E-02 0.0000000000000E+00 0.0000000000000E+00 0.0000000000000E+00
 0.0000000000000E+00 0.0000000000000E+00 0.0000000000000E+00 0.0000000000000E+00
 0.0000000000000E+00 0.0000000000000E+00 0.0000000000000E+00 0.0000000000000E+00
-1.5801985875000E-02 0.0000000000000E+00 0.0000000000000E+00 5.3185890231000E-02
 0.0000000000000E+00 0.0000000000000E+00-2.0518426453820E+00 0.0000000000000E+00
 0.0000000000000E+00 0.0000000000000E+00-2.8533740039860E-02 0.0000000000000E+00
 0.0000000000000E+00 0.0000000000000E+00 0.0000000000000E+00 5.1342040788699E-01
 0.0000000000000E+00 0.0000000000000E+00 0.0000000000000E+00 0.0000000000000E+00
-1.6326106322683E-02 0.0000000000000E+00 0.0000000000000E+00 0.0000000000000E+00
 0.0000000000000E+00 0.0000000000000E+00 2.6479749818000E-02 5.3329416218000E-02
-3.6340315777700E+00 7.2063400399820E+00 0.0000000000000E+00 0.0000000000000E+00
 4.1498258750000E-03 0.0000000000000E+00 0.0000000000000E+00-4.5145654340300E-01
 0.0000000000000E+00 0.0000000000000E+00 1.2539888731300E-01-2.4442401667500E-02
 0.0000000000000E+00 0.0000000000000E+00 0.0000000000000E+00 0.0000000000000E+00
-1.1056616766650E-01 0.0000000000000E+00 0.0000000000000E+00 0.0000000000000E+00
 0.0000000000000E+00-3.1241610573000E-02 0.0000000000000E+00 0.0000000000000E+00
 0.0000000000000E+00 0.0000000000000E+00 0.0000000000000E+00 0.0000000000000E+00
 2.6018471724000E-02 2.1891100930600E-01-2.0867292435530E+00 2.5223889003944E+01
 5.8996936513874E+01 0.0000000000000E+00 0.0000000000000E+00 9.7272929294000E-02
 0.0000000000000E+00 0.0000000000000E+00 5.0500392536700E-01 0.0000000000000E+00
 0.0000000000000E+00 1.8875271735046E+01 0.0000000000000E+00 0.0000000000000E+00
 2.4442028205925E+01-5.1176086461500E-02 0.0000000000000E+00 0.0000000000000E+00
 0.0000000000000E+00 0.0000000000000E+00 9.4475940405350E-01 0.0000000000000E+00
 0.0000000000000E+00 0.0000000000000E+00 0.0000000000000E+00 4.1203672920430E+00
 0.0000000000000E+00 0.0000000000000E+00 0.0000000000000E+00 0.0000000000000E+00
 1.8923642497000E-02 0.0000000000000E+00 0.0000000000000E+00 0.0000000000000E+00
 0.0000000000000E+00 0.0000000000000E+00 0.0000000000000E+00 7.6991220484800E-01
 0.0000000000000E+00 0.0000000000000E+00 0.0000000000000E+00 0.0000000000000E+00
 0.0000000000000E+00 0.0000000000000E+00 1.3207059853700E-01 0.0000000000000E+00
 0.0000000000000E+00 0.0000000000000E+00 0.0000000000000E+00 0.0000000000000E+00
 0.0000000000000E+00 7.0429521227376E-15 0.0000000000000E+00-2.6018471724000E-02
-2.1891100930600E-01 2.0867292435530E+00-2.5223889003944E+01-5.8996936513874E+01
 0.0000000000000E+00 0.0000000000000E+00 9.7272929294000E-02 0.0000000000000E+00
 0.0000000000000E+00 5.0500392536700E-01 0.0000000000000E+00 0.0000000000000E+00
 1.8875271735046E+01 0.0000000000000E+00 0.0000000000000E+00 2.4442028205925E+01
 5.1176086461500E-02 0.0000000000000E+00 0.0000000000000E+00 0.0000000000000E+00
 0.0000000000000E+00-9.4475940405350E-01 0.0000000000000E+00 0.0000000000000E+00
 0.0000000000000E+00 0.0000000000000E+00-4.1203672920430E+00 0.0000000000000E+00
 0.0000000000000E+00 0.0000000000000E+00 0.0000000000000E+00 1.8923642497000E-02
 0.0000000000000E+00 0.0000000000000E+00 0.0000000000000E+00 0.0000000000000E+00
 0.0000000000000E+00 0.0000000000000E+00 7.6991220484800E-01 0.0000000000000E+00
 0.0000000000000E+00 0.0000000000000E+00 0.0000000000000E+00 0.0000000000000E+00
 0.0000000000000E+00-1.3207059853700E-01 0.0000000000000E+00 0.0000000000000E+00
 0.0000000000000E+00 0.0000000000000E+00 0.0000000000000E+00 0.0000000000000E+00
-7.0429521227376E-15 0.0000000000000E+00-2.6479749818000E-02-5.3329416218000E-02
 3.6340315777700E+00-7.2063400399820E+00 0.0000000000000E+00 0.0000000000000E+00
 4.1498258750000E-03 0.0000000000000E+00 0.0000000000000E+00-4.5145654340300E-01
 0.0000000000000E+00 0.0000000000000E+00 1.2539888731300E-01 2.4442401667500E-02
 0.0000000000000E+00 0.0000000000000E+00 0.0000000000000E+00 0.0000000000000E+00
 1.1056616766650E-01 0.0000000000000E+00 0.0000000000000E+00 0.0000000000000E+00
 0.0000000000000E+00-3.1241610573000E-02 0.0000000000000E+00 0.0000000000000E+00
 0.0000000000000E+00 0.0000000000000E+00 0.0000000000000E+00 0.0000000000000E+00
 0.0000000000000E+00 0.0000000000000E+00 0.0000000000000E+00 0.0000000000000E+00
 0.0000000000000E+00-3.6106475580000E-03 0.0000000000000E+00 0.0000000000000E+00
 3.7818622973000E-02 0.0000000000000E+00 0.0000000000000E+00-3.6336414372000E-01
 0.0000000000000E+00 0.0000000000000E+00 0.0000000000000E+00 8.3909619784188E-03
 0.0000000000000E+00 0.0000000000000E+00 0.0000000000000E+00 0.0000000000000E+00
-1.3834328362419E-01 0.0000000000000E+00 0.0000000000000E+00 0.0000000000000E+00
 0.0000000000000E+00-8.5604413612179E-03 0.0000000000000E+00 0.0000000000000E+00
 0.0000000000000E+00 0.0000000000000E+00 0.0000000000000E+00 0.0000000000000E+00
 0.0000000000000E+00 0.0000000000000E+00 0.0000000000000E+00 0.0000000000000E+00
-1.0678825816100E-01 0.0000000000000E+00 0.0000000000000E+00-8.1846722684000E-01
 0.0000000000000E+00 0.0000000000000E+00 1.3753427148700E+00 0.0000000000000E+00
 0.0000000000000E+00-4.1116739287700E-01 0.0000000000000E+00 0.0000000000000E+00
 0.0000000000000E+00 1.6599096019218E-02 0.0000000000000E+00 0.0000000000000E+00
 0.0000000000000E+00 0.0000000000000E+00-4.1945986798433E-01 0.0000000000000E+00
 0.0000000000000E+00 0.0000000000000E+00 0.0000000000000E+00-2.9337191195345E-01
 0.0000000000000E+00 0.0000000000000E+00 0.0000000000000E+00 0.0000000000000E+00
 8.6330460375689E-03 0.0000000000000E+00 0.0000000000000E+00 0.0000000000000E+00
 1.5811388300842E-13 0.0000000000000E+00 0.0000000000000E+00-3.3165237154533E-02
 0.0000000000000E+00 0.0000000000000E+00 0.0000000000000E+00 1.0540925533895E-13
 0.0000000000000E+00 0.0000000000000E+00 5.0249049949504E-04 0.0000000000000E+00
 0.0000000000000E+00 0.0000000000000E+00 1.9920476822240E-14 0.0000000000000E+00
 0.0000000000000E+00 0.0000000000000E+00 0.0000000000000E+00 0.0000000000000E+00
 0.0000000000000E+00 0.0000000000000E+00 0.0000000000000E+00-1.0678825816100E-01
 0.0000000000000E+00 0.0000000000000E+00-8.1846722684000E-01 0.0000000000000E+00
 0.0000000000000E+00 1.3753427148700E+00 0.0000000000000E+00 0.0000000000000E+00
-4.1116739287700E-01 0.0000000000000E+00 0.0000000000000E+00 0.0000000000000E+00
-1.6599096019218E-02 0.0000000000000E+00 0.0000000000000E+00 0.0000000000000E+00
 0.0000000000000E+00 4.1945986798433E-01 0.0000000000000E+00 0.0000000000000E+00
 0.0000000000000E+00 0.0000000000000E+00 2.9337191195345E-01 0.0000000000000E+00
 0.0000000000000E+00 0.0000000000000E+00 0.0000000000000E+00 8.6330460375689E-03
 0.0000000000000E+00 0.0000000000000E+00 0.0000000000000E+00 1.5811388300842E-13
 0.0000000000000E+00 0.0000000000000E+00-3.3165237154533E-02 0.0000000000000E+00
 0.0000000000000E+00 0.0000000000000E+00 1.0540925533895E-13 0.0000000000000E+00
 0.0000000000000E+00-5.0249049949504E-04 0.0000000000000E+00 0.0000000000000E+00
 0.0000000000000E+00-1.9920476822240E-14 0.0000000000000E+00 0.0000000000000E+00
 0.0000000000000E+00 0.0000000000000E+00 0.0000000000000E+00 0.0000000000000E+00
 0.0000000000000E+00-3.6106475580000E-03 0.0000000000000E+00 0.0000000000000E+00
 3.7818622973000E-02 0.0000000000000E+00 0.0000000000000E+00-3.6336414372000E-01
 0.0000000000000E+00 0.0000000000000E+00 0.0000000000000E+00-8.3909619784188E-03
 0.0000000000000E+00 0.0000000000000E+00 0.0000000000000E+00 0.0000000000000E+00
 1.3834328362419E-01 0.0000000000000E+00 0.0000000000000E+00 0.0000000000000E+00
 0.0000000000000E+00-8.5604413612179E-03 0.0000000000000E+00 0.0000000000000E+00
 0.0000000000000E+00 0.0000000000000E+00 0.0000000000000E+00 0.0000000000000E+00
 0.0000000000000E+00 0.0000000000000E+00-3.6106475580000E-03 0.0000000000000E+00
 0.0000000000000E+00 3.7818622973000E-02 0.0000000000000E+00 0.0000000000000E+00
-3.6336414372000E-01 0.0000000000000E+00 0.0000000000000E+00 0.0000000000000E+00
 8.3909619784188E-03 0.0000000000000E+00 0.0000000000000E+00 0.0000000000000E+00
 0.0000000000000E+00-1.3834328362419E-01 0.0000000000000E+00 0.0000000000000E+00
 0.0000000000000E+00 0.0000000000000E+00-8.5604413612179E-03 0.0000000000000E+00
 0.0000000000000E+00 0.0000000000000E+00 0.0000000000000E+00 0.0000000000000E+00
 0.0000000000000E+00 0.0000000000000E+00 0.0000000000000E+00 0.0000000000000E+00
 0.0000000000000E+00-1.0678825816100E-01 0.0000000000000E+00 0.0000000000000E+00
-8.1846722684000E-01 0.0000000000000E+00 0.0000000000000E+00 1.3753427148700E+00
 0.0000000000000E+00 0.0000000000000E+00-4.1116739287700E-01 0.0000000000000E+00
 0.0000000000000E+00 0.0000000000000E+00 1.6599096019218E-02 0.0000000000000E+00
 0.0000000000000E+00 0.0000000000000E+00 0.0000000000000E+00-4.1945986798433E-01
 0.0000000000000E+00 0.0000000000000E+00 0.0000000000000E+00 0.0000000000000E+00
-2.9337191195345E-01 0.0000000000000E+00 0.0000000000000E+00 0.0000000000000E+00
 0.0000000000000E+00 8.6330460375689E-03 0.0000000000000E+00 0.0000000000000E+00
 0.0000000000000E+00-1.5811388300842E-13 0.0000000000000E+00 0.0000000000000E+00
-3.3165237154533E-02 0.0000000000000E+00 0.0000000000000E+00 0.0000000000000E+00
-1.0540925533895E-13 0.0000000000000E+00 0.0000000000000E+00 5.0249049949504E-04
 0.0000000000000E+00 0.0000000000000E+00 0.0000000000000E+00-1.9920476822240E-14
 0.0000000000000E+00 0.0000000000000E+00 0.0000000000000E+00 0.0000000000000E+00
 0.0000000000000E+00 0.0000000000000E+00 0.0000000000000E+00 0.0000000000000E+00
-1.0678825816100E-01 0.0000000000000E+00 0.0000000000000E+00-8.1846722684000E-01
 0.0000000000000E+00 0.0000000000000E+00 1.3753427148700E+00 0.0000000000000E+00
 0.0000000000000E+00-4.1116739287700E-01 0.0000000000000E+00 0.0000000000000E+00
 0.0000000000000E+00-1.6599096019218E-02 0.0000000000000E+00 0.0000000000000E+00
 0.0000000000000E+00 0.0000000000000E+00 4.1945986798433E-01 0.0000000000000E+00
 0.0000000000000E+00 0.0000000000000E+00 0.0000000000000E+00 2.9337191195345E-01
 0.0000000000000E+00 0.0000000000000E+00 0.0000000000000E+00 0.0000000000000E+00
 8.6330460375689E-03 0.0000000000000E+00 0.0000000000000E+00 0.0000000000000E+00
-1.5811388300842E-13 0.0000000000000E+00 0.0000000000000E+00-3.3165237154533E-02
 0.0000000000000E+00 0.0000000000000E+00 0.0000000000000E+00-1.0540925533895E-13
 0.0000000000000E+00 0.0000000000000E+00-5.0249049949504E-04 0.0000000000000E+00
 0.0000000000000E+00 0.0000000000000E+00 1.9920476822240E-14 0.0000000000000E+00
 0.0000000000000E+00 0.0000000000000E+00 0.0000000000000E+00 0.0000000000000E+00
 0.0000000000000E+00 0.0000000000000E+00-3.6106475580000E-03 0.0000000000000E+00
 0.0000000000000E+00 3.7818622973000E-02 0.0000000000000E+00 0.0000000000000E+00
-3.6336414372000E-01 0.0000000000000E+00 0.0000000000000E+00 0.0000000000000E+00
-8.3909619784188E-03 0.0000000000000E+00 0.0000000000000E+00 0.0000000000000E+00
 0.0000000000000E+00 1.3834328362419E-01 0.0000000000000E+00 0.0000000000000E+00
 0.0000000000000E+00 0.0000000000000E+00-8.5604413612179E-03 0.0000000000000E+00
 0.0000000000000E+00 0.0000000000000E+00 0.0000000000000E+00 0.0000000000000E+00
 8.1370872859000E-02 1.3149573384800E-01-9.4171909171940E+00-2.2601305360460E+00
 0.0000000000000E+00 0.0000000000000E+00 8.6531516683000E-02 0.0000000000000E+00
 0.0000000000000E+00-9.7669223942400E-01 0.0000000000000E+00 0.0000000000000E+00
-3.3431368452510E+00-6.4658025700000E-03 0.0000000000000E+00 0.0000000000000E+00
 0.0000000000000E+00 0.0000000000000E+00-1.9648658301150E-01 0.0000000000000E+00
 0.0000000000000E+00 0.0000000000000E+00 0.0000000000000E+00-2.2857383062000E-02
 0.0000000000000E+00 0.0000000000000E+00 0.0000000000000E+00 0.0000000000000E+00
 0.0000000000000E+00 0.0000000000000E+00 6.9362324945000E-02 2.1626502890000E-02
-7.2069696485000E-02 7.9239987142200E+00 3.7352184615250E+00 0.0000000000000E+00
 0.0000000000000E+00 6.8197218090000E-03 0.0000000000000E+00 0.0000000000000E+00
 3.9496938204900E-01 0.0000000000000E+00 0.0000000000000E+00-5.8183212498620E+00
 0.0000000000000E+00 0.0000000000000E+00-4.2420339263130E+00-1.5187622806000E-02
 0.0000000000000E+00 0.0000000000000E+00 0.0000000000000E+00 0.0000000000000E+00
 4.0594401720100E-01 0.0000000000000E+00 0.0000000000000E+00 0.0000000000000E+00
 0.0000000000000E+00-1.3742964545600E-01 0.0000000000000E+00 0.0000000000000E+00
 0.0000000000000E+00 0.0000000000000E+00-1.3059866367000E-02 0.0000000000000E+00
 0.0000000000000E+00 0.0000000000000E+00 0.0000000000000E+00 0.0000000000000E+00
 0.0000000000000E+00-1.1553904521420E+00 0.0000000000000E+00 0.0000000000000E+00
 0.0000000000000E+00 0.0000000000000E+00 0.0000000000000E+00 0.0000000000000E+00
 2.6726370908000E-02 0.0000000000000E+00 0.0000000000000E+00 0.0000000000000E+00
 0.0000000000000E+00 0.0000000000000E+00 0.0000000000000E+00 0.0000000000000E+00
 0.0000000000000E+00 6.9362324945000E-02 2.1626502890000E-02-7.2069696485000E-02
 7.9239987142200E+00 3.7352184615250E+00 0.0000000000000E+00 0.0000000000000E+00
-6.8197218090000E-03 0.0000000000000E+00 0.0000000000000E+00-3.9496938204900E-01
 0.0000000000000E+00 0.0000000000000E+00 5.8183212498620E+00 0.0000000000000E+00
 0.0000000000000E+00 4.2420339263130E+00-1.5187622806000E-02 0.0000000000000E+00
 0.0000000000000E+00 0.0000000000000E+00 0.0000000000000E+00 4.0594401720100E-01
 0.0000000000000E+00 0.0000000000000E+00 0.0000000000000E+00 0.0000000000000E+00
-1.3742964545600E-01 0.0000000000000E+00 0.0000000000000E+00 0.0000000000000E+00
 0.0000000000000E+00 1.3059866367000E-02 0.0000000000000E+00 0.0000000000000E+00
 0.0000000000000E+00 0.0000000000000E+00 0.0000000000000E+00 0.0000000000000E+00
 1.1553904521420E+00 0.0000000000000E+00 0.0000000000000E+00 0.0000000000000E+00
 0.0000000000000E+00 0.0000000000000E+00 0.0000000000000E+00 2.6726370908000E-02
 0.0000000000000E+00 0.0000000000000E+00 0.0000000000000E+00 0.0000000000000E+00
 0.0000000000000E+00 0.0000000000000E+00 0.0000000000000E+00 0.0000000000000E+00
 8.1370872859000E-02 1.3149573384800E-01-9.4171909171940E+00-2.2601305360460E+00
 0.0000000000000E+00 0.0000000000000E+00-8.6531516683000E-02 0.0000000000000E+00
 0.0000000000000E+00 9.7669223942400E-01 0.0000000000000E+00 0.0000000000000E+00
 3.3431368452510E+00-6.4658025700000E-03 0.0000000000000E+00 0.0000000000000E+00
 0.0000000000000E+00 0.0000000000000E+00-1.9648658301150E-01 0.0000000000000E+00
 0.0000000000000E+00 0.0000000000000E+00 0.0000000000000E+00 2.2857383062000E-02
 0.0000000000000E+00 0.0000000000000E+00 0.0000000000000E+00 0.0000000000000E+00
 0.0000000000000E+00 0.0000000000000E+00 8.1155603567000E-02-1.3371786980800E-01
-1.9166938605400E+00-5.2750289533990E+00 0.0000000000000E+00 0.0000000000000E+00
 7.1764215727000E-02 0.0000000000000E+00 0.0000000000000E+00-8.1735093737900E-01
 0.0000000000000E+00 0.0000000000000E+00-4.3149147885700E-01-9.4787019685000E-03
 0.0000000000000E+00 0.0000000000000E+00 0.0000000000000E+00 0.0000000000000E+00
-9.0566218745000E-03 0.0000000000000E+00 0.0000000000000E+00 0.0000000000000E+00
 0.0000000000000E+00 1.7905725366000E-02 0.0000000000000E+00 0.0000000000000E+00
 0.0000000000000E+00 0.0000000000000E+00 0.0000000000000E+00 0.0000000000000E+00
 7.9977825440000E-03-2.7985007437000E-02 2.0347499026700E-01-9.6992255933520E+00
-4.2356995610423E+01 0.0000000000000E+00 0.0000000000000E+00 1.5202333958600E-01
 0.0000000000000E+00 0.0000000000000E+00 3.7229141216600E-01 0.0000000000000E+00
 0.0000000000000E+00-1.2863965631781E+01 0.0000000000000E+00 0.0000000000000E+00
-1.8870679491986E+01-1.7288244510000E-03 0.0000000000000E+00 0.0000000000000E+00
 0.0000000000000E+00 0.0000000000000E+00-1.0417159013450E-01 0.0000000000000E+00
 0.0000000000000E+00 0.0000000000000E+00 0.0000000000000E+00-2.0358697676405E+00
 0.0000000000000E+00 0.0000000000000E+00 0.0000000000000E+00 0.0000000000000E+00
 1.2578862856000E-02 0.0000000000000E+00 0.0000000000000E+00 0.0000000000000E+00
 0.0000000000000E+00 0.0000000000000E+00 0.0000000000000E+00-1.0319465500480E+00
 0.0000000000000E+00 0.0000000000000E+00 0.0000000000000E+00 0.0000000000000E+00
 0.0000000000000E+00 0.0000000000000E+00 4.5039295822000E-02 0.0000000000000E+00
 0.0000000000000E+00 0.0000000000000E+00 0.0000000000000E+00 0.0000000000000E+00
 0.0000000000000E+00 7.0429521227376E-15 0.0000000000000E+00-7.9977825440000E-03
 2.7985007437000E-02-2.0347499026700E-01 9.6992255933520E+00 4.2356995610423E+01
 0.0000000000000E+00 0.0000000000000E+00 1.5202333958600E-01 0.0000000000000E+00
 0.0000000000000E+00 3.7229141216600E-01 0.0000000000000E+00 0.0000000000000E+00
-1.2863965631781E+01 0.0000000000000E+00 0.0000000000000E+00-1.8870679491986E+01
 1.7288244510000E-03 0.0000000000000E+00 0.0000000000000E+00 0.0000000000000E+00
 0.0000000000000E+00 1.0417159013450E-01 0.0000000000000E+00 0.0000000000000E+00
 0.0000000000000E+00 0.0000000000000E+00 2.0358697676405E+00 0.0000000000000E+00
 0.0000000000000E+00 0.0000000000000E+00 0.0000000000000E+00 1.2578862856000E-02
 0.0000000000000E+00 0.0000000000000E+00 0.0000000000000E+00 0.0000000000000E+00
 0.0000000000000E+00 0.0000000000000E+00-1.0319465500480E+00 0.0000000000000E+00
 0.0000000000000E+00 0.0000000000000E+00 0.0000000000000E+00 0.0000000000000E+00
 0.0000000000000E+00-4.5039295822000E-02 0.0000000000000E+00 0.0000000000000E+00
 0.0000000000000E+00 0.0000000000000E+00 0.0000000000000E+00 0.0000000000000E+00
-7.0429521227376E-15 0.0000000000000E+00-8.1155603567000E-02 1.3371786980800E-01
 1.9166938605400E+00 5.2750289533990E+00 0.0000000000000E+00 0.0000000000000E+00
 7.1764215727000E-02 0.0000000000000E+00 0.0000000000000E+00-8.1735093737900E-01
 0.0000000000000E+00 0.0000000000000E+00-4.3149147885700E-01 9.4787019685000E-03
 0.0000000000000E+00 0.0000000000000E+00 0.0000000000000E+00 0.0000000000000E+00
 9.0566218745000E-03 0.0000000000000E+00 0.0000000000000E+00 0.0000000000000E+00
 0.0000000000000E+00 1.7905725366000E-02 0.0000000000000E+00 0.0000000000000E+00
 0.0000000000000E+00 0.0000000000000E+00 0.0000000000000E+00 0.0000000000000E+00
 0.0000000000000E+00 0.0000000000000E+00 0.0000000000000E+00 0.0000000000000E+00
 0.0000000000000E+00-1.0000000000000E-12 0.0000000000000E+00 0.0000000000000E+00
 2.0000000000000E-12 0.0000000000000E+00 0.0000000000000E+00 6.0000000000000E-12
 0.0000000000000E+00 0.0000000000000E+00 0.0000000000000E+00 0.0000000000000E+00
 0.0000000000000E+00 0.0000000000000E+00 0.0000000000000E+00 0.0000000000000E+00
-1.7320508075689E-12 0.0000000000000E+00 0.0000000000000E+00 0.0000000000000E+00
 0.0000000000000E+00 0.0000000000000E+00 0.0000000000000E+00 0.0000000000000E+00
 0.0000000000000E+00-1.4574359144314E-04 0.0000000000000E+00 0.0000000000000E+00
 0.0000000000000E+00 0.0000000000000E+00 0.0000000000000E+00 0.0000000000000E+00
-3.5000000000000E-11 0.0000000000000E+00 0.0000000000000E+00-6.0000000000000E-11
 0.0000000000000E+00 0.0000000000000E+00-1.1600000000000E-10 0.0000000000000E+00
 0.0000000000000E+00-3.6000000000000E-11 0.0000000000000E+00 0.0000000000000E+00
 0.0000000000000E+00-3.4641016151378E-12 0.0000000000000E+00 0.0000000000000E+00
 0.0000000000000E+00 0.0000000000000E+00-3.6373066958946E-11 0.0000000000000E+00
 0.0000000000000E+00 0.0000000000000E+00 0.0000000000000E+00 3.2908965343809E-11
 0.0000000000000E+00 0.0000000000000E+00 0.0000000000000E+00 0.0000000000000E+00
-8.1649658092773E-13 0.0000000000000E+00 0.0000000000000E+00 0.0000000000000E+00
-4.0619201105560E-03 0.0000000000000E+00 0.0000000000000E+00 1.6329931618555E-12
 0.0000000000000E+00 0.0000000000000E+00 0.0000000000000E+00 3.4790388106625E-02
 0.0000000000000E+00 0.0000000000000E+00 0.0000000000000E+00 0.0000000000000E+00
 0.0000000000000E+00 0.0000000000000E+00-2.1909492711478E-04 0.0000000000000E+00
 0.0000000000000E+00 0.0000000000000E+00 0.0000000000000E+00 0.0000000000000E+00
 0.0000000000000E+00 0.0000000000000E+00 0.0000000000000E+00-3.5000000000000E-11
 0.0000000000000E+00 0.0000000000000E+00-6.0000000000000E-11 0.0000000000000E+00
 0.0000000000000E+00-1.1600000000000E-10 0.0000000000000E+00 0.0000000000000E+00
-3.6000000000000E-11 0.0000000000000E+00 0.0000000000000E+00 0.0000000000000E+00
 3.4641016151378E-12 0.0000000000000E+00 0.0000000000000E+00 0.0000000000000E+00
 0.0000000000000E+00 3.6373066958946E-11 0.0000000000000E+00 0.0000000000000E+00
 0.0000000000000E+00 0.0000000000000E+00-3.2908965343809E-11 0.0000000000000E+00
 0.0000000000000E+00 0.0000000000000E+00 0.0000000000000E+00-8.1649658092773E-13
 0.0000000000000E+00 0.0000000000000E+00 0.0000000000000E+00-4.0619201105560E-03
 0.0000000000000E+00 0.0000000000000E+00 1.6329931618555E-12 0.0000000000000E+00
 0.0000000000000E+00 0.0000000000000E+00 3.4790388106625E-02 0.0000000000000E+00
 0.0000000000000E+00 0.0000000000000E+00 0.0000000000000E+00 0.0000000000000E+00
 0.0000000000000E+00 2.1909492711478E-04 0.0000000000000E+00 0.0000000000000E+00
 0.0000000000000E+00 0.0000000000000E+00 0.0000000000000E+00 0.0000000000000E+00
 0.0000000000000E+00-1.0000000000000E-12 0.0000000000000E+00 0.0000000000000E+00
 2.0000000000000E-12 0.0000000000000E+00 0.0000000000000E+00 6.0000000000000E-12
 0.0000000000000E+00 0.0000000000000E+00 0.0000000000000E+00 0.0000000000000E+00
 0.0000000000000E+00 0.0000000000000E+00 0.0000000000000E+00 0.0000000000000E+00
 1.7320508075689E-12 0.0000000000000E+00 0.0000000000000E+00 0.0000000000000E+00
 0.0000000000000E+00 0.0000000000000E+00 0.0000000000000E+00 0.0000000000000E+00
 0.0000000000000E+00-1.4574359144314E-04 0.0000000000000E+00 0.0000000000000E+00
 0.0000000000000E+00 0.0000000000000E+00 1.0000000000000E-12 0.0000000000000E+00
 0.0000000000000E+00-2.0000000000000E-12 0.0000000000000E+00 0.0000000000000E+00
-6.0000000000000E-12 0.0000000000000E+00 0.0000000000000E+00 0.0000000000000E+00
 0.0000000000000E+00 0.0000000000000E+00 0.0000000000000E+00 0.0000000000000E+00
 0.0000000000000E+00 1.7320508075689E-12 0.0000000000000E+00 0.0000000000000E+00
 0.0000000000000E+00 0.0000000000000E+00 0.0000000000000E+00 0.0000000000000E+00
 0.0000000000000E+00 0.0000000000000E+00-1.4574359144314E-04 0.0000000000000E+00
 0.0000000000000E+00 0.0000000000000E+00 0.0000000000000E+00 0.0000000000000E+00
 0.0000000000000E+00 3.5000000000000E-11 0.0000000000000E+00 0.0000000000000E+00
 6.0000000000000E-11 0.0000000000000E+00 0.0000000000000E+00 1.1600000000000E-10
 0.0000000000000E+00 0.0000000000000E+00 3.7000000000000E-11 0.0000000000000E+00
 0.0000000000000E+00 0.0000000000000E+00 3.4641016151378E-12 0.0000000000000E+00
 0.0000000000000E+00 0.0000000000000E+00 0.0000000000000E+00 3.6373066958946E-11
 0.0000000000000E+00 0.0000000000000E+00 0.0000000000000E+00 0.0000000000000E+00
-3.2908965343809E-11 0.0000000000000E+00 0.0000000000000E+00 0.0000000000000E+00
 0.0000000000000E+00 8.1649658092773E-13 0.0000000000000E+00 0.0000000000000E+00
 0.0000000000000E+00-4.0619201105560E-03 0.0000000000000E+00 0.0000000000000E+00
-1.6329931618555E-12 0.0000000000000E+00 0.0000000000000E+00 0.0000000000000E+00
 3.4790388106625E-02 0.0000000000000E+00 0.0000000000000E+00 0.0000000000000E+00
 0.0000000000000E+00 0.0000000000000E+00 0.0000000000000E+00-2.1909492711478E-04
 0.0000000000000E+00 0.0000000000000E+00 0.0000000000000E+00 0.0000000000000E+00
 0.0000000000000E+00 0.0000000000000E+00 0.0000000000000E+00 0.0000000000000E+00
 3.5000000000000E-11 0.0000000000000E+00 0.0000000000000E+00 6.0000000000000E-11
 0.0000000000000E+00 0.0000000000000E+00 1.1600000000000E-10 0.0000000000000E+00
 0.0000000000000E+00 3.7000000000000E-11 0.0000000000000E+00 0.0000000000000E+00
 0.0000000000000E+00-3.4641016151378E-12 0.0000000000000E+00 0.0000000000000E+00
 0.0000000000000E+00 0.0000000000000E+00-3.6373066958946E-11 0.0000000000000E+00
 0.0000000000000E+00 0.0000000000000E+00 0.0000000000000E+00 3.2908965343809E-11
 0.0000000000000E+00 0.0000000000000E+00 0.0000000000000E+00 0.0000000000000E+00
 8.1649658092773E-13 0.0000000000000E+00 0.0000000000000E+00 0.0000000000000E+00
-4.0619201105560E-03 0.0000000000000E+00 0.0000000000000E+00-1.6329931618555E-12
 0.0000000000000E+00 0.0000000000000E+00 0.0000000000000E+00 3.4790388106625E-02
 0.0000000000000E+00 0.0000000000000E+00 0.0000000000000E+00 0.0000000000000E+00
 0.0000000000000E+00 0.0000000000000E+00 2.1909492711478E-04 0.0000000000000E+00
 0.0000000000000E+00 0.0000000000000E+00 0.0000000000000E+00 0.0000000000000E+00
 0.0000000000000E+00 0.0000000000000E+00 1.0000000000000E-12 0.0000000000000E+00
 0.0000000000000E+00-2.0000000000000E-12 0.0000000000000E+00 0.0000000000000E+00
-6.0000000000000E-12 0.0000000000000E+00 0.0000000000000E+00 0.0000000000000E+00
 0.0000000000000E+00 0.0000000000000E+00 0.0000000000000E+00 0.0000000000000E+00
 0.0000000000000E+00-1.7320508075689E-12 0.0000000000000E+00 0.0000000000000E+00
 0.0000000000000E+00 0.0000000000000E+00 0.0000000000000E+00 0.0000000000000E+00
 0.0000000000000E+00 0.0000000000000E+00-1.4574359144314E-04 0.0000000000000E+00
 0.0000000000000E+00 0.0000000000000E+00 0.0000000000000E+00 0.0000000000000E+00
 0.0000000000000E+00 0.0000000000000E+00 0.0000000000000E+00 0.0000000000000E+00
 0.0000000000000E+00 0.0000000000000E+00 0.0000000000000E+00 0.0000000000000E+00
 0.0000000000000E+00 0.0000000000000E+00 0.0000000000000E+00 0.0000000000000E+00
 2.9116587522502E-02 0.0000000000000E+00 0.0000000000000E+00 0.0000000000000E+00
 0.0000000000000E+00-1.6893546217342E-01 0.0000000000000E+00 0.0000000000000E+00
 0.0000000000000E+00 0.0000000000000E+00 3.1264387348469E-03 0.0000000000000E+00
 0.0000000000000E+00 0.0000000000000E+00 0.0000000000000E+00 0.0000000000000E+00
 0.0000000000000E+00 0.0000000000000E+00 0.0000000000000E+00 0.0000000000000E+00
 0.0000000000000E+00 0.0000000000000E+00 0.0000000000000E+00 0.0000000000000E+00
 0.0000000000000E+00 0.0000000000000E+00 0.0000000000000E+00 0.0000000000000E+00
 0.0000000000000E+00 0.0000000000000E+00 0.0000000000000E+00 0.0000000000000E+00
 0.0000000000000E+00 0.0000000000000E+00-1.4126486480984E-02 0.0000000000000E+00
 0.0000000000000E+00 0.0000000000000E+00 0.0000000000000E+00 3.1067912935897E-01
 0.0000000000000E+00 0.0000000000000E+00 0.0000000000000E+00 0.0000000000000E+00
-2.0419231497194E-01 0.0000000000000E+00 0.0000000000000E+00 0.0000000000000E+00
 0.0000000000000E+00-6.6508299478550E-03 0.0000000000000E+00 0.0000000000000E+00
 0.0000000000000E+00 0.0000000000000E+00 0.0000000000000E+00 0.0000000000000E+00
 5.9058006172162E-02 0.0000000000000E+00 0.0000000000000E+00 0.0000000000000E+00
 0.0000000000000E+00 0.0000000000000E+00 0.0000000000000E+00-1.5921687366652E-03
 0.0000000000000E+00 0.0000000000000E+00 0.0000000000000E+00 0.0000000000000E+00
 0.0000000000000E+00 0.0000000000000E+00 0.0000000000000E+00 0.0000000000000E+00
 0.0000000000000E+00 0.0000000000000E+00 0.0000000000000E+00 0.0000000000000E+00
 0.0000000000000E+00 0.0000000000000E+00 0.0000000000000E+00 0.0000000000000E+00
 0.0000000000000E+00 0.0000000000000E+00 0.0000000000000E+00 0.0000000000000E+00
 0.0000000000000E+00 0.0000000000000E+00 0.0000000000000E+00 0.0000000000000E+00
 0.0000000000000E+00-1.4126486480984E-02 0.0000000000000E+00 0.0000000000000E+00
 0.0000000000000E+00 0.0000000000000E+00 3.1067912935897E-01 0.0000000000000E+00
 0.0000000000000E+00 0.0000000000000E+00 0.0000000000000E+00-2.0419231497194E-01
 0.0000000000000E+00 0.0000000000000E+00 0.0000000000000E+00 0.0000000000000E+00
 6.6508299478550E-03 0.0000000000000E+00 0.0000000000000E+00 0.0000000000000E+00
 0.0000000000000E+00 0.0000000000000E+00 0.0000000000000E+00-5.9058006172162E-02
 0.0000000000000E+00 0.0000000000000E+00 0.0000000000000E+00 0.0000000000000E+00
 0.0000000000000E+00 0.0000000000000E+00-1.5921687366652E-03 0.0000000000000E+00
 0.0000000000000E+00 0.0000000000000E+00 0.0000000000000E+00 0.0000000000000E+00
 0.0000000000000E+00 0.0000000000000E+00 0.0000000000000E+00 0.0000000000000E+00
 0.0000000000000E+00 0.0000000000000E+00 0.0000000000000E+00 0.0000000000000E+00
 0.0000000000000E+00 0.0000000000000E+00 0.0000000000000E+00 0.0000000000000E+00
 0.0000000000000E+00 0.0000000000000E+00 0.0000000000000E+00 0.0000000000000E+00
 2.9116587522502E-02 0.0000000000000E+00 0.0000000000000E+00 0.0000000000000E+00
 0.0000000000000E+00-1.6893546217342E-01 0.0000000000000E+00 0.0000000000000E+00
 0.0000000000000E+00 0.0000000000000E+00-3.1264387348469E-03 0.0000000000000E+00
 0.0000000000000E+00 0.0000000000000E+00 0.0000000000000E+00 0.0000000000000E+00
 0.0000000000000E+00 0.0000000000000E+00 0.0000000000000E+00 0.0000000000000E+00
 0.0000000000000E+00 0.0000000000000E+00 0.0000000000000E+00 0.0000000000000E+00
 0.0000000000000E+00 0.0000000000000E+00 0.0000000000000E+00 0.0000000000000E+00
 0.0000000000000E+00 0.0000000000000E+00 0.0000000000000E+00 5.8233175051933E-02
 0.0000000000000E+00 0.0000000000000E+00 0.0000000000000E+00 0.0000000000000E+00
-3.3787092440747E-01 0.0000000000000E+00 0.0000000000000E+00 0.0000000000000E+00
 0.0000000000000E+00 3.1264387347178E-03 0.0000000000000E+00 0.0000000000000E+00
 0.0000000000000E+00 0.0000000000000E+00 0.0000000000000E+00 0.0000000000000E+00
 0.0000000000000E+00 0.0000000000000E+00 0.0000000000000E+00 0.0000000000000E+00
 0.0000000000000E+00 0.0000000000000E+00 0.0000000000000E+00 0.0000000000000E+00
 0.0000000000000E+00 0.0000000000000E+00 0.0000000000000E+00 0.0000000000000E+00
 0.0000000000000E+00 0.0000000000000E+00 0.0000000000000E+00 0.0000000000000E+00
 0.0000000000000E+00-2.8252972961969E-02 0.0000000000000E+00 0.0000000000000E+00
 0.0000000000000E+00 0.0000000000000E+00 6.2135825861402E-01 0.0000000000000E+00
 0.0000000000000E+00 0.0000000000000E+00 0.0000000000000E+00-4.0838462988671E-01
 0.0000000000000E+00 0.0000000000000E+00 0.0000000000000E+00 0.0000000000000E+00
-6.6508299483714E-03 0.0000000000000E+00 0.0000000000000E+00 0.0000000000000E+00
 0.0000000000000E+00 0.0000000000000E+00 0.0000000000000E+00 5.9058006173324E-02
 0.0000000000000E+00 0.0000000000000E+00 0.0000000000000E+00 0.0000000000000E+00
 0.0000000000000E+00 0.0000000000000E+00-1.5921687366652E-03 0.0000000000000E+00
 0.0000000000000E+00 0.0000000000000E+00 0.0000000000000E+00 0.0000000000000E+00
 0.0000000000000E+00 0.0000000000000E+00 0.0000000000000E+00 0.0000000000000E+00
 0.0000000000000E+00 0.0000000000000E+00 0.0000000000000E+00 0.0000000000000E+00
 0.0000000000000E+00 0.0000000000000E+00 0.0000000000000E+00 0.0000000000000E+00
 0.0000000000000E+00 0.0000000000000E+00 0.0000000000000E+00 0.0000000000000E+00
 0.0000000000000E+00 0.0000000000000E+00 0.0000000000000E+00 0.0000000000000E+00
-2.8252972961969E-02 0.0000000000000E+00 0.0000000000000E+00 0.0000000000000E+00
 0.0000000000000E+00 6.2135825861402E-01 0.0000000000000E+00 0.0000000000000E+00
 0.0000000000000E+00 0.0000000000000E+00-4.0838462988671E-01 0.0000000000000E+00
 0.0000000000000E+00 0.0000000000000E+00 0.0000000000000E+00 6.6508299483714E-03
 0.0000000000000E+00 0.0000000000000E+00 0.0000000000000E+00 0.0000000000000E+00
 0.0000000000000E+00 0.0000000000000E+00-5.9058006173324E-02 0.0000000000000E+00
 0.0000000000000E+00 0.0000000000000E+00 0.0000000000000E+00 0.0000000000000E+00
 0.0000000000000E+00-1.5921687366652E-03 0.0000000000000E+00 0.0000000000000E+00
 0.0000000000000E+00 0.0000000000000E+00 0.0000000000000E+00 0.0000000000000E+00
 0.0000000000000E+00 0.0000000000000E+00 0.0000000000000E+00 0.0000000000000E+00
 0.0000000000000E+00 0.0000000000000E+00 0.0000000000000E+00 0.0000000000000E+00
 0.0000000000000E+00 0.0000000000000E+00 0.0000000000000E+00 0.0000000000000E+00
 0.0000000000000E+00 0.0000000000000E+00 0.0000000000000E+00 5.8233175051933E-02
 0.0000000000000E+00 0.0000000000000E+00 0.0000000000000E+00 0.0000000000000E+00
-3.3787092440747E-01 0.0000000000000E+00 0.0000000000000E+00 0.0000000000000E+00
 0.0000000000000E+00-3.1264387347178E-03 0.0000000000000E+00 0.0000000000000E+00
 0.0000000000000E+00 0.0000000000000E+00 0.0000000000000E+00 0.0000000000000E+00
 6.5788972587000E-02 0.0000000000000E+00 0.0000000000000E+00-4.3511354645100E-01
 0.0000000000000E+00 0.0000000000000E+00 4.4269096975700E-01 0.0000000000000E+00
 0.0000000000000E+00 0.0000000000000E+00 7.6038666810738E-02 0.0000000000000E+00
 0.0000000000000E+00 0.0000000000000E+00 0.0000000000000E+00-1.2524482932708E+00
 0.0000000000000E+00 0.0000000000000E+00 0.0000000000000E+00 0.0000000000000E+00
-1.4794068495190E-02 0.0000000000000E+00 0.0000000000000E+00 0.0000000000000E+00
 0.0000000000000E+00 0.0000000000000E+00 0.0000000000000E+00 0.0000000000000E+00
 0.0000000000000E+00 0.0000000000000E+00 0.0000000000000E+00-1.0563402414100E-01
 0.0000000000000E+00 0.0000000000000E+00-6.6733960546600E-01 0.0000000000000E+00
 0.0000000000000E+00 8.6904933188280E+00 0.0000000000000E+00 0.0000000000000E+00
 1.6780398720250E+00 0.0000000000000E+00 0.0000000000000E+00 0.0000000000000E+00
-1.3852777126139E-01 0.0000000000000E+00 0.0000000000000E+00 0.0000000000000E+00
 0.0000000000000E+00 1.2791167735239E+00 0.0000000000000E+00 0.0000000000000E+00
 0.0000000000000E+00 0.0000000000000E+00 9.7876286974520E+00 0.0000000000000E+00
 0.0000000000000E+00 0.0000000000000E+00 0.0000000000000E+00-1.5477373453674E-03
 0.0000000000000E+00 0.0000000000000E+00 0.0000000000000E+00-5.2704627669473E-14
 0.0000000000000E+00 0.0000000000000E+00 8.7035661302939E-01 0.0000000000000E+00
 0.0000000000000E+00 0.0000000000000E+00-1.0540925533895E-13 0.0000000000000E+00
 0.0000000000000E+00 1.2703885432015E-02 0.0000000000000E+00 0.0000000000000E+00
 0.0000000000000E+00 0.0000000000000E+00 0.0000000000000E+00 0.0000000000000E+00
 0.0000000000000E+00 0.0000000000000E+00 0.0000000000000E+00 0.0000000000000E+00
 0.0000000000000E+00 0.0000000000000E+00 1.0563402414100E-01 0.0000000000000E+00
 0.0000000000000E+00 6.6733960546600E-01 0.0000000000000E+00 0.0000000000000E+00
-8.6904933188280E+00 0.0000000000000E+00 0.0000000000000E+00-1.6780398720250E+00
 0.0000000000000E+00 0.0000000000000E+00 0.0000000000000E+00-1.3852777126139E-01
 0.0000000000000E+00 0.0000000000000E+00 0.0000000000000E+00 0.0000000000000E+00
 1.2791167735239E+00 0.0000000000000E+00 0.0000000000000E+00 0.0000000000000E+00
 0.0000000000000E+00 9.7876286974520E+00 0.0000000000000E+00 0.0000000000000E+00
 0.0000000000000E+00 0.0000000000000E+00 1.5477373453674E-03 0.0000000000000E+00
 0.0000000000000E+00 0.0000000000000E+00 5.2704627669473E-14 0.0000000000000E+00
 0.0000000000000E+00-8.7035661302939E-01 0.0000000000000E+00 0.0000000000000E+00
 0.0000000000000E+00 1.0540925533895E-13 0.0000000000000E+00 0.0000000000000E+00
 1.2703885432015E-02 0.0000000000000E+00 0.0000000000000E+00 0.0000000000000E+00
 0.0000000000000E+00 0.0000000000000E+00 0.0000000000000E+00 0.0000000000000E+00
 0.0000000000000E+00 0.0000000000000E+00 0.0000000000000E+00 0.0000000000000E+00
-6.5788972587000E-02 0.0000000000000E+00 0.0000000000000E+00 4.3511354645100E-01
 0.0000000000000E+00 0.0000000000000E+00-4.4269096975700E-01 0.0000000000000E+00
 0.0000000000000E+00 0.0000000000000E+00 7.6038666810738E-02 0.0000000000000E+00
 0.0000000000000E+00 0.0000000000000E+00 0.0000000000000E+00-1.2524482932708E+00
 0.0000000000000E+00 0.0000000000000E+00 0.0000000000000E+00 0.0000000000000E+00
 1.4794068495190E-02 0.0000000000000E+00 0.0000000000000E+00 0.0000000000000E+00
 0.0000000000000E+00 0.0000000000000E+00 0.0000000000000E+00 0.0000000000000E+00
 0.0000000000000E+00 0.0000000000000E+00 0.0000000000000E+00 6.5788972587000E-02
 0.0000000000000E+00 0.0000000000000E+00-4.3511354645100E-01 0.0000000000000E+00
 0.0000000000000E+00 4.4269096975600E-01 0.0000000000000E+00 0.0000000000000E+00
 0.0000000000000E+00 7.6038666810738E-02 0.0000000000000E+00 0.0000000000000E+00
 0.0000000000000E+00 0.0000000000000E+00-1.2524482932691E+00 0.0000000000000E+00
 0.0000000000000E+00 0.0000000000000E+00 0.0000000000000E+00-1.4794068494782E-02
 0.0000000000000E+00 0.0000000000000E+00 0.0000000000000E+00 0.0000000000000E+00
 0.0000000000000E+00 0.0000000000000E+00 0.0000000000000E+00 0.0000000000000E+00
 0.0000000000000E+00 0.0000000000000E+00-1.0563402414100E-01 0.0000000000000E+00
 0.0000000000000E+00-6.6733960546600E-01 0.0000000000000E+00 0.0000000000000E+00
 8.6904933188280E+00 0.0000000000000E+00 0.0000000000000E+00 1.6780398720240E+00
 0.0000000000000E+00 0.0000000000000E+00 0.0000000000000E+00-1.3852777126139E-01
 0.0000000000000E+00 0.0000000000000E+00 0.0000000000000E+00 0.0000000000000E+00
 1.2791167735239E+00 0.0000000000000E+00 0.0000000000000E+00 0.0000000000000E+00
 0.0000000000000E+00 9.7876286974520E+00 0.0000000000000E+00 0.0000000000000E+00
 0.0000000000000E+00 0.0000000000000E+00-1.5477373453674E-03 0.0000000000000E+00
 0.0000000000000E+00 0.0000000000000E+00 5.2704627669473E-14 0.0000000000000E+00
 0.0000000000000E+00 8.7035661302939E-01 0.0000000000000E+00 0.0000000000000E+00
 0.0000000000000E+00 1.0540925533895E-13 0.0000000000000E+00 0.0000000000000E+00
 1.2703885432015E-02 0.0000000000000E+00 0.0000000000000E+00 0.0000000000000E+00
 0.0000000000000E+00 0.0000000000000E+00 0.0000000000000E+00 0.0000000000000E+00
 0.0000000000000E+00 0.0000000000000E+00 0.0000000000000E+00 0.0000000000000E+00
 0.0000000000000E+00 1.0563402414100E-01 0.0000000000000E+00 0.0000000000000E+00
 6.6733960546600E-01 0.0000000000000E+00 0.0000000000000E+00-8.6904933188280E+00
 0.0000000000000E+00 0.0000000000000E+00-1.6780398720240E+00 0.0000000000000E+00
 0.0000000000000E+00 0.0000000000000E+00-1.3852777126139E-01 0.0000000000000E+00
 0.0000000000000E+00 0.0000000000000E+00 0.0000000000000E+00 1.2791167735239E+00
 0.0000000000000E+00 0.0000000000000E+00 0.0000000000000E+00 0.0000000000000E+00
 9.7876286974520E+00 0.0000000000000E+00 0.0000000000000E+00 0.0000000000000E+00
 0.0000000000000E+00 1.5477373453674E-03 0.0000000000000E+00 0.0000000000000E+00
 0.0000000000000E+00-5.2704627669473E-14 0.0000000000000E+00 0.0000000000000E+00
-8.7035661302939E-01 0.0000000000000E+00 0.0000000000000E+00 0.0000000000000E+00
-1.0540925533895E-13 0.0000000000000E+00 0.0000000000000E+00 1.2703885432015E-02
 0.0000000000000E+00 0.0000000000000E+00 0.0000000000000E+00 0.0000000000000E+00
 0.0000000000000E+00 0.0000000000000E+00 0.0000000000000E+00 0.0000000000000E+00
 0.0000000000000E+00 0.0000000000000E+00 0.0000000000000E+00-6.5788972587000E-02
 0.0000000000000E+00 0.0000000000000E+00 4.3511354645100E-01 0.0000000000000E+00
 0.0000000000000E+00-4.4269096975600E-01 0.0000000000000E+00 0.0000000000000E+00
 0.0000000000000E+00 7.6038666810738E-02 0.0000000000000E+00 0.0000000000000E+00
 0.0000000000000E+00 0.0000000000000E+00-1.2524482932691E+00 0.0000000000000E+00
 0.0000000000000E+00 0.0000000000000E+00 0.0000000000000E+00 1.4794068494782E-02
 0.0000000000000E+00 0.0000000000000E+00 0.0000000000000E+00 0.0000000000000E+00
-3.8123696511000E-02 7.8699062337600E-01 7.4277597254280E+00 3.4379437145200E-01
 0.0000000000000E+00 0.0000000000000E+00-4.4897506666000E-02 0.0000000000000E+00
 0.0000000000000E+00 6.2456016172800E-01 0.0000000000000E+00 0.0000000000000E+00
 3.5688764186050E+00-4.0799388900000E-03 0.0000000000000E+00 0.0000000000000E+00
 0.0000000000000E+00 0.0000000000000E+00 9.5613073610000E-02 0.0000000000000E+00
 0.0000000000000E+00 0.0000000000000E+00 0.0000000000000E+00-4.6038174222000E-02
 0.0000000000000E+00 0.0000000000000E+00 0.0000000000000E+00 0.0000000000000E+00
 0.0000000000000E+00 0.0000000000000E+00-9.2601063462000E-02-1.2942331919200E-01
-3.3584844366600E-01-8.7722393911410E+00-1.6336497984400E-01 0.0000000000000E+00
 0.0000000000000E+00-3.7681562219000E-02 0.0000000000000E+00 0.0000000000000E+00
-1.8055652976340E+00 0.0000000000000E+00 0.0000000000000E+00 8.0250893639600E+00
 0.0000000000000E+00 0.0000000000000E+00 9.1097065381500E-01-4.2551148130000E-03
 0.0000000000000E+00 0.0000000000000E+00 0.0000000000000E+00 0.0000000000000E+00
-2.8290808559800E-01 0.0000000000000E+00 0.0000000000000E+00 0.0000000000000E+00
 0.0000000000000E+00 4.8218023278350E-01 0.0000000000000E+00 0.0000000000000E+00
 0.0000000000000E+00 0.0000000000000E+00-4.3049202330000E-03 0.0000000000000E+00
 0.0000000000000E+00 0.0000000000000E+00 0.0000000000000E+00 0.0000000000000E+00
 0.0000000000000E+00 9.7187617209700E-01 0.0000000000000E+00 0.0000000000000E+00
 0.0000000000000E+00 0.0000000000000E+00 0.0000000000000E+00 0.0000000000000E+00
 5.8470884075000E-02 0.0000000000000E+00 0.0000000000000E+00 0.0000000000000E+00
 0.0000000000000E+00 0.0000000000000E+00 0.0000000000000E+00 0.0000000000000E+00
 0.0000000000000E+00-9.2601063462000E-02-1.2942331919200E-01-3.3584844366600E-01
-8.7722393911410E+00-1.6336497984400E-01 0.0000000000000E+00 0.0000000000000E+00
 3.7681562219000E-02 0.0000000000000E+00 0.0000000000000E+00 1.8055652976340E+00
 0.0000000000000E+00 0.0000000000000E+00-8.0250893639600E+00 0.0000000000000E+00
 0.0000000000000E+00-9.1097065381500E-01-4.2551148130000E-03 0.0000000000000E+00
 0.0000000000000E+00 0.0000000000000E+00 0.0000000000000E+00-2.8290808559800E-01
 0.0000000000000E+00 0.0000000000000E+00 0.0000000000000E+00 0.0000000000000E+00
 4.8218023278350E-01 0.0000000000000E+00 0.0000000000000E+00 0.0000000000000E+00
 0.0000000000000E+00 4.3049202330000E-03 0.0000000000000E+00 0.0000000000000E+00
 0.0000000000000E+00 0.0000000000000E+00 0.0000000000000E+00 0.0000000000000E+00
-9.7187617209700E-01 0.0000000000000E+00 0.0000000000000E+00 0.0000000000000E+00
 0.0000000000000E+00 0.0000000000000E+00 0.0000000000000E+00 5.8470884075000E-02
 0.0000000000000E+00 0.0000000000000E+00 0.0000000000000E+00 0.0000000000000E+00
 0.0000000000000E+00 0.0000000000000E+00 0.0000000000000E+00 0.0000000000000E+00
-3.8123696511000E-02 7.8699062337600E-01 7.4277597254280E+00 3.4379437145200E-01
 0.0000000000000E+00 0.0000000000000E+00 4.4897506666000E-02 0.0000000000000E+00
 0.0000000000000E+00-6.2456016172800E-01 0.0000000000000E+00 0.0000000000000E+00
-3.5688764186050E+00-4.0799388900000E-03 0.0000000000000E+00 0.0000000000000E+00
 0.0000000000000E+00 0.0000000000000E+00 9.5613073610000E-02 0.0000000000000E+00
 0.0000000000000E+00 0.0000000000000E+00 0.0000000000000E+00 4.6038174222000E-02
 0.0000000000000E+00 0.0000000000000E+00 0.0000000000000E+00 0.0000000000000E+00
 0.0000000000000E+00 0.0000000000000E+00 0.0000000000000E+00 0.0000000000000E+00
 0.0000000000000E+00 0.0000000000000E+00 0.0000000000000E+00 3.8141998771000E-02
 0.0000000000000E+00 0.0000000000000E+00-3.2196292803500E-01 0.0000000000000E+00
 0.0000000000000E+00-7.5238197625000E-02 0.0000000000000E+00 0.0000000000000E+00
 0.0000000000000E+00-1.6122896760862E-02 0.0000000000000E+00 0.0000000000000E+00
 0.0000000000000E+00 0.0000000000000E+00 2.0638628589236E-01 0.0000000000000E+00
 0.0000000000000E+00 0.0000000000000E+00 0.0000000000000E+00 1.1858440586486E-02
 0.0000000000000E+00 0.0000000000000E+00 0.0000000000000E+00 0.0000000000000E+00
 0.0000000000000E+00 0.0000000000000E+00 0.0000000000000E+00 0.0000000000000E+00
 0.0000000000000E+00 0.0000000000000E+00-3.9881698339000E-02 0.0000000000000E+00
 0.0000000000000E+00-1.7506294446600E-01 0.0000000000000E+00 0.0000000000000E+00
 6.3357512655700E-01 0.0000000000000E+00 0.0000000000000E+00-1.3409818082300E-01
 0.0000000000000E+00 0.0000000000000E+00 0.0000000000000E+00-4.8874302905594E-02
 0.0000000000000E+00 0.0000000000000E+00 0.0000000000000E+00 0.0000000000000E+00
 1.4266148431507E+00 0.0000000000000E+00 0.0000000000000E+00 0.0000000000000E+00
 0.0000000000000E+00-1.7194169902187E+00 0.0000000000000E+00 0.0000000000000E+00
 0.0000000000000E+00 0.0000000000000E+00 1.1214871805418E-02 0.0000000000000E+00
 0.0000000000000E+00 0.0000000000000E+00-1.5811388300842E-13 0.0000000000000E+00
 0.0000000000000E+00-1.4431802582498E-01 0.0000000000000E+00 0.0000000000000E+00
 0.0000000000000E+00 6.8516015970315E-13 0.0000000000000E+00 0.0000000000000E+00
-1.6728643969607E-02 0.0000000000000E+00 0.0000000000000E+00 0.0000000000000E+00
 0.0000000000000E+00 0.0000000000000E+00 0.0000000000000E+00 0.0000000000000E+00
 0.0000000000000E+00 0.0000000000000E+00 0.0000000000000E+00 0.0000000000000E+00
 0.0000000000000E+00-3.9881698339000E-02 0.0000000000000E+00 0.0000000000000E+00
-1.7506294446600E-01 0.0000000000000E+00 0.0000000000000E+00 6.3357512655700E-01
 0.0000000000000E+00 0.0000000000000E+00-1.3409818082300E-01 0.0000000000000E+00
 0.0000000000000E+00 0.0000000000000E+00 4.8874302905594E-02 0.0000000000000E+00
 0.0000000000000E+00 0.0000000000000E+00 0.0000000000000E+00-1.4266148431507E+00
 0.0000000000000E+00 0.0000000000000E+00 0.0000000000000E+00 0.0000000000000E+00
 1.7194169902187E+00 0.0000000000000E+00 0.0000000000000E+00 0.0000000000000E+00
 0.0000000000000E+00 1.1214871805418E-02 0.0000000000000E+00 0.0000000000000E+00
 0.0000000000000E+00-1.5811388300842E-13 0.0000000000000E+00 0.0000000000000E+00
-1.4431802582498E-01 0.0000000000000E+00 0.0000000000000E+00 0.0000000000000E+00
 6.8516015970315E-13 0.0000000000000E+00 0.0000000000000E+00 1.6728643969607E-02
 0.0000000000000E+00 0.0000000000000E+00 0.0000000000000E+00 0.0000000000000E+00
 0.0000000000000E+00 0.0000000000000E+00 0.0000000000000E+00 0.0000000000000E+00
 0.0000000000000E+00 0.0000000000000E+00 0.0000000000000E+00 3.8141998771000E-02
 0.0000000000000E+00 0.0000000000000E+00-3.2196292803500E-01 0.0000000000000E+00
 0.0000000000000E+00-7.5238197625000E-02 0.0000000000000E+00 0.0000000000000E+00
 0.0000000000000E+00 1.6122896760862E-02 0.0000000000000E+00 0.0000000000000E+00
 0.0000000000000E+00 0.0000000000000E+00-2.0638628589236E-01 0.0000000000000E+00
 0.0000000000000E+00 0.0000000000000E+00 0.0000000000000E+00 1.1858440586486E-02
 0.0000000000000E+00 0.0000000000000E+00 0.0000000000000E+00 0.0000000000000E+00
 0.0000000000000E+00 0.0000000000000E+00 0.0000000000000E+00 0.0000000000000E+00
-3.8141998771000E-02 0.0000000000000E+00 0.0000000000000E+00 3.2196292803500E-01
 0.0000000000000E+00 0.0000000000000E+00 7.5238197625000E-02 0.0000000000000E+00
 0.0000000000000E+00 0.0000000000000E+00 1.6122896760862E-02 0.0000000000000E+00
 0.0000000000000E+00 0.0000000000000E+00 0.0000000000000E+00-2.0638628589236E-01
 0.0000000000000E+00 0.0000000000000E+00 0.0000000000000E+00 0.0000000000000E+00
-1.1858440586486E-02 0.0000000000000E+00 0.0000000000000E+00 0.0000000000000E+00
 0.0000000000000E+00 0.0000000000000E+00 0.0000000000000E+00 0.0000000000000E+00
 0.0000000000000E+00 0.0000000000000E+00 0.0000000000000E+00 3.9881698339000E-02
 0.0000000000000E+00 0.0000000000000E+00 1.7506294446600E-01 0.0000000000000E+00
 0.0000000000000E+00-6.3357512655700E-01 0.0000000000000E+00 0.0000000000000E+00
 1.3409818082300E-01 0.0000000000000E+00 0.0000000000000E+00 0.0000000000000E+00
 4.8874302905594E-02 0.0000000000000E+00 0.0000000000000E+00 0.0000000000000E+00
 0.0000000000000E+00-1.4266148431507E+00 0.0000000000000E+00 0.0000000000000E+00
 0.0000000000000E+00 0.0000000000000E+00 1.7194169902187E+00 0.0000000000000E+00
 0.0000000000000E+00 0.0000000000000E+00 0.0000000000000E+00-1.1214871805418E-02
 0.0000000000000E+00 0.0000000000000E+00 0.0000000000000E+00-1.5811388300842E-13
 0.0000000000000E+00 0.0000000000000E+00 1.4431802582498E-01 0.0000000000000E+00
 0.0000000000000E+00 0.0000000000000E+00 6.8516015970315E-13 0.0000000000000E+00
 0.0000000000000E+00 1.6728643969607E-02 0.0000000000000E+00 0.0000000000000E+00
 0.0000000000000E+00 0.0000000000000E+00 0.0000000000000E+00 0.0000000000000E+00
 0.0000000000000E+00 0.0000000000000E+00 0.0000000000000E+00 0.0000000000000E+00
 0.0000000000000E+00 0.0000000000000E+00 3.9881698339000E-02 0.0000000000000E+00
 0.0000000000000E+00 1.7506294446600E-01 0.0000000000000E+00 0.0000000000000E+00
-6.3357512655700E-01 0.0000000000000E+00 0.0000000000000E+00 1.3409818082300E-01
 0.0000000000000E+00 0.0000000000000E+00 0.0000000000000E+00-4.8874302905594E-02
 0.0000000000000E+00 0.0000000000000E+00 0.0000000000000E+00 0.0000000000000E+00
 1.4266148431507E+00 0.0000000000000E+00 0.0000000000000E+00 0.0000000000000E+00
 0.0000000000000E+00-1.7194169902187E+00 0.0000000000000E+00 0.0000000000000E+00
 0.0000000000000E+00 0.0000000000000E+00-1.1214871805418E-02 0.0000000000000E+00
 0.0000000000000E+00 0.0000000000000E+00-1.5811388300842E-13 0.0000000000000E+00
 0.0000000000000E+00 1.4431802582498E-01 0.0000000000000E+00 0.0000000000000E+00
 0.0000000000000E+00 6.8516015970315E-13 0.0000000000000E+00 0.0000000000000E+00
-1.6728643969607E-02 0.0000000000000E+00 0.0000000000000E+00 0.0000000000000E+00
 0.0000000000000E+00 0.0000000000000E+00 0.0000000000000E+00 0.0000000000000E+00
 0.0000000000000E+00 0.0000000000000E+00 0.0000000000000E+00 0.0000000000000E+00
-3.8141998771000E-02 0.0000000000000E+00 0.0000000000000E+00 3.2196292803500E-01
 0.0000000000000E+00 0.0000000000000E+00 7.5238197625000E-02 0.0000000000000E+00
 0.0000000000000E+00 0.0000000000000E+00-1.6122896760862E-02 0.0000000000000E+00
 0.0000000000000E+00 0.0000000000000E+00 0.0000000000000E+00 2.0638628589236E-01
 0.0000000000000E+00 0.0000000000000E+00 0.0000000000000E+00 0.0000000000000E+00
-1.1858440586486E-02 0.0000000000000E+00 0.0000000000000E+00 0.0000000000000E+00
 0.0000000000000E+00 0.0000000000000E+00 0.0000000000000E+00 0.0000000000000E+00
-1.0000000000000E-12 0.0000000000000E+00 0.0000000000000E+00 0.0000000000000E+00
 0.0000000000000E+00 0.0000000000000E+00 0.0000000000000E+00 0.0000000000000E+00
 0.0000000000000E+00 0.0000000000000E+00-1.0000000000000E-12 0.0000000000000E+00
 0.0000000000000E+00 0.0000000000000E+00-4.5997243932656E-02 0.0000000000000E+00
 0.0000000000000E+00 0.0000000000000E+00 0.0000000000000E+00 3.5283583785269E-01
 0.0000000000000E+00 0.0000000000000E+00 0.0000000000000E+00 0.0000000000000E+00
 2.5967702610569E-04 0.0000000000000E+00 0.0000000000000E+00 0.0000000000000E+00
 0.0000000000000E+00 0.0000000000000E+00 0.0000000000000E+00 1.0000000000000E-12
 0.0000000000000E+00 0.0000000000000E+00 0.0000000000000E+00 0.0000000000000E+00
 0.0000000000000E+00 0.0000000000000E+00 0.0000000000000E+00 0.0000000000000E+00
 0.0000000000000E+00-1.0000000000000E-12 0.0000000000000E+00 0.0000000000000E+00
 0.0000000000000E+00 0.0000000000000E+00 0.0000000000000E+00 0.0000000000000E+00
-3.6308294793771E-02 0.0000000000000E+00 0.0000000000000E+00 0.0000000000000E+00
 0.0000000000000E+00 6.2175507290549E-01 0.0000000000000E+00 0.0000000000000E+00
 0.0000000000000E+00 0.0000000000000E+00-3.8640998225157E-01 0.0000000000000E+00
 0.0000000000000E+00 0.0000000000000E+00 0.0000000000000E+00 2.7235298147691E-03
 0.0000000000000E+00 0.0000000000000E+00 0.0000000000000E+00 0.0000000000000E+00
 0.0000000000000E+00 0.0000000000000E+00-1.2281871719273E-02 0.0000000000000E+00
 0.0000000000000E+00 0.0000000000000E+00 0.0000000000000E+00 0.0000000000000E+00
 0.0000000000000E+00-1.4469007209928E-03 0.0000000000000E+00 0.0000000000000E+00
 0.0000000000000E+00 0.0000000000000E+00 0.0000000000000E+00 0.0000000000000E+00
 0.0000000000000E+00 0.0000000000000E+00 1.0000000000000E-12 0.0000000000000E+00
 0.0000000000000E+00 0.0000000000000E+00 0.0000000000000E+00 0.0000000000000E+00
 0.0000000000000E+00 0.0000000000000E+00 0.0000000000000E+00 0.0000000000000E+00
 1.0000000000000E-12 0.0000000000000E+00 0.0000000000000E+00 0.0000000000000E+00
 0.0000000000000E+00 0.0000000000000E+00 0.0000000000000E+00-3.6308294793771E-02
 0.0000000000000E+00 0.0000000000000E+00 0.0000000000000E+00 0.0000000000000E+00
 6.2175507290549E-01 0.0000000000000E+00 0.0000000000000E+00 0.0000000000000E+00
 0.0000000000000E+00-3.8640998225157E-01 0.0000000000000E+00 0.0000000000000E+00
 0.0000000000000E+00 0.0000000000000E+00-2.7235298147691E-03 0.0000000000000E+00
 0.0000000000000E+00 0.0000000000000E+00 0.0000000000000E+00 0.0000000000000E+00
 0.0000000000000E+00 1.2281871719273E-02 0.0000000000000E+00 0.0000000000000E+00
 0.0000000000000E+00 0.0000000000000E+00 0.0000000000000E+00 0.0000000000000E+00
-1.4469007209928E-03 0.0000000000000E+00 0.0000000000000E+00 0.0000000000000E+00
 0.0000000000000E+00 0.0000000000000E+00 0.0000000000000E+00 0.0000000000000E+00
-1.0000000000000E-12 0.0000000000000E+00 0.0000000000000E+00 0.0000000000000E+00
 0.0000000000000E+00 0.0000000000000E+00 0.0000000000000E+00 0.0000000000000E+00
 0.0000000000000E+00 0.0000000000000E+00 1.0000000000000E-12 0.0000000000000E+00
 0.0000000000000E+00 0.0000000000000E+00-4.5997243932656E-02 0.0000000000000E+00
 0.0000000000000E+00 0.0000000000000E+00 0.0000000000000E+00 3.5283583785269E-01
 0.0000000000000E+00 0.0000000000000E+00 0.0000000000000E+00 0.0000000000000E+00
-2.5967702610569E-04 0.0000000000000E+00 0.0000000000000E+00 0.0000000000000E+00
 0.0000000000000E+00 0.0000000000000E+00 0.0000000000000E+00 0.0000000000000E+00
 0.0000000000000E+00 0.0000000000000E+00 0.0000000000000E+00 0.0000000000000E+00
 0.0000000000000E+00 0.0000000000000E+00 0.0000000000000E+00 0.0000000000000E+00
 0.0000000000000E+00 0.0000000000000E+00 0.0000000000000E+00 0.0000000000000E+00
 0.0000000000000E+00-9.1994487858384E-02 0.0000000000000E+00 0.0000000000000E+00
 0.0000000000000E+00 0.0000000000000E+00 7.0567167567421E-01 0.0000000000000E+00
 0.0000000000000E+00 0.0000000000000E+00 0.0000000000000E+00 2.5967702636389E-04
 0.0000000000000E+00 0.0000000000000E+00 0.0000000000000E+00 0.0000000000000E+00
 0.0000000000000E+00 0.0000000000000E+00 0.0000000000000E+00 0.0000000000000E+00
 0.0000000000000E+00 0.0000000000000E+00 0.0000000000000E+00 0.0000000000000E+00
 0.0000000000000E+00 0.0000000000000E+00 0.0000000000000E+00 0.0000000000000E+00
 0.0000000000000E+00 0.0000000000000E+00 0.0000000000000E+00 0.0000000000000E+00
 0.0000000000000E+00 0.0000000000000E+00 0.0000000000000E+00-7.2616589597934E-02
 0.0000000000000E+00 0.0000000000000E+00 0.0000000000000E+00 0.0000000000000E+00
 1.2435101458733E+00 0.0000000000000E+00 0.0000000000000E+00 0.0000000000000E+00
 0.0000000000000E+00-7.7281996455683E-01 0.0000000000000E+00 0.0000000000000E+00
 0.0000000000000E+00 0.0000000000000E+00 2.7235298138654E-03 0.0000000000000E+00
 0.0000000000000E+00 0.0000000000000E+00 0.0000000000000E+00 0.0000000000000E+00
 0.0000000000000E+00-1.2281871713980E-02 0.0000000000000E+00 0.0000000000000E+00
 0.0000000000000E+00 0.0000000000000E+00 0.0000000000000E+00 0.0000000000000E+00
-1.4469007211419E-03 0.0000000000000E+00 0.0000000000000E+00 0.0000000000000E+00
 0.0000000000000E+00 0.0000000000000E+00 0.0000000000000E+00 0.0000000000000E+00
 0.0000000000000E+00 0.0000000000000E+00 0.0000000000000E+00 0.0000000000000E+00
 0.0000000000000E+00 0.0000000000000E+00 0.0000000000000E+00 0.0000000000000E+00
 0.0000000000000E+00 0.0000000000000E+00 0.0000000000000E+00 0.0000000000000E+00
 0.0000000000000E+00 0.0000000000000E+00 0.0000000000000E+00 0.0000000000000E+00
 0.0000000000000E+00 0.0000000000000E+00-7.2616589597934E-02 0.0000000000000E+00
 0.0000000000000E+00 0.0000000000000E+00 0.0000000000000E+00 1.2435101458733E+00
 0.0000000000000E+00 0.0000000000000E+00 0.0000000000000E+00 0.0000000000000E+00
-7.7281996455683E-01 0.0000000000000E+00 0.0000000000000E+00 0.0000000000000E+00
 0.0000000000000E+00-2.7235298138654E-03 0.0000000000000E+00 0.0000000000000E+00
 0.0000000000000E+00 0.0000000000000E+00 0.0000000000000E+00 0.0000000000000E+00
 1.2281871713980E-02 0.0000000000000E+00 0.0000000000000E+00 0.0000000000000E+00
 0.0000000000000E+00 0.0000000000000E+00 0.0000000000000E+00-1.4469007211419E-03
 0.0000000000000E+00 0.0000000000000E+00 0.0000000000000E+00 0.0000000000000E+00
 0.0000000000000E+00 0.0000000000000E+00 0.0000000000000E+00 0.0000000000000E+00
 0.0000000000000E+00 0.0000000000000E+00 0.0000000000000E+00 0.0000000000000E+00
 0.0000000000000E+00 0.0000000000000E+00 0.0000000000000E+00 0.0000000000000E+00
 0.0000000000000E+00 0.0000000000000E+00 0.0000000000000E+00 0.0000000000000E+00
 0.0000000000000E+00-9.1994487858384E-02 0.0000000000000E+00 0.0000000000000E+00
 0.0000000000000E+00 0.0000000000000E+00 7.0567167567421E-01 0.0000000000000E+00
 0.0000000000000E+00 0.0000000000000E+00 0.0000000000000E+00-2.5967702636389E-04
 0.0000000000000E+00 0.0000000000000E+00 0.0000000000000E+00 0.0000000000000E+00
 0.0000000000000E+00 0.0000000000000E+00-5.0334639373000E-02 0.0000000000000E+00
 0.0000000000000E+00 3.7632021976900E-01 0.0000000000000E+00 0.0000000000000E+00
-1.0972556021530E+00 0.0000000000000E+00 0.0000000000000E+00 0.0000000000000E+00
-1.0888931727397E-02 0.0000000000000E+00 0.0000000000000E+00 0.0000000000000E+00
 0.0000000000000E+00 2.1929289591171E-01 0.0000000000000E+00 0.0000000000000E+00
 0.0000000000000E+00 0.0000000000000E+00 5.1319848948282E-03 0.0000000000000E+00
 0.0000000000000E+00 0.0000000000000E+00 0.0000000000000E+00 0.0000000000000E+00
 0.0000000000000E+00 0.0000000000000E+00 0.0000000000000E+00 0.0000000000000E+00
 0.0000000000000E+00 4.0542546081000E-02 0.0000000000000E+00 0.0000000000000E+00
 6.8074658412700E-01 0.0000000000000E+00 0.0000000000000E+00-1.1671795235150E+00
 0.0000000000000E+00 0.0000000000000E+00 3.7418408567500E-01 0.0000000000000E+00
 0.0000000000000E+00 0.0000000000000E+00-5.9115021092664E-02 0.0000000000000E+00
 0.0000000000000E+00 0.0000000000000E+00 0.0000000000000E+00 2.8599469185970E-01
 0.0000000000000E+00 0.0000000000000E+00 0.0000000000000E+00 0.0000000000000E+00
-2.1054890921368E+00 0.0000000000000E+00 0.0000000000000E+00 0.0000000000000E+00
 0.0000000000000E+00-7.5870872081643E-03 0.0000000000000E+00 0.0000000000000E+00
 0.0000000000000E+00 3.6893239368631E-13 0.0000000000000E+00 0.0000000000000E+00
 2.5703621242505E-01 0.0000000000000E+00 0.0000000000000E+00 0.0000000000000E+00
-3.2149822878379E-12 0.0000000000000E+00 0.0000000000000E+00 2.2734077766964E-02
 0.0000000000000E+00 0.0000000000000E+00 0.0000000000000E+00 0.0000000000000E+00
 0.0000000000000E+00 0.0000000000000E+00 0.0000000000000E+00 0.0000000000000E+00
 0.0000000000000E+00 0.0000000000000E+00 0.0000000000000E+00 0.0000000000000E+00
-4.0542546081000E-02 0.0000000000000E+00 0.0000000000000E+00-6.8074658412700E-01
 0.0000000000000E+00 0.0000000000000E+00 1.1671795235150E+00 0.0000000000000E+00
 0.0000000000000E+00-3.7418408567500E-01 0.0000000000000E+00 0.0000000000000E+00
 0.0000000000000E+00-5.9115021092664E-02 0.0000000000000E+00 0.0000000000000E+00
 0.0000000000000E+00 0.0000000000000E+00 2.8599469185970E-01 0.0000000000000E+00
 0.0000000000000E+00 0.0000000000000E+00 0.0000000000000E+00-2.1054890921368E+00
 0.0000000000000E+00 0.0000000000000E+00 0.0000000000000E+00 0.0000000000000E+00
 7.5870872081643E-03 0.0000000000000E+00 0.0000000000000E+00 0.0000000000000E+00
-3.6893239368631E-13 0.0000000000000E+00 0.0000000000000E+00-2.5703621242505E-01
 0.0000000000000E+00 0.0000000000000E+00 0.0000000000000E+00 3.2149822878379E-12
 0.0000000000000E+00 0.0000000000000E+00 2.2734077766964E-02 0.0000000000000E+00
 0.0000000000000E+00 0.0000000000000E+00 0.0000000000000E+00 0.0000000000000E+00
 0.0000000000000E+00 0.0000000000000E+00 0.0000000000000E+00 0.0000000000000E+00
 0.0000000000000E+00 0.0000000000000E+00 5.0334639373000E-02 0.0000000000000E+00
 0.0000000000000E+00-3.7632021976900E-01 0.0000000000000E+00 0.0000000000000E+00
 1.0972556021530E+00 0.0000000000000E+00 0.0000000000000E+00 0.0000000000000E+00
-1.0888931727397E-02 0.0000000000000E+00 0.0000000000000E+00 0.0000000000000E+00
 0.0000000000000E+00 2.1929289591171E-01 0.0000000000000E+00 0.0000000000000E+00
 0.0000000000000E+00 0.0000000000000E+00-5.1319848948282E-03 0.0000000000000E+00
 0.0000000000000E+00 0.0000000000000E+00 0.0000000000000E+00 0.0000000000000E+00
 0.0000000000000E+00 0.0000000000000E+00 0.0000000000000E+00 0.0000000000000E+00
 0.0000000000000E+00 5.0334639373000E-02 0.0000000000000E+00 0.0000000000000E+00
-3.7632021976900E-01 0.0000000000000E+00 0.0000000000000E+00 1.0972556021530E+00
 0.0000000000000E+00 0.0000000000000E+00 0.0000000000000E+00 1.0888931727397E-02
 0.0000000000000E+00 0.0000000000000E+00 0.0000000000000E+00 0.0000000000000E+00
-2.1929289591171E-01 0.0000000000000E+00 0.0000000000000E+00 0.0000000000000E+00
 0.0000000000000E+00-5.1319848948282E-03 0.0000000000000E+00 0.0000000000000E+00
 0.0000000000000E+00 0.0000000000000E+00 0.0000000000000E+00 0.0000000000000E+00
 0.0000000000000E+00 0.0000000000000E+00 0.0000000000000E+00 0.0000000000000E+00
-4.0542546081000E-02 0.0000000000000E+00 0.0000000000000E+00-6.8074658412700E-01
 0.0000000000000E+00 0.0000000000000E+00 1.1671795235160E+00 0.0000000000000E+00
 0.0000000000000E+00-3.7418408567500E-01 0.0000000000000E+00 0.0000000000000E+00
 0.0000000000000E+00 5.9115021092664E-02 0.0000000000000E+00 0.0000000000000E+00
 0.0000000000000E+00 0.0000000000000E+00-2.8599469185970E-01 0.0000000000000E+00
 0.0000000000000E+00 0.0000000000000E+00 0.0000000000000E+00 2.1054890921385E+00
 0.0000000000000E+00 0.0000000000000E+00 0.0000000000000E+00 0.0000000000000E+00
 7.5870872081643E-03 0.0000000000000E+00 0.0000000000000E+00 0.0000000000000E+00
 3.6893239368631E-13 0.0000000000000E+00 0.0000000000000E+00-2.5703621242505E-01
 0.0000000000000E+00 0.0000000000000E+00 0.0000000000000E+00-3.2149822878379E-12
 0.0000000000000E+00 0.0000000000000E+00-2.2734077766964E-02 0.0000000000000E+00
 0.0000000000000E+00 0.0000000000000E+00 0.0000000000000E+00 0.0000000000000E+00
 0.0000000000000E+00 0.0000000000000E+00 0.0000000000000E+00 0.0000000000000E+00
 0.0000000000000E+00 0.0000000000000E+00 0.0000000000000E+00 4.0542546081000E-02
 0.0000000000000E+00 0.0000000000000E+00 6.8074658412700E-01 0.0000000000000E+00
 0.0000000000000E+00-1.1671795235160E+00 0.0000000000000E+00 0.0000000000000E+00
 3.7418408567500E-01 0.0000000000000E+00 0.0000000000000E+00 0.0000000000000E+00
 5.9115021092664E-02 0.0000000000000E+00 0.0000000000000E+00 0.0000000000000E+00
 0.0000000000000E+00-2.8599469185970E-01 0.0000000000000E+00 0.0000000000000E+00
 0.0000000000000E+00 0.0000000000000E+00 2.1054890921385E+00 0.0000000000000E+00
 0.0000000000000E+00 0.0000000000000E+00 0.0000000000000E+00-7.5870872081643E-03
 0.0000000000000E+00 0.0000000000000E+00 0.0000000000000E+00-3.6893239368631E-13
 0.0000000000000E+00 0.0000000000000E+00 2.5703621242505E-01 0.0000000000000E+00
 0.0000000000000E+00 0.0000000000000E+00 3.2149822878379E-12 0.0000000000000E+00
 0.0000000000000E+00-2.2734077766964E-02 0.0000000000000E+00 0.0000000000000E+00
 0.0000000000000E+00 0.0000000000000E+00 0.0000000000000E+00 0.0000000000000E+00
 0.0000000000000E+00 0.0000000000000E+00 0.0000000000000E+00 0.0000000000000E+00
 0.0000000000000E+00-5.0334639373000E-02 0.0000000000000E+00 0.0000000000000E+00
 3.7632021976900E-01 0.0000000000000E+00 0.0000000000000E+00-1.0972556021530E+00
 0.0000000000000E+00 0.0000000000000E+00 0.0000000000000E+00 1.0888931727397E-02
 0.0000000000000E+00 0.0000000000000E+00 0.0000000000000E+00 0.0000000000000E+00
-2.1929289591171E-01 0.0000000000000E+00 0.0000000000000E+00 0.0000000000000E+00
 0.0000000000000E+00 5.1319848948282E-03 0.0000000000000E+00 0.0000000000000E+00
 0.0000000000000E+00 0.0000000000000E+00 0.0000000000000E+00 0.0000000000000E+00
 0.0000000000000E+00 0.0000000000000E+00 0.0000000000000E+00 0.0000000000000E+00
 0.0000000000000E+00 0.0000000000000E+00 0.0000000000000E+00 0.0000000000000E+00
 0.0000000000000E+00 0.0000000000000E+00 0.0000000000000E+00 0.0000000000000E+00
 0.0000000000000E+00 0.0000000000000E+00 0.0000000000000E+00 7.4594242244746E-02
 0.0000000000000E+00 0.0000000000000E+00 0.0000000000000E+00 0.0000000000000E+00
-6.1386837350827E-01 0.0000000000000E+00 0.0000000000000E+00 0.0000000000000E+00
 0.0000000000000E+00 2.3936085289595E-04 0.0000000000000E+00 0.0000000000000E+00
 0.0000000000000E+00 0.0000000000000E+00 0.0000000000000E+00 0.0000000000000E+00
 0.0000000000000E+00 0.0000000000000E+00 0.0000000000000E+00 0.0000000000000E+00
 0.0000000000000E+00 0.0000000000000E+00 0.0000000000000E+00 0.0000000000000E+00
 0.0000000000000E+00 0.0000000000000E+00 0.0000000000000E+00 0.0000000000000E+00
 0.0000000000000E+00 0.0000000000000E+00 0.0000000000000E+00 0.0000000000000E+00
 0.0000000000000E+00 1.9980450751658E-02 0.0000000000000E+00 0.0000000000000E+00
 0.0000000000000E+00 0.0000000000000E+00-7.6072744478923E-01 0.0000000000000E+00
 0.0000000000000E+00 0.0000000000000E+00 0.0000000000000E+00 1.8485424537708E+00
 0.0000000000000E+00 0.0000000000000E+00 0.0000000000000E+00 0.0000000000000E+00
-5.6461416381802E-03 0.0000000000000E+00 0.0000000000000E+00 0.0000000000000E+00
 0.0000000000000E+00 0.0000000000000E+00 0.0000000000000E+00 9.2059633174680E-02
 0.0000000000000E+00 0.0000000000000E+00 0.0000000000000E+00 0.0000000000000E+00
 0.0000000000000E+00 0.0000000000000E+00 7.2180206993140E-03 0.0000000000000E+00
 0.0000000000000E+00 0.0000000000000E+00 0.0000000000000E+00 0.0000000000000E+00
 0.0000000000000E+00 0.0000000000000E+00 0.0000000000000E+00 0.0000000000000E+00
 0.0000000000000E+00 0.0000000000000E+00 0.0000000000000E+00 0.0000000000000E+00
 0.0000000000000E+00 0.0000000000000E+00 0.0000000000000E+00 0.0000000000000E+00
 0.0000000000000E+00 0.0000000000000E+00 0.0000000000000E+00 0.0000000000000E+00
 0.0000000000000E+00 0.0000000000000E+00 0.0000000000000E+00 0.0000000000000E+00
-1.9980450751658E-02 0.0000000000000E+00 0.0000000000000E+00 0.0000000000000E+00
 0.0000000000000E+00 7.6072744478923E-01 0.0000000000000E+00 0.0000000000000E+00
 0.0000000000000E+00 0.0000000000000E+00-1.8485424537708E+00 0.0000000000000E+00
 0.0000000000000E+00 0.0000000000000E+00 0.0000000000000E+00-5.6461416381802E-03
 0.0000000000000E+00 0.0000000000000E+00 0.0000000000000E+00 0.0000000000000E+00
 0.0000000000000E+00 0.0000000000000E+00 9.2059633174680E-02 0.0000000000000E+00
 0.0000000000000E+00 0.0000000000000E+00 0.0000000000000E+00 0.0000000000000E+00
 0.0000000000000E+00-7.2180206993140E-03 0.0000000000000E+00 0.0000000000000E+00
 0.0000000000000E+00 0.0000000000000E+00 0.0000000000000E+00 0.0000000000000E+00
 0.0000000000000E+00 0.0000000000000E+00 0.0000000000000E+00 0.0000000000000E+00
 0.0000000000000E+00 0.0000000000000E+00 0.0000000000000E+00 0.0000000000000E+00
 0.0000000000000E+00 0.0000000000000E+00 0.0000000000000E+00 0.0000000000000E+00
 0.0000000000000E+00 0.0000000000000E+00 0.0000000000000E+00-7.4594242244746E-02
 0.0000000000000E+00 0.0000000000000E+00 0.0000000000000E+00 0.0000000000000E+00
 6.1386837350827E-01 0.0000000000000E+00 0.0000000000000E+00 0.0000000000000E+00
 0.0000000000000E+00 2.3936085289595E-04 0.0000000000000E+00 0.0000000000000E+00
 0.0000000000000E+00 1.0000000000000E-12 3.0000000000000E-12 0.0000000000000E+00
 0.0000000000000E+00 0.0000000000000E+00 0.0000000000000E+00 0.0000000000000E+00
 0.0000000000000E+00 0.0000000000000E+00 0.0000000000000E+00 0.0000000000000E+00
 1.0000000000000E-12 0.0000000000000E+00 0.0000000000000E+00 0.0000000000000E+00
 3.7297121123239E-02 0.0000000000000E+00 0.0000000000000E+00 0.0000000000000E+00
 0.0000000000000E+00-3.0693418675760E-01 0.0000000000000E+00 0.0000000000000E+00
 0.0000000000000E+00 0.0000000000000E+00 2.3936085289595E-04 0.0000000000000E+00
 0.0000000000000E+00 0.0000000000000E+00 0.0000000000000E+00 0.0000000000000E+00
-1.0000000000000E-12 1.3000000000000E-11 2.0000000000000E-12 0.0000000000000E+00
 0.0000000000000E+00 0.0000000000000E+00 0.0000000000000E+00 0.0000000000000E+00
 0.0000000000000E+00 0.0000000000000E+00 0.0000000000000E+00 1.3000000000000E-11
 0.0000000000000E+00 0.0000000000000E+00 0.0000000000000E+00 0.0000000000000E+00
 0.0000000000000E+00 0.0000000000000E+00 9.9902253740971E-03 0.0000000000000E+00
 1.0000000000000E-12 0.0000000000000E+00 0.0000000000000E+00-3.8036372238942E-01
 0.0000000000000E+00 5.0000000000000E-13 0.0000000000000E+00 0.0000000000000E+00
 9.2427122686979E-01 0.0000000000000E+00 0.0000000000000E+00 0.0000000000000E+00
 0.0000000000000E+00-5.6461416383093E-03 0.0000000000000E+00 0.0000000000000E+00
 0.0000000000000E+00 1.0000000000000E-12 0.0000000000000E+00 0.0000000000000E+00
 9.2059633174422E-02 0.0000000000000E+00 0.0000000000000E+00 0.0000000000000E+00
 0.0000000000000E+00 0.0000000000000E+00 0.0000000000000E+00 7.2180206993885E-03
 0.0000000000000E+00 0.0000000000000E+00 0.0000000000000E+00 0.0000000000000E+00
 0.0000000000000E+00 0.0000000000000E+00 0.0000000000000E+00 1.0000000000000E-12
-1.3000000000000E-11-2.0000000000000E-12 0.0000000000000E+00 0.0000000000000E+00
 0.0000000000000E+00 0.0000000000000E+00 0.0000000000000E+00 0.0000000000000E+00
 0.0000000000000E+00 0.0000000000000E+00 1.3000000000000E-11 0.0000000000000E+00
 0.0000000000000E+00 0.0000000000000E+00 0.0000000000000E+00 0.0000000000000E+00
 0.0000000000000E+00-9.9902253740971E-03 0.0000000000000E+00-1.0000000000000E-12
 0.0000000000000E+00 0.0000000000000E+00 3.8036372238942E-01 0.0000000000000E+00
-5.0000000000000E-13 0.0000000000000E+00 0.0000000000000E+00-9.2427122686979E-01
 0.0000000000000E+00 0.0000000000000E+00 0.0000000000000E+00 0.0000000000000E+00
-5.6461416383093E-03 0.0000000000000E+00 0.0000000000000E+00 0.0000000000000E+00
 1.0000000000000E-12 0.0000000000000E+00 0.0000000000000E+00 9.2059633174422E-02
 0.0000000000000E+00 0.0000000000000E+00 0.0000000000000E+00 0.0000000000000E+00
 0.0000000000000E+00 0.0000000000000E+00-7.2180206993885E-03 0.0000000000000E+00
 0.0000000000000E+00 0.0000000000000E+00 0.0000000000000E+00 0.0000000000000E+00
 0.0000000000000E+00-1.0000000000000E-12-3.0000000000000E-12 0.0000000000000E+00
 0.0000000000000E+00 0.0000000000000E+00 0.0000000000000E+00 0.0000000000000E+00
 0.0000000000000E+00 0.0000000000000E+00 0.0000000000000E+00 0.0000000000000E+00
 1.0000000000000E-12 0.0000000000000E+00 0.0000000000000E+00 0.0000000000000E+00
-3.7297121123239E-02 0.0000000000000E+00 0.0000000000000E+00 0.0000000000000E+00
 0.0000000000000E+00 3.0693418675760E-01 0.0000000000000E+00 0.0000000000000E+00
 0.0000000000000E+00 0.0000000000000E+00 2.3936085289595E-04 0.0000000000000E+00
 0.0000000000000E+00 0.0000000000000E+00 0.0000000000000E+00 0.0000000000000E+00
 0.0000000000000E+00 0.0000000000000E+00 0.0000000000000E+00 3.0000000000000E-12
 0.0000000000000E+00 0.0000000000000E+00-2.5000000000000E-11 0.0000000000000E+00
 0.0000000000000E+00 7.7000000000000E-11 0.0000000000000E+00 0.0000000000000E+00
 0.0000000000000E+00 0.0000000000000E+00 0.0000000000000E+00 0.0000000000000E+00
 0.0000000000000E+00 0.0000000000000E+00-1.7320508075689E-12 0.0000000000000E+00
 0.0000000000000E+00 0.0000000000000E+00 0.0000000000000E+00 0.0000000000000E+00
 0.0000000000000E+00 0.0000000000000E+00 0.0000000000000E+00 3.2737789232531E-04
 0.0000000000000E+00 0.0000000000000E+00 0.0000000000000E+00 0.0000000000000E+00
 0.0000000000000E+00 0.0000000000000E+00-6.0000000000000E-12 0.0000000000000E+00
 0.0000000000000E+00-4.9000000000000E-11 0.0000000000000E+00 0.0000000000000E+00
 3.4000000000000E-11 0.0000000000000E+00 0.0000000000000E+00-2.9000000000000E-11
 0.0000000000000E+00 0.0000000000000E+00 0.0000000000000E+00 5.1961524227066E-12
 0.0000000000000E+00 0.0000000000000E+00 0.0000000000000E+00 0.0000000000000E+00
-2.9444863728671E-11 0.0000000000000E+00 0.0000000000000E+00 0.0000000000000E+00
 0.0000000000000E+00 1.1085125168441E-10 0.0000000000000E+00 0.0000000000000E+00
 0.0000000000000E+00 0.0000000000000E+00 4.0824829046386E-13 0.0000000000000E+00
 0.0000000000000E+00 0.0000000000000E+00-4.6927660119014E-03 0.0000000000000E+00
 0.0000000000000E+00-2.2045407685049E-11 0.0000000000000E+00 0.0000000000000E+00
 0.0000000000000E+00 4.6778187471987E-02 0.0000000000000E+00 0.0000000000000E+00
-1.2649110640674E-12 0.0000000000000E+00 0.0000000000000E+00 0.0000000000000E+00
-2.4279453847163E-06 0.0000000000000E+00 0.0000000000000E+00 0.0000000000000E+00
 0.0000000000000E+00 0.0000000000000E+00 0.0000000000000E+00 0.0000000000000E+00
 0.0000000000000E+00 6.0000000000000E-12 0.0000000000000E+00 0.0000000000000E+00
 4.9000000000000E-11 0.0000000000000E+00 0.0000000000000E+00-3.4000000000000E-11
 0.0000000000000E+00 0.0000000000000E+00 2.9000000000000E-11 0.0000000000000E+00
 0.0000000000000E+00 0.0000000000000E+00 5.1961524227066E-12 0.0000000000000E+00
 0.0000000000000E+00 0.0000000000000E+00 0.0000000000000E+00-2.9444863728671E-11
 0.0000000000000E+00 0.0000000000000E+00 0.0000000000000E+00 0.0000000000000E+00
 1.1085125168441E-10 0.0000000000000E+00 0.0000000000000E+00 0.0000000000000E+00
 0.0000000000000E+00-4.0824829046386E-13 0.0000000000000E+00 0.0000000000000E+00
 0.0000000000000E+00 4.6927660119014E-03 0.0000000000000E+00 0.0000000000000E+00
 2.2045407685049E-11 0.0000000000000E+00 0.0000000000000E+00 0.0000000000000E+00
-4.6778187471987E-02 0.0000000000000E+00 0.0000000000000E+00-1.2649110640674E-12
 0.0000000000000E+00 0.0000000000000E+00 0.0000000000000E+00-2.4279453847163E-06
 0.0000000000000E+00 0.0000000000000E+00 0.0000000000000E+00 0.0000000000000E+00
 0.0000000000000E+00 0.0000000000000E+00 0.0000000000000E+00-3.0000000000000E-12
 0.0000000000000E+00 0.0000000000000E+00 2.5000000000000E-11 0.0000000000000E+00
 0.0000000000000E+00-7.7000000000000E-11 0.0000000000000E+00 0.0000000000000E+00
 0.0000000000000E+00 0.0000000000000E+00 0.0000000000000E+00 0.0000000000000E+00
 0.0000000000000E+00 0.0000000000000E+00-1.7320508075689E-12 0.0000000000000E+00
 0.0000000000000E+00 0.0000000000000E+00 0.0000000000000E+00 0.0000000000000E+00
 0.0000000000000E+00 0.0000000000000E+00 0.0000000000000E+00-3.2737789232531E-04
 0.0000000000000E+00 0.0000000000000E+00 0.0000000000000E+00 0.0000000000000E+00
 3.0000000000000E-12 0.0000000000000E+00 0.0000000000000E+00-2.5000000000000E-11
 0.0000000000000E+00 0.0000000000000E+00 7.7000000000000E-11 0.0000000000000E+00
 0.0000000000000E+00 0.0000000000000E+00 0.0000000000000E+00 0.0000000000000E+00
 0.0000000000000E+00 0.0000000000000E+00 0.0000000000000E+00-1.7320508075689E-12
 0.0000000000000E+00 0.0000000000000E+00 0.0000000000000E+00 0.0000000000000E+00
 0.0000000000000E+00 0.0000000000000E+00 0.0000000000000E+00 0.0000000000000E+00
-3.2737789232531E-04 0.0000000000000E+00 0.0000000000000E+00 0.0000000000000E+00
 0.0000000000000E+00 0.0000000000000E+00 0.0000000000000E+00-6.0000000000000E-12
 0.0000000000000E+00 0.0000000000000E+00-4.9000000000000E-11 0.0000000000000E+00
 0.0000000000000E+00 3.4000000000000E-11 0.0000000000000E+00 0.0000000000000E+00
-2.9000000000000E-11 0.0000000000000E+00 0.0000000000000E+00 0.0000000000000E+00
 5.1961524227066E-12 0.0000000000000E+00 0.0000000000000E+00 0.0000000000000E+00
 0.0000000000000E+00-2.9444863728671E-11 0.0000000000000E+00 0.0000000000000E+00
 0.0000000000000E+00 0.0000000000000E+00 1.1085125168441E-10 0.0000000000000E+00
 0.0000000000000E+00 0.0000000000000E+00 0.0000000000000E+00 4.0824829046386E-13
 0.0000000000000E+00 0.0000000000000E+00 0.0000000000000E+00 4.6927660119014E-03
 0.0000000000000E+00 0.0000000000000E+00-2.2045407685049E-11 0.0000000000000E+00
 0.0000000000000E+00 0.0000000000000E+00-4.6778187471987E-02 0.0000000000000E+00
 0.0000000000000E+00-1.2649110640674E-12 0.0000000000000E+00 0.0000000000000E+00
 0.0000000000000E+00 2.4279453847163E-06 0.0000000000000E+00 0.0000000000000E+00
 0.0000000000000E+00 0.0000000000000E+00 0.0000000000000E+00 0.0000000000000E+00
 0.0000000000000E+00 0.0000000000000E+00 6.0000000000000E-12 0.0000000000000E+00
 0.0000000000000E+00 4.9000000000000E-11 0.0000000000000E+00 0.0000000000000E+00
-3.4000000000000E-11 0.0000000000000E+00 0.0000000000000E+00 2.9000000000000E-11
 0.0000000000000E+00 0.0000000000000E+00 0.0000000000000E+00 5.1961524227066E-12
 0.0000000000000E+00 0.0000000000000E+00 0.0000000000000E+00 0.0000000000000E+00
-2.9444863728671E-11 0.0000000000000E+00 0.0000000000000E+00 0.0000000000000E+00
 0.0000000000000E+00 1.1085125168441E-10 0.0000000000000E+00 0.0000000000000E+00
 0.0000000000000E+00 0.0000000000000E+00-4.0824829046386E-13 0.0000000000000E+00
 0.0000000000000E+00 0.0000000000000E+00-4.6927660119014E-03 0.0000000000000E+00
 0.0000000000000E+00 2.2045407685049E-11 0.0000000000000E+00 0.0000000000000E+00
 0.0000000000000E+00 4.6778187471987E-02 0.0000000000000E+00 0.0000000000000E+00
-1.2649110640674E-12 0.0000000000000E+00 0.0000000000000E+00 0.0000000000000E+00
 2.4279453847163E-06 0.0000000000000E+00 0.0000000000000E+00 0.0000000000000E+00
 0.0000000000000E+00 0.0000000000000E+00 0.0000000000000E+00 0.0000000000000E+00
-3.0000000000000E-12 0.0000000000000E+00 0.0000000000000E+00 2.5000000000000E-11
 0.0000000000000E+00 0.0000000000000E+00-7.7000000000000E-11 0.0000000000000E+00
 0.0000000000000E+00 0.0000000000000E+00 0.0000000000000E+00 0.0000000000000E+00
 0.0000000000000E+00 0.0000000000000E+00 0.0000000000000E+00-1.7320508075689E-12
 0.0000000000000E+00 0.0000000000000E+00 0.0000000000000E+00 0.0000000000000E+00
 0.0000000000000E+00 0.0000000000000E+00 0.0000000000000E+00 0.0000000000000E+00
 3.2737789232531E-04 0.0000000000000E+00 6.4048634227000E-02-1.5774315114590E+00
-8.8536455514590E+00 2.8280090786200E-01 0.0000000000000E+00 0.0000000000000E+00
 6.5983501825000E-02 0.0000000000000E+00 0.0000000000000E+00-1.3631393537280E+00
 0.0000000000000E+00 0.0000000000000E+00-2.2729895567930E+00-3.4944485668000E-02
 0.0000000000000E+00 0.0000000000000E+00 0.0000000000000E+00 0.0000000000000E+00
-1.3616675046000E-02 0.0000000000000E+00 0.0000000000000E+00 0.0000000000000E+00
 0.0000000000000E+00 2.7540369652000E-02 0.0000000000000E+00 0.0000000000000E+00
 0.0000000000000E+00 0.0000000000000E+00 0.0000000000000E+00 0.0000000000000E+00
-2.2039326270100E-01-4.5977828918400E-01-1.9009781837290E+00 6.3185956239640E+00
 2.2377473448750E+00 0.0000000000000E+00 0.0000000000000E+00 3.4868437250000E-03
 0.0000000000000E+00 0.0000000000000E+00 7.0375912032100E-01 0.0000000000000E+00
 0.0000000000000E+00-6.4303620901850E+00 0.0000000000000E+00 0.0000000000000E+00
 3.8508091237700E-01-5.8944142186000E-02 0.0000000000000E+00 0.0000000000000E+00
 0.0000000000000E+00 0.0000000000000E+00 1.3013140705200E-01 0.0000000000000E+00
 0.0000000000000E+00 0.0000000000000E+00 0.0000000000000E+00 1.6575135142125E+00
 0.0000000000000E+00 0.0000000000000E+00 0.0000000000000E+00 0.0000000000000E+00
-4.3742533033000E-02 0.0000000000000E+00 0.0000000000000E+00 0.0000000000000E+00
 0.0000000000000E+00 0.0000000000000E+00 0.0000000000000E+00-1.0172290306500E+00
 0.0000000000000E+00 0.0000000000000E+00 0.0000000000000E+00 0.0000000000000E+00
 0.0000000000000E+00 0.0000000000000E+00 1.4682151979400E-01 0.0000000000000E+00
 0.0000000000000E+00 0.0000000000000E+00 0.0000000000000E+00 0.0000000000000E+00
 0.0000000000000E+00 7.0429521227376E-15 0.0000000000000E+00-2.2039326270100E-01
-4.5977828918400E-01-1.9009781837290E+00 6.3185956239640E+00 2.2377473448750E+00
 0.0000000000000E+00 0.0000000000000E+00-3.4868437250000E-03 0.0000000000000E+00
 0.0000000000000E+00-7.0375912032100E-01 0.0000000000000E+00 0.0000000000000E+00
 6.4303620901850E+00 0.0000000000000E+00 0.0000000000000E+00-3.8508091237700E-01
-5.8944142186000E-02 0.0000000000000E+00 0.0000000000000E+00 0.0000000000000E+00
 0.0000000000000E+00 1.3013140705200E-01 0.0000000000000E+00 0.0000000000000E+00
 0.0000000000000E+00 0.0000000000000E+00 1.6575135142125E+00 0.0000000000000E+00
 0.0000000000000E+00 0.0000000000000E+00 0.0000000000000E+00 4.3742533033000E-02
 0.0000000000000E+00 0.0000000000000E+00 0.0000000000000E+00 0.0000000000000E+00
 0.0000000000000E+00 0.0000000000000E+00 1.0172290306500E+00 0.0000000000000E+00
 0.0000000000000E+00 0.0000000000000E+00 0.0000000000000E+00 0.0000000000000E+00
 0.0000000000000E+00 1.4682151979400E-01 0.0000000000000E+00 0.0000000000000E+00
 0.0000000000000E+00 0.0000000000000E+00 0.0000000000000E+00 0.0000000000000E+00
 7.0429521227376E-15 0.0000000000000E+00 6.4048634227000E-02-1.5774315114590E+00
-8.8536455514590E+00 2.8280090786200E-01 0.0000000000000E+00 0.0000000000000E+00
-6.5983501825000E-02 0.0000000000000E+00 0.0000000000000E+00 1.3631393537280E+00
 0.0000000000000E+00 0.0000000000000E+00 2.2729895567930E+00-3.4944485668000E-02
 0.0000000000000E+00 0.0000000000000E+00 0.0000000000000E+00 0.0000000000000E+00
-1.3616675046000E-02 0.0000000000000E+00 0.0000000000000E+00 0.0000000000000E+00
 0.0000000000000E+00-2.7540369652000E-02 0.0000000000000E+00 0.0000000000000E+00
 0.0000000000000E+00 0.0000000000000E+00 0.0000000000000E+00 0.0000000000000E+00
 3.3594675318000E-02-1.8579412662430E+00-1.4859759300812E+01-2.2735876450130E+00
 0.0000000000000E+00 0.0000000000000E+00 4.6387666470000E-03 0.0000000000000E+00
 0.0000000000000E+00-6.7493275501600E-01 0.0000000000000E+00 0.0000000000000E+00
-5.9438532841830E+00-3.6826008175000E-03 0.0000000000000E+00 0.0000000000000E+00
 0.0000000000000E+00 0.0000000000000E+00-8.6073107248000E-02 0.0000000000000E+00
 0.0000000000000E+00 0.0000000000000E+00 0.0000000000000E+00 4.8287829392000E-02
 0.0000000000000E+00 0.0000000000000E+00 0.0000000000000E+00 0.0000000000000E+00
 0.0000000000000E+00 0.0000000000000E+00-6.6414996360000E-02-1.2536908159600E-01
-1.0014203149300E-01-8.5661233869480E+00-9.7139534645180E+00 0.0000000000000E+00
 0.0000000000000E+00 9.5798569196000E-02 0.0000000000000E+00 0.0000000000000E+00
 1.1051046635090E+00 0.0000000000000E+00 0.0000000000000E+00-2.6581352070915E+01
 0.0000000000000E+00 0.0000000000000E+00-6.1387681056430E+00 1.1160226455500E-02
 0.0000000000000E+00 0.0000000000000E+00 0.0000000000000E+00 0.0000000000000E+00
-3.0862007689850E-01 0.0000000000000E+00 0.0000000000000E+00 0.0000000000000E+00
 0.0000000000000E+00 2.3288636609500E-02 0.0000000000000E+00 0.0000000000000E+00
 0.0000000000000E+00 0.0000000000000E+00 2.6952148435000E-02 0.0000000000000E+00
 0.0000000000000E+00 0.0000000000000E+00 0.0000000000000E+00 0.0000000000000E+00
 0.0000000000000E+00-1.1894498578200E+00 0.0000000000000E+00 0.0000000000000E+00
 0.0000000000000E+00 0.0000000000000E+00 0.0000000000000E+00 0.0000000000000E+00
 1.4031047317100E-01 0.0000000000000E+00 0.0000000000000E+00 0.0000000000000E+00
 0.0000000000000E+00 0.0000000000000E+00 0.0000000000000E+00 0.0000000000000E+00
 0.0000000000000E+00 6.6414996360000E-02 1.2536908159600E-01 1.0014203149300E-01
 8.5661233869480E+00 9.7139534645180E+00 0.0000000000000E+00 0.0000000000000E+00
 9.5798569196000E-02 0.0000000000000E+00 0.0000000000000E+00 1.1051046635090E+00
 0.0000000000000E+00 0.0000000000000E+00-2.6581352070915E+01 0.0000000000000E+00
 0.0000000000000E+00-6.1387681056430E+00-1.1160226455500E-02 0.0000000000000E+00
 0.0000000000000E+00 0.0000000000000E+00 0.0000000000000E+00 3.0862007689850E-01
 0.0000000000000E+00 0.0000000000000E+00 0.0000000000000E+00 0.0000000000000E+00
-2.3288636609500E-02 0.0000000000000E+00 0.0000000000000E+00 0.0000000000000E+00
 0.0000000000000E+00 2.6952148435000E-02 0.0000000000000E+00 0.0000000000000E+00
 0.0000000000000E+00 0.0000000000000E+00 0.0000000000000E+00 0.0000000000000E+00
-1.1894498578200E+00 0.0000000000000E+00 0.0000000000000E+00 0.0000000000000E+00
 0.0000000000000E+00 0.0000000000000E+00 0.0000000000000E+00-1.4031047317100E-01
 0.0000000000000E+00 0.0000000000000E+00 0.0000000000000E+00 0.0000000000000E+00
 0.0000000000000E+00 0.0000000000000E+00 0.0000000000000E+00 0.0000000000000E+00
-3.3594675318000E-02 1.8579412662430E+00 1.4859759300812E+01 2.2735876450130E+00
 0.0000000000000E+00 0.0000000000000E+00 4.6387666470000E-03 0.0000000000000E+00
 0.0000000000000E+00-6.7493275501600E-01 0.0000000000000E+00 0.0000000000000E+00
-5.9438532841830E+00 3.6826008175000E-03 0.0000000000000E+00 0.0000000000000E+00
 0.0000000000000E+00 0.0000000000000E+00 8.6073107248000E-02 0.0000000000000E+00
 0.0000000000000E+00 0.0000000000000E+00 0.0000000000000E+00 4.8287829392000E-02
 0.0000000000000E+00 0.0000000000000E+00 0.0000000000000E+00 0.0000000000000E+00
 0.0000000000000E+00 0.0000000000000E+00 0.0000000000000E+00 0.0000000000000E+00
-1.0000000000000E-12 0.0000000000000E+00 0.0000000000000E+00 0.0000000000000E+00
 0.0000000000000E+00 0.0000000000000E+00 0.0000000000000E+00 0.0000000000000E+00
 0.0000000000000E+00 0.0000000000000E+00 0.0000000000000E+00 0.0000000000000E+00
 0.0000000000000E+00 0.0000000000000E+00-6.6809621870690E-02 0.0000000000000E+00
 0.0000000000000E+00 0.0000000000000E+00 0.0000000000000E+00 5.4606517550952E-01
 0.0000000000000E+00 0.0000000000000E+00 0.0000000000000E+00 0.0000000000000E+00
 9.0952828907707E-04 0.0000000000000E+00 0.0000000000000E+00 0.0000000000000E+00
 0.0000000000000E+00 0.0000000000000E+00-1.0000000000000E-12 7.0000000000000E-12
 2.0000000000000E-12 0.0000000000000E+00 0.0000000000000E+00 0.0000000000000E+00
 0.0000000000000E+00 0.0000000000000E+00 0.0000000000000E+00 0.0000000000000E+00
 0.0000000000000E+00 4.0000000000000E-12 0.0000000000000E+00 0.0000000000000E+00
 0.0000000000000E+00 0.0000000000000E+00 0.0000000000000E+00 0.0000000000000E+00
 3.5478012412206E-02 0.0000000000000E+00 5.0000000000000E-13 0.0000000000000E+00
 0.0000000000000E+00-6.6949954273001E-01 0.0000000000000E+00 5.0000000000000E-13
 0.0000000000000E+00 0.0000000000000E+00 1.5129872405032E-01 0.0000000000000E+00
 0.0000000000000E+00 0.0000000000000E+00 0.0000000000000E+00 1.0824119277727E-04
 0.0000000000000E+00 0.0000000000000E+00 0.0000000000000E+00 0.0000000000000E+00
 0.0000000000000E+00 0.0000000000000E+00 4.9737462786571E-03 0.0000000000000E+00
 0.0000000000000E+00 0.0000000000000E+00 0.0000000000000E+00 0.0000000000000E+00
 0.0000000000000E+00-2.8390441205481E-03 0.0000000000000E+00 0.0000000000000E+00
 0.0000000000000E+00 0.0000000000000E+00 0.0000000000000E+00 0.0000000000000E+00
 0.0000000000000E+00 1.0000000000000E-12-7.0000000000000E-12-2.0000000000000E-12
 0.0000000000000E+00 0.0000000000000E+00 0.0000000000000E+00 0.0000000000000E+00
 0.0000000000000E+00 0.0000000000000E+00 0.0000000000000E+00 0.0000000000000E+00
 4.0000000000000E-12 0.0000000000000E+00 0.0000000000000E+00 0.0000000000000E+00
 0.0000000000000E+00 0.0000000000000E+00 0.0000000000000E+00-3.5478012412206E-02
 0.0000000000000E+00-5.0000000000000E-13 0.0000000000000E+00 0.0000000000000E+00
 6.6949954273001E-01 0.0000000000000E+00-5.0000000000000E-13 0.0000000000000E+00
 0.0000000000000E+00-1.5129872405032E-01 0.0000000000000E+00 0.0000000000000E+00
 0.0000000000000E+00 0.0000000000000E+00 1.0824119277727E-04 0.0000000000000E+00
 0.0000000000000E+00 0.0000000000000E+00 0.0000000000000E+00 0.0000000000000E+00
 0.0000000000000E+00 4.9737462786571E-03 0.0000000000000E+00 0.0000000000000E+00
 0.0000000000000E+00 0.0000000000000E+00 0.0000000000000E+00 0.0000000000000E+00
 2.8390441205481E-03 0.0000000000000E+00 0.0000000000000E+00 0.0000000000000E+00
 0.0000000000000E+00 0.0000000000000E+00 0.0000000000000E+00 0.0000000000000E+00
 1.0000000000000E-12 0.0000000000000E+00 0.0000000000000E+00 0.0000000000000E+00
 0.0000000000000E+00 0.0000000000000E+00 0.0000000000000E+00 0.0000000000000E+00
 0.0000000000000E+00 0.0000000000000E+00 0.0000000000000E+00 0.0000000000000E+00
 0.0000000000000E+00 0.0000000000000E+00 6.6809621870690E-02 0.0000000000000E+00
 0.0000000000000E+00 0.0000000000000E+00 0.0000000000000E+00-5.4606517550952E-01
 0.0000000000000E+00 0.0000000000000E+00 0.0000000000000E+00 0.0000000000000E+00
 9.0952828907707E-04 0.0000000000000E+00 0.0000000000000E+00 0.0000000000000E+00
 0.0000000000000E+00 0.0000000000000E+00 0.0000000000000E+00 0.0000000000000E+00
 0.0000000000000E+00 0.0000000000000E+00 0.0000000000000E+00 0.0000000000000E+00
 0.0000000000000E+00 0.0000000000000E+00 0.0000000000000E+00 0.0000000000000E+00
 0.0000000000000E+00 0.0000000000000E+00 0.0000000000000E+00 0.0000000000000E+00
 0.0000000000000E+00 1.3361924374138E-01 0.0000000000000E+00 0.0000000000000E+00
 0.0000000000000E+00 0.0000000000000E+00-1.0921303510329E+00 0.0000000000000E+00
 0.0000000000000E+00 0.0000000000000E+00 0.0000000000000E+00-9.0952828907707E-04
 0.0000000000000E+00 0.0000000000000E+00 0.0000000000000E+00 0.0000000000000E+00
 0.0000000000000E+00 0.0000000000000E+00 0.0000000000000E+00 0.0000000000000E+00
 0.0000000000000E+00 0.0000000000000E+00 0.0000000000000E+00 0.0000000000000E+00
 0.0000000000000E+00 0.0000000000000E+00 0.0000000000000E+00 0.0000000000000E+00
 0.0000000000000E+00 0.0000000000000E+00 0.0000000000000E+00 0.0000000000000E+00
 0.0000000000000E+00 0.0000000000000E+00 0.0000000000000E+00-7.0956024829608E-02
 0.0000000000000E+00 0.0000000000000E+00 0.0000000000000E+00 0.0000000000000E+00
 1.3389990854531E+00 0.0000000000000E+00 0.0000000000000E+00 0.0000000000000E+00
 0.0000000000000E+00-3.0259744810930E-01 0.0000000000000E+00 0.0000000000000E+00
 0.0000000000000E+00 0.0000000000000E+00-1.0824119264817E-04 0.0000000000000E+00
 0.0000000000000E+00 0.0000000000000E+00 0.0000000000000E+00 0.0000000000000E+00
 0.0000000000000E+00-4.9737462802063E-03 0.0000000000000E+00 0.0000000000000E+00
 0.0000000000000E+00 0.0000000000000E+00 0.0000000000000E+00 0.0000000000000E+00
 2.8390441206226E-03 0.0000000000000E+00 0.0000000000000E+00 0.0000000000000E+00
 0.0000000000000E+00 0.0000000000000E+00 0.0000000000000E+00 0.0000000000000E+00
 0.0000000000000E+00 0.0000000000000E+00 0.0000000000000E+00 0.0000000000000E+00
 0.0000000000000E+00 0.0000000000000E+00 0.0000000000000E+00 0.0000000000000E+00
 0.0000000000000E+00 0.0000000000000E+00 0.0000000000000E+00 0.0000000000000E+00
 0.0000000000000E+00 0.0000000000000E+00 0.0000000000000E+00 0.0000000000000E+00
 0.0000000000000E+00 0.0000000000000E+00 7.0956024829608E-02 0.0000000000000E+00
 0.0000000000000E+00 0.0000000000000E+00 0.0000000000000E+00-1.3389990854531E+00
 0.0000000000000E+00 0.0000000000000E+00 0.0000000000000E+00 0.0000000000000E+00
 3.0259744810930E-01 0.0000000000000E+00 0.0000000000000E+00 0.0000000000000E+00
 0.0000000000000E+00-1.0824119264817E-04 0.0000000000000E+00 0.0000000000000E+00
 0.0000000000000E+00 0.0000000000000E+00 0.0000000000000E+00 0.0000000000000E+00
-4.9737462802063E-03 0.0000000000000E+00 0.0000000000000E+00 0.0000000000000E+00
 0.0000000000000E+00 0.0000000000000E+00 0.0000000000000E+00-2.8390441206226E-03
 0.0000000000000E+00 0.0000000000000E+00 0.0000000000000E+00 0.0000000000000E+00
 0.0000000000000E+00 0.0000000000000E+00 0.0000000000000E+00 0.0000000000000E+00
 0.0000000000000E+00 0.0000000000000E+00 0.0000000000000E+00 0.0000000000000E+00
 0.0000000000000E+00 0.0000000000000E+00 0.0000000000000E+00 0.0000000000000E+00
 0.0000000000000E+00 0.0000000000000E+00 0.0000000000000E+00 0.0000000000000E+00
 0.0000000000000E+00-1.3361924374138E-01 0.0000000000000E+00 0.0000000000000E+00
 0.0000000000000E+00 0.0000000000000E+00 1.0921303510329E+00 0.0000000000000E+00
 0.0000000000000E+00 0.0000000000000E+00 0.0000000000000E+00-9.0952828907707E-04
 0.0000000000000E+00 0.0000000000000E+00 0.0000000000000E+00 0.0000000000000E+00
 0.0000000000000E+00 0.0000000000000E+00 2.1293594091000E-02 0.0000000000000E+00
 0.0000000000000E+00-2.0494579135000E-01 0.0000000000000E+00 0.0000000000000E+00
 2.0249035936720E+00 0.0000000000000E+00 0.0000000000000E+00 0.0000000000000E+00
-7.7337956921147E-02 0.0000000000000E+00 0.0000000000000E+00 0.0000000000000E+00
 0.0000000000000E+00 1.6975386997371E+00 0.0000000000000E+00 0.0000000000000E+00
 0.0000000000000E+00 0.0000000000000E+00 4.4331616783836E-02 0.0000000000000E+00
 0.0000000000000E+00 0.0000000000000E+00 0.0000000000000E+00 0.0000000000000E+00
 0.0000000000000E+00 0.0000000000000E+00 0.0000000000000E+00 0.0000000000000E+00
 0.0000000000000E+00 6.7129220590000E-02 0.0000000000000E+00 0.0000000000000E+00
 4.7107117899600E-01 0.0000000000000E+00 0.0000000000000E+00-1.6289023476260E+00
 0.0000000000000E+00 0.0000000000000E+00-1.3704444080000E-01 0.0000000000000E+00
 0.0000000000000E+00 0.0000000000000E+00-1.2802692095173E-01 0.0000000000000E+00
 0.0000000000000E+00 0.0000000000000E+00 0.0000000000000E+00 5.8252671662571E-01
 0.0000000000000E+00 0.0000000000000E+00 0.0000000000000E+00 0.0000000000000E+00
 1.9177038598580E+00 0.0000000000000E+00 0.0000000000000E+00 0.0000000000000E+00
 0.0000000000000E+00-1.7811919726770E-03 0.0000000000000E+00 0.0000000000000E+00
 0.0000000000000E+00-5.2704627669473E-14 0.0000000000000E+00 0.0000000000000E+00
-4.4126776506109E-01 0.0000000000000E+00 0.0000000000000E+00 0.0000000000000E+00
 5.2704627669473E-14 0.0000000000000E+00 0.0000000000000E+00 3.2491804560428E-02
 0.0000000000000E+00 0.0000000000000E+00 0.0000000000000E+00-1.9920476822240E-14
 0.0000000000000E+00 0.0000000000000E+00 0.0000000000000E+00 0.0000000000000E+00
 0.0000000000000E+00 0.0000000000000E+00 0.0000000000000E+00 0.0000000000000E+00
 6.7129220590000E-02 0.0000000000000E+00 0.0000000000000E+00 4.7107117899600E-01
 0.0000000000000E+00 0.0000000000000E+00-1.6289023476260E+00 0.0000000000000E+00
 0.0000000000000E+00-1.3704444080000E-01 0.0000000000000E+00 0.0000000000000E+00
 0.0000000000000E+00 1.2802692095173E-01 0.0000000000000E+00 0.0000000000000E+00
 0.0000000000000E+00 0.0000000000000E+00-5.8252671662571E-01 0.0000000000000E+00
 0.0000000000000E+00 0.0000000000000E+00 0.0000000000000E+00-1.9177038598580E+00
 0.0000000000000E+00 0.0000000000000E+00 0.0000000000000E+00 0.0000000000000E+00
-1.7811919726770E-03 0.0000000000000E+00 0.0000000000000E+00 0.0000000000000E+00
-5.2704627669473E-14 0.0000000000000E+00 0.0000000000000E+00-4.4126776506109E-01
 0.0000000000000E+00 0.0000000000000E+00 0.0000000000000E+00 5.2704627669473E-14
 0.0000000000000E+00 0.0000000000000E+00-3.2491804560428E-02 0.0000000000000E+00
 0.0000000000000E+00 0.0000000000000E+00 1.9920476822240E-14 0.0000000000000E+00
 0.0000000000000E+00 0.0000000000000E+00 0.0000000000000E+00 0.0000000000000E+00
 0.0000000000000E+00 0.0000000000000E+00 2.1293594091000E-02 0.0000000000000E+00
 0.0000000000000E+00-2.0494579135000E-01 0.0000000000000E+00 0.0000000000000E+00
 2.0249035936720E+00 0.0000000000000E+00 0.0000000000000E+00 0.0000000000000E+00
 7.7337956921147E-02 0.0000000000000E+00 0.0000000000000E+00 0.0000000000000E+00
 0.0000000000000E+00-1.6975386997371E+00 0.0000000000000E+00 0.0000000000000E+00
 0.0000000000000E+00 0.0000000000000E+00 4.4331616783836E-02 0.0000000000000E+00
 0.0000000000000E+00 0.0000000000000E+00 0.0000000000000E+00 0.0000000000000E+00
 0.0000000000000E+00 0.0000000000000E+00 0.0000000000000E+00 0.0000000000000E+00
 0.0000000000000E+00 2.1293594091000E-02 0.0000000000000E+00 0.0000000000000E+00
-2.0494579135000E-01 0.0000000000000E+00 0.0000000000000E+00 2.0249035936720E+00
 0.0000000000000E+00 0.0000000000000E+00 0.0000000000000E+00-7.7337956921147E-02
 0.0000000000000E+00 0.0000000000000E+00 0.0000000000000E+00 0.0000000000000E+00
 1.6975386997371E+00 0.0000000000000E+00 0.0000000000000E+00 0.0000000000000E+00
 0.0000000000000E+00 4.4331616783836E-02 0.0000000000000E+00 0.0000000000000E+00
 0.0000000000000E+00 0.0000000000000E+00 0.0000000000000E+00 0.0000000000000E+00
 0.0000000000000E+00 0.0000000000000E+00 0.0000000000000E+00 0.0000000000000E+00
 6.7129220590000E-02 0.0000000000000E+00 0.0000000000000E+00 4.7107117899600E-01
 0.0000000000000E+00 0.0000000000000E+00-1.6289023476260E+00 0.0000000000000E+00
 0.0000000000000E+00-1.3704444080000E-01 0.0000000000000E+00 0.0000000000000E+00
 0.0000000000000E+00-1.2802692095173E-01 0.0000000000000E+00 0.0000000000000E+00
 0.0000000000000E+00 0.0000000000000E+00 5.8252671662571E-01 0.0000000000000E+00
 0.0000000000000E+00 0.0000000000000E+00 0.0000000000000E+00 1.9177038598580E+00
 0.0000000000000E+00 0.0000000000000E+00 0.0000000000000E+00 0.0000000000000E+00
-1.7811919726770E-03 0.0000000000000E+00 0.0000000000000E+00 0.0000000000000E+00
 5.2704627669473E-14 0.0000000000000E+00 0.0000000000000E+00-4.4126776506109E-01
 0.0000000000000E+00 0.0000000000000E+00 0.0000000000000E+00-5.2704627669473E-14
 0.0000000000000E+00 0.0000000000000E+00 3.2491804560428E-02 0.0000000000000E+00
 0.0000000000000E+00 0.0000000000000E+00 1.9920476822240E-14 0.0000000000000E+00
 0.0000000000000E+00 0.0000000000000E+00 0.0000000000000E+00 0.0000000000000E+00
 0.0000000000000E+00 0.0000000000000E+00 0.0000000000000E+00 6.7129220590000E-02
 0.0000000000000E+00 0.0000000000000E+00 4.7107117899600E-01 0.0000000000000E+00
 0.0000000000000E+00-1.6289023476260E+00 0.0000000000000E+00 0.0000000000000E+00
-1.3704444080000E-01 0.0000000000000E+00 0.0000000000000E+00 0.0000000000000E+00
 1.2802692095173E-01 0.0000000000000E+00 0.0000000000000E+00 0.0000000000000E+00
 0.0000000000000E+00-5.8252671662571E-01 0.0000000000000E+00 0.0000000000000E+00
 0.0000000000000E+00 0.0000000000000E+00-1.9177038598580E+00 0.0000000000000E+00
 0.0000000000000E+00 0.0000000000000E+00 0.0000000000000E+00-1.7811919726770E-03
 0.0000000000000E+00 0.0000000000000E+00 0.0000000000000E+00 5.2704627669473E-14
 0.0000000000000E+00 0.0000000000000E+00-4.4126776506109E-01 0.0000000000000E+00
 0.0000000000000E+00 0.0000000000000E+00-5.2704627669473E-14 0.0000000000000E+00
 0.0000000000000E+00-3.2491804560428E-02 0.0000000000000E+00 0.0000000000000E+00
 0.0000000000000E+00-1.9920476822240E-14 0.0000000000000E+00 0.0000000000000E+00
 0.0000000000000E+00 0.0000000000000E+00 0.0000000000000E+00 0.0000000000000E+00
 0.0000000000000E+00 2.1293594091000E-02 0.0000000000000E+00 0.0000000000000E+00
-2.0494579135000E-01 0.0000000000000E+00 0.0000000000000E+00 2.0249035936720E+00
 0.0000000000000E+00 0.0000000000000E+00 0.0000000000000E+00 7.7337956921147E-02
 0.0000000000000E+00 0.0000000000000E+00 0.0000000000000E+00 0.0000000000000E+00
-1.6975386997371E+00 0.0000000000000E+00 0.0000000000000E+00 0.0000000000000E+00
 0.0000000000000E+00 4.4331616783836E-02 0.0000000000000E+00 0.0000000000000E+00
 0.0000000000000E+00 0.0000000000000E+00 6.4951479896000E-02-7.9642763421800E-01
-1.1583454432664E+01-1.9225799466670E+00 0.0000000000000E+00 0.0000000000000E+00
 1.5054390154000E-02 0.0000000000000E+00 0.0000000000000E+00-3.4787480009800E-01
 0.0000000000000E+00 0.0000000000000E+00-5.4831157327490E+00 1.9220455925500E-02
 0.0000000000000E+00 0.0000000000000E+00 0.0000000000000E+00 0.0000000000000E+00
-6.6845800665400E-01 0.0000000000000E+00 0.0000000000000E+00 0.0000000000000E+00
 0.0000000000000E+00-9.1914836815000E-02 0.0000000000000E+00 0.0000000000000E+00
 0.0000000000000E+00 0.0000000000000E+00 0.0000000000000E+00 0.0000000000000E+00
-1.5938065070000E-01-4.1425057073000E-01-1.8358152729700E+00 9.2427438445650E+00
 4.4618467105970E+00 0.0000000000000E+00 0.0000000000000E+00 9.6804481267000E-02
 0.0000000000000E+00 0.0000000000000E+00-5.6040350538700E-01 0.0000000000000E+00
 0.0000000000000E+00-6.4084955187000E+00 0.0000000000000E+00 0.0000000000000E+00
-1.7843560159350E+00-2.2348013949500E-02 0.0000000000000E+00 0.0000000000000E+00
 0.0000000000000E+00 0.0000000000000E+00 5.1638608232300E-01 0.0000000000000E+00
 0.0000000000000E+00 0.0000000000000E+00 0.0000000000000E+00 1.2004897866725E+00
 0.0000000000000E+00 0.0000000000000E+00 0.0000000000000E+00 0.0000000000000E+00
-7.3596957223000E-02 0.0000000000000E+00 0.0000000000000E+00 0.0000000000000E+00
 0.0000000000000E+00 0.0000000000000E+00 0.0000000000000E+00-4.9156036195500E-01
 0.0000000000000E+00 0.0000000000000E+00 0.0000000000000E+00 0.0000000000000E+00
 0.0000000000000E+00 0.0000000000000E+00 9.0383717605000E-02 0.0000000000000E+00
 0.0000000000000E+00 0.0000000000000E+00 0.0000000000000E+00 0.0000000000000E+00
 0.0000000000000E+00 0.0000000000000E+00 0.0000000000000E+00-1.5938065070000E-01
-4.1425057073000E-01-1.8358152729700E+00 9.2427438445650E+00 4.4618467105970E+00
 0.0000000000000E+00 0.0000000000000E+00-9.6804481267000E-02 0.0000000000000E+00
 0.0000000000000E+00 5.6040350538700E-01 0.0000000000000E+00 0.0000000000000E+00
 6.4084955187000E+00 0.0000000000000E+00 0.0000000000000E+00 1.7843560159350E+00
-2.2348013949500E-02 0.0000000000000E+00 0.0000000000000E+00 0.0000000000000E+00
 0.0000000000000E+00 5.1638608232300E-01 0.0000000000000E+00 0.0000000000000E+00
 0.0000000000000E+00 0.0000000000000E+00 1.2004897866725E+00 0.0000000000000E+00
 0.0000000000000E+00 0.0000000000000E+00 0.0000000000000E+00 7.3596957223000E-02
 0.0000000000000E+00 0.0000000000000E+00 0.0000000000000E+00 0.0000000000000E+00
 0.0000000000000E+00 0.0000000000000E+00 4.9156036195500E-01 0.0000000000000E+00
 0.0000000000000E+00 0.0000000000000E+00 0.0000000000000E+00 0.0000000000000E+00
 0.0000000000000E+00 9.0383717605000E-02 0.0000000000000E+00 0.0000000000000E+00
 0.0000000000000E+00 0.0000000000000E+00 0.0000000000000E+00 0.0000000000000E+00
 0.0000000000000E+00 0.0000000000000E+00 6.4951479896000E-02-7.9642763421800E-01
-1.1583454432664E+01-1.9225799466670E+00 0.0000000000000E+00 0.0000000000000E+00
-1.5054390154000E-02 0.0000000000000E+00 0.0000000000000E+00 3.4787480009800E-01
 0.0000000000000E+00 0.0000000000000E+00 5.4831157327490E+00 1.9220455925500E-02
 0.0000000000000E+00 0.0000000000000E+00 0.0000000000000E+00 0.0000000000000E+00
-6.6845800665400E-01 0.0000000000000E+00 0.0000000000000E+00 0.0000000000000E+00
 0.0000000000000E+00 9.1914836815000E-02 0.0000000000000E+00 0.0000000000000E+00
 0.0000000000000E+00 0.0000000000000E+00 0.0000000000000E+00 0.0000000000000E+00
-5.9882969711000E-02 9.1802281612400E-01 1.0199889016229E+01-4.0706986639490E+00
 0.0000000000000E+00 0.0000000000000E+00-7.4239090374000E-02 0.0000000000000E+00
 0.0000000000000E+00 1.9838167491620E+00 0.0000000000000E+00 0.0000000000000E+00
 2.4900379996590E+00 5.7997839118000E-02 0.0000000000000E+00 0.0000000000000E+00
 0.0000000000000E+00 0.0000000000000E+00 3.8931258296150E-01 0.0000000000000E+00
 0.0000000000000E+00 0.0000000000000E+00 0.0000000000000E+00 6.0759198737000E-02
 0.0000000000000E+00 0.0000000000000E+00 0.0000000000000E+00 0.0000000000000E+00
 0.0000000000000E+00 0.0000000000000E+00 9.2363492708000E-02 3.8199360491800E-01
 5.5120692963810E+00-3.9957002743359E+01-4.3260442206782E+01 0.0000000000000E+00
 0.0000000000000E+00 1.5800086616400E-01 0.0000000000000E+00 0.0000000000000E+00
-6.6104063973300E-01 0.0000000000000E+00 0.0000000000000E+00-1.7611041149209E+01
 0.0000000000000E+00 0.0000000000000E+00-1.5653701531087E+01 9.7462858176000E-02
 0.0000000000000E+00 0.0000000000000E+00 0.0000000000000E+00 0.0000000000000E+00
-2.1912448861355E+00 0.0000000000000E+00 0.0000000000000E+00-8.6602540378444E-13
 0.0000000000000E+00-4.5543250720795E+00 0.0000000000000E+00 0.0000000000000E+00
 0.0000000000000E+00 0.0000000000000E+00-7.2407369414000E-02 0.0000000000000E+00
 0.0000000000000E+00 0.0000000000000E+00 0.0000000000000E+00 0.0000000000000E+00
 0.0000000000000E+00-9.6909251441500E-01 0.0000000000000E+00 0.0000000000000E+00
-1.2909944487358E-13 0.0000000000000E+00 0.0000000000000E+00 0.0000000000000E+00
-4.0686012016400E-01 0.0000000000000E+00 0.0000000000000E+00 0.0000000000000E+00
 0.0000000000000E+00 0.0000000000000E+00 0.0000000000000E+00-7.0429521227376E-15
 0.0000000000000E+00-9.2363492708000E-02-3.8199360491800E-01-5.5120692963810E+00
 3.9957002743359E+01 4.3260442206782E+01 0.0000000000000E+00 0.0000000000000E+00
 1.5800086616400E-01 0.0000000000000E+00 0.0000000000000E+00-6.6104063973300E-01
 0.0000000000000E+00 0.0000000000000E+00-1.7611041149209E+01 0.0000000000000E+00
 0.0000000000000E+00-1.5653701531087E+01-9.7462858176000E-02 0.0000000000000E+00
 0.0000000000000E+00 0.0000000000000E+00 0.0000000000000E+00 2.1912448861355E+00
 0.0000000000000E+00 0.0000000000000E+00 8.6602540378444E-13 0.0000000000000E+00
 4.5543250720795E+00 0.0000000000000E+00 0.0000000000000E+00 0.0000000000000E+00
 0.0000000000000E+00-7.2407369414000E-02 0.0000000000000E+00 0.0000000000000E+00
 0.0000000000000E+00 0.0000000000000E+00 0.0000000000000E+00 0.0000000000000E+00
-9.6909251441500E-01 0.0000000000000E+00 0.0000000000000E+00-1.2909944487358E-13
 0.0000000000000E+00 0.0000000000000E+00 0.0000000000000E+00 4.0686012016400E-01
 0.0000000000000E+00 0.0000000000000E+00 0.0000000000000E+00 0.0000000000000E+00
 0.0000000000000E+00 0.0000000000000E+00 7.0429521227376E-15 0.0000000000000E+00
 5.9882969711000E-02-9.1802281612400E-01-1.0199889016229E+01 4.0706986639490E+00
 0.0000000000000E+00 0.0000000000000E+00-7.4239090374000E-02 0.0000000000000E+00
 0.0000000000000E+00 1.9838167491620E+00 0.0000000000000E+00 0.0000000000000E+00
 2.4900379996590E+00-5.7997839118000E-02 0.0000000000000E+00 0.0000000000000E+00
 0.0000000000000E+00 0.0000000000000E+00-3.8931258296150E-01 0.0000000000000E+00
 0.0000000000000E+00 0.0000000000000E+00 0.0000000000000E+00 6.0759198737000E-02
 0.0000000000000E+00 0.0000000000000E+00 0.0000000000000E+00 0.0000000000000E+00
 0.0000000000000E+00 0.0000000000000E+00 0.0000000000000E+00 0.0000000000000E+00
 0.0000000000000E+00 0.0000000000000E+00 0.0000000000000E+00 1.9105151380000E-03
 0.0000000000000E+00 0.0000000000000E+00-2.6532961526000E-02 0.0000000000000E+00
 0.0000000000000E+00-2.2881009858000E+00 0.0000000000000E+00 0.0000000000000E+00
 0.0000000000000E+00 1.0395416180933E-01 0.0000000000000E+00 0.0000000000000E+00
 0.0000000000000E+00 0.0000000000000E+00-2.5475896764896E+00 0.0000000000000E+00
 0.0000000000000E+00 0.0000000000000E+00 0.0000000000000E+00-5.6740780944476E-02
 0.0000000000000E+00 0.0000000000000E+00 0.0000000000000E+00 0.0000000000000E+00
 0.0000000000000E+00 0.0000000000000E+00 0.0000000000000E+00 0.0000000000000E+00
 0.0000000000000E+00 0.0000000000000E+00 1.0803850891000E-01 0.0000000000000E+00
 0.0000000000000E+00 5.2356011491300E-01 0.0000000000000E+00 0.0000000000000E+00
-5.8386091972400E-01 0.0000000000000E+00 0.0000000000000E+00-4.8555611845100E-01
 0.0000000000000E+00 0.0000000000000E+00 0.0000000000000E+00 1.1902357967106E-01
 0.0000000000000E+00 0.0000000000000E+00 0.0000000000000E+00 0.0000000000000E+00
-1.0277133367459E+00 0.0000000000000E+00 0.0000000000000E+00 0.0000000000000E+00
 0.0000000000000E+00-4.5843098736474E+00 0.0000000000000E+00 0.0000000000000E+00
 0.0000000000000E+00 0.0000000000000E+00-1.4478422606785E-02 0.0000000000000E+00
 0.0000000000000E+00 0.0000000000000E+00-1.0540925533895E-13 0.0000000000000E+00
 0.0000000000000E+00 2.1170802987963E-01 0.0000000000000E+00 0.0000000000000E+00
 0.0000000000000E+00 2.6352313834736E-13 0.0000000000000E+00 0.0000000000000E+00
-1.0263669855440E-01 0.0000000000000E+00 0.0000000000000E+00 0.0000000000000E+00
 0.0000000000000E+00 0.0000000000000E+00 0.0000000000000E+00 0.0000000000000E+00
 0.0000000000000E+00 0.0000000000000E+00 0.0000000000000E+00 0.0000000000000E+00
 0.0000000000000E+00-1.0803850891000E-01 0.0000000000000E+00 0.0000000000000E+00
-5.2356011491300E-01 0.0000000000000E+00 0.0000000000000E+00 5.8386091972400E-01
 0.0000000000000E+00 0.0000000000000E+00 4.8555611845100E-01 0.0000000000000E+00
 0.0000000000000E+00 0.0000000000000E+00 1.1902357967106E-01 0.0000000000000E+00
 0.0000000000000E+00 0.0000000000000E+00 0.0000000000000E+00-1.0277133367459E+00
 0.0000000000000E+00 0.0000000000000E+00 0.0000000000000E+00 0.0000000000000E+00
-4.5843098736474E+00 0.0000000000000E+00 0.0000000000000E+00 0.0000000000000E+00
 0.0000000000000E+00 1.4478422606785E-02 0.0000000000000E+00 0.0000000000000E+00
 0.0000000000000E+00 1.0540925533895E-13 0.0000000000000E+00 0.0000000000000E+00
-2.1170802987963E-01 0.0000000000000E+00 0.0000000000000E+00 0.0000000000000E+00
-2.6352313834736E-13 0.0000000000000E+00 0.0000000000000E+00-1.0263669855440E-01
 0.0000000000000E+00 0.0000000000000E+00 0.0000000000000E+00 0.0000000000000E+00
 0.0000000000000E+00 0.0000000000000E+00 0.0000000000000E+00 0.0000000000000E+00
 0.0000000000000E+00 0.0000000000000E+00 0.0000000000000E+00-1.9105151380000E-03
 0.0000000000000E+00 0.0000000000000E+00 2.6532961526000E-02 0.0000000000000E+00
 0.0000000000000E+00 2.2881009858000E+00 0.0000000000000E+00 0.0000000000000E+00
 0.0000000000000E+00 1.0395416180933E-01 0.0000000000000E+00 0.0000000000000E+00
 0.0000000000000E+00 0.0000000000000E+00-2.5475896764896E+00 0.0000000000000E+00
 0.0000000000000E+00 0.0000000000000E+00 0.0000000000000E+00 5.6740780944476E-02
 0.0000000000000E+00 0.0000000000000E+00 0.0000000000000E+00 0.0000000000000E+00
 0.0000000000000E+00 0.0000000000000E+00 0.0000000000000E+00 0.0000000000000E+00
 1.9105151380000E-03 0.0000000000000E+00 0.0000000000000E+00-2.6532961526000E-02
 0.0000000000000E+00 0.0000000000000E+00-2.2881009858000E+00 0.0000000000000E+00
 0.0000000000000E+00 0.0000000000000E+00 1.0395416180933E-01 0.0000000000000E+00
 0.0000000000000E+00 0.0000000000000E+00 0.0000000000000E+00-2.5475896764896E+00
 0.0000000000000E+00 0.0000000000000E+00 0.0000000000000E+00 0.0000000000000E+00
-5.6740780944476E-02 0.0000000000000E+00 0.0000000000000E+00 0.0000000000000E+00
 0.0000000000000E+00 0.0000000000000E+00 0.0000000000000E+00 0.0000000000000E+00
 0.0000000000000E+00 0.0000000000000E+00 0.0000000000000E+00 1.0803850891000E-01
 0.0000000000000E+00 0.0000000000000E+00 5.2356011491300E-01 0.0000000000000E+00
 0.0000000000000E+00-5.8386091972500E-01 0.0000000000000E+00 0.0000000000000E+00
-4.8555611845100E-01 0.0000000000000E+00 0.0000000000000E+00 0.0000000000000E+00
 1.1902357967106E-01 0.0000000000000E+00 0.0000000000000E+00 0.0000000000000E+00
 0.0000000000000E+00-1.0277133367459E+00 0.0000000000000E+00 0.0000000000000E+00
 0.0000000000000E+00 0.0000000000000E+00-4.5843098736492E+00 0.0000000000000E+00
 0.0000000000000E+00 0.0000000000000E+00 0.0000000000000E+00-1.4478422606785E-02
 0.0000000000000E+00 0.0000000000000E+00 0.0000000000000E+00 1.0540925533895E-13
 0.0000000000000E+00 0.0000000000000E+00 2.1170802987963E-01 0.0000000000000E+00
 0.0000000000000E+00 0.0000000000000E+00-2.6352313834736E-13 0.0000000000000E+00
 0.0000000000000E+00-1.0263669855440E-01 0.0000000000000E+00 0.0000000000000E+00
 0.0000000000000E+00 0.0000000000000E+00 0.0000000000000E+00 0.0000000000000E+00
 0.0000000000000E+00 0.0000000000000E+00 0.0000000000000E+00 0.0000000000000E+00
 0.0000000000000E+00 0.0000000000000E+00-1.0803850891000E-01 0.0000000000000E+00
 0.0000000000000E+00-5.2356011491300E-01 0.0000000000000E+00 0.0000000000000E+00
 5.8386091972500E-01 0.0000000000000E+00 0.0000000000000E+00 4.8555611845100E-01
 0.0000000000000E+00 0.0000000000000E+00 0.0000000000000E+00 1.1902357967106E-01
 0.0000000000000E+00 0.0000000000000E+00 0.0000000000000E+00 0.0000000000000E+00
-1.0277133367459E+00 0.0000000000000E+00 0.0000000000000E+00 0.0000000000000E+00
 0.0000000000000E+00-4.5843098736492E+00 0.0000000000000E+00 0.0000000000000E+00
 0.0000000000000E+00 0.0000000000000E+00 1.4478422606785E-02 0.0000000000000E+00
 0.0000000000000E+00 0.0000000000000E+00-1.0540925533895E-13 0.0000000000000E+00
 0.0000000000000E+00-2.1170802987963E-01 0.0000000000000E+00 0.0000000000000E+00
 0.0000000000000E+00 2.6352313834736E-13 0.0000000000000E+00 0.0000000000000E+00
-1.0263669855440E-01 0.0000000000000E+00 0.0000000000000E+00 0.0000000000000E+00
 0.0000000000000E+00 0.0000000000000E+00 0.0000000000000E+00 0.0000000000000E+00
 0.0000000000000E+00 0.0000000000000E+00 0.0000000000000E+00 0.0000000000000E+00
-1.9105151380000E-03 0.0000000000000E+00 0.0000000000000E+00 2.6532961526000E-02
 0.0000000000000E+00 0.0000000000000E+00 2.2881009858000E+00 0.0000000000000E+00
 0.0000000000000E+00 0.0000000000000E+00 1.0395416180933E-01 0.0000000000000E+00
 0.0000000000000E+00 0.0000000000000E+00 0.0000000000000E+00-2.5475896764896E+00
 0.0000000000000E+00 0.0000000000000E+00 0.0000000000000E+00 0.0000000000000E+00
 5.6740780944476E-02 0.0000000000000E+00 0.0000000000000E+00 0.0000000000000E+00
 0.0000000000000E+00 0.0000000000000E+00-3.5857660530000E-02-9.5962936400300E-01
 5.3439768566170E+00-1.9150541921450E+00 0.0000000000000E+00 0.0000000000000E+00
-1.5964635789000E-02 0.0000000000000E+00 0.0000000000000E+00-1.4992066391900E-01
 0.0000000000000E+00 0.0000000000000E+00 3.1772192749720E+00-3.6210150127500E-02
 0.0000000000000E+00 0.0000000000000E+00 0.0000000000000E+00 0.0000000000000E+00
 8.1309505651650E-01 0.0000000000000E+00 0.0000000000000E+00 0.0000000000000E+00
 0.0000000000000E+00 1.2221838275400E-01 0.0000000000000E+00 0.0000000000000E+00
 0.0000000000000E+00 0.0000000000000E+00 0.0000000000000E+00 0.0000000000000E+00
-7.5286922546000E-02-1.8289039603000E-02 1.9043791580810E+00-2.4867386803971E+01
-2.9103834623326E+01 0.0000000000000E+00 0.0000000000000E+00-1.0450676510600E-01
 0.0000000000000E+00 0.0000000000000E+00 3.4700810883400E-01 0.0000000000000E+00
 0.0000000000000E+00-1.4389721807604E+01 0.0000000000000E+00 0.0000000000000E+00
-1.0384472976549E+01 2.1523819480000E-02 0.0000000000000E+00 0.0000000000000E+00
 0.0000000000000E+00 0.0000000000000E+00-1.2339854672460E+00 0.0000000000000E+00
 0.0000000000000E+00 0.0000000000000E+00 0.0000000000000E+00-2.3107148979320E+00
 0.0000000000000E+00 0.0000000000000E+00 0.0000000000000E+00 0.0000000000000E+00
 6.8245217082000E-02 0.0000000000000E+00 0.0000000000000E+00 0.0000000000000E+00
 0.0000000000000E+00 0.0000000000000E+00 0.0000000000000E+00-1.1559798970200E+00
 0.0000000000000E+00 0.0000000000000E+00-1.2909944487358E-13 0.0000000000000E+00
 0.0000000000000E+00 0.0000000000000E+00-4.4941334840000E-03 0.0000000000000E+00
 0.0000000000000E+00 0.0000000000000E+00 0.0000000000000E+00 0.0000000000000E+00
 0.0000000000000E+00-7.0429521227376E-15 0.0000000000000E+00 7.5286922546000E-02
 1.8289039603000E-02-1.9043791580810E+00 2.4867386803971E+01 2.9103834623326E+01
 0.0000000000000E+00 0.0000000000000E+00-1.0450676510600E-01 0.0000000000000E+00
 0.0000000000000E+00 3.4700810883400E-01 0.0000000000000E+00 0.0000000000000E+00
-1.4389721807604E+01 0.0000000000000E+00 0.0000000000000E+00-1.0384472976549E+01
-2.1523819480000E-02 0.0000000000000E+00 0.0000000000000E+00 0.0000000000000E+00
 0.0000000000000E+00 1.2339854672460E+00 0.0000000000000E+00 0.0000000000000E+00
 0.0000000000000E+00 0.0000000000000E+00 2.3107148979320E+00 0.0000000000000E+00
 0.0000000000000E+00 0.0000000000000E+00 0.0000000000000E+00 6.8245217082000E-02
 0.0000000000000E+00 0.0000000000000E+00 0.0000000000000E+00 0.0000000000000E+00
 0.0000000000000E+00 0.0000000000000E+00-1.1559798970200E+00 0.0000000000000E+00
 0.0000000000000E+00-1.2909944487358E-13 0.0000000000000E+00 0.0000000000000E+00
 0.0000000000000E+00 4.4941334840000E-03 0.0000000000000E+00 0.0000000000000E+00
 0.0000000000000E+00 0.0000000000000E+00 0.0000000000000E+00 0.0000000000000E+00
 7.0429521227376E-15 0.0000000000000E+00 3.5857660530000E-02 9.5962936400300E-01
-5.3439768566170E+00 1.9150541921450E+00 0.0000000000000E+00 0.0000000000000E+00
-1.5964635789000E-02 0.0000000000000E+00 0.0000000000000E+00-1.4992066391900E-01
 0.0000000000000E+00 0.0000000000000E+00 3.1772192749720E+00 3.6210150127500E-02
 0.0000000000000E+00 0.0000000000000E+00 0.0000000000000E+00 0.0000000000000E+00
-8.1309505651650E-01 0.0000000000000E+00 0.0000000000000E+00 0.0000000000000E+00
 0.0000000000000E+00 1.2221838275400E-01 0.0000000000000E+00 0.0000000000000E+00
 0.0000000000000E+00 0.0000000000000E+00 0.0000000000000E+00 0.0000000000000E+00
 0.0000000000000E+00 0.0000000000000E+00 2.0000000000000E-12 0.0000000000000E+00
 0.0000000000000E+00 0.0000000000000E+00 0.0000000000000E+00 0.0000000000000E+00
 0.0000000000000E+00 0.0000000000000E+00 0.0000000000000E+00 0.0000000000000E+00
 1.0000000000000E-12 0.0000000000000E+00 0.0000000000000E+00 0.0000000000000E+00
-7.8559545068131E-02 0.0000000000000E+00 0.0000000000000E+00 0.0000000000000E+00
 0.0000000000000E+00 7.4195997773114E-01 0.0000000000000E+00 0.0000000000000E+00
 0.0000000000000E+00 0.0000000000000E+00 1.1050041088327E-03 0.0000000000000E+00
 0.0000000000000E+00 0.0000000000000E+00 0.0000000000000E+00 0.0000000000000E+00
 0.0000000000000E+00-2.0000000000000E-12-1.0000000000000E-12 0.0000000000000E+00
 0.0000000000000E+00 0.0000000000000E+00 0.0000000000000E+00 0.0000000000000E+00
 0.0000000000000E+00 0.0000000000000E+00 0.0000000000000E+00 1.0000000000000E-12
 0.0000000000000E+00 0.0000000000000E+00 0.0000000000000E+00 0.0000000000000E+00
 0.0000000000000E+00 0.0000000000000E+00 2.5223971413300E-02 0.0000000000000E+00
 0.0000000000000E+00 0.0000000000000E+00 0.0000000000000E+00-4.4850443947304E-01
 0.0000000000000E+00 0.0000000000000E+00 0.0000000000000E+00 0.0000000000000E+00
-2.7765759869655E-02 0.0000000000000E+00 0.0000000000000E+00 0.0000000000000E+00
 0.0000000000000E+00-4.8964245420962E-03 0.0000000000000E+00 0.0000000000000E+00
 0.0000000000000E+00 0.0000000000000E+00 0.0000000000000E+00 0.0000000000000E+00
 8.4486533746504E-02 0.0000000000000E+00 0.0000000000000E+00 0.0000000000000E+00
 0.0000000000000E+00 0.0000000000000E+00 0.0000000000000E+00-3.1681797161884E-03
 0.0000000000000E+00 0.0000000000000E+00 0.0000000000000E+00 0.0000000000000E+00
 0.0000000000000E+00 0.0000000000000E+00 0.0000000000000E+00 0.0000000000000E+00
-2.0000000000000E-12-1.0000000000000E-12 0.0000000000000E+00 0.0000000000000E+00
 0.0000000000000E+00 0.0000000000000E+00 0.0000000000000E+00 0.0000000000000E+00
 0.0000000000000E+00 0.0000000000000E+00-1.0000000000000E-12 0.0000000000000E+00
 0.0000000000000E+00 0.0000000000000E+00 0.0000000000000E+00 0.0000000000000E+00
 0.0000000000000E+00 2.5223971413300E-02 0.0000000000000E+00 0.0000000000000E+00
 0.0000000000000E+00 0.0000000000000E+00-4.4850443947304E-01 0.0000000000000E+00
 0.0000000000000E+00 0.0000000000000E+00 0.0000000000000E+00-2.7765759869655E-02
 0.0000000000000E+00 0.0000000000000E+00 0.0000000000000E+00 0.0000000000000E+00
 4.8964245420962E-03 0.0000000000000E+00 0.0000000000000E+00 0.0000000000000E+00
 0.0000000000000E+00 0.0000000000000E+00 0.0000000000000E+00-8.4486533746504E-02
 0.0000000000000E+00 0.0000000000000E+00 0.0000000000000E+00 0.0000000000000E+00
 0.0000000000000E+00 0.0000000000000E+00-3.1681797161884E-03 0.0000000000000E+00
 0.0000000000000E+00 0.0000000000000E+00 0.0000000000000E+00 0.0000000000000E+00
 0.0000000000000E+00 0.0000000000000E+00 2.0000000000000E-12 0.0000000000000E+00
 0.0000000000000E+00 0.0000000000000E+00 0.0000000000000E+00 0.0000000000000E+00
 0.0000000000000E+00 0.0000000000000E+00 0.0000000000000E+00 0.0000000000000E+00
-1.0000000000000E-12 0.0000000000000E+00 0.0000000000000E+00 0.0000000000000E+00
-7.8559545068131E-02 0.0000000000000E+00 0.0000000000000E+00 0.0000000000000E+00
 0.0000000000000E+00 7.4195997773114E-01 0.0000000000000E+00 0.0000000000000E+00
 0.0000000000000E+00 0.0000000000000E+00-1.1050041088327E-03 0.0000000000000E+00
 0.0000000000000E+00 0.0000000000000E+00 0.0000000000000E+00 0.0000000000000E+00
 0.0000000000000E+00 0.0000000000000E+00 0.0000000000000E+00 0.0000000000000E+00
 0.0000000000000E+00 0.0000000000000E+00 0.0000000000000E+00 0.0000000000000E+00
 0.0000000000000E+00 0.0000000000000E+00 0.0000000000000E+00 0.0000000000000E+00
 0.0000000000000E+00 0.0000000000000E+00 0.0000000000000E+00-1.5711909013626E-01
 0.0000000000000E+00 0.0000000000000E+00 0.0000000000000E+00 0.0000000000000E+00
 1.4839199554623E+00 0.0000000000000E+00 0.0000000000000E+00 0.0000000000000E+00
 0.0000000000000E+00 1.1050041088327E-03 0.0000000000000E+00 0.0000000000000E+00
 0.0000000000000E+00 0.0000000000000E+00 0.0000000000000E+00 0.0000000000000E+00
 0.0000000000000E+00 0.0000000000000E+00 0.0000000000000E+00 0.0000000000000E+00
 0.0000000000000E+00 0.0000000000000E+00 0.0000000000000E+00 0.0000000000000E+00
 0.0000000000000E+00 0.0000000000000E+00 0.0000000000000E+00 0.0000000000000E+00
 0.0000000000000E+00 0.0000000000000E+00 0.0000000000000E+00 0.0000000000000E+00
 0.0000000000000E+00 5.0447942826599E-02 0.0000000000000E+00 0.0000000000000E+00
 0.0000000000000E+00 0.0000000000000E+00-8.9700887894434E-01 0.0000000000000E+00
 0.0000000000000E+00 0.0000000000000E+00 0.0000000000000E+00-5.5531519739311E-02
 0.0000000000000E+00 0.0000000000000E+00 0.0000000000000E+00 0.0000000000000E+00
-4.8964245418380E-03 0.0000000000000E+00 0.0000000000000E+00 0.0000000000000E+00
 0.0000000000000E+00 0.0000000000000E+00 0.0000000000000E+00 8.4486533746375E-02
 0.0000000000000E+00 0.0000000000000E+00 0.0000000000000E+00 0.0000000000000E+00
 0.0000000000000E+00 0.0000000000000E+00-3.1681797162630E-03 0.0000000000000E+00
 0.0000000000000E+00 0.0000000000000E+00 0.0000000000000E+00 0.0000000000000E+00
 0.0000000000000E+00 0.0000000000000E+00 0.0000000000000E+00 0.0000000000000E+00
 0.0000000000000E+00 0.0000000000000E+00 0.0000000000000E+00 0.0000000000000E+00
 0.0000000000000E+00 0.0000000000000E+00 0.0000000000000E+00 0.0000000000000E+00
 0.0000000000000E+00 0.0000000000000E+00 0.0000000000000E+00 0.0000000000000E+00
 0.0000000000000E+00 0.0000000000000E+00 0.0000000000000E+00 0.0000000000000E+00
 5.0447942826599E-02 0.0000000000000E+00 0.0000000000000E+00 0.0000000000000E+00
 0.0000000000000E+00-8.9700887894434E-01 0.0000000000000E+00 0.0000000000000E+00
 0.0000000000000E+00 0.0000000000000E+00-5.5531519739311E-02 0.0000000000000E+00
 0.0000000000000E+00 0.0000000000000E+00 0.0000000000000E+00 4.8964245418380E-03
 0.0000000000000E+00 0.0000000000000E+00 0.0000000000000E+00 0.0000000000000E+00
 0.0000000000000E+00 0.0000000000000E+00-8.4486533746375E-02 0.0000000000000E+00
 0.0000000000000E+00 0.0000000000000E+00 0.0000000000000E+00 0.0000000000000E+00
 0.0000000000000E+00-3.1681797162630E-03 0.0000000000000E+00 0.0000000000000E+00
 0.0000000000000E+00 0.0000000000000E+00 0.0000000000000E+00 0.0000000000000E+00
 0.0000000000000E+00 0.0000000000000E+00 0.0000000000000E+00 0.0000000000000E+00
 0.0000000000000E+00 0.0000000000000E+00 0.0000000000000E+00 0.0000000000000E+00
 0.0000000000000E+00 0.0000000000000E+00 0.0000000000000E+00 0.0000000000000E+00
 0.0000000000000E+00 0.0000000000000E+00 0.0000000000000E+00-1.5711909013626E-01
 0.0000000000000E+00 0.0000000000000E+00 0.0000000000000E+00 0.0000000000000E+00
 1.4839199554623E+00 0.0000000000000E+00 0.0000000000000E+00 0.0000000000000E+00
 0.0000000000000E+00-1.1050041088327E-03 0.0000000000000E+00 0.0000000000000E+00
 0.0000000000000E+00 0.0000000000000E+00 0.0000000000000E+00 0.0000000000000E+00
-1.2538072416000E-02 0.0000000000000E+00 0.0000000000000E+00 7.2440625699000E-02
 0.0000000000000E+00 0.0000000000000E+00 1.4569640075540E+00 0.0000000000000E+00
 0.0000000000000E+00 0.0000000000000E+00-1.7207918384527E-01 0.0000000000000E+00
 0.0000000000000E+00 0.0000000000000E+00 0.0000000000000E+00 2.3566631275790E+00
 0.0000000000000E+00 0.0000000000000E+00 0.0000000000000E+00 0.0000000000000E+00
 2.3394254589076E-02 0.0000000000000E+00 0.0000000000000E+00 0.0000000000000E+00
 0.0000000000000E+00 0.0000000000000E+00 0.0000000000000E+00 0.0000000000000E+00
 0.0000000000000E+00 0.0000000000000E+00 0.0000000000000E+00-6.3340447639000E-02
 0.0000000000000E+00 0.0000000000000E+00-3.2601945598400E-01 0.0000000000000E+00
 0.0000000000000E+00-1.2871773681280E+00 0.0000000000000E+00 0.0000000000000E+00
-6.6512683100000E-04 0.0000000000000E+00 0.0000000000000E+00 0.0000000000000E+00
-7.8771830862458E-02 0.0000000000000E+00 0.0000000000000E+00 0.0000000000000E+00
 0.0000000000000E+00 1.0562567297266E+00 0.0000000000000E+00 0.0000000000000E+00
 0.0000000000000E+00 0.0000000000000E+00 1.6473431541029E+00 0.0000000000000E+00
 0.0000000000000E+00 0.0000000000000E+00 0.0000000000000E+00-3.3970665480907E-02
 0.0000000000000E+00 0.0000000000000E+00 0.0000000000000E+00 0.0000000000000E+00
 0.0000000000000E+00 0.0000000000000E+00 5.8232451338183E-03 0.0000000000000E+00
 0.0000000000000E+00 0.0000000000000E+00 0.0000000000000E+00 0.0000000000000E+00
 0.0000000000000E+00 2.5772867896951E-02 0.0000000000000E+00 0.0000000000000E+00
 0.0000000000000E+00 1.9920476822240E-14 0.0000000000000E+00 0.0000000000000E+00
 0.0000000000000E+00 0.0000000000000E+00 0.0000000000000E+00 0.0000000000000E+00
 0.0000000000000E+00 0.0000000000000E+00-6.3340447639000E-02 0.0000000000000E+00
 0.0000000000000E+00-3.2601945598400E-01 0.0000000000000E+00 0.0000000000000E+00
-1.2871773681280E+00 0.0000000000000E+00 0.0000000000000E+00-6.6512683100000E-04
 0.0000000000000E+00 0.0000000000000E+00 0.0000000000000E+00 7.8771830862458E-02
 0.0000000000000E+00 0.0000000000000E+00 0.0000000000000E+00 0.0000000000000E+00
-1.0562567297266E+00 0.0000000000000E+00 0.0000000000000E+00 0.0000000000000E+00
 0.0000000000000E+00-1.6473431541029E+00 0.0000000000000E+00 0.0000000000000E+00
 0.0000000000000E+00 0.0000000000000E+00-3.3970665480907E-02 0.0000000000000E+00
 0.0000000000000E+00 0.0000000000000E+00 0.0000000000000E+00 0.0000000000000E+00
 0.0000000000000E+00 5.8232451338183E-03 0.0000000000000E+00 0.0000000000000E+00
 0.0000000000000E+00 0.0000000000000E+00 0.0000000000000E+00 0.0000000000000E+00
-2.5772867896951E-02 0.0000000000000E+00 0.0000000000000E+00 0.0000000000000E+00
-1.9920476822240E-14 0.0000000000000E+00 0.0000000000000E+00 0.0000000000000E+00
 0.0000000000000E+00 0.0000000000000E+00 0.0000000000000E+00 0.0000000000000E+00
-1.2538072416000E-02 0.0000000000000E+00 0.0000000000000E+00 7.2440625699000E-02
 0.0000000000000E+00 0.0000000000000E+00 1.4569640075540E+00 0.0000000000000E+00
 0.0000000000000E+00 0.0000000000000E+00 1.7207918384527E-01 0.0000000000000E+00
 0.0000000000000E+00 0.0000000000000E+00 0.0000000000000E+00-2.3566631275790E+00
 0.0000000000000E+00 0.0000000000000E+00 0.0000000000000E+00 0.0000000000000E+00
 2.3394254589076E-02 0.0000000000000E+00 0.0000000000000E+00 0.0000000000000E+00
 0.0000000000000E+00 0.0000000000000E+00 0.0000000000000E+00 0.0000000000000E+00
 0.0000000000000E+00 0.0000000000000E+00 0.0000000000000E+00-1.2538072416000E-02
 0.0000000000000E+00 0.0000000000000E+00 7.2440625699000E-02 0.0000000000000E+00
 0.0000000000000E+00 1.4569640075540E+00 0.0000000000000E+00 0.0000000000000E+00
 0.0000000000000E+00-1.7207918384527E-01 0.0000000000000E+00 0.0000000000000E+00
 0.0000000000000E+00 0.0000000000000E+00 2.3566631275790E+00 0.0000000000000E+00
 0.0000000000000E+00 0.0000000000000E+00 0.0000000000000E+00 2.3394254589076E-02
 0.0000000000000E+00 0.0000000000000E+00 0.0000000000000E+00 0.0000000000000E+00
 0.0000000000000E+00 0.0000000000000E+00 0.0000000000000E+00 0.0000000000000E+00
 0.0000000000000E+00 0.0000000000000E+00-6.3340447639000E-02 0.0000000000000E+00
 0.0000000000000E+00-3.2601945598400E-01 0.0000000000000E+00 0.0000000000000E+00
-1.2871773681280E+00 0.0000000000000E+00 0.0000000000000E+00-6.6512683100000E-04
 0.0000000000000E+00 0.0000000000000E+00 0.0000000000000E+00-7.8771830862458E-02
 0.0000000000000E+00 0.0000000000000E+00 0.0000000000000E+00 0.0000000000000E+00
 1.0562567297266E+00 0.0000000000000E+00 0.0000000000000E+00 0.0000000000000E+00
 0.0000000000000E+00 1.6473431541029E+00 0.0000000000000E+00 0.0000000000000E+00
 0.0000000000000E+00 0.0000000000000E+00-3.3970665480907E-02 0.0000000000000E+00
 0.0000000000000E+00 0.0000000000000E+00 0.0000000000000E+00 0.0000000000000E+00
 0.0000000000000E+00 5.8232451338183E-03 0.0000000000000E+00 0.0000000000000E+00
 0.0000000000000E+00 0.0000000000000E+00 0.0000000000000E+00 0.0000000000000E+00
 2.5772867896951E-02 0.0000000000000E+00 0.0000000000000E+00 0.0000000000000E+00
-1.9920476822240E-14 0.0000000000000E+00 0.0000000000000E+00 0.0000000000000E+00
 0.0000000000000E+00 0.0000000000000E+00 0.0000000000000E+00 0.0000000000000E+00
 0.0000000000000E+00-6.3340447639000E-02 0.0000000000000E+00 0.0000000000000E+00
-3.2601945598400E-01 0.0000000000000E+00 0.0000000000000E+00-1.2871773681280E+00
 0.0000000000000E+00 0.0000000000000E+00-6.6512683100000E-04 0.0000000000000E+00
 0.0000000000000E+00 0.0000000000000E+00 7.8771830862458E-02 0.0000000000000E+00
 0.0000000000000E+00 0.0000000000000E+00 0.0000000000000E+00-1.0562567297266E+00
 0.0000000000000E+00 0.0000000000000E+00 0.0000000000000E+00 0.0000000000000E+00
-1.6473431541029E+00 0.0000000000000E+00 0.0000000000000E+00 0.0000000000000E+00
 0.0000000000000E+00-3.3970665480907E-02 0.0000000000000E+00 0.0000000000000E+00
 0.0000000000000E+00 0.0000000000000E+00 0.0000000000000E+00 0.0000000000000E+00
 5.8232451338183E-03 0.0000000000000E+00 0.0000000000000E+00 0.0000000000000E+00
 0.0000000000000E+00 0.0000000000000E+00 0.0000000000000E+00-2.5772867896951E-02
 0.0000000000000E+00 0.0000000000000E+00 0.0000000000000E+00 1.9920476822240E-14
 0.0000000000000E+00 0.0000000000000E+00 0.0000000000000E+00 0.0000000000000E+00
 0.0000000000000E+00 0.0000000000000E+00 0.0000000000000E+00-1.2538072416000E-02
 0.0000000000000E+00 0.0000000000000E+00 7.2440625699000E-02 0.0000000000000E+00
 0.0000000000000E+00 1.4569640075540E+00 0.0000000000000E+00 0.0000000000000E+00
 0.0000000000000E+00 1.7207918384527E-01 0.0000000000000E+00 0.0000000000000E+00
 0.0000000000000E+00 0.0000000000000E+00-2.3566631275790E+00 0.0000000000000E+00
 0.0000000000000E+00 0.0000000000000E+00 0.0000000000000E+00 2.3394254589076E-02
 0.0000000000000E+00 0.0000000000000E+00 0.0000000000000E+00 0.0000000000000E+00
 0.0000000000000E+00-1.0000000000000E-12-1.6000000000000E-11 6.0000000000000E-12
 0.0000000000000E+00 0.0000000000000E+00 0.0000000000000E+00 0.0000000000000E+00
 0.0000000000000E+00-2.0000000000000E-12 0.0000000000000E+00 0.0000000000000E+00
-6.0000000000000E-12 0.0000000000000E+00 0.0000000000000E+00 0.0000000000000E+00
 6.3396065447193E-02 0.0000000000000E+00-1.0000000000000E-12 0.0000000000000E+00
 0.0000000000000E+00-7.1349501230284E-01 0.0000000000000E+00 0.0000000000000E+00
 0.0000000000000E+00 0.0000000000000E+00 2.4169482433139E-04 0.0000000000000E+00
 0.0000000000000E+00 0.0000000000000E+00 0.0000000000000E+00 0.0000000000000E+00
-4.0000000000000E-12 2.8000000000000E-11 5.6000000000000E-11 0.0000000000000E+00
 0.0000000000000E+00 0.0000000000000E+00 0.0000000000000E+00 0.0000000000000E+00
-1.0000000000000E-12 0.0000000000000E+00 0.0000000000000E+00 4.0000000000000E-12
 0.0000000000000E+00 0.0000000000000E+00 2.2000000000000E-11 0.0000000000000E+00
 0.0000000000000E+00 0.0000000000000E+00 8.4391797744182E-03 0.0000000000000E+00
 1.0000000000000E-12 0.0000000000000E+00 0.0000000000000E+00-5.6329585488456E-01
 0.0000000000000E+00 4.0000000000000E-12 0.0000000000000E+00 0.0000000000000E+00
-3.2491810081565E-01 0.0000000000000E+00 0.0000000000000E+00 0.0000000000000E+00
 0.0000000000000E+00 1.2291292079687E-02 0.0000000000000E+00 0.0000000000000E+00
 0.0000000000000E+00-1.0000000000000E-12 0.0000000000000E+00 0.0000000000000E+00
-2.3546553894287E-01 0.0000000000000E+00 0.0000000000000E+00 0.0000000000000E+00
 0.0000000000000E+00 0.0000000000000E+00 0.0000000000000E+00-1.0488379404975E-03
 0.0000000000000E+00 0.0000000000000E+00 0.0000000000000E+00 0.0000000000000E+00
 0.0000000000000E+00 0.0000000000000E+00 0.0000000000000E+00 4.0000000000000E-12
-2.8000000000000E-11-5.6000000000000E-11 0.0000000000000E+00 0.0000000000000E+00
 0.0000000000000E+00 0.0000000000000E+00 0.0000000000000E+00-1.0000000000000E-12
 0.0000000000000E+00 0.0000000000000E+00 4.0000000000000E-12 0.0000000000000E+00
 0.0000000000000E+00 2.2000000000000E-11 0.0000000000000E+00 0.0000000000000E+00
 0.0000000000000E+00-8.4391797744182E-03 0.0000000000000E+00-1.0000000000000E-12
 0.0000000000000E+00 0.0000000000000E+00 5.6329585488456E-01 0.0000000000000E+00
-4.0000000000000E-12 0.0000000000000E+00 0.0000000000000E+00 3.2491810081565E-01
 0.0000000000000E+00 0.0000000000000E+00 0.0000000000000E+00 0.0000000000000E+00
 1.2291292079687E-02 0.0000000000000E+00 0.0000000000000E+00 0.0000000000000E+00
-1.0000000000000E-12 0.0000000000000E+00 0.0000000000000E+00-2.3546553894287E-01
 0.0000000000000E+00 0.0000000000000E+00 0.0000000000000E+00 0.0000000000000E+00
 0.0000000000000E+00 0.0000000000000E+00 1.0488379404975E-03 0.0000000000000E+00
 0.0000000000000E+00 0.0000000000000E+00 0.0000000000000E+00 0.0000000000000E+00
 0.0000000000000E+00 1.0000000000000E-12 1.6000000000000E-11-6.0000000000000E-12
 0.0000000000000E+00 0.0000000000000E+00 0.0000000000000E+00 0.0000000000000E+00
 0.0000000000000E+00-2.0000000000000E-12 0.0000000000000E+00 0.0000000000000E+00
-6.0000000000000E-12 0.0000000000000E+00 0.0000000000000E+00 0.0000000000000E+00
-6.3396065447193E-02 0.0000000000000E+00 1.0000000000000E-12 0.0000000000000E+00
 0.0000000000000E+00 7.1349501230284E-01 0.0000000000000E+00 0.0000000000000E+00
 0.0000000000000E+00 0.0000000000000E+00 2.4169482433139E-04 0.0000000000000E+00
 0.0000000000000E+00 0.0000000000000E+00 0.0000000000000E+00 0.0000000000000E+00
 0.0000000000000E+00 0.0000000000000E+00 0.0000000000000E+00 0.0000000000000E+00
 0.0000000000000E+00 0.0000000000000E+00 0.0000000000000E+00 0.0000000000000E+00
 0.0000000000000E+00 0.0000000000000E+00 0.0000000000000E+00 0.0000000000000E+00
 0.0000000000000E+00 0.0000000000000E+00 0.0000000000000E+00-1.2679213089439E-01
 0.0000000000000E+00 0.0000000000000E+00 0.0000000000000E+00 0.0000000000000E+00
 1.4269900245970E+00 0.0000000000000E+00 0.0000000000000E+00 0.0000000000000E+00
 0.0000000000000E+00-2.4169482458959E-04 0.0000000000000E+00 0.0000000000000E+00
 0.0000000000000E+00 0.0000000000000E+00 0.0000000000000E+00 0.0000000000000E+00
 0.0000000000000E+00 0.0000000000000E+00 0.0000000000000E+00 0.0000000000000E+00
 0.0000000000000E+00 0.0000000000000E+00 0.0000000000000E+00 0.0000000000000E+00
 0.0000000000000E+00 0.0000000000000E+00 0.0000000000000E+00 0.0000000000000E+00
 0.0000000000000E+00 0.0000000000000E+00 0.0000000000000E+00 0.0000000000000E+00
 0.0000000000000E+00-1.6878359552301E-02 0.0000000000000E+00 0.0000000000000E+00
 0.0000000000000E+00 0.0000000000000E+00 1.1265917097830E+00 0.0000000000000E+00
 0.0000000000000E+00 0.0000000000000E+00 0.0000000000000E+00 6.4983620162611E-01
 0.0000000000000E+00 0.0000000000000E+00 0.0000000000000E+00 0.0000000000000E+00
-1.2291292079558E-02 0.0000000000000E+00 0.0000000000000E+00 0.0000000000000E+00
 0.0000000000000E+00 0.0000000000000E+00 0.0000000000000E+00 2.3546553894236E-01
 0.0000000000000E+00 0.0000000000000E+00 0.0000000000000E+00 0.0000000000000E+00
 0.0000000000000E+00 0.0000000000000E+00 1.0488379404230E-03 0.0000000000000E+00
 0.0000000000000E+00 0.0000000000000E+00 0.0000000000000E+00 0.0000000000000E+00
 0.0000000000000E+00 0.0000000000000E+00 0.0000000000000E+00 0.0000000000000E+00
 0.0000000000000E+00 0.0000000000000E+00 0.0000000000000E+00 0.0000000000000E+00
 0.0000000000000E+00 0.0000000000000E+00 0.0000000000000E+00 0.0000000000000E+00
 0.0000000000000E+00 0.0000000000000E+00 0.0000000000000E+00 0.0000000000000E+00
 0.0000000000000E+00 0.0000000000000E+00 0.0000000000000E+00 0.0000000000000E+00
 1.6878359552301E-02 0.0000000000000E+00 0.0000000000000E+00 0.0000000000000E+00
 0.0000000000000E+00-1.1265917097830E+00 0.0000000000000E+00 0.0000000000000E+00
 0.0000000000000E+00 0.0000000000000E+00-6.4983620162611E-01 0.0000000000000E+00
 0.0000000000000E+00 0.0000000000000E+00 0.0000000000000E+00-1.2291292079558E-02
 0.0000000000000E+00 0.0000000000000E+00 0.0000000000000E+00 0.0000000000000E+00
 0.0000000000000E+00 0.0000000000000E+00 2.3546553894236E-01 0.0000000000000E+00
 0.0000000000000E+00 0.0000000000000E+00 0.0000000000000E+00 0.0000000000000E+00
 0.0000000000000E+00-1.0488379404230E-03 0.0000000000000E+00 0.0000000000000E+00
 0.0000000000000E+00 0.0000000000000E+00 0.0000000000000E+00 0.0000000000000E+00
 0.0000000000000E+00 0.0000000000000E+00 0.0000000000000E+00 0.0000000000000E+00
 0.0000000000000E+00 0.0000000000000E+00 0.0000000000000E+00 0.0000000000000E+00
 0.0000000000000E+00 0.0000000000000E+00 0.0000000000000E+00 0.0000000000000E+00
 0.0000000000000E+00 0.0000000000000E+00 0.0000000000000E+00 1.2679213089439E-01
 0.0000000000000E+00 0.0000000000000E+00 0.0000000000000E+00 0.0000000000000E+00
-1.4269900245970E+00 0.0000000000000E+00 0.0000000000000E+00 0.0000000000000E+00
 0.0000000000000E+00-2.4169482458959E-04 0.0000000000000E+00 0.0000000000000E+00
 4.6189920650000E-03-3.5866451877360E+00-2.1968123934660E+00 1.1651551211050E+00
 0.0000000000000E+00 0.0000000000000E+00 1.9090915582000E-02 0.0000000000000E+00
 0.0000000000000E+00-8.6898320859500E-01 0.0000000000000E+00 0.0000000000000E+00
 1.6977185607500E-01-4.2788104271500E-02 0.0000000000000E+00 0.0000000000000E+00
 0.0000000000000E+00 0.0000000000000E+00 6.0515873114800E-01 0.0000000000000E+00
 0.0000000000000E+00 0.0000000000000E+00 0.0000000000000E+00 1.3459890093500E-01
 0.0000000000000E+00 0.0000000000000E+00 0.0000000000000E+00 0.0000000000000E+00
 0.0000000000000E+00 0.0000000000000E+00-4.4673395931000E-02-1.3380122708700E-01
 3.4263984530900E-01 4.0893065277260E+00-1.3686087753590E+00 0.0000000000000E+00
 0.0000000000000E+00-2.0125182823400E-01 0.0000000000000E+00 0.0000000000000E+00
 2.9360611941100E+00 0.0000000000000E+00 0.0000000000000E+00-7.2828406210310E+00
 0.0000000000000E+00 0.0000000000000E+00 1.1466538761770E+00 2.9265503137500E-02
 0.0000000000000E+00 0.0000000000000E+00 0.0000000000000E+00 0.0000000000000E+00
 2.6084550616900E-01 0.0000000000000E+00 0.0000000000000E+00 0.0000000000000E+00
 0.0000000000000E+00 1.4416166569700E-01 0.0000000000000E+00 0.0000000000000E+00
 0.0000000000000E+00 0.0000000000000E+00 1.1174487736600E-01 0.0000000000000E+00
 0.0000000000000E+00 0.0000000000000E+00 0.0000000000000E+00 0.0000000000000E+00
 0.0000000000000E+00-2.6732408675020E+00 0.0000000000000E+00 0.0000000000000E+00
 0.0000000000000E+00 0.0000000000000E+00 0.0000000000000E+00 0.0000000000000E+00
-8.3569479903000E-02 0.0000000000000E+00 0.0000000000000E+00 0.0000000000000E+00
 0.0000000000000E+00 0.0000000000000E+00 0.0000000000000E+00-7.0429521227376E-15
 0.0000000000000E+00-4.4673395931000E-02-1.3380122708700E-01 3.4263984530900E-01
 4.0893065277260E+00-1.3686087753590E+00 0.0000000000000E+00 0.0000000000000E+00
 2.0125182823400E-01 0.0000000000000E+00 0.0000000000000E+00-2.9360611941100E+00
 0.0000000000000E+00 0.0000000000000E+00 7.2828406210310E+00 0.0000000000000E+00
 0.0000000000000E+00-1.1466538761770E+00 2.9265503137500E-02 0.0000000000000E+00
 0.0000000000000E+00 0.0000000000000E+00 0.0000000000000E+00 2.6084550616900E-01
 0.0000000000000E+00 0.0000000000000E+00 0.0000000000000E+00 0.0000000000000E+00
 1.4416166569700E-01 0.0000000000000E+00 0.0000000000000E+00 0.0000000000000E+00
 0.0000000000000E+00-1.1174487736600E-01 0.0000000000000E+00 0.0000000000000E+00
 0.0000000000000E+00 0.0000000000000E+00 0.0000000000000E+00 0.0000000000000E+00
 2.6732408675020E+00 0.0000000000000E+00 0.0000000000000E+00 0.0000000000000E+00
 0.0000000000000E+00 0.0000000000000E+00 0.0000000000000E+00-8.3569479903000E-02
 0.0000000000000E+00 0.0000000000000E+00 0.0000000000000E+00 0.0000000000000E+00
 0.0000000000000E+00 0.0000000000000E+00-7.0429521227376E-15 0.0000000000000E+00
 4.6189920650000E-03-3.5866451877360E+00-2.1968123934660E+00 1.1651551211050E+00
 0.0000000000000E+00 0.0000000000000E+00-1.9090915582000E-02 0.0000000000000E+00
 0.0000000000000E+00 8.6898320859500E-01 0.0000000000000E+00 0.0000000000000E+00
-1.6977185607500E-01-4.2788104271500E-02 0.0000000000000E+00 0.0000000000000E+00
 0.0000000000000E+00 0.0000000000000E+00 6.0515873114800E-01 0.0000000000000E+00
 0.0000000000000E+00 0.0000000000000E+00 0.0000000000000E+00-1.3459890093500E-01
 0.0000000000000E+00 0.0000000000000E+00 0.0000000000000E+00 0.0000000000000E+00
 0.0000000000000E+00 0.0000000000000E+00 2.6489378709000E-02 2.3963402129610E+00
 9.0532663861960E+00 4.1975992461080E+00 0.0000000000000E+00 0.0000000000000E+00
-1.3797100991600E-01 0.0000000000000E+00 0.0000000000000E+00 1.7825248096420E+00
 0.0000000000000E+00 0.0000000000000E+00 4.1443738437050E+00-2.7116449437000E-02
 0.0000000000000E+00 0.0000000000000E+00 0.0000000000000E+00 0.0000000000000E+00
 5.5077548892750E-01 0.0000000000000E+00 0.0000000000000E+00-8.6602540378444E-13
 0.0000000000000E+00-1.0162295696000E-02 0.0000000000000E+00 0.0000000000000E+00
 0.0000000000000E+00 0.0000000000000E+00 0.0000000000000E+00 0.0000000000000E+00
-1.2386447484900E-01-2.6322348907000E-01-1.1111364198740E+00 1.5053203457121E+01
 2.9814630371319E+01 0.0000000000000E+00 0.0000000000000E+00 1.2180809219500E-01
 0.0000000000000E+00 0.0000000000000E+00 1.1872779000700E+00 0.0000000000000E+00
 0.0000000000000E+00 2.5179138326248E+01 0.0000000000000E+00 0.0000000000000E+00
 1.3770947691244E+01-2.0339170690000E-03 0.0000000000000E+00 0.0000000000000E+00
 0.0000000000000E+00 0.0000000000000E+00 3.5876726196500E-01 0.0000000000000E+00
 0.0000000000000E+00 0.0000000000000E+00 0.0000000000000E+00 1.7973648110720E+00
 0.0000000000000E+00 0.0000000000000E+00 0.0000000000000E+00 0.0000000000000E+00
-1.4858333905000E-02 0.0000000000000E+00 0.0000000000000E+00 0.0000000000000E+00
 0.0000000000000E+00 0.0000000000000E+00 0.0000000000000E+00 2.4952518564100E+00
 0.0000000000000E+00 0.0000000000000E+00-2.5819888974716E-13 0.0000000000000E+00
 0.0000000000000E+00 0.0000000000000E+00-3.8490099184000E-02 0.0000000000000E+00
 0.0000000000000E+00 0.0000000000000E+00 0.0000000000000E+00 0.0000000000000E+00
 0.0000000000000E+00 7.0429521227376E-15 0.0000000000000E+00 1.2386447484900E-01
 2.6322348907000E-01 1.1111364198740E+00-1.5053203457121E+01-2.9814630371319E+01
 0.0000000000000E+00 0.0000000000000E+00 1.2180809219500E-01 0.0000000000000E+00
 0.0000000000000E+00 1.1872779000700E+00 0.0000000000000E+00 0.0000000000000E+00
 2.5179138326248E+01 0.0000000000000E+00 0.0000000000000E+00 1.3770947691244E+01
 2.0339170690000E-03 0.0000000000000E+00 0.0000000000000E+00 0.0000000000000E+00
 0.0000000000000E+00-3.5876726196500E-01 0.0000000000000E+00 0.0000000000000E+00
 0.0000000000000E+00 0.0000000000000E+00-1.7973648110720E+00 0.0000000000000E+00
 0.0000000000000E+00 0.0000000000000E+00 0.0000000000000E+00-1.4858333905000E-02
 0.0000000000000E+00 0.0000000000000E+00 0.0000000000000E+00 0.0000000000000E+00
 0.0000000000000E+00 0.0000000000000E+00 2.4952518564100E+00 0.0000000000000E+00
 0.0000000000000E+00-2.5819888974716E-13 0.0000000000000E+00 0.0000000000000E+00
 0.0000000000000E+00 3.8490099184000E-02 0.0000000000000E+00 0.0000000000000E+00
 0.0000000000000E+00 0.0000000000000E+00 0.0000000000000E+00 0.0000000000000E+00
-7.0429521227376E-15 0.0000000000000E+00-2.6489378709000E-02-2.3963402129610E+00
-9.0532663861960E+00-4.1975992461080E+00 0.0000000000000E+00 0.0000000000000E+00
-1.3797100991600E-01 0.0000000000000E+00 0.0000000000000E+00 1.7825248096420E+00
 0.0000000000000E+00 0.0000000000000E+00 4.1443738437050E+00 2.7116449437000E-02
 0.0000000000000E+00 0.0000000000000E+00 0.0000000000000E+00 0.0000000000000E+00
-5.5077548892750E-01 0.0000000000000E+00 0.0000000000000E+00 8.6602540378444E-13
 0.0000000000000E+00-1.0162295696000E-02 0.0000000000000E+00 0.0000000000000E+00
 0.0000000000000E+00 0.0000000000000E+00 0.0000000000000E+00 0.0000000000000E+00
 0.0000000000000E+00 0.0000000000000E+00 0.0000000000000E+00 0.0000000000000E+00
 1.9975093630800E-01 0.0000000000000E+00 0.0000000000000E+00-2.0809889842000E+00
 0.0000000000000E+00 0.0000000000000E+00-4.4047771790200E-01 0.0000000000000E+00
 0.0000000000000E+00 0.0000000000000E+00 9.0934983381391E-02 0.0000000000000E+00
 0.0000000000000E+00 0.0000000000000E+00 0.0000000000000E+00-2.8505128002850E+00
 0.0000000000000E+00 0.0000000000000E+00 0.0000000000000E+00 0.0000000000000E+00
-4.7794593958160E-02 0.0000000000000E+00 0.0000000000000E+00 0.0000000000000E+00
 0.0000000000000E+00 0.0000000000000E+00 0.0000000000000E+00 0.0000000000000E+00
 0.0000000000000E+00 0.0000000000000E+00 0.0000000000000E+00 8.5452874992000E-02
 0.0000000000000E+00 0.0000000000000E+00 8.6502457837000E-02 0.0000000000000E+00
 0.0000000000000E+00 4.4337998432200E+00 0.0000000000000E+00 0.0000000000000E+00
 2.7606283179700E-01 0.0000000000000E+00 0.0000000000000E+00 0.0000000000000E+00
 7.9337757464447E-02 0.0000000000000E+00 0.0000000000000E+00 0.0000000000000E+00
 0.0000000000000E+00-2.0913994185173E+00 0.0000000000000E+00 0.0000000000000E+00
 0.0000000000000E+00 0.0000000000000E+00 2.7219678382047E+00 0.0000000000000E+00
 0.0000000000000E+00 0.0000000000000E+00 0.0000000000000E+00-1.9835092276727E-02
 0.0000000000000E+00 0.0000000000000E+00 0.0000000000000E+00 0.0000000000000E+00
 0.0000000000000E+00 0.0000000000000E+00 7.7920760804098E-01 0.0000000000000E+00
 0.0000000000000E+00 0.0000000000000E+00 5.2704627669473E-14 0.0000000000000E+00
 0.0000000000000E+00-8.1629928060541E-02 0.0000000000000E+00 0.0000000000000E+00
 0.0000000000000E+00-3.9840953644480E-14 0.0000000000000E+00 0.0000000000000E+00
 0.0000000000000E+00 0.0000000000000E+00 0.0000000000000E+00 0.0000000000000E+00
 0.0000000000000E+00 0.0000000000000E+00-8.5452874992000E-02 0.0000000000000E+00
 0.0000000000000E+00-8.6502457837000E-02 0.0000000000000E+00 0.0000000000000E+00
-4.4337998432200E+00 0.0000000000000E+00 0.0000000000000E+00-2.7606283179700E-01
 0.0000000000000E+00 0.0000000000000E+00 0.0000000000000E+00 7.9337757464447E-02
 0.0000000000000E+00 0.0000000000000E+00 0.0000000000000E+00 0.0000000000000E+00
-2.0913994185173E+00 0.0000000000000E+00 0.0000000000000E+00 0.0000000000000E+00
 0.0000000000000E+00 2.7219678382047E+00 0.0000000000000E+00 0.0000000000000E+00
 0.0000000000000E+00 0.0000000000000E+00 1.9835092276727E-02 0.0000000000000E+00
 0.0000000000000E+00 0.0000000000000E+00 0.0000000000000E+00 0.0000000000000E+00
 0.0000000000000E+00-7.7920760804098E-01 0.0000000000000E+00 0.0000000000000E+00
 0.0000000000000E+00-5.2704627669473E-14 0.0000000000000E+00 0.0000000000000E+00
-8.1629928060541E-02 0.0000000000000E+00 0.0000000000000E+00 0.0000000000000E+00
-3.9840953644480E-14 0.0000000000000E+00 0.0000000000000E+00 0.0000000000000E+00
 0.0000000000000E+00 0.0000000000000E+00 0.0000000000000E+00 0.0000000000000E+00
-1.9975093630800E-01 0.0000000000000E+00 0.0000000000000E+00 2.0809889842000E+00
 0.0000000000000E+00 0.0000000000000E+00 4.4047771790200E-01 0.0000000000000E+00
 0.0000000000000E+00 0.0000000000000E+00 9.0934983381391E-02 0.0000000000000E+00
 0.0000000000000E+00 0.0000000000000E+00 0.0000000000000E+00-2.8505128002850E+00
 0.0000000000000E+00 0.0000000000000E+00 0.0000000000000E+00 0.0000000000000E+00
 4.7794593958160E-02 0.0000000000000E+00 0.0000000000000E+00 0.0000000000000E+00
 0.0000000000000E+00 0.0000000000000E+00 0.0000000000000E+00 0.0000000000000E+00
 0.0000000000000E+00 0.0000000000000E+00 0.0000000000000E+00 1.9975093630800E-01
 0.0000000000000E+00 0.0000000000000E+00-2.0809889841990E+00 0.0000000000000E+00
 0.0000000000000E+00-4.4047771790200E-01 0.0000000000000E+00 0.0000000000000E+00
 0.0000000000000E+00 9.0934983381391E-02 0.0000000000000E+00 0.0000000000000E+00
 0.0000000000000E+00 0.0000000000000E+00-2.8505128002850E+00 0.0000000000000E+00
 0.0000000000000E+00 0.0000000000000E+00 0.0000000000000E+00-4.7794593958160E-02
 0.0000000000000E+00 0.0000000000000E+00 0.0000000000000E+00 0.0000000000000E+00
 0.0000000000000E+00 0.0000000000000E+00 0.0000000000000E+00 0.0000000000000E+00
 0.0000000000000E+00 0.0000000000000E+00 8.5452874992000E-02 0.0000000000000E+00
 0.0000000000000E+00 8.6502457837000E-02 0.0000000000000E+00 0.0000000000000E+00
 4.4337998432200E+00 0.0000000000000E+00 0.0000000000000E+00 2.7606283179700E-01
 0.0000000000000E+00 0.0000000000000E+00 0.0000000000000E+00 7.9337757464447E-02
 0.0000000000000E+00 0.0000000000000E+00 0.0000000000000E+00 0.0000000000000E+00
-2.0913994185173E+00 0.0000000000000E+00 0.0000000000000E+00 0.0000000000000E+00
 0.0000000000000E+00 2.7219678382065E+00 0.0000000000000E+00 0.0000000000000E+00
 0.0000000000000E+00 0.0000000000000E+00-1.9835092276727E-02 0.0000000000000E+00
 0.0000000000000E+00 0.0000000000000E+00 0.0000000000000E+00 0.0000000000000E+00
 0.0000000000000E+00 7.7920760804098E-01 0.0000000000000E+00 0.0000000000000E+00
 0.0000000000000E+00-5.2704627669473E-14 0.0000000000000E+00 0.0000000000000E+00
-8.1629928060225E-02 0.0000000000000E+00 0.0000000000000E+00 0.0000000000000E+00
 3.9840953644480E-14 0.0000000000000E+00 0.0000000000000E+00 0.0000000000000E+00
 0.0000000000000E+00 0.0000000000000E+00 0.0000000000000E+00 0.0000000000000E+00
 0.0000000000000E+00-8.5452874992000E-02 0.0000000000000E+00 0.0000000000000E+00
-8.6502457837000E-02 0.0000000000000E+00 0.0000000000000E+00-4.4337998432200E+00
 0.0000000000000E+00 0.0000000000000E+00-2.7606283179700E-01 0.0000000000000E+00
 0.0000000000000E+00 0.0000000000000E+00 7.9337757464447E-02 0.0000000000000E+00
 0.0000000000000E+00 0.0000000000000E+00 0.0000000000000E+00-2.0913994185173E+00
 0.0000000000000E+00 0.0000000000000E+00 0.0000000000000E+00 0.0000000000000E+00
 2.7219678382065E+00 0.0000000000000E+00 0.0000000000000E+00 0.0000000000000E+00
 0.0000000000000E+00 1.9835092276727E-02 0.0000000000000E+00 0.0000000000000E+00
 0.0000000000000E+00 0.0000000000000E+00 0.0000000000000E+00 0.0000000000000E+00
-7.7920760804098E-01 0.0000000000000E+00 0.0000000000000E+00 0.0000000000000E+00
 5.2704627669473E-14 0.0000000000000E+00 0.0000000000000E+00-8.1629928060225E-02
 0.0000000000000E+00 0.0000000000000E+00 0.0000000000000E+00 3.9840953644480E-14
 0.0000000000000E+00 0.0000000000000E+00 0.0000000000000E+00 0.0000000000000E+00
 0.0000000000000E+00 0.0000000000000E+00 0.0000000000000E+00-1.9975093630800E-01
 0.0000000000000E+00 0.0000000000000E+00 2.0809889841990E+00 0.0000000000000E+00
 0.0000000000000E+00 4.4047771790200E-01 0.0000000000000E+00 0.0000000000000E+00
 0.0000000000000E+00 9.0934983381391E-02 0.0000000000000E+00 0.0000000000000E+00
 0.0000000000000E+00 0.0000000000000E+00-2.8505128002850E+00 0.0000000000000E+00
 0.0000000000000E+00 0.0000000000000E+00 0.0000000000000E+00 4.7794593958160E-02
 0.0000000000000E+00 0.0000000000000E+00 0.0000000000000E+00 0.0000000000000E+00
 3.4922540751000E-02 2.6122792921690E+00 1.2383008276175E+01 1.2298728482770E+00
 0.0000000000000E+00 0.0000000000000E+00-1.8400315758100E-01 0.0000000000000E+00
 0.0000000000000E+00 2.5798921344380E+00 0.0000000000000E+00 0.0000000000000E+00
 5.3002019358080E+00-1.3827761011500E-02 0.0000000000000E+00 0.0000000000000E+00
 0.0000000000000E+00 0.0000000000000E+00 7.6187346042600E-01 0.0000000000000E+00
 0.0000000000000E+00 0.0000000000000E+00 0.0000000000000E+00-3.4959603110000E-03
 0.0000000000000E+00 0.0000000000000E+00 0.0000000000000E+00 0.0000000000000E+00
 0.0000000000000E+00 0.0000000000000E+00-4.0129319012200E-01-7.9663907864700E-01
-2.2497100634870E+00-1.2251271440477E+01-2.1292567002470E+00 0.0000000000000E+00
 0.0000000000000E+00 1.2940208595000E-01 0.0000000000000E+00 0.0000000000000E+00
-7.1341200562200E-01 0.0000000000000E+00 0.0000000000000E+00 1.1357739302986E+01
 0.0000000000000E+00 0.0000000000000E+00 2.3659853697790E+00 4.9253759570500E-02
 0.0000000000000E+00 0.0000000000000E+00 0.0000000000000E+00 0.0000000000000E+00
-8.7126400896500E-01 0.0000000000000E+00 0.0000000000000E+00 0.0000000000000E+00
 0.0000000000000E+00 1.9917557378250E-01 0.0000000000000E+00 0.0000000000000E+00
 0.0000000000000E+00 0.0000000000000E+00 2.3103356078000E-02 0.0000000000000E+00
 0.0000000000000E+00 0.0000000000000E+00 0.0000000000000E+00 0.0000000000000E+00
 0.0000000000000E+00 2.4111154461880E+00 0.0000000000000E+00 0.0000000000000E+00
 0.0000000000000E+00 0.0000000000000E+00 0.0000000000000E+00 0.0000000000000E+00
-3.6727995367000E-02 0.0000000000000E+00 0.0000000000000E+00 0.0000000000000E+00
 0.0000000000000E+00 0.0000000000000E+00 0.0000000000000E+00 1.4085904245475E-14
 0.0000000000000E+00-4.0129319012200E-01-7.9663907864700E-01-2.2497100634870E+00
-1.2251271440477E+01-2.1292567002470E+00 0.0000000000000E+00 0.0000000000000E+00
-1.2940208595000E-01 0.0000000000000E+00 0.0000000000000E+00 7.1341200562200E-01
 0.0000000000000E+00 0.0000000000000E+00-1.1357739302986E+01 0.0000000000000E+00
 0.0000000000000E+00-2.3659853697790E+00 4.9253759570500E-02 0.0000000000000E+00
 0.0000000000000E+00 0.0000000000000E+00 0.0000000000000E+00-8.7126400896500E-01
 0.0000000000000E+00 0.0000000000000E+00 0.0000000000000E+00 0.0000000000000E+00
 1.9917557378250E-01 0.0000000000000E+00 0.0000000000000E+00 0.0000000000000E+00
 0.0000000000000E+00-2.3103356078000E-02 0.0000000000000E+00 0.0000000000000E+00
 0.0000000000000E+00 0.0000000000000E+00 0.0000000000000E+00 0.0000000000000E+00
-2.4111154461880E+00 0.0000000000000E+00 0.0000000000000E+00 0.0000000000000E+00
 0.0000000000000E+00 0.0000000000000E+00 0.0000000000000E+00-3.6727995367000E-02
 0.0000000000000E+00 0.0000000000000E+00 0.0000000000000E+00 0.0000000000000E+00
 0.0000000000000E+00 0.0000000000000E+00 1.4085904245475E-14 0.0000000000000E+00
 3.4922540751000E-02 2.6122792921690E+00 1.2383008276175E+01 1.2298728482770E+00
 0.0000000000000E+00 0.0000000000000E+00 1.8400315758100E-01 0.0000000000000E+00
 0.0000000000000E+00-2.5798921344380E+00 0.0000000000000E+00 0.0000000000000E+00
-5.3002019358080E+00-1.3827761011500E-02 0.0000000000000E+00 0.0000000000000E+00
 0.0000000000000E+00 0.0000000000000E+00 7.6187346042600E-01 0.0000000000000E+00
 0.0000000000000E+00 0.0000000000000E+00 0.0000000000000E+00 3.4959603110000E-03
 0.0000000000000E+00 0.0000000000000E+00 0.0000000000000E+00 0.0000000000000E+00
 0.0000000000000E+00 0.0000000000000E+00 0.0000000000000E+00 0.0000000000000E+00
 0.0000000000000E+00 0.0000000000000E+00 0.0000000000000E+00 6.7881237604000E-02
 0.0000000000000E+00 0.0000000000000E+00-1.1085053439860E+00 0.0000000000000E+00
 0.0000000000000E+00 1.3779663474010E+00 0.0000000000000E+00 0.0000000000000E+00
 0.0000000000000E+00 1.5188982655726E-02 0.0000000000000E+00 0.0000000000000E+00
 0.0000000000000E+00 0.0000000000000E+00 3.0004394178970E-01 0.0000000000000E+00
 0.0000000000000E+00 0.0000000000000E+00 0.0000000000000E+00 3.1466711428407E-02
 0.0000000000000E+00 0.0000000000000E+00 0.0000000000000E+00 0.0000000000000E+00
 0.0000000000000E+00 0.0000000000000E+00 0.0000000000000E+00 0.0000000000000E+00
 0.0000000000000E+00 0.0000000000000E+00 1.2355941509000E-01 0.0000000000000E+00
 0.0000000000000E+00 1.3699004737000E-02 0.0000000000000E+00 0.0000000000000E+00
 9.7289128188390E+00 0.0000000000000E+00 0.0000000000000E+00 1.1675362083980E+00
 0.0000000000000E+00 0.0000000000000E+00 0.0000000000000E+00-2.5197656067814E-01
 0.0000000000000E+00 0.0000000000000E+00 0.0000000000000E+00 0.0000000000000E+00
 6.4620650601232E+00 0.0000000000000E+00 0.0000000000000E+00 0.0000000000000E+00
 0.0000000000000E+00 9.9791796675576E+00 0.0000000000000E+00 0.0000000000000E+00
 0.0000000000000E+00 0.0000000000000E+00-6.4995134737371E-03 0.0000000000000E+00
 0.0000000000000E+00 0.0000000000000E+00-5.2704627669473E-14 0.0000000000000E+00
 0.0000000000000E+00 1.3533765561003E+00 0.0000000000000E+00 0.0000000000000E+00
 0.0000000000000E+00 1.0540925533895E-13 0.0000000000000E+00 0.0000000000000E+00
 1.1997156785619E-01 0.0000000000000E+00 0.0000000000000E+00 0.0000000000000E+00
 0.0000000000000E+00 0.0000000000000E+00 0.0000000000000E+00 0.0000000000000E+00
 0.0000000000000E+00 0.0000000000000E+00 0.0000000000000E+00 0.0000000000000E+00
 0.0000000000000E+00-1.2355941509000E-01 0.0000000000000E+00 0.0000000000000E+00
-1.3699004737000E-02 0.0000000000000E+00 0.0000000000000E+00-9.7289128188390E+00
 0.0000000000000E+00 0.0000000000000E+00-1.1675362083980E+00 0.0000000000000E+00
 0.0000000000000E+00 0.0000000000000E+00-2.5197656067814E-01 0.0000000000000E+00
 0.0000000000000E+00 0.0000000000000E+00 0.0000000000000E+00 6.4620650601232E+00
 0.0000000000000E+00 0.0000000000000E+00 0.0000000000000E+00 0.0000000000000E+00
 9.9791796675576E+00 0.0000000000000E+00 0.0000000000000E+00 0.0000000000000E+00
 0.0000000000000E+00 6.4995134737371E-03 0.0000000000000E+00 0.0000000000000E+00
 0.0000000000000E+00 5.2704627669473E-14 0.0000000000000E+00 0.0000000000000E+00
-1.3533765561003E+00 0.0000000000000E+00 0.0000000000000E+00 0.0000000000000E+00
-1.0540925533895E-13 0.0000000000000E+00 0.0000000000000E+00 1.1997156785619E-01
 0.0000000000000E+00 0.0000000000000E+00 0.0000000000000E+00 0.0000000000000E+00
 0.0000000000000E+00 0.0000000000000E+00 0.0000000000000E+00 0.0000000000000E+00
 0.0000000000000E+00 0.0000000000000E+00 0.0000000000000E+00-6.7881237604000E-02
 0.0000000000000E+00 0.0000000000000E+00 1.1085053439860E+00 0.0000000000000E+00
 0.0000000000000E+00-1.3779663474010E+00 0.0000000000000E+00 0.0000000000000E+00
 0.0000000000000E+00 1.5188982655726E-02 0.0000000000000E+00 0.0000000000000E+00
 0.0000000000000E+00 0.0000000000000E+00 3.0004394178970E-01 0.0000000000000E+00
 0.0000000000000E+00 0.0000000000000E+00 0.0000000000000E+00-3.1466711428407E-02
 0.0000000000000E+00 0.0000000000000E+00 0.0000000000000E+00 0.0000000000000E+00
 0.0000000000000E+00 0.0000000000000E+00 0.0000000000000E+00 0.0000000000000E+00
-6.7881237604000E-02 0.0000000000000E+00 0.0000000000000E+00 1.1085053439870E+00
 0.0000000000000E+00 0.0000000000000E+00-1.3779663474010E+00 0.0000000000000E+00
 0.0000000000000E+00 0.0000000000000E+00-1.5188982655726E-02 0.0000000000000E+00
 0.0000000000000E+00 0.0000000000000E+00 0.0000000000000E+00-3.0004394178797E-01
 0.0000000000000E+00 0.0000000000000E+00 0.0000000000000E+00 0.0000000000000E+00
-3.1466711428407E-02 0.0000000000000E+00 0.0000000000000E+00 0.0000000000000E+00
 0.0000000000000E+00 0.0000000000000E+00 0.0000000000000E+00 0.0000000000000E+00
 0.0000000000000E+00 0.0000000000000E+00 0.0000000000000E+00-1.2355941509000E-01
 0.0000000000000E+00 0.0000000000000E+00-1.3699004737000E-02 0.0000000000000E+00
 0.0000000000000E+00-9.7289128188400E+00 0.0000000000000E+00 0.0000000000000E+00
-1.1675362083990E+00 0.0000000000000E+00 0.0000000000000E+00 0.0000000000000E+00
 2.5197656067814E-01 0.0000000000000E+00 0.0000000000000E+00 0.0000000000000E+00
 0.0000000000000E+00-6.4620650601232E+00 0.0000000000000E+00 0.0000000000000E+00
 0.0000000000000E+00 0.0000000000000E+00-9.9791796675593E+00 0.0000000000000E+00
 0.0000000000000E+00 0.0000000000000E+00 0.0000000000000E+00 6.4995134737371E-03
 0.0000000000000E+00 0.0000000000000E+00 0.0000000000000E+00-5.2704627669473E-14
 0.0000000000000E+00 0.0000000000000E+00-1.3533765561003E+00 0.0000000000000E+00
 0.0000000000000E+00 0.0000000000000E+00 1.0540925533895E-13 0.0000000000000E+00
 0.0000000000000E+00-1.1997156785619E-01 0.0000000000000E+00 0.0000000000000E+00
 0.0000000000000E+00 0.0000000000000E+00 0.0000000000000E+00 0.0000000000000E+00
 0.0000000000000E+00 0.0000000000000E+00 0.0000000000000E+00 0.0000000000000E+00
 0.0000000000000E+00 0.0000000000000E+00 1.2355941509000E-01 0.0000000000000E+00
 0.0000000000000E+00 1.3699004737000E-02 0.0000000000000E+00 0.0000000000000E+00
 9.7289128188400E+00 0.0000000000000E+00 0.0000000000000E+00 1.1675362083990E+00
 0.0000000000000E+00 0.0000000000000E+00 0.0000000000000E+00 2.5197656067814E-01
 0.0000000000000E+00 0.0000000000000E+00 0.0000000000000E+00 0.0000000000000E+00
-6.4620650601232E+00 0.0000000000000E+00 0.0000000000000E+00 0.0000000000000E+00
 0.0000000000000E+00-9.9791796675593E+00 0.0000000000000E+00 0.0000000000000E+00
 0.0000000000000E+00 0.0000000000000E+00-6.4995134737371E-03 0.0000000000000E+00
 0.0000000000000E+00 0.0000000000000E+00 5.2704627669473E-14 0.0000000000000E+00
 0.0000000000000E+00 1.3533765561003E+00 0.0000000000000E+00 0.0000000000000E+00
 0.0000000000000E+00-1.0540925533895E-13 0.0000000000000E+00 0.0000000000000E+00
-1.1997156785619E-01 0.0000000000000E+00 0.0000000000000E+00 0.0000000000000E+00
 0.0000000000000E+00 0.0000000000000E+00 0.0000000000000E+00 0.0000000000000E+00
 0.0000000000000E+00 0.0000000000000E+00 0.0000000000000E+00 0.0000000000000E+00
 6.7881237604000E-02 0.0000000000000E+00 0.0000000000000E+00-1.1085053439870E+00
 0.0000000000000E+00 0.0000000000000E+00 1.3779663474010E+00 0.0000000000000E+00
 0.0000000000000E+00 0.0000000000000E+00-1.5188982655726E-02 0.0000000000000E+00
 0.0000000000000E+00 0.0000000000000E+00 0.0000000000000E+00-3.0004394178797E-01
 0.0000000000000E+00 0.0000000000000E+00 0.0000000000000E+00 0.0000000000000E+00
 3.1466711428407E-02 0.0000000000000E+00 0.0000000000000E+00 0.0000000000000E+00
 0.0000000000000E+00 0.0000000000000E+00-3.4306506753000E-02 4.7656049017060E+00
 5.4249226351030E+00 2.5500704213000E-02 0.0000000000000E+00 0.0000000000000E+00
-1.8775121743000E-02 0.0000000000000E+00 0.0000000000000E+00 1.4017819009880E+00
 0.0000000000000E+00 0.0000000000000E+00 8.9325185069900E-01 8.0509501019500E-02
 0.0000000000000E+00 0.0000000000000E+00 0.0000000000000E+00 0.0000000000000E+00
-4.3078622889000E-01 0.0000000000000E+00 0.0000000000000E+00 0.0000000000000E+00
 0.0000000000000E+00-2.7799321259000E-02 0.0000000000000E+00 0.0000000000000E+00
 0.0000000000000E+00 0.0000000000000E+00 0.0000000000000E+00 0.0000000000000E+00
 2.6719251901500E-01 4.8954935979500E-01 3.9359841124060E+00-1.2093774134190E+00
 2.6783526652930E+00 0.0000000000000E+00 0.0000000000000E+00 4.7533493343000E-02
 0.0000000000000E+00 0.0000000000000E+00-1.0746731730940E+00 0.0000000000000E+00
 0.0000000000000E+00 1.2093361439885E+01 0.0000000000000E+00 0.0000000000000E+00
 1.3057138787710E+00 2.7178141754500E-02 0.0000000000000E+00 0.0000000000000E+00
 0.0000000000000E+00 0.0000000000000E+00-7.2211588553250E-01 0.0000000000000E+00
 0.0000000000000E+00 0.0000000000000E+00 0.0000000000000E+00-4.5157825080150E-01
 0.0000000000000E+00 0.0000000000000E+00 0.0000000000000E+00 0.0000000000000E+00
-1.8403797921100E-01 0.0000000000000E+00 0.0000000000000E+00 0.0000000000000E+00
 0.0000000000000E+00 0.0000000000000E+00 0.0000000000000E+00 3.2116471000920E+00
 0.0000000000000E+00 0.0000000000000E+00 0.0000000000000E+00 0.0000000000000E+00
 0.0000000000000E+00 0.0000000000000E+00-3.5310076555100E-01 0.0000000000000E+00
 0.0000000000000E+00 0.0000000000000E+00 0.0000000000000E+00 0.0000000000000E+00
 0.0000000000000E+00-7.0429521227376E-15 0.0000000000000E+00-2.6719251901500E-01
-4.8954935979500E-01-3.9359841124060E+00 1.2093774134190E+00-2.6783526652930E+00
 0.0000000000000E+00 0.0000000000000E+00 4.7533493343000E-02 0.0000000000000E+00
 0.0000000000000E+00-1.0746731730940E+00 0.0000000000000E+00 0.0000000000000E+00
 1.2093361439885E+01 0.0000000000000E+00 0.0000000000000E+00 1.3057138787710E+00
-2.7178141754500E-02 0.0000000000000E+00 0.0000000000000E+00 0.0000000000000E+00
 0.0000000000000E+00 7.2211588553250E-01 0.0000000000000E+00 0.0000000000000E+00
 0.0000000000000E+00 0.0000000000000E+00 4.5157825080150E-01 0.0000000000000E+00
 0.0000000000000E+00 0.0000000000000E+00 0.0000000000000E+00-1.8403797921100E-01
 0.0000000000000E+00 0.0000000000000E+00 0.0000000000000E+00 0.0000000000000E+00
 0.0000000000000E+00 0.0000000000000E+00 3.2116471000920E+00 0.0000000000000E+00
 0.0000000000000E+00 0.0000000000000E+00 0.0000000000000E+00 0.0000000000000E+00
 0.0000000000000E+00 3.5310076555100E-01 0.0000000000000E+00 0.0000000000000E+00
 0.0000000000000E+00 0.0000000000000E+00 0.0000000000000E+00 0.0000000000000E+00
 7.0429521227376E-15 0.0000000000000E+00 3.4306506753000E-02-4.7656049017060E+00
-5.4249226351030E+00-2.5500704213000E-02 0.0000000000000E+00 0.0000000000000E+00
-1.8775121743000E-02 0.0000000000000E+00 0.0000000000000E+00 1.4017819009880E+00
 0.0000000000000E+00 0.0000000000000E+00 8.9325185069900E-01-8.0509501019500E-02
 0.0000000000000E+00 0.0000000000000E+00 0.0000000000000E+00 0.0000000000000E+00
 4.3078622889000E-01 0.0000000000000E+00 0.0000000000000E+00 0.0000000000000E+00
 0.0000000000000E+00-2.7799321259000E-02 0.0000000000000E+00 0.0000000000000E+00
 0.0000000000000E+00 0.0000000000000E+00 0.0000000000000E+00 0.0000000000000E+00
 0.0000000000000E+00 0.0000000000000E+00 0.0000000000000E+00 0.0000000000000E+00
 0.0000000000000E+00-1.4138319820100E-01 0.0000000000000E+00 0.0000000000000E+00
 2.1813178583660E+00 0.0000000000000E+00 0.0000000000000E+00 1.4375509421850E+00
 0.0000000000000E+00 0.0000000000000E+00 0.0000000000000E+00-1.3192746467566E-01
 0.0000000000000E+00 0.0000000000000E+00 0.0000000000000E+00 0.0000000000000E+00
 3.2018176278478E+00 0.0000000000000E+00 0.0000000000000E+00 0.0000000000000E+00
 0.0000000000000E+00 3.8861148161757E-02 0.0000000000000E+00 0.0000000000000E+00
 0.0000000000000E+00 0.0000000000000E+00 0.0000000000000E+00 0.0000000000000E+00
 0.0000000000000E+00 0.0000000000000E+00 0.0000000000000E+00 0.0000000000000E+00
 4.9992189366000E-02 0.0000000000000E+00 0.0000000000000E+00 6.5535140504600E-01
 0.0000000000000E+00 0.0000000000000E+00-2.0560255737480E+00 0.0000000000000E+00
 0.0000000000000E+00-1.6006826264000E-02 0.0000000000000E+00 0.0000000000000E+00
 0.0000000000000E+00-1.3542724462699E-01 0.0000000000000E+00 0.0000000000000E+00
 0.0000000000000E+00 0.0000000000000E+00 3.4765205637321E+00 0.0000000000000E+00
 0.0000000000000E+00 0.0000000000000E+00 0.0000000000000E+00 6.8570073663718E-01
 0.0000000000000E+00 0.0000000000000E+00 0.0000000000000E+00 0.0000000000000E+00
 2.3227078098868E-02 0.0000000000000E+00 0.0000000000000E+00 0.0000000000000E+00
-5.2704627669473E-14 0.0000000000000E+00 0.0000000000000E+00-1.0714409718748E+00
 0.0000000000000E+00 0.0000000000000E+00 0.0000000000000E+00 5.2704627669473E-14
 0.0000000000000E+00 0.0000000000000E+00 3.5052041896947E-02 0.0000000000000E+00
 0.0000000000000E+00 0.0000000000000E+00 0.0000000000000E+00 0.0000000000000E+00
 0.0000000000000E+00 0.0000000000000E+00 0.0000000000000E+00 0.0000000000000E+00
 0.0000000000000E+00 0.0000000000000E+00 0.0000000000000E+00 4.9992189366000E-02
 0.0000000000000E+00 0.0000000000000E+00 6.5535140504600E-01 0.0000000000000E+00
 0.0000000000000E+00-2.0560255737480E+00 0.0000000000000E+00 0.0000000000000E+00
-1.6006826264000E-02 0.0000000000000E+00 0.0000000000000E+00 0.0000000000000E+00
 1.3542724462699E-01 0.0000000000000E+00 0.0000000000000E+00 0.0000000000000E+00
 0.0000000000000E+00-3.4765205637321E+00 0.0000000000000E+00 0.0000000000000E+00
 0.0000000000000E+00 0.0000000000000E+00-6.8570073663718E-01 0.0000000000000E+00
 0.0000000000000E+00 0.0000000000000E+00 0.0000000000000E+00 2.3227078098868E-02
 0.0000000000000E+00 0.0000000000000E+00 0.0000000000000E+00-5.2704627669473E-14
 0.0000000000000E+00 0.0000000000000E+00-1.0714409718748E+00 0.0000000000000E+00
 0.0000000000000E+00 0.0000000000000E+00 5.2704627669473E-14 0.0000000000000E+00
 0.0000000000000E+00-3.5052041896947E-02 0.0000000000000E+00 0.0000000000000E+00
 0.0000000000000E+00 0.0000000000000E+00 0.0000000000000E+00 0.0000000000000E+00
 0.0000000000000E+00 0.0000000000000E+00 0.0000000000000E+00 0.0000000000000E+00
 0.0000000000000E+00-1.4138319820100E-01 0.0000000000000E+00 0.0000000000000E+00
 2.1813178583660E+00 0.0000000000000E+00 0.0000000000000E+00 1.4375509421850E+00
 0.0000000000000E+00 0.0000000000000E+00 0.0000000000000E+00 1.3192746467566E-01
 0.0000000000000E+00 0.0000000000000E+00 0.0000000000000E+00 0.0000000000000E+00
-3.2018176278478E+00 0.0000000000000E+00 0.0000000000000E+00 0.0000000000000E+00
 0.0000000000000E+00 3.8861148161757E-02 0.0000000000000E+00 0.0000000000000E+00
 0.0000000000000E+00 0.0000000000000E+00 0.0000000000000E+00 0.0000000000000E+00
 0.0000000000000E+00 0.0000000000000E+00 1.4138319820100E-01 0.0000000000000E+00
 0.0000000000000E+00-2.1813178583660E+00 0.0000000000000E+00 0.0000000000000E+00
-1.4375509421850E+00 0.0000000000000E+00 0.0000000000000E+00 0.0000000000000E+00
 1.3192746467566E-01 0.0000000000000E+00 0.0000000000000E+00 0.0000000000000E+00
 0.0000000000000E+00-3.2018176278478E+00 0.0000000000000E+00 0.0000000000000E+00
 0.0000000000000E+00 0.0000000000000E+00-3.8861148161757E-02 0.0000000000000E+00
 0.0000000000000E+00 0.0000000000000E+00 0.0000000000000E+00 0.0000000000000E+00
 0.0000000000000E+00 0.0000000000000E+00 0.0000000000000E+00 0.0000000000000E+00
 0.0000000000000E+00-4.9992189366000E-02 0.0000000000000E+00 0.0000000000000E+00
-6.5535140504600E-01 0.0000000000000E+00 0.0000000000000E+00 2.0560255737480E+00
 0.0000000000000E+00 0.0000000000000E+00 1.6006826264000E-02 0.0000000000000E+00
 0.0000000000000E+00 0.0000000000000E+00 1.3542724462699E-01 0.0000000000000E+00
 0.0000000000000E+00 0.0000000000000E+00 0.0000000000000E+00-3.4765205637321E+00
 0.0000000000000E+00 0.0000000000000E+00 0.0000000000000E+00 0.0000000000000E+00
-6.8570073663718E-01 0.0000000000000E+00 0.0000000000000E+00 0.0000000000000E+00
 0.0000000000000E+00-2.3227078098868E-02 0.0000000000000E+00 0.0000000000000E+00
 0.0000000000000E+00-5.2704627669473E-14 0.0000000000000E+00 0.0000000000000E+00
 1.0714409718748E+00 0.0000000000000E+00 0.0000000000000E+00 0.0000000000000E+00
 5.2704627669473E-14 0.0000000000000E+00 0.0000000000000E+00-3.5052041896947E-02
 0.0000000000000E+00 0.0000000000000E+00 0.0000000000000E+00 0.0000000000000E+00
 0.0000000000000E+00 0.0000000000000E+00 0.0000000000000E+00 0.0000000000000E+00
 0.0000000000000E+00 0.0000000000000E+00 0.0000000000000E+00 0.0000000000000E+00
-4.9992189366000E-02 0.0000000000000E+00 0.0000000000000E+00-6.5535140504600E-01
 0.0000000000000E+00 0.0000000000000E+00 2.0560255737480E+00 0.0000000000000E+00
 0.0000000000000E+00 1.6006826264000E-02 0.0000000000000E+00 0.0000000000000E+00
 0.0000000000000E+00-1.3542724462699E-01 0.0000000000000E+00 0.0000000000000E+00
 0.0000000000000E+00 0.0000000000000E+00 3.4765205637321E+00 0.0000000000000E+00
 0.0000000000000E+00 0.0000000000000E+00 0.0000000000000E+00 6.8570073663718E-01
 0.0000000000000E+00 0.0000000000000E+00 0.0000000000000E+00 0.0000000000000E+00
-2.3227078098868E-02 0.0000000000000E+00 0.0000000000000E+00 0.0000000000000E+00
-5.2704627669473E-14 0.0000000000000E+00 0.0000000000000E+00 1.0714409718748E+00
 0.0000000000000E+00 0.0000000000000E+00 0.0000000000000E+00 5.2704627669473E-14
 0.0000000000000E+00 0.0000000000000E+00 3.5052041896947E-02 0.0000000000000E+00
 0.0000000000000E+00 0.0000000000000E+00 0.0000000000000E+00 0.0000000000000E+00
 0.0000000000000E+00 0.0000000000000E+00 0.0000000000000E+00 0.0000000000000E+00
 0.0000000000000E+00 0.0000000000000E+00 1.4138319820100E-01 0.0000000000000E+00
 0.0000000000000E+00-2.1813178583660E+00 0.0000000000000E+00 0.0000000000000E+00
-1.4375509421850E+00 0.0000000000000E+00 0.0000000000000E+00 0.0000000000000E+00
-1.3192746467566E-01 0.0000000000000E+00 0.0000000000000E+00 0.0000000000000E+00
 0.0000000000000E+00 3.2018176278478E+00 0.0000000000000E+00 0.0000000000000E+00
 0.0000000000000E+00 0.0000000000000E+00-3.8861148161757E-02 0.0000000000000E+00
 0.0000000000000E+00 0.0000000000000E+00 0.0000000000000E+00 0.0000000000000E+00
-8.3318026503000E-02-9.3370003833700E-01-2.9422024448920E+00 1.7147133872520E+00
 0.0000000000000E+00 0.0000000000000E+00 2.1984337405600E-01 0.0000000000000E+00
 0.0000000000000E+00-2.6497959753410E+00 0.0000000000000E+00 0.0000000000000E+00
-5.3869404227800E-01-3.2631124517000E-02 0.0000000000000E+00 0.0000000000000E+00
 0.0000000000000E+00 0.0000000000000E+00-6.1875560385800E-01 0.0000000000000E+00
 0.0000000000000E+00 0.0000000000000E+00 0.0000000000000E+00-1.3871203836400E-01
 0.0000000000000E+00 0.0000000000000E+00 0.0000000000000E+00 0.0000000000000E+00
 0.0000000000000E+00 0.0000000000000E+00 3.3827521494000E-01 7.1597461124100E-01
-2.0978450737680E+00 3.5069985465217E+01 2.0461799827326E+01 0.0000000000000E+00
 0.0000000000000E+00 1.6312892527800E-01 0.0000000000000E+00 0.0000000000000E+00
 5.9146223834800E-01 0.0000000000000E+00 0.0000000000000E+00 2.1434754445234E+01
 0.0000000000000E+00 0.0000000000000E+00 7.0647669470830E+00-8.4045458681000E-02
 0.0000000000000E+00 0.0000000000000E+00 0.0000000000000E+00 0.0000000000000E+00
 3.2300991149520E+00 0.0000000000000E+00 0.0000000000000E+00 0.0000000000000E+00
 0.0000000000000E+00 2.5392228673560E+00 0.0000000000000E+00 0.0000000000000E+00
 0.0000000000000E+00 0.0000000000000E+00 2.2919610460000E-03 0.0000000000000E+00
 0.0000000000000E+00 0.0000000000000E+00 0.0000000000000E+00 0.0000000000000E+00
 0.0000000000000E+00 1.4094809602300E+00 0.0000000000000E+00 0.0000000000000E+00
 0.0000000000000E+00 0.0000000000000E+00 0.0000000000000E+00 0.0000000000000E+00
 1.8854290268800E-01 0.0000000000000E+00 0.0000000000000E+00 0.0000000000000E+00
 0.0000000000000E+00 0.0000000000000E+00 0.0000000000000E+00-2.1128856368213E-14
 0.0000000000000E+00-3.3827521494000E-01-7.1597461124100E-01 2.0978450737680E+00
-3.5069985465217E+01-2.0461799827326E+01 0.0000000000000E+00 0.0000000000000E+00
 1.6312892527800E-01 0.0000000000000E+00 0.0000000000000E+00 5.9146223834800E-01
 0.0000000000000E+00 0.0000000000000E+00 2.1434754445234E+01 0.0000000000000E+00
 0.0000000000000E+00 7.0647669470830E+00 8.4045458681000E-02 0.0000000000000E+00
 0.0000000000000E+00 0.0000000000000E+00 0.0000000000000E+00-3.2300991149520E+00
 0.0000000000000E+00 0.0000000000000E+00 0.0000000000000E+00 0.0000000000000E+00
-2.5392228673560E+00 0.0000000000000E+00 0.0000000000000E+00 0.0000000000000E+00
 0.0000000000000E+00 2.2919610460000E-03 0.0000000000000E+00 0.0000000000000E+00
 0.0000000000000E+00 0.0000000000000E+00 0.0000000000000E+00 0.0000000000000E+00
 1.4094809602300E+00 0.0000000000000E+00 0.0000000000000E+00 0.0000000000000E+00
 0.0000000000000E+00 0.0000000000000E+00 0.0000000000000E+00-1.8854290268800E-01
 0.0000000000000E+00 0.0000000000000E+00 0.0000000000000E+00 0.0000000000000E+00
 0.0000000000000E+00 0.0000000000000E+00 2.1128856368213E-14 0.0000000000000E+00
 8.3318026503000E-02 9.3370003833700E-01 2.9422024448920E+00-1.7147133872520E+00
 0.0000000000000E+00 0.0000000000000E+00 2.1984337405600E-01 0.0000000000000E+00
 0.0000000000000E+00-2.6497959753410E+00 0.0000000000000E+00 0.0000000000000E+00
-5.3869404227800E-01 3.2631124517000E-02 0.0000000000000E+00 0.0000000000000E+00
 0.0000000000000E+00 0.0000000000000E+00 6.1875560385800E-01 0.0000000000000E+00
 0.0000000000000E+00 0.0000000000000E+00 0.0000000000000E+00-1.3871203836400E-01
 0.0000000000000E+00 0.0000000000000E+00 0.0000000000000E+00 0.0000000000000E+00
 0.0000000000000E+00 0.0000000000000E+00 3.1663873728000E-02-2.6565491586240E+00
 1.2477375401230E+00 1.0844820507060E+00 0.0000000000000E+00 0.0000000000000E+00
-1.2861374806800E-01 0.0000000000000E+00 0.0000000000000E+00 8.4117536557400E-01
 0.0000000000000E+00 0.0000000000000E+00 6.7158782824000E-01-1.8674919642000E-02
 0.0000000000000E+00 0.0000000000000E+00 0.0000000000000E+00 0.0000000000000E+00
 7.0172189190250E-01 0.0000000000000E+00 0.0000000000000E+00 0.0000000000000E+00
 0.0000000000000E+00 1.7444749296600E-01 0.0000000000000E+00 0.0000000000000E+00
 0.0000000000000E+00 0.0000000000000E+00 0.0000000000000E+00 0.0000000000000E+00
 3.8613554508600E-01 6.8312712717400E-01 4.5698872963060E+00 6.6572179199200E-01
-2.7230852043450E+00 0.0000000000000E+00 0.0000000000000E+00 2.8372061990000E-02
 0.0000000000000E+00 0.0000000000000E+00 5.2311061585810E+00 0.0000000000000E+00
 0.0000000000000E+00-7.8863596997780E+00 0.0000000000000E+00 0.0000000000000E+00
 1.0576444980700E+00-2.8543111932500E-02 0.0000000000000E+00 0.0000000000000E+00
 0.0000000000000E+00 0.0000000000000E+00-7.1976360010000E-01 0.0000000000000E+00
 0.0000000000000E+00 0.0000000000000E+00 0.0000000000000E+00-1.0041653392190E+00
 0.0000000000000E+00 0.0000000000000E+00 0.0000000000000E+00 0.0000000000000E+00
 2.4524883999100E-01 0.0000000000000E+00 0.0000000000000E+00 0.0000000000000E+00
 0.0000000000000E+00 0.0000000000000E+00 0.0000000000000E+00-3.5743752939540E+00
 0.0000000000000E+00 0.0000000000000E+00 0.0000000000000E+00 0.0000000000000E+00
 0.0000000000000E+00 0.0000000000000E+00-2.3504094069700E-01 0.0000000000000E+00
 0.0000000000000E+00 0.0000000000000E+00 0.0000000000000E+00 0.0000000000000E+00
 0.0000000000000E+00-2.8171808490951E-14 0.0000000000000E+00 3.8613554508600E-01
 6.8312712717400E-01 4.5698872963060E+00 6.6572179199200E-01-2.7230852043450E+00
 0.0000000000000E+00 0.0000000000000E+00-2.8372061990000E-02 0.0000000000000E+00
 0.0000000000000E+00-5.2311061585810E+00 0.0000000000000E+00 0.0000000000000E+00
 7.8863596997780E+00 0.0000000000000E+00 0.0000000000000E+00-1.0576444980700E+00
-2.8543111932500E-02 0.0000000000000E+00 0.0000000000000E+00 0.0000000000000E+00
 0.0000000000000E+00-7.1976360010000E-01 0.0000000000000E+00 0.0000000000000E+00
 0.0000000000000E+00 0.0000000000000E+00-1.0041653392190E+00 0.0000000000000E+00
 0.0000000000000E+00 0.0000000000000E+00 0.0000000000000E+00-2.4524883999100E-01
 0.0000000000000E+00 0.0000000000000E+00 0.0000000000000E+00 0.0000000000000E+00
 0.0000000000000E+00 0.0000000000000E+00 3.5743752939540E+00 0.0000000000000E+00
 0.0000000000000E+00 0.0000000000000E+00 0.0000000000000E+00 0.0000000000000E+00
 0.0000000000000E+00-2.3504094069700E-01 0.0000000000000E+00 0.0000000000000E+00
 0.0000000000000E+00 0.0000000000000E+00 0.0000000000000E+00 0.0000000000000E+00
-2.8171808490951E-14 0.0000000000000E+00 3.1663873728000E-02-2.6565491586240E+00
 1.2477375401230E+00 1.0844820507060E+00 0.0000000000000E+00 0.0000000000000E+00
 1.2861374806800E-01 0.0000000000000E+00 0.0000000000000E+00-8.4117536557400E-01
 0.0000000000000E+00 0.0000000000000E+00-6.7158782824000E-01-1.8674919642000E-02
 0.0000000000000E+00 0.0000000000000E+00 0.0000000000000E+00 0.0000000000000E+00
 7.0172189190250E-01 0.0000000000000E+00 0.0000000000000E+00 0.0000000000000E+00
 0.0000000000000E+00-1.7444749296600E-01 0.0000000000000E+00 0.0000000000000E+00
 0.0000000000000E+00 0.0000000000000E+00 0.0000000000000E+00 0.0000000000000E+00
 0.0000000000000E+00 0.0000000000000E+00 0.0000000000000E+00 0.0000000000000E+00
 0.0000000000000E+00 0.0000000000000E+00 0.0000000000000E+00 3.0000000000000E-12
 0.0000000000000E+00 0.0000000000000E+00 3.0000000000000E-12 0.0000000000000E+00
 0.0000000000000E+00 0.0000000000000E+00 0.0000000000000E+00 0.0000000000000E+00
 0.0000000000000E+00 0.0000000000000E+00 0.0000000000000E+00 3.4641016151378E-12
 0.0000000000000E+00 0.0000000000000E+00 0.0000000000000E+00 0.0000000000000E+00
 0.0000000000000E+00 0.0000000000000E+00 0.0000000000000E+00 0.0000000000000E+00
 8.2314716102277E-03 0.0000000000000E+00 0.0000000000000E+00 0.0000000000000E+00
 0.0000000000000E+00 0.0000000000000E+00 0.0000000000000E+00 1.8000000000000E-11
 0.0000000000000E+00 0.0000000000000E+00 3.3000000000000E-11 0.0000000000000E+00
 0.0000000000000E+00 4.0000000000000E-11 0.0000000000000E+00 0.0000000000000E+00
 2.2000000000000E-11 0.0000000000000E+00 0.0000000000000E+00 0.0000000000000E+00
 3.4641016151378E-12 0.0000000000000E+00 0.0000000000000E+00 0.0000000000000E+00
 0.0000000000000E+00 6.9282032302755E-12 0.0000000000000E+00 0.0000000000000E+00
 0.0000000000000E+00 0.0000000000000E+00 6.9282032302755E-12 0.0000000000000E+00
 0.0000000000000E+00 0.0000000000000E+00 0.0000000000000E+00 0.0000000000000E+00
 0.0000000000000E+00 0.0000000000000E+00 0.0000000000000E+00-2.4695300171451E-03
 0.0000000000000E+00 0.0000000000000E+00 8.1649658092773E-13 0.0000000000000E+00
 0.0000000000000E+00 0.0000000000000E+00 4.4382360735688E-03 0.0000000000000E+00
 0.0000000000000E+00 6.3245553203368E-13 0.0000000000000E+00 0.0000000000000E+00
 0.0000000000000E+00-1.1574515149899E-02 0.0000000000000E+00 0.0000000000000E+00
 0.0000000000000E+00 0.0000000000000E+00 0.0000000000000E+00 0.0000000000000E+00
 0.0000000000000E+00 0.0000000000000E+00 1.8000000000000E-11 0.0000000000000E+00
 0.0000000000000E+00 3.3000000000000E-11 0.0000000000000E+00 0.0000000000000E+00
 4.0000000000000E-11 0.0000000000000E+00 0.0000000000000E+00 2.2000000000000E-11
 0.0000000000000E+00 0.0000000000000E+00 0.0000000000000E+00-3.4641016151378E-12
 0.0000000000000E+00 0.0000000000000E+00 0.0000000000000E+00 0.0000000000000E+00
-6.9282032302755E-12 0.0000000000000E+00 0.0000000000000E+00 0.0000000000000E+00
 0.0000000000000E+00-6.9282032302755E-12 0.0000000000000E+00 0.0000000000000E+00
 0.0000000000000E+00 0.0000000000000E+00 0.0000000000000E+00 0.0000000000000E+00
 0.0000000000000E+00 0.0000000000000E+00-2.4695300171451E-03 0.0000000000000E+00
 0.0000000000000E+00 8.1649658092773E-13 0.0000000000000E+00 0.0000000000000E+00
 0.0000000000000E+00 4.4382360735688E-03 0.0000000000000E+00 0.0000000000000E+00
-6.3245553203368E-13 0.0000000000000E+00 0.0000000000000E+00 0.0000000000000E+00
 1.1574515149899E-02 0.0000000000000E+00 0.0000000000000E+00 0.0000000000000E+00
 0.0000000000000E+00 0.0000000000000E+00 0.0000000000000E+00 0.0000000000000E+00
 0.0000000000000E+00 0.0000000000000E+00 0.0000000000000E+00 3.0000000000000E-12
 0.0000000000000E+00 0.0000000000000E+00 3.0000000000000E-12 0.0000000000000E+00
 0.0000000000000E+00 0.0000000000000E+00 0.0000000000000E+00 0.0000000000000E+00
 0.0000000000000E+00 0.0000000000000E+00 0.0000000000000E+00-3.4641016151378E-12
 0.0000000000000E+00 0.0000000000000E+00 0.0000000000000E+00 0.0000000000000E+00
 0.0000000000000E+00 0.0000000000000E+00 0.0000000000000E+00 0.0000000000000E+00
 8.2314716102277E-03 0.0000000000000E+00 0.0000000000000E+00 0.0000000000000E+00
 0.0000000000000E+00 0.0000000000000E+00 0.0000000000000E+00 0.0000000000000E+00
 0.0000000000000E+00 0.0000000000000E+00-3.0000000000000E-12 0.0000000000000E+00
 0.0000000000000E+00-3.0000000000000E-12 0.0000000000000E+00 0.0000000000000E+00
 0.0000000000000E+00 0.0000000000000E+00 0.0000000000000E+00 0.0000000000000E+00
 0.0000000000000E+00 0.0000000000000E+00-3.4641016151378E-12 0.0000000000000E+00
 0.0000000000000E+00 0.0000000000000E+00 0.0000000000000E+00 0.0000000000000E+00
 0.0000000000000E+00 0.0000000000000E+00 0.0000000000000E+00 8.2314716102277E-03
 0.0000000000000E+00 0.0000000000000E+00 0.0000000000000E+00 0.0000000000000E+00
 0.0000000000000E+00 0.0000000000000E+00-1.8000000000000E-11 0.0000000000000E+00
 0.0000000000000E+00-3.3000000000000E-11 0.0000000000000E+00 0.0000000000000E+00
-4.0000000000000E-11 0.0000000000000E+00 0.0000000000000E+00-2.2000000000000E-11
 0.0000000000000E+00 0.0000000000000E+00 0.0000000000000E+00-3.4641016151378E-12
 0.0000000000000E+00 0.0000000000000E+00 0.0000000000000E+00 0.0000000000000E+00
-8.6602540378444E-12 0.0000000000000E+00 0.0000000000000E+00 0.0000000000000E+00
 0.0000000000000E+00-6.9282032302755E-12 0.0000000000000E+00 0.0000000000000E+00
 0.0000000000000E+00 0.0000000000000E+00 0.0000000000000E+00 0.0000000000000E+00
 0.0000000000000E+00 0.0000000000000E+00-2.4695300171451E-03 0.0000000000000E+00
 0.0000000000000E+00-8.1649658092773E-13 0.0000000000000E+00 0.0000000000000E+00
 0.0000000000000E+00 4.4382360735688E-03 0.0000000000000E+00 0.0000000000000E+00
-6.3245553203368E-13 0.0000000000000E+00 0.0000000000000E+00 0.0000000000000E+00
-1.1574515149899E-02 0.0000000000000E+00 0.0000000000000E+00 0.0000000000000E+00
 0.0000000000000E+00 0.0000000000000E+00 0.0000000000000E+00 0.0000000000000E+00
 0.0000000000000E+00-1.8000000000000E-11 0.0000000000000E+00 0.0000000000000E+00
-3.3000000000000E-11 0.0000000000000E+00 0.0000000000000E+00-4.0000000000000E-11
 0.0000000000000E+00 0.0000000000000E+00-2.2000000000000E-11 0.0000000000000E+00
 0.0000000000000E+00 0.0000000000000E+00 3.4641016151378E-12 0.0000000000000E+00
 0.0000000000000E+00 0.0000000000000E+00 0.0000000000000E+00 8.6602540378444E-12
 0.0000000000000E+00 0.0000000000000E+00 0.0000000000000E+00 0.0000000000000E+00
 6.9282032302755E-12 0.0000000000000E+00 0.0000000000000E+00 0.0000000000000E+00
 0.0000000000000E+00 0.0000000000000E+00 0.0000000000000E+00 0.0000000000000E+00
 0.0000000000000E+00-2.4695300171451E-03 0.0000000000000E+00 0.0000000000000E+00
-8.1649658092773E-13 0.0000000000000E+00 0.0000000000000E+00 0.0000000000000E+00
 4.4382360735688E-03 0.0000000000000E+00 0.0000000000000E+00 6.3245553203368E-13
 0.0000000000000E+00 0.0000000000000E+00 0.0000000000000E+00 1.1574515149899E-02
 0.0000000000000E+00 0.0000000000000E+00 0.0000000000000E+00 0.0000000000000E+00
 0.0000000000000E+00 0.0000000000000E+00 0.0000000000000E+00 0.0000000000000E+00
 0.0000000000000E+00 0.0000000000000E+00-3.0000000000000E-12 0.0000000000000E+00
 0.0000000000000E+00-3.0000000000000E-12 0.0000000000000E+00 0.0000000000000E+00
 0.0000000000000E+00 0.0000000000000E+00 0.0000000000000E+00 0.0000000000000E+00
 0.0000000000000E+00 0.0000000000000E+00 3.4641016151378E-12 0.0000000000000E+00
 0.0000000000000E+00 0.0000000000000E+00 0.0000000000000E+00 0.0000000000000E+00
 0.0000000000000E+00 0.0000000000000E+00 0.0000000000000E+00 8.2314716102277E-03
 9.0000000000000E-12-3.0000000000000E-12 7.0000000000000E-12 1.2000000000000E-11
 0.0000000000000E+00 0.0000000000000E+00 1.0000000000000E-12 0.0000000000000E+00
 0.0000000000000E+00-1.0000000000000E-12 0.0000000000000E+00 0.0000000000000E+00
-6.0000000000000E-12 0.0000000000000E+00 0.0000000000000E+00 0.0000000000000E+00
 0.0000000000000E+00 0.0000000000000E+00 3.0000000000000E-12 0.0000000000000E+00
 0.0000000000000E+00 0.0000000000000E+00 0.0000000000000E+00 2.0000000000000E-12
 0.0000000000000E+00 0.0000000000000E+00 0.0000000000000E+00 0.0000000000000E+00
 0.0000000000000E+00 0.0000000000000E+00-1.1000000000000E-11 2.7000000000000E-11
 5.0000000000000E-11 7.0000000000000E-11-3.0000000000000E-12 0.0000000000000E+00
 0.0000000000000E+00-1.5000000000000E-11 0.0000000000000E+00 0.0000000000000E+00
 6.0000000000000E-12 0.0000000000000E+00 0.0000000000000E+00-1.0900000000000E-10
 0.0000000000000E+00 0.0000000000000E+00-2.0000000000000E-12 5.0000000000000E-13
 0.0000000000000E+00 0.0000000000000E+00 0.0000000000000E+00 0.0000000000000E+00
-5.0000000000000E-13 0.0000000000000E+00 0.0000000000000E+00 0.0000000000000E+00
 0.0000000000000E+00-6.0000000000000E-12 0.0000000000000E+00 0.0000000000000E+00
 0.0000000000000E+00 0.0000000000000E+00 0.0000000000000E+00 0.0000000000000E+00
 0.0000000000000E+00 0.0000000000000E+00 0.0000000000000E+00 0.0000000000000E+00
 0.0000000000000E+00-3.1000000000000E-11 0.0000000000000E+00 0.0000000000000E+00
 0.0000000000000E+00 0.0000000000000E+00 0.0000000000000E+00 0.0000000000000E+00
 0.0000000000000E+00 0.0000000000000E+00 0.0000000000000E+00 0.0000000000000E+00
 0.0000000000000E+00 0.0000000000000E+00 0.0000000000000E+00 4.8069357766462E-03
 0.0000000000000E+00-1.1000000000000E-11 2.7000000000000E-11 5.0000000000000E-11
 7.0000000000000E-11-3.0000000000000E-12 0.0000000000000E+00 0.0000000000000E+00
 1.5000000000000E-11 0.0000000000000E+00 0.0000000000000E+00-6.0000000000000E-12
 0.0000000000000E+00 0.0000000000000E+00 1.0900000000000E-10 0.0000000000000E+00
 0.0000000000000E+00 2.0000000000000E-12 5.0000000000000E-13 0.0000000000000E+00
 0.0000000000000E+00 0.0000000000000E+00 0.0000000000000E+00-5.0000000000000E-13
 0.0000000000000E+00 0.0000000000000E+00 0.0000000000000E+00 0.0000000000000E+00
-6.0000000000000E-12 0.0000000000000E+00 0.0000000000000E+00 0.0000000000000E+00
 0.0000000000000E+00 0.0000000000000E+00 0.0000000000000E+00 0.0000000000000E+00
 0.0000000000000E+00 0.0000000000000E+00 0.0000000000000E+00 0.0000000000000E+00
 3.1000000000000E-11 0.0000000000000E+00 0.0000000000000E+00 0.0000000000000E+00
 0.0000000000000E+00 0.0000000000000E+00 0.0000000000000E+00 0.0000000000000E+00
 0.0000000000000E+00 0.0000000000000E+00 0.0000000000000E+00 0.0000000000000E+00
 0.0000000000000E+00 0.0000000000000E+00 4.8069357766462E-03 0.0000000000000E+00
 9.0000000000000E-12-3.0000000000000E-12 7.0000000000000E-12 1.2000000000000E-11
 0.0000000000000E+00 0.0000000000000E+00-1.0000000000000E-12 0.0000000000000E+00
 0.0000000000000E+00 1.0000000000000E-12 0.0000000000000E+00 0.0000000000000E+00
 6.0000000000000E-12 0.0000000000000E+00 0.0000000000000E+00 0.0000000000000E+00
 0.0000000000000E+00 0.0000000000000E+00 3.0000000000000E-12 0.0000000000000E+00
 0.0000000000000E+00 0.0000000000000E+00 0.0000000000000E+00-2.0000000000000E-12
 0.0000000000000E+00 0.0000000000000E+00 0.0000000000000E+00 0.0000000000000E+00
 0.0000000000000E+00 0.0000000000000E+00 0.0000000000000E+00 0.0000000000000E+00
 0.0000000000000E+00 0.0000000000000E+00 0.0000000000000E+00 0.0000000000000E+00
 0.0000000000000E+00 0.0000000000000E+00 0.0000000000000E+00 0.0000000000000E+00
 0.0000000000000E+00 0.0000000000000E+00 0.0000000000000E+00 0.0000000000000E+00
 0.0000000000000E+00 0.0000000000000E+00 0.0000000000000E+00 0.0000000000000E+00
 0.0000000000000E+00 0.0000000000000E+00 0.0000000000000E+00 0.0000000000000E+00
 0.0000000000000E+00 0.0000000000000E+00 0.0000000000000E+00 0.0000000000000E+00
 0.0000000000000E+00 0.0000000000000E+00 0.0000000000000E+00 0.0000000000000E+00
 0.0000000000000E+00 0.0000000000000E+00 0.0000000000000E+00 0.0000000000000E+00
 0.0000000000000E+00 0.0000000000000E+00 0.0000000000000E+00 0.0000000000000E+00
 0.0000000000000E+00 0.0000000000000E+00 0.0000000000000E+00 0.0000000000000E+00
 0.0000000000000E+00 0.0000000000000E+00 0.0000000000000E+00 0.0000000000000E+00
 0.0000000000000E+00 0.0000000000000E+00 0.0000000000000E+00 0.0000000000000E+00
 0.0000000000000E+00 0.0000000000000E+00 0.0000000000000E+00 0.0000000000000E+00
 0.0000000000000E+00 0.0000000000000E+00 0.0000000000000E+00 0.0000000000000E+00
 0.0000000000000E+00 0.0000000000000E+00 0.0000000000000E+00 0.0000000000000E+00
 0.0000000000000E+00 0.0000000000000E+00 0.0000000000000E+00 0.0000000000000E+00
 0.0000000000000E+00 0.0000000000000E+00 0.0000000000000E+00 0.0000000000000E+00
 0.0000000000000E+00 0.0000000000000E+00 0.0000000000000E+00 0.0000000000000E+00
 0.0000000000000E+00 0.0000000000000E+00 0.0000000000000E+00 0.0000000000000E+00
 0.0000000000000E+00 0.0000000000000E+00 0.0000000000000E+00 0.0000000000000E+00
 0.0000000000000E+00 0.0000000000000E+00-4.8069357766462E-03 0.0000000000000E+00
 0.0000000000000E+00 0.0000000000000E+00 0.0000000000000E+00 0.0000000000000E+00
 0.0000000000000E+00 0.0000000000000E+00 0.0000000000000E+00 0.0000000000000E+00
 0.0000000000000E+00 0.0000000000000E+00 0.0000000000000E+00 0.0000000000000E+00
 0.0000000000000E+00 0.0000000000000E+00 0.0000000000000E+00 0.0000000000000E+00
 0.0000000000000E+00 0.0000000000000E+00 0.0000000000000E+00 0.0000000000000E+00
 0.0000000000000E+00 0.0000000000000E+00 0.0000000000000E+00 0.0000000000000E+00
 0.0000000000000E+00 0.0000000000000E+00 0.0000000000000E+00 0.0000000000000E+00
 0.0000000000000E+00 0.0000000000000E+00 0.0000000000000E+00 0.0000000000000E+00
 0.0000000000000E+00 0.0000000000000E+00 0.0000000000000E+00 0.0000000000000E+00
 0.0000000000000E+00 0.0000000000000E+00 0.0000000000000E+00 0.0000000000000E+00
 0.0000000000000E+00 0.0000000000000E+00 0.0000000000000E+00 0.0000000000000E+00
 0.0000000000000E+00 0.0000000000000E+00 0.0000000000000E+00 0.0000000000000E+00
 0.0000000000000E+00 0.0000000000000E+00 0.0000000000000E+00 0.0000000000000E+00
 0.0000000000000E+00-4.8069357766462E-03 0.0000000000000E+00 0.0000000000000E+00
 0.0000000000000E+00 0.0000000000000E+00 0.0000000000000E+00 0.0000000000000E+00
 0.0000000000000E+00 0.0000000000000E+00 0.0000000000000E+00 0.0000000000000E+00
 0.0000000000000E+00 0.0000000000000E+00 0.0000000000000E+00 0.0000000000000E+00
 0.0000000000000E+00 0.0000000000000E+00 0.0000000000000E+00 0.0000000000000E+00
 0.0000000000000E+00 0.0000000000000E+00 0.0000000000000E+00 0.0000000000000E+00
 0.0000000000000E+00 0.0000000000000E+00 0.0000000000000E+00 0.0000000000000E+00
 0.0000000000000E+00 0.0000000000000E+00 0.0000000000000E+00 0.0000000000000E+00
 0.0000000000000E+00 0.0000000000000E+00 0.0000000000000E+00 0.0000000000000E+00
 0.0000000000000E+00 0.0000000000000E+00 0.0000000000000E+00 0.0000000000000E+00
 0.0000000000000E+00 0.0000000000000E+00 0.0000000000000E+00 0.0000000000000E+00
 0.0000000000000E+00 0.0000000000000E+00 0.0000000000000E+00 0.0000000000000E+00
 0.0000000000000E+00 0.0000000000000E+00 0.0000000000000E+00 0.0000000000000E+00
 0.0000000000000E+00 0.0000000000000E+00 0.0000000000000E+00 0.0000000000000E+00
 0.0000000000000E+00 0.0000000000000E+00 0.0000000000000E+00 0.0000000000000E+00
 0.0000000000000E+00 0.0000000000000E+00 0.0000000000000E+00 0.0000000000000E+00
 0.0000000000000E+00 0.0000000000000E+00 0.0000000000000E+00 0.0000000000000E+00
 0.0000000000000E+00 0.0000000000000E+00 0.0000000000000E+00 0.0000000000000E+00
 0.0000000000000E+00 0.0000000000000E+00 0.0000000000000E+00 0.0000000000000E+00
 0.0000000000000E+00 0.0000000000000E+00 0.0000000000000E+00 0.0000000000000E+00
 0.0000000000000E+00 0.0000000000000E+00 0.0000000000000E+00 0.0000000000000E+00
 0.0000000000000E+00 0.0000000000000E+00 0.0000000000000E+00 0.0000000000000E+00
 0.0000000000000E+00 0.0000000000000E+00 0.0000000000000E+00 0.0000000000000E+00
 0.0000000000000E+00 0.0000000000000E+00 0.0000000000000E+00 0.0000000000000E+00
 0.0000000000000E+00 0.0000000000000E+00 0.0000000000000E+00 0.0000000000000E+00
 0.0000000000000E+00 0.0000000000000E+00 0.0000000000000E+00 0.0000000000000E+00
 0.0000000000000E+00 0.0000000000000E+00 0.0000000000000E+00 0.0000000000000E+00
 0.0000000000000E+00 0.0000000000000E+00 0.0000000000000E+00 0.0000000000000E+00
 0.0000000000000E+00 0.0000000000000E+00 0.0000000000000E+00 0.0000000000000E+00
-5.1734794500406E-03 0.0000000000000E+00 0.0000000000000E+00 0.0000000000000E+00
 0.0000000000000E+00 0.0000000000000E+00 0.0000000000000E+00 0.0000000000000E+00
 0.0000000000000E+00 0.0000000000000E+00 0.0000000000000E+00 0.0000000000000E+00
 0.0000000000000E+00 0.0000000000000E+00 0.0000000000000E+00 0.0000000000000E+00
 0.0000000000000E+00 0.0000000000000E+00 0.0000000000000E+00 0.0000000000000E+00
 0.0000000000000E+00 0.0000000000000E+00 0.0000000000000E+00 0.0000000000000E+00
 0.0000000000000E+00 0.0000000000000E+00 0.0000000000000E+00 0.0000000000000E+00
 0.0000000000000E+00 0.0000000000000E+00 0.0000000000000E+00 0.0000000000000E+00
 0.0000000000000E+00 0.0000000000000E+00 0.0000000000000E+00 0.0000000000000E+00
 0.0000000000000E+00 0.0000000000000E+00 0.0000000000000E+00 0.0000000000000E+00
 0.0000000000000E+00 0.0000000000000E+00 0.0000000000000E+00 0.0000000000000E+00
 0.0000000000000E+00 0.0000000000000E+00 0.0000000000000E+00 0.0000000000000E+00
 0.0000000000000E+00 0.0000000000000E+00 0.0000000000000E+00 0.0000000000000E+00
 0.0000000000000E+00 0.0000000000000E+00 0.0000000000000E+00 5.1734794500406E-03
 0.0000000000000E+00 0.0000000000000E+00 0.0000000000000E+00 0.0000000000000E+00
 0.0000000000000E+00 0.0000000000000E+00 0.0000000000000E+00 0.0000000000000E+00
 0.0000000000000E+00 0.0000000000000E+00 0.0000000000000E+00 0.0000000000000E+00
 0.0000000000000E+00 0.0000000000000E+00 0.0000000000000E+00 0.0000000000000E+00
 0.0000000000000E+00 0.0000000000000E+00 0.0000000000000E+00 0.0000000000000E+00
 0.0000000000000E+00 0.0000000000000E+00 0.0000000000000E+00 0.0000000000000E+00
 0.0000000000000E+00 0.0000000000000E+00 0.0000000000000E+00 0.0000000000000E+00
 0.0000000000000E+00 0.0000000000000E+00 7.0000000000000E-12 2.3000000000000E-11
 1.1000000000000E-11-1.0000000000000E-12 0.0000000000000E+00 0.0000000000000E+00
 2.0000000000000E-12 0.0000000000000E+00 0.0000000000000E+00-6.0000000000000E-12
 0.0000000000000E+00 0.0000000000000E+00-5.0000000000000E-12 5.0000000000000E-13
 0.0000000000000E+00 0.0000000000000E+00 0.0000000000000E+00 0.0000000000000E+00
-3.0000000000000E-12 0.0000000000000E+00 0.0000000000000E+00 0.0000000000000E+00
 0.0000000000000E+00 0.0000000000000E+00 0.0000000000000E+00 0.0000000000000E+00
 0.0000000000000E+00 0.0000000000000E+00 0.0000000000000E+00 0.0000000000000E+00
-3.4000000000000E-11 2.9000000000000E-11 3.1000000000000E-11 8.2000000000000E-11
 6.0000000000000E-12 0.0000000000000E+00 0.0000000000000E+00-8.0000000000000E-12
 0.0000000000000E+00 0.0000000000000E+00-1.8000000000000E-11 0.0000000000000E+00
 0.0000000000000E+00 8.0000000000000E-12 0.0000000000000E+00 0.0000000000000E+00
-1.1000000000000E-11 1.0000000000000E-12 0.0000000000000E+00 0.0000000000000E+00
 0.0000000000000E+00 0.0000000000000E+00 8.0000000000000E-12 0.0000000000000E+00
 0.0000000000000E+00 0.0000000000000E+00 0.0000000000000E+00 1.5000000000000E-12
 0.0000000000000E+00 0.0000000000000E+00 0.0000000000000E+00 0.0000000000000E+00
-1.0000000000000E-12 0.0000000000000E+00 0.0000000000000E+00 0.0000000000000E+00
 0.0000000000000E+00 0.0000000000000E+00 0.0000000000000E+00 8.0000000000000E-12
 0.0000000000000E+00 0.0000000000000E+00 0.0000000000000E+00 0.0000000000000E+00
 0.0000000000000E+00 0.0000000000000E+00 1.0000000000000E-12 0.0000000000000E+00
 0.0000000000000E+00 0.0000000000000E+00 0.0000000000000E+00 0.0000000000000E+00
 0.0000000000000E+00 5.1734794500406E-03 0.0000000000000E+00 3.4000000000000E-11
-2.9000000000000E-11-3.1000000000000E-11-8.2000000000000E-11-6.0000000000000E-12
 0.0000000000000E+00 0.0000000000000E+00-8.0000000000000E-12 0.0000000000000E+00
 0.0000000000000E+00-1.8000000000000E-11 0.0000000000000E+00 0.0000000000000E+00
 8.0000000000000E-12 0.0000000000000E+00 0.0000000000000E+00-1.1000000000000E-11
-1.0000000000000E-12 0.0000000000000E+00 0.0000000000000E+00 0.0000000000000E+00
 0.0000000000000E+00-8.0000000000000E-12 0.0000000000000E+00 0.0000000000000E+00
 0.0000000000000E+00 0.0000000000000E+00-1.5000000000000E-12 0.0000000000000E+00
 0.0000000000000E+00 0.0000000000000E+00 0.0000000000000E+00-1.0000000000000E-12
 0.0000000000000E+00 0.0000000000000E+00 0.0000000000000E+00 0.0000000000000E+00
 0.0000000000000E+00 0.0000000000000E+00 8.0000000000000E-12 0.0000000000000E+00
 0.0000000000000E+00 0.0000000000000E+00 0.0000000000000E+00 0.0000000000000E+00
 0.0000000000000E+00-1.0000000000000E-12 0.0000000000000E+00 0.0000000000000E+00
 0.0000000000000E+00 0.0000000000000E+00 0.0000000000000E+00 0.0000000000000E+00
-5.1734794500406E-03 0.0000000000000E+00-7.0000000000000E-12-2.3000000000000E-11
-1.1000000000000E-11 1.0000000000000E-12 0.0000000000000E+00 0.0000000000000E+00
 2.0000000000000E-12 0.0000000000000E+00 0.0000000000000E+00-6.0000000000000E-12
 0.0000000000000E+00 0.0000000000000E+00-5.0000000000000E-12-5.0000000000000E-13
 0.0000000000000E+00 0.0000000000000E+00 0.0000000000000E+00 0.0000000000000E+00
 3.0000000000000E-12 0.0000000000000E+00 0.0000000000000E+00 0.0000000000000E+00
 0.0000000000000E+00 0.0000000000000E+00 0.0000000000000E+00 0.0000000000000E+00
 0.0000000000000E+00 0.0000000000000E+00 0.0000000000000E+00 0.0000000000000E+00
 0.0000000000000E+00 0.0000000000000E+00 0.0000000000000E+00 0.0000000000000E+00
 0.0000000000000E+00 0.0000000000000E+00 0.0000000000000E+00 0.0000000000000E+00
 0.0000000000000E+00 0.0000000000000E+00 0.0000000000000E+00 0.0000000000000E+00
 0.0000000000000E+00 0.0000000000000E+00 0.0000000000000E+00 0.0000000000000E+00
-1.8735152813183E-02 0.0000000000000E+00 0.0000000000000E+00 0.0000000000000E+00
 0.0000000000000E+00 2.2595602506622E-01 0.0000000000000E+00 0.0000000000000E+00
 0.0000000000000E+00 0.0000000000000E+00-3.9821952470059E-03 0.0000000000000E+00
 0.0000000000000E+00 0.0000000000000E+00 0.0000000000000E+00 0.0000000000000E+00
 0.0000000000000E+00 0.0000000000000E+00 0.0000000000000E+00 0.0000000000000E+00
 0.0000000000000E+00 0.0000000000000E+00 0.0000000000000E+00 0.0000000000000E+00
 0.0000000000000E+00 0.0000000000000E+00 0.0000000000000E+00 0.0000000000000E+00
 0.0000000000000E+00 0.0000000000000E+00 0.0000000000000E+00 0.0000000000000E+00
 0.0000000000000E+00 0.0000000000000E+00-1.7142283094787E-01 0.0000000000000E+00
 0.0000000000000E+00 0.0000000000000E+00 0.0000000000000E+00 2.0016960389957E-01
 0.0000000000000E+00 0.0000000000000E+00 0.0000000000000E+00 0.0000000000000E+00
-1.4647805910908E-01 0.0000000000000E+00 0.0000000000000E+00 0.0000000000000E+00
 0.0000000000000E+00-4.5193984120769E-02 0.0000000000000E+00 0.0000000000000E+00
 0.0000000000000E+00 0.0000000000000E+00 0.0000000000000E+00 0.0000000000000E+00
 3.8173665579605E-02 0.0000000000000E+00 0.0000000000000E+00 0.0000000000000E+00
 0.0000000000000E+00 0.0000000000000E+00 0.0000000000000E+00-4.0102376609065E-02
 0.0000000000000E+00 0.0000000000000E+00 0.0000000000000E+00 0.0000000000000E+00
 0.0000000000000E+00 0.0000000000000E+00 0.0000000000000E+00 0.0000000000000E+00
 0.0000000000000E+00 0.0000000000000E+00 0.0000000000000E+00 0.0000000000000E+00
 0.0000000000000E+00 0.0000000000000E+00 0.0000000000000E+00 0.0000000000000E+00
 0.0000000000000E+00 0.0000000000000E+00 0.0000000000000E+00 0.0000000000000E+00
 0.0000000000000E+00 0.0000000000000E+00 0.0000000000000E+00 0.0000000000000E+00
 0.0000000000000E+00-1.7142283094787E-01 0.0000000000000E+00 0.0000000000000E+00
 0.0000000000000E+00 0.0000000000000E+00 2.0016960389957E-01 0.0000000000000E+00
 0.0000000000000E+00 0.0000000000000E+00 0.0000000000000E+00-1.4647805910908E-01
 0.0000000000000E+00 0.0000000000000E+00 0.0000000000000E+00 0.0000000000000E+00
 4.5193984120769E-02 0.0000000000000E+00 0.0000000000000E+00 0.0000000000000E+00
 0.0000000000000E+00 0.0000000000000E+00 0.0000000000000E+00-3.8173665579605E-02
 0.0000000000000E+00 0.0000000000000E+00 0.0000000000000E+00 0.0000000000000E+00
 0.0000000000000E+00 0.0000000000000E+00-4.0102376609065E-02 0.0000000000000E+00
 0.0000000000000E+00 0.0000000000000E+00 0.0000000000000E+00 0.0000000000000E+00
 0.0000000000000E+00 0.0000000000000E+00 0.0000000000000E+00 0.0000000000000E+00
 0.0000000000000E+00 0.0000000000000E+00 0.0000000000000E+00 0.0000000000000E+00
 0.0000000000000E+00 0.0000000000000E+00 0.0000000000000E+00 0.0000000000000E+00
 0.0000000000000E+00 0.0000000000000E+00 0.0000000000000E+00 0.0000000000000E+00
-1.8735152813183E-02 0.0000000000000E+00 0.0000000000000E+00 0.0000000000000E+00
 0.0000000000000E+00 2.2595602506622E-01 0.0000000000000E+00 0.0000000000000E+00
 0.0000000000000E+00 0.0000000000000E+00 3.9821952470059E-03 0.0000000000000E+00
 0.0000000000000E+00 0.0000000000000E+00 0.0000000000000E+00 0.0000000000000E+00
 0.0000000000000E+00 0.0000000000000E+00 0.0000000000000E+00 0.0000000000000E+00
 0.0000000000000E+00 0.0000000000000E+00 0.0000000000000E+00 0.0000000000000E+00
 0.0000000000000E+00 0.0000000000000E+00 0.0000000000000E+00 0.0000000000000E+00
 0.0000000000000E+00 0.0000000000000E+00 0.0000000000000E+00-3.7470305628098E-02
 0.0000000000000E+00 0.0000000000000E+00 0.0000000000000E+00 0.0000000000000E+00
 4.5191205013071E-01 0.0000000000000E+00 0.0000000000000E+00 0.0000000000000E+00
 0.0000000000000E+00-3.9821952477804E-03 0.0000000000000E+00 0.0000000000000E+00
 0.0000000000000E+00 0.0000000000000E+00 0.0000000000000E+00 0.0000000000000E+00
 0.0000000000000E+00 0.0000000000000E+00 0.0000000000000E+00 0.0000000000000E+00
 0.0000000000000E+00 0.0000000000000E+00 0.0000000000000E+00 0.0000000000000E+00
 0.0000000000000E+00 0.0000000000000E+00 0.0000000000000E+00 0.0000000000000E+00
 0.0000000000000E+00 0.0000000000000E+00 0.0000000000000E+00 0.0000000000000E+00
 0.0000000000000E+00-3.4284566188188E-01 0.0000000000000E+00 0.0000000000000E+00
 0.0000000000000E+00 0.0000000000000E+00 4.0033920778702E-01 0.0000000000000E+00
 0.0000000000000E+00 0.0000000000000E+00 0.0000000000000E+00-2.9295611821469E-01
 0.0000000000000E+00 0.0000000000000E+00 0.0000000000000E+00 0.0000000000000E+00
-4.5193984119994E-02 0.0000000000000E+00 0.0000000000000E+00 0.0000000000000E+00
 0.0000000000000E+00 0.0000000000000E+00 0.0000000000000E+00 3.8173665578959E-02
 0.0000000000000E+00 0.0000000000000E+00 0.0000000000000E+00 0.0000000000000E+00
 0.0000000000000E+00 0.0000000000000E+00-4.0102376609289E-02 0.0000000000000E+00
 0.0000000000000E+00 0.0000000000000E+00 0.0000000000000E+00 0.0000000000000E+00
 0.0000000000000E+00 0.0000000000000E+00 0.0000000000000E+00 0.0000000000000E+00
 0.0000000000000E+00 0.0000000000000E+00 0.0000000000000E+00 0.0000000000000E+00
 0.0000000000000E+00 0.0000000000000E+00 0.0000000000000E+00 0.0000000000000E+00
 0.0000000000000E+00 0.0000000000000E+00 0.0000000000000E+00 0.0000000000000E+00
 0.0000000000000E+00 0.0000000000000E+00 0.0000000000000E+00 0.0000000000000E+00
-3.4284566188188E-01 0.0000000000000E+00 0.0000000000000E+00 0.0000000000000E+00
 0.0000000000000E+00 4.0033920778702E-01 0.0000000000000E+00 0.0000000000000E+00
 0.0000000000000E+00 0.0000000000000E+00-2.9295611821469E-01 0.0000000000000E+00
 0.0000000000000E+00 0.0000000000000E+00 0.0000000000000E+00 4.5193984119994E-02
 0.0000000000000E+00 0.0000000000000E+00 0.0000000000000E+00 0.0000000000000E+00
 0.0000000000000E+00 0.0000000000000E+00-3.8173665578959E-02 0.0000000000000E+00
 0.0000000000000E+00 0.0000000000000E+00 0.0000000000000E+00 0.0000000000000E+00
 0.0000000000000E+00-4.0102376609289E-02 0.0000000000000E+00 0.0000000000000E+00
 0.0000000000000E+00 0.0000000000000E+00 0.0000000000000E+00 0.0000000000000E+00
 0.0000000000000E+00 0.0000000000000E+00 0.0000000000000E+00 0.0000000000000E+00
 0.0000000000000E+00 0.0000000000000E+00 0.0000000000000E+00 0.0000000000000E+00
 0.0000000000000E+00 0.0000000000000E+00 0.0000000000000E+00 0.0000000000000E+00
 0.0000000000000E+00 0.0000000000000E+00 0.0000000000000E+00-3.7470305628098E-02
 0.0000000000000E+00 0.0000000000000E+00 0.0000000000000E+00 0.0000000000000E+00
 4.5191205013071E-01 0.0000000000000E+00 0.0000000000000E+00 0.0000000000000E+00
 0.0000000000000E+00 3.9821952477804E-03 0.0000000000000E+00 0.0000000000000E+00
 0.0000000000000E+00 0.0000000000000E+00 0.0000000000000E+00 0.0000000000000E+00
 0.0000000000000E+00-8.1308149955000E-02 0.0000000000000E+00 0.0000000000000E+00
 2.5299527798900E-01 0.0000000000000E+00 0.0000000000000E+00 3.1059232398700E-01
 0.0000000000000E+00 0.0000000000000E+00 0.0000000000000E+00 2.5285671629617E-02
 0.0000000000000E+00 0.0000000000000E+00 0.0000000000000E+00 0.0000000000000E+00
 1.9923935060506E-01 0.0000000000000E+00 0.0000000000000E+00 0.0000000000000E+00
 0.0000000000000E+00 1.5620895172855E-02 0.0000000000000E+00 0.0000000000000E+00
 0.0000000000000E+00 5.2704627669473E-14 0.0000000000000E+00 0.0000000000000E+00
 0.0000000000000E+00 0.0000000000000E+00 0.0000000000000E+00 0.0000000000000E+00
 1.0733332184200E-01 0.0000000000000E+00 0.0000000000000E+00-2.9444250836800E-01
 0.0000000000000E+00 0.0000000000000E+00-1.6593290224000E-01 0.0000000000000E+00
 0.0000000000000E+00-7.6545044305000E-02 0.0000000000000E+00 0.0000000000000E+00
 0.0000000000000E+00 8.4738018545258E-01 0.0000000000000E+00 0.0000000000000E+00
 0.0000000000000E+00 0.0000000000000E+00-6.3892148592355E-01 0.0000000000000E+00
 0.0000000000000E+00 0.0000000000000E+00 0.0000000000000E+00 9.3291011131078E-01
 0.0000000000000E+00 0.0000000000000E+00 0.0000000000000E+00 0.0000000000000E+00
 7.7488917229486E-02 0.0000000000000E+00 0.0000000000000E+00 0.0000000000000E+00
-5.2704627669473E-14 0.0000000000000E+00 0.0000000000000E+00-6.0648812094720E-02
 0.0000000000000E+00 0.0000000000000E+00 0.0000000000000E+00 5.2704627669473E-14
 0.0000000000000E+00 0.0000000000000E+00 1.6418813432858E-01 0.0000000000000E+00
 0.0000000000000E+00 0.0000000000000E+00-1.9920476822240E-14 0.0000000000000E+00
 0.0000000000000E+00 0.0000000000000E+00 0.0000000000000E+00 0.0000000000000E+00
 0.0000000000000E+00 0.0000000000000E+00 0.0000000000000E+00 1.0733332184200E-01
 0.0000000000000E+00 0.0000000000000E+00-2.9444250836800E-01 0.0000000000000E+00
 0.0000000000000E+00-1.6593290224000E-01 0.0000000000000E+00 0.0000000000000E+00
-7.6545044305000E-02 0.0000000000000E+00 0.0000000000000E+00 0.0000000000000E+00
-8.4738018545258E-01 0.0000000000000E+00 0.0000000000000E+00 0.0000000000000E+00
 0.0000000000000E+00 6.3892148592355E-01 0.0000000000000E+00 0.0000000000000E+00
 0.0000000000000E+00 0.0000000000000E+00-9.3291011131078E-01 0.0000000000000E+00
 0.0000000000000E+00 0.0000000000000E+00 0.0000000000000E+00 7.7488917229486E-02
 0.0000000000000E+00 0.0000000000000E+00 0.0000000000000E+00-5.2704627669473E-14
 0.0000000000000E+00 0.0000000000000E+00-6.0648812094720E-02 0.0000000000000E+00
 0.0000000000000E+00 0.0000000000000E+00 5.2704627669473E-14 0.0000000000000E+00
 0.0000000000000E+00-1.6418813432858E-01 0.0000000000000E+00 0.0000000000000E+00
 0.0000000000000E+00 1.9920476822240E-14 0.0000000000000E+00 0.0000000000000E+00
 0.0000000000000E+00 0.0000000000000E+00 0.0000000000000E+00 0.0000000000000E+00
 0.0000000000000E+00-8.1308149955000E-02 0.0000000000000E+00 0.0000000000000E+00
 2.5299527798900E-01 0.0000000000000E+00 0.0000000000000E+00 3.1059232398700E-01
 0.0000000000000E+00 0.0000000000000E+00 0.0000000000000E+00-2.5285671629617E-02
 0.0000000000000E+00 0.0000000000000E+00 0.0000000000000E+00 0.0000000000000E+00
-1.9923935060506E-01 0.0000000000000E+00 0.0000000000000E+00 0.0000000000000E+00
 0.0000000000000E+00 1.5620895172855E-02 0.0000000000000E+00 0.0000000000000E+00
 0.0000000000000E+00 5.2704627669473E-14 0.0000000000000E+00 0.0000000000000E+00
 0.0000000000000E+00 0.0000000000000E+00 8.1308149955000E-02 0.0000000000000E+00
 0.0000000000000E+00-2.5299527798900E-01 0.0000000000000E+00 0.0000000000000E+00
-3.1059232398700E-01 0.0000000000000E+00 0.0000000000000E+00 0.0000000000000E+00
-2.5285671629617E-02 0.0000000000000E+00 0.0000000000000E+00 0.0000000000000E+00
 0.0000000000000E+00-1.9923935060506E-01 0.0000000000000E+00 0.0000000000000E+00
 0.0000000000000E+00 0.0000000000000E+00-1.5620895172855E-02 0.0000000000000E+00
 0.0000000000000E+00 0.0000000000000E+00 5.2704627669473E-14 0.0000000000000E+00
 0.0000000000000E+00 0.0000000000000E+00 0.0000000000000E+00 0.0000000000000E+00
 0.0000000000000E+00-1.0733332184200E-01 0.0000000000000E+00 0.0000000000000E+00
 2.9444250836800E-01 0.0000000000000E+00 0.0000000000000E+00 1.6593290224000E-01
 0.0000000000000E+00 0.0000000000000E+00 7.6545044305000E-02 0.0000000000000E+00
 0.0000000000000E+00 0.0000000000000E+00-8.4738018545258E-01 0.0000000000000E+00
 0.0000000000000E+00 0.0000000000000E+00 0.0000000000000E+00 6.3892148592355E-01
 0.0000000000000E+00 0.0000000000000E+00 0.0000000000000E+00 0.0000000000000E+00
-9.3291011131078E-01 0.0000000000000E+00 0.0000000000000E+00 0.0000000000000E+00
 0.0000000000000E+00-7.7488917229486E-02 0.0000000000000E+00 0.0000000000000E+00
 0.0000000000000E+00-5.2704627669473E-14 0.0000000000000E+00 0.0000000000000E+00
 6.0648812094720E-02 0.0000000000000E+00 0.0000000000000E+00 0.0000000000000E+00
 5.2704627669473E-14 0.0000000000000E+00 0.0000000000000E+00-1.6418813432858E-01
 0.0000000000000E+00 0.0000000000000E+00 0.0000000000000E+00-1.9920476822240E-14
 0.0000000000000E+00 0.0000000000000E+00 0.0000000000000E+00 0.0000000000000E+00
 0.0000000000000E+00 0.0000000000000E+00 0.0000000000000E+00 0.0000000000000E+00
-1.0733332184200E-01 0.0000000000000E+00 0.0000000000000E+00 2.9444250836800E-01
 0.0000000000000E+00 0.0000000000000E+00 1.6593290224000E-01 0.0000000000000E+00
 0.0000000000000E+00 7.6545044305000E-02 0.0000000000000E+00 0.0000000000000E+00
 0.0000000000000E+00 8.4738018545258E-01 0.0000000000000E+00 0.0000000000000E+00
 0.0000000000000E+00 0.0000000000000E+00-6.3892148592355E-01 0.0000000000000E+00
 0.0000000000000E+00 0.0000000000000E+00 0.0000000000000E+00 9.3291011131078E-01
 0.0000000000000E+00 0.0000000000000E+00 0.0000000000000E+00 0.0000000000000E+00
-7.7488917229486E-02 0.0000000000000E+00 0.0000000000000E+00 0.0000000000000E+00
-5.2704627669473E-14 0.0000000000000E+00 0.0000000000000E+00 6.0648812094720E-02
 0.0000000000000E+00 0.0000000000000E+00 0.0000000000000E+00 5.2704627669473E-14
 0.0000000000000E+00 0.0000000000000E+00 1.6418813432858E-01 0.0000000000000E+00
 0.0000000000000E+00 0.0000000000000E+00 1.9920476822240E-14 0.0000000000000E+00
 0.0000000000000E+00 0.0000000000000E+00 0.0000000000000E+00 0.0000000000000E+00
 0.0000000000000E+00 0.0000000000000E+00 8.1308149955000E-02 0.0000000000000E+00
 0.0000000000000E+00-2.5299527798900E-01 0.0000000000000E+00 0.0000000000000E+00
-3.1059232398700E-01 0.0000000000000E+00 0.0000000000000E+00 0.0000000000000E+00
 2.5285671629617E-02 0.0000000000000E+00 0.0000000000000E+00 0.0000000000000E+00
 0.0000000000000E+00 1.9923935060506E-01 0.0000000000000E+00 0.0000000000000E+00
 0.0000000000000E+00 0.0000000000000E+00-1.5620895172855E-02 0.0000000000000E+00
 0.0000000000000E+00 0.0000000000000E+00 5.2704627669473E-14 0.0000000000000E+00
-3.3819805609000E-02-1.6656779410810E+00-4.3474870416890E+00-4.1918577391800E-01
 0.0000000000000E+00 0.0000000000000E+00 6.0055793241000E-02 0.0000000000000E+00
 0.0000000000000E+00-1.2147864212090E+00 0.0000000000000E+00 0.0000000000000E+00
-1.1892346822390E+00-3.2493886749500E-02 0.0000000000000E+00 0.0000000000000E+00
 0.0000000000000E+00 0.0000000000000E+00-1.8909267000400E-01 0.0000000000000E+00
 0.0000000000000E+00 0.0000000000000E+00 0.0000000000000E+00-9.0704480710000E-02
 0.0000000000000E+00 0.0000000000000E+00 0.0000000000000E+00 0.0000000000000E+00
 0.0000000000000E+00 0.0000000000000E+00-1.5864351466400E-01-1.5447912298900E-01
-9.5349943037800E-01 3.3265276298590E+00 1.8289241247980E+00 0.0000000000000E+00
 0.0000000000000E+00 4.7050770155800E-01 0.0000000000000E+00 0.0000000000000E+00
-1.2451352033460E+00 0.0000000000000E+00 0.0000000000000E+00-2.3671515814160E+00
 0.0000000000000E+00 0.0000000000000E+00-5.0729878587800E-01 6.2168850933000E-02
 0.0000000000000E+00 0.0000000000000E+00 0.0000000000000E+00 0.0000000000000E+00
 4.5214276911200E-01 0.0000000000000E+00 0.0000000000000E+00 0.0000000000000E+00
 0.0000000000000E+00 8.6128157569200E-01 0.0000000000000E+00 0.0000000000000E+00
 0.0000000000000E+00 0.0000000000000E+00 1.9659168981400E-01 0.0000000000000E+00
 0.0000000000000E+00 0.0000000000000E+00 0.0000000000000E+00 0.0000000000000E+00
 0.0000000000000E+00-7.3137098430300E-01 0.0000000000000E+00 0.0000000000000E+00
 0.0000000000000E+00 0.0000000000000E+00 0.0000000000000E+00 0.0000000000000E+00
 6.6350862621000E-01 0.0000000000000E+00 0.0000000000000E+00 0.0000000000000E+00
 0.0000000000000E+00 0.0000000000000E+00 0.0000000000000E+00-7.0429521227376E-15
 0.0000000000000E+00-1.5864351466400E-01-1.5447912298900E-01-9.5349943037800E-01
 3.3265276298590E+00 1.8289241247980E+00 0.0000000000000E+00 0.0000000000000E+00
-4.7050770155800E-01 0.0000000000000E+00 0.0000000000000E+00 1.2451352033460E+00
 0.0000000000000E+00 0.0000000000000E+00 2.3671515814160E+00 0.0000000000000E+00
 0.0000000000000E+00 5.0729878587800E-01 6.2168850933000E-02 0.0000000000000E+00
 0.0000000000000E+00 0.0000000000000E+00 0.0000000000000E+00 4.5214276911200E-01
 0.0000000000000E+00 0.0000000000000E+00 0.0000000000000E+00 0.0000000000000E+00
 8.6128157569200E-01 0.0000000000000E+00 0.0000000000000E+00 0.0000000000000E+00
 0.0000000000000E+00-1.9659168981400E-01 0.0000000000000E+00 0.0000000000000E+00
 0.0000000000000E+00 0.0000000000000E+00 0.0000000000000E+00 0.0000000000000E+00
 7.3137098430300E-01 0.0000000000000E+00 0.0000000000000E+00 0.0000000000000E+00
 0.0000000000000E+00 0.0000000000000E+00 0.0000000000000E+00 6.6350862621000E-01
 0.0000000000000E+00 0.0000000000000E+00 0.0000000000000E+00 0.0000000000000E+00
 0.0000000000000E+00 0.0000000000000E+00-7.0429521227376E-15 0.0000000000000E+00
-3.3819805609000E-02-1.6656779410810E+00-4.3474870416890E+00-4.1918577391800E-01
 0.0000000000000E+00 0.0000000000000E+00-6.0055793241000E-02 0.0000000000000E+00
 0.0000000000000E+00 1.2147864212090E+00 0.0000000000000E+00 0.0000000000000E+00
 1.1892346822390E+00-3.2493886749500E-02 0.0000000000000E+00 0.0000000000000E+00
 0.0000000000000E+00 0.0000000000000E+00-1.8909267000400E-01 0.0000000000000E+00
 0.0000000000000E+00 0.0000000000000E+00 0.0000000000000E+00 9.0704480710000E-02
 0.0000000000000E+00 0.0000000000000E+00 0.0000000000000E+00 0.0000000000000E+00
 0.0000000000000E+00 0.0000000000000E+00 0.0000000000000E+00 0.0000000000000E+00
 0.0000000000000E+00 0.0000000000000E+00 0.0000000000000E+00 2.0000000000000E-12
 0.0000000000000E+00 0.0000000000000E+00-1.1000000000000E-11 0.0000000000000E+00
 0.0000000000000E+00 0.0000000000000E+00 0.0000000000000E+00 0.0000000000000E+00
 0.0000000000000E+00 1.7320508075689E-12 0.0000000000000E+00 0.0000000000000E+00
 0.0000000000000E+00 0.0000000000000E+00-1.2124355652982E-11 0.0000000000000E+00
 0.0000000000000E+00 0.0000000000000E+00 0.0000000000000E+00-4.0824829046386E-13
 0.0000000000000E+00 0.0000000000000E+00 0.0000000000000E+00 2.3177815910362E-02
 0.0000000000000E+00 0.0000000000000E+00 0.0000000000000E+00 0.0000000000000E+00
 0.0000000000000E+00 0.0000000000000E+00 2.0000000000000E-12 0.0000000000000E+00
 0.0000000000000E+00-7.0000000000000E-12 0.0000000000000E+00 0.0000000000000E+00
 1.7000000000000E-11 0.0000000000000E+00 0.0000000000000E+00-1.0000000000000E-12
 0.0000000000000E+00 0.0000000000000E+00 0.0000000000000E+00-3.4641016151378E-12
 0.0000000000000E+00 0.0000000000000E+00 0.0000000000000E+00 0.0000000000000E+00
-1.3856406460551E-11 0.0000000000000E+00 0.0000000000000E+00 0.0000000000000E+00
 0.0000000000000E+00 8.6602540378444E-12 0.0000000000000E+00 0.0000000000000E+00
 0.0000000000000E+00 0.0000000000000E+00 8.1649658092773E-13 0.0000000000000E+00
 0.0000000000000E+00 0.0000000000000E+00 1.9790869600616E-03 0.0000000000000E+00
 0.0000000000000E+00 2.0412414523193E-12 0.0000000000000E+00 0.0000000000000E+00
 0.0000000000000E+00-1.4466598174599E-02 0.0000000000000E+00 0.0000000000000E+00
-2.2135943621179E-12 0.0000000000000E+00 0.0000000000000E+00 0.0000000000000E+00
-1.1792653261551E-02 0.0000000000000E+00 0.0000000000000E+00 0.0000000000000E+00
 0.0000000000000E+00 0.0000000000000E+00 0.0000000000000E+00 0.0000000000000E+00
 0.0000000000000E+00-2.0000000000000E-12 0.0000000000000E+00 0.0000000000000E+00
 7.0000000000000E-12 0.0000000000000E+00 0.0000000000000E+00-1.7000000000000E-11
 0.0000000000000E+00 0.0000000000000E+00 1.0000000000000E-12 0.0000000000000E+00
 0.0000000000000E+00 0.0000000000000E+00-3.4641016151378E-12 0.0000000000000E+00
 0.0000000000000E+00 0.0000000000000E+00 0.0000000000000E+00-1.3856406460551E-11
 0.0000000000000E+00 0.0000000000000E+00 0.0000000000000E+00 0.0000000000000E+00
 8.6602540378444E-12 0.0000000000000E+00 0.0000000000000E+00 0.0000000000000E+00
 0.0000000000000E+00-8.1649658092773E-13 0.0000000000000E+00 0.0000000000000E+00
 0.0000000000000E+00-1.9790869600616E-03 0.0000000000000E+00 0.0000000000000E+00
-2.0412414523193E-12 0.0000000000000E+00 0.0000000000000E+00 0.0000000000000E+00
 1.4466598174599E-02 0.0000000000000E+00 0.0000000000000E+00-2.2135943621179E-12
 0.0000000000000E+00 0.0000000000000E+00 0.0000000000000E+00-1.1792653261551E-02
 0.0000000000000E+00 0.0000000000000E+00 0.0000000000000E+00 0.0000000000000E+00
 0.0000000000000E+00 0.0000000000000E+00 0.0000000000000E+00-2.0000000000000E-12
 0.0000000000000E+00 0.0000000000000E+00 1.1000000000000E-11 0.0000000000000E+00
 0.0000000000000E+00 0.0000000000000E+00 0.0000000000000E+00 0.0000000000000E+00
 0.0000000000000E+00 1.7320508075689E-12 0.0000000000000E+00 0.0000000000000E+00
 0.0000000000000E+00 0.0000000000000E+00-1.2124355652982E-11 0.0000000000000E+00
 0.0000000000000E+00 0.0000000000000E+00 0.0000000000000E+00 4.0824829046386E-13
 0.0000000000000E+00 0.0000000000000E+00 0.0000000000000E+00-2.3177815910362E-02
 0.0000000000000E+00 0.0000000000000E+00 0.0000000000000E+00 0.0000000000000E+00
-2.0000000000000E-12 0.0000000000000E+00 0.0000000000000E+00 1.1000000000000E-11
 0.0000000000000E+00 0.0000000000000E+00 0.0000000000000E+00 0.0000000000000E+00
 0.0000000000000E+00 0.0000000000000E+00-1.7320508075689E-12 0.0000000000000E+00
 0.0000000000000E+00 0.0000000000000E+00 0.0000000000000E+00 1.2124355652982E-11
 0.0000000000000E+00 0.0000000000000E+00 0.0000000000000E+00 0.0000000000000E+00
 4.0824829046386E-13 0.0000000000000E+00 0.0000000000000E+00 0.0000000000000E+00
 2.3177815910362E-02 0.0000000000000E+00 0.0000000000000E+00 0.0000000000000E+00
 0.0000000000000E+00 0.0000000000000E+00 0.0000000000000E+00-2.0000000000000E-12
 0.0000000000000E+00 0.0000000000000E+00 7.0000000000000E-12 0.0000000000000E+00
 0.0000000000000E+00-1.7000000000000E-11 0.0000000000000E+00 0.0000000000000E+00
 1.0000000000000E-12 0.0000000000000E+00 0.0000000000000E+00 0.0000000000000E+00
 3.4641016151378E-12 0.0000000000000E+00 0.0000000000000E+00 0.0000000000000E+00
 0.0000000000000E+00 1.3856406460551E-11 0.0000000000000E+00 0.0000000000000E+00
 0.0000000000000E+00 0.0000000000000E+00-8.6602540378444E-12 0.0000000000000E+00
 0.0000000000000E+00 0.0000000000000E+00 0.0000000000000E+00-8.1649658092773E-13
 0.0000000000000E+00 0.0000000000000E+00 0.0000000000000E+00 1.9790869600616E-03
 0.0000000000000E+00 0.0000000000000E+00-2.0412414523193E-12 0.0000000000000E+00
 0.0000000000000E+00 0.0000000000000E+00-1.4466598174599E-02 0.0000000000000E+00
 0.0000000000000E+00 2.2135943621179E-12 0.0000000000000E+00 0.0000000000000E+00
 0.0000000000000E+00-1.1792653261551E-02 0.0000000000000E+00 0.0000000000000E+00
 0.0000000000000E+00 0.0000000000000E+00 0.0000000000000E+00 0.0000000000000E+00
 0.0000000000000E+00 0.0000000000000E+00 2.0000000000000E-12 0.0000000000000E+00
 0.0000000000000E+00-7.0000000000000E-12 0.0000000000000E+00 0.0000000000000E+00
 1.7000000000000E-11 0.0000000000000E+00 0.0000000000000E+00-1.0000000000000E-12
 0.0000000000000E+00 0.0000000000000E+00 0.0000000000000E+00 3.4641016151378E-12
 0.0000000000000E+00 0.0000000000000E+00 0.0000000000000E+00 0.0000000000000E+00
 1.3856406460551E-11 0.0000000000000E+00 0.0000000000000E+00 0.0000000000000E+00
 0.0000000000000E+00-8.6602540378444E-12 0.0000000000000E+00 0.0000000000000E+00
 0.0000000000000E+00 0.0000000000000E+00 8.1649658092773E-13 0.0000000000000E+00
 0.0000000000000E+00 0.0000000000000E+00-1.9790869600616E-03 0.0000000000000E+00
 0.0000000000000E+00 2.0412414523193E-12 0.0000000000000E+00 0.0000000000000E+00
 0.0000000000000E+00 1.4466598174599E-02 0.0000000000000E+00 0.0000000000000E+00
 2.2135943621179E-12 0.0000000000000E+00 0.0000000000000E+00 0.0000000000000E+00
-1.1792653261551E-02 0.0000000000000E+00 0.0000000000000E+00 0.0000000000000E+00
 0.0000000000000E+00 0.0000000000000E+00 0.0000000000000E+00 0.0000000000000E+00
 2.0000000000000E-12 0.0000000000000E+00 0.0000000000000E+00-1.1000000000000E-11
 0.0000000000000E+00 0.0000000000000E+00 0.0000000000000E+00 0.0000000000000E+00
 0.0000000000000E+00 0.0000000000000E+00-1.7320508075689E-12 0.0000000000000E+00
 0.0000000000000E+00 0.0000000000000E+00 0.0000000000000E+00 1.2124355652982E-11
 0.0000000000000E+00 0.0000000000000E+00 0.0000000000000E+00 0.0000000000000E+00
-4.0824829046386E-13 0.0000000000000E+00 0.0000000000000E+00 0.0000000000000E+00
-2.3177815910362E-02 0.0000000000000E+00 0.0000000000000E+00 0.0000000000000E+00
 0.0000000000000E+00 0.0000000000000E+00-6.4958081520000E-03 0.0000000000000E+00
 0.0000000000000E+00-4.8388684615000E-01 0.0000000000000E+00 0.0000000000000E+00
-5.4788996006700E-01 0.0000000000000E+00 0.0000000000000E+00 0.0000000000000E+00
-6.0539429331279E-02 0.0000000000000E+00 0.0000000000000E+00 0.0000000000000E+00
 0.0000000000000E+00-7.4335718657306E-01 0.0000000000000E+00 0.0000000000000E+00
 0.0000000000000E+00 0.0000000000000E+00-9.7447166430175E-02 0.0000000000000E+00
 0.0000000000000E+00 0.0000000000000E+00 0.0000000000000E+00 0.0000000000000E+00
 0.0000000000000E+00 0.0000000000000E+00 0.0000000000000E+00 0.0000000000000E+00
 0.0000000000000E+00 9.5448124368700E-01 0.0000000000000E+00 0.0000000000000E+00
-1.2307881579160E+00 0.0000000000000E+00 0.0000000000000E+00 1.2246750640340E+00
 0.0000000000000E+00 0.0000000000000E+00-1.5409299052900E-01 0.0000000000000E+00
 0.0000000000000E+00 0.0000000000000E+00 7.2744842360515E-02 0.0000000000000E+00
 0.0000000000000E+00 0.0000000000000E+00 0.0000000000000E+00-7.9942795172995E-01
 0.0000000000000E+00 0.0000000000000E+00 0.0000000000000E+00 0.0000000000000E+00
-4.7083916655578E-01 0.0000000000000E+00 0.0000000000000E+00 0.0000000000000E+00
 0.0000000000000E+00 2.3629091673287E-02 0.0000000000000E+00 0.0000000000000E+00
 0.0000000000000E+00-5.2704627669473E-14 0.0000000000000E+00 0.0000000000000E+00
 2.6401059383585E-01 0.0000000000000E+00 0.0000000000000E+00 0.0000000000000E+00
 0.0000000000000E+00 0.0000000000000E+00 0.0000000000000E+00-5.8551001692603E-02
 0.0000000000000E+00 0.0000000000000E+00 0.0000000000000E+00 0.0000000000000E+00
 0.0000000000000E+00 0.0000000000000E+00 0.0000000000000E+00 0.0000000000000E+00
 0.0000000000000E+00 0.0000000000000E+00 0.0000000000000E+00 0.0000000000000E+00
 9.5448124368700E-01 0.0000000000000E+00 0.0000000000000E+00-1.2307881579160E+00
 0.0000000000000E+00 0.0000000000000E+00 1.2246750640340E+00 0.0000000000000E+00
 0.0000000000000E+00-1.5409299052900E-01 0.0000000000000E+00 0.0000000000000E+00
 0.0000000000000E+00-7.2744842360515E-02 0.0000000000000E+00 0.0000000000000E+00
 0.0000000000000E+00 0.0000000000000E+00 7.9942795172995E-01 0.0000000000000E+00
 0.0000000000000E+00 0.0000000000000E+00 0.0000000000000E+00 4.7083916655578E-01
 0.0000000000000E+00 0.0000000000000E+00 0.0000000000000E+00 0.0000000000000E+00
 2.3629091673287E-02 0.0000000000000E+00 0.0000000000000E+00 0.0000000000000E+00
-5.2704627669473E-14 0.0000000000000E+00 0.0000000000000E+00 2.6401059383585E-01
 0.0000000000000E+00 0.0000000000000E+00 0.0000000000000E+00 0.0000000000000E+00
 0.0000000000000E+00 0.0000000000000E+00 5.8551001692603E-02 0.0000000000000E+00
 0.0000000000000E+00 0.0000000000000E+00 0.0000000000000E+00 0.0000000000000E+00
 0.0000000000000E+00 0.0000000000000E+00 0.0000000000000E+00 0.0000000000000E+00
 0.0000000000000E+00 0.0000000000000E+00-6.4958081520000E-03 0.0000000000000E+00
 0.0000000000000E+00-4.8388684615000E-01 0.0000000000000E+00 0.0000000000000E+00
-5.4788996006700E-01 0.0000000000000E+00 0.0000000000000E+00 0.0000000000000E+00
 6.0539429331279E-02 0.0000000000000E+00 0.0000000000000E+00 0.0000000000000E+00
 0.0000000000000E+00 7.4335718657306E-01 0.0000000000000E+00 0.0000000000000E+00
 0.0000000000000E+00 0.0000000000000E+00-9.7447166430175E-02 0.0000000000000E+00
 0.0000000000000E+00 0.0000000000000E+00 0.0000000000000E+00 0.0000000000000E+00
 0.0000000000000E+00 0.0000000000000E+00 0.0000000000000E+00 0.0000000000000E+00
 0.0000000000000E+00-6.4958081520000E-03 0.0000000000000E+00 0.0000000000000E+00
-4.8388684615000E-01 0.0000000000000E+00 0.0000000000000E+00-5.4788996006700E-01
 0.0000000000000E+00 0.0000000000000E+00 0.0000000000000E+00-6.0539429331279E-02
 0.0000000000000E+00 0.0000000000000E+00 0.0000000000000E+00 0.0000000000000E+00
-7.4335718657306E-01 0.0000000000000E+00 0.0000000000000E+00 0.0000000000000E+00
 0.0000000000000E+00-9.7447166430175E-02 0.0000000000000E+00 0.0000000000000E+00
 0.0000000000000E+00 0.0000000000000E+00 0.0000000000000E+00 0.0000000000000E+00
 0.0000000000000E+00 0.0000000000000E+00 0.0000000000000E+00 0.0000000000000E+00
 9.5448124368700E-01 0.0000000000000E+00 0.0000000000000E+00-1.2307881579160E+00
 0.0000000000000E+00 0.0000000000000E+00 1.2246750640340E+00 0.0000000000000E+00
 0.0000000000000E+00-1.5409299052900E-01 0.0000000000000E+00 0.0000000000000E+00
 0.0000000000000E+00 7.2744842360515E-02 0.0000000000000E+00 0.0000000000000E+00
 0.0000000000000E+00 0.0000000000000E+00-7.9942795172995E-01 0.0000000000000E+00
 0.0000000000000E+00 0.0000000000000E+00 0.0000000000000E+00-4.7083916655578E-01
 0.0000000000000E+00 0.0000000000000E+00 0.0000000000000E+00 0.0000000000000E+00
 2.3629091673287E-02 0.0000000000000E+00 0.0000000000000E+00 0.0000000000000E+00
 5.2704627669473E-14 0.0000000000000E+00 0.0000000000000E+00 2.6401059383585E-01
 0.0000000000000E+00 0.0000000000000E+00 0.0000000000000E+00 0.0000000000000E+00
 0.0000000000000E+00 0.0000000000000E+00-5.8551001692603E-02 0.0000000000000E+00
 0.0000000000000E+00 0.0000000000000E+00 0.0000000000000E+00 0.0000000000000E+00
 0.0000000000000E+00 0.0000000000000E+00 0.0000000000000E+00 0.0000000000000E+00
 0.0000000000000E+00 0.0000000000000E+00 0.0000000000000E+00 9.5448124368700E-01
 0.0000000000000E+00 0.0000000000000E+00-1.2307881579160E+00 0.0000000000000E+00
 0.0000000000000E+00 1.2246750640340E+00 0.0000000000000E+00 0.0000000000000E+00
-1.5409299052900E-01 0.0000000000000E+00 0.0000000000000E+00 0.0000000000000E+00
-7.2744842360515E-02 0.0000000000000E+00 0.0000000000000E+00 0.0000000000000E+00
 0.0000000000000E+00 7.9942795172995E-01 0.0000000000000E+00 0.0000000000000E+00
 0.0000000000000E+00 0.0000000000000E+00 4.7083916655578E-01 0.0000000000000E+00
 0.0000000000000E+00 0.0000000000000E+00 0.0000000000000E+00 2.3629091673287E-02
 0.0000000000000E+00 0.0000000000000E+00 0.0000000000000E+00 5.2704627669473E-14
 0.0000000000000E+00 0.0000000000000E+00 2.6401059383585E-01 0.0000000000000E+00
 0.0000000000000E+00 0.0000000000000E+00 0.0000000000000E+00 0.0000000000000E+00
 0.0000000000000E+00 5.8551001692603E-02 0.0000000000000E+00 0.0000000000000E+00
 0.0000000000000E+00 0.0000000000000E+00 0.0000000000000E+00 0.0000000000000E+00
 0.0000000000000E+00 0.0000000000000E+00 0.0000000000000E+00 0.0000000000000E+00
 0.0000000000000E+00-6.4958081520000E-03 0.0000000000000E+00 0.0000000000000E+00
-4.8388684615000E-01 0.0000000000000E+00 0.0000000000000E+00-5.4788996006700E-01
 0.0000000000000E+00 0.0000000000000E+00 0.0000000000000E+00 6.0539429331279E-02
 0.0000000000000E+00 0.0000000000000E+00 0.0000000000000E+00 0.0000000000000E+00
 7.4335718657306E-01 0.0000000000000E+00 0.0000000000000E+00 0.0000000000000E+00
 0.0000000000000E+00-9.7447166430175E-02 0.0000000000000E+00 0.0000000000000E+00
 0.0000000000000E+00 0.0000000000000E+00 0.0000000000000E+00-1.0000000000000E-12
-2.0000000000000E-12-3.0000000000000E-12 0.0000000000000E+00 0.0000000000000E+00
 0.0000000000000E+00 0.0000000000000E+00 0.0000000000000E+00 0.0000000000000E+00
 0.0000000000000E+00 0.0000000000000E+00-1.0000000000000E-12 0.0000000000000E+00
 0.0000000000000E+00 0.0000000000000E+00 1.0005868932578E-01 0.0000000000000E+00
 0.0000000000000E+00 0.0000000000000E+00 0.0000000000000E+00 3.8927399293579E-02
 0.0000000000000E+00 0.0000000000000E+00 0.0000000000000E+00 0.0000000000000E+00
 2.8421968325992E-02 0.0000000000000E+00 0.0000000000000E+00 0.0000000000000E+00
 0.0000000000000E+00 0.0000000000000E+00 1.0000000000000E-12-1.1000000000000E-11
-2.6000000000000E-11 0.0000000000000E+00 0.0000000000000E+00 0.0000000000000E+00
 0.0000000000000E+00 0.0000000000000E+00 1.0000000000000E-12 0.0000000000000E+00
 0.0000000000000E+00-1.4000000000000E-11 0.0000000000000E+00 0.0000000000000E+00
-1.1000000000000E-11 0.0000000000000E+00 0.0000000000000E+00 0.0000000000000E+00
 2.4392914887383E-01 0.0000000000000E+00 0.0000000000000E+00 0.0000000000000E+00
 0.0000000000000E+00 1.7069463706984E-01 0.0000000000000E+00-1.5000000000000E-12
 0.0000000000000E+00 0.0000000000000E+00 5.2661355334562E-01 0.0000000000000E+00
 0.0000000000000E+00 0.0000000000000E+00 0.0000000000000E+00-4.4690499135374E-02
 0.0000000000000E+00 0.0000000000000E+00 0.0000000000000E+00-1.0000000000000E-12
 0.0000000000000E+00 0.0000000000000E+00 1.4636355177582E-01 0.0000000000000E+00
 0.0000000000000E+00 0.0000000000000E+00 0.0000000000000E+00 0.0000000000000E+00
 0.0000000000000E+00 5.1256659360890E-02 0.0000000000000E+00 0.0000000000000E+00
 0.0000000000000E+00 0.0000000000000E+00 0.0000000000000E+00 0.0000000000000E+00
 0.0000000000000E+00-1.0000000000000E-12 1.1000000000000E-11 2.6000000000000E-11
 0.0000000000000E+00 0.0000000000000E+00 0.0000000000000E+00 0.0000000000000E+00
 0.0000000000000E+00 1.0000000000000E-12 0.0000000000000E+00 0.0000000000000E+00
-1.4000000000000E-11 0.0000000000000E+00 0.0000000000000E+00-1.1000000000000E-11
 0.0000000000000E+00 0.0000000000000E+00 0.0000000000000E+00-2.4392914887383E-01
 0.0000000000000E+00 0.0000000000000E+00 0.0000000000000E+00 0.0000000000000E+00
-1.7069463706984E-01 0.0000000000000E+00 1.5000000000000E-12 0.0000000000000E+00
 0.0000000000000E+00-5.2661355334562E-01 0.0000000000000E+00 0.0000000000000E+00
 0.0000000000000E+00 0.0000000000000E+00-4.4690499135374E-02 0.0000000000000E+00
 0.0000000000000E+00 0.0000000000000E+00-1.0000000000000E-12 0.0000000000000E+00
 0.0000000000000E+00 1.4636355177582E-01 0.0000000000000E+00 0.0000000000000E+00
 0.0000000000000E+00 0.0000000000000E+00 0.0000000000000E+00 0.0000000000000E+00
-5.1256659360890E-02 0.0000000000000E+00 0.0000000000000E+00 0.0000000000000E+00
 0.0000000000000E+00 0.0000000000000E+00 0.0000000000000E+00 1.0000000000000E-12
 2.0000000000000E-12 3.0000000000000E-12 0.0000000000000E+00 0.0000000000000E+00
 0.0000000000000E+00 0.0000000000000E+00 0.0000000000000E+00 0.0000000000000E+00
 0.0000000000000E+00 0.0000000000000E+00-1.0000000000000E-12 0.0000000000000E+00
 0.0000000000000E+00 0.0000000000000E+00-1.0005868932578E-01 0.0000000000000E+00
 0.0000000000000E+00 0.0000000000000E+00 0.0000000000000E+00-3.8927399293579E-02
 0.0000000000000E+00 0.0000000000000E+00 0.0000000000000E+00 0.0000000000000E+00
 2.8421968325992E-02 0.0000000000000E+00 0.0000000000000E+00 0.0000000000000E+00
 0.0000000000000E+00 0.0000000000000E+00 0.0000000000000E+00 0.0000000000000E+00
 0.0000000000000E+00 0.0000000000000E+00 0.0000000000000E+00 0.0000000000000E+00
 0.0000000000000E+00 0.0000000000000E+00 0.0000000000000E+00 0.0000000000000E+00
 0.0000000000000E+00 0.0000000000000E+00 0.0000000000000E+00 0.0000000000000E+00
 0.0000000000000E+00 2.0011737865329E-01 0.0000000000000E+00 0.0000000000000E+00
 0.0000000000000E+00 0.0000000000000E+00 7.7854798590622E-02 0.0000000000000E+00
 0.0000000000000E+00 0.0000000000000E+00 0.0000000000000E+00 2.8421968326121E-02
 0.0000000000000E+00 0.0000000000000E+00 0.0000000000000E+00 0.0000000000000E+00
 0.0000000000000E+00 0.0000000000000E+00 0.0000000000000E+00 0.0000000000000E+00
 0.0000000000000E+00 0.0000000000000E+00 0.0000000000000E+00 0.0000000000000E+00
 0.0000000000000E+00 0.0000000000000E+00 0.0000000000000E+00 0.0000000000000E+00
 0.0000000000000E+00 0.0000000000000E+00 0.0000000000000E+00 0.0000000000000E+00
 0.0000000000000E+00 0.0000000000000E+00 0.0000000000000E+00 4.8785829773726E-01
 0.0000000000000E+00 0.0000000000000E+00 0.0000000000000E+00 0.0000000000000E+00
 3.4138927415008E-01 0.0000000000000E+00 0.0000000000000E+00 0.0000000000000E+00
 0.0000000000000E+00 1.0532271066947E+00 0.0000000000000E+00 0.0000000000000E+00
 0.0000000000000E+00 0.0000000000000E+00-4.4690499135503E-02 0.0000000000000E+00
 0.0000000000000E+00 0.0000000000000E+00 0.0000000000000E+00 0.0000000000000E+00
 0.0000000000000E+00 1.4636355177698E-01 0.0000000000000E+00 0.0000000000000E+00
 0.0000000000000E+00 0.0000000000000E+00 0.0000000000000E+00 0.0000000000000E+00
 5.1256659360890E-02 0.0000000000000E+00 0.0000000000000E+00 0.0000000000000E+00
 0.0000000000000E+00 0.0000000000000E+00 0.0000000000000E+00 0.0000000000000E+00
 0.0000000000000E+00 0.0000000000000E+00 0.0000000000000E+00 0.0000000000000E+00
 0.0000000000000E+00 0.0000000000000E+00 0.0000000000000E+00 0.0000000000000E+00
 0.0000000000000E+00 0.0000000000000E+00 0.0000000000000E+00 0.0000000000000E+00
 0.0000000000000E+00 0.0000000000000E+00 0.0000000000000E+00 0.0000000000000E+00
 0.0000000000000E+00 0.0000000000000E+00-4.8785829773726E-01 0.0000000000000E+00
 0.0000000000000E+00 0.0000000000000E+00 0.0000000000000E+00-3.4138927415008E-01
 0.0000000000000E+00 0.0000000000000E+00 0.0000000000000E+00 0.0000000000000E+00
-1.0532271066947E+00 0.0000000000000E+00 0.0000000000000E+00 0.0000000000000E+00
 0.0000000000000E+00-4.4690499135503E-02 0.0000000000000E+00 0.0000000000000E+00
 0.0000000000000E+00 0.0000000000000E+00 0.0000000000000E+00 0.0000000000000E+00
 1.4636355177698E-01 0.0000000000000E+00 0.0000000000000E+00 0.0000000000000E+00
 0.0000000000000E+00 0.0000000000000E+00 0.0000000000000E+00-5.1256659360890E-02
 0.0000000000000E+00 0.0000000000000E+00 0.0000000000000E+00 0.0000000000000E+00
 0.0000000000000E+00 0.0000000000000E+00 0.0000000000000E+00 0.0000000000000E+00
 0.0000000000000E+00 0.0000000000000E+00 0.0000000000000E+00 0.0000000000000E+00
 0.0000000000000E+00 0.0000000000000E+00 0.0000000000000E+00 0.0000000000000E+00
 0.0000000000000E+00 0.0000000000000E+00 0.0000000000000E+00 0.0000000000000E+00
 0.0000000000000E+00-2.0011737865329E-01 0.0000000000000E+00 0.0000000000000E+00
 0.0000000000000E+00 0.0000000000000E+00-7.7854798590622E-02 0.0000000000000E+00
 0.0000000000000E+00 0.0000000000000E+00 0.0000000000000E+00 2.8421968326121E-02
 0.0000000000000E+00 0.0000000000000E+00 0.0000000000000E+00 0.0000000000000E+00
-1.0000000000000E-12 0.0000000000000E+00 0.0000000000000E+00 0.0000000000000E+00
 0.0000000000000E+00 0.0000000000000E+00 0.0000000000000E+00 0.0000000000000E+00
 0.0000000000000E+00 0.0000000000000E+00 0.0000000000000E+00 0.0000000000000E+00
 0.0000000000000E+00 0.0000000000000E+00-9.5863550211357E-02 0.0000000000000E+00
 0.0000000000000E+00 0.0000000000000E+00 0.0000000000000E+00-5.9865733380559E-02
 0.0000000000000E+00 0.0000000000000E+00 0.0000000000000E+00 0.0000000000000E+00
-5.2808673304465E-02 0.0000000000000E+00 0.0000000000000E+00 0.0000000000000E+00
 0.0000000000000E+00 0.0000000000000E+00 0.0000000000000E+00 1.0000000000000E-12
 0.0000000000000E+00 0.0000000000000E+00 0.0000000000000E+00 0.0000000000000E+00
 0.0000000000000E+00 0.0000000000000E+00 0.0000000000000E+00 0.0000000000000E+00
 0.0000000000000E+00-1.0000000000000E-12 0.0000000000000E+00 0.0000000000000E+00
 0.0000000000000E+00 0.0000000000000E+00 0.0000000000000E+00 0.0000000000000E+00
 2.9607152990494E-02 0.0000000000000E+00 0.0000000000000E+00 0.0000000000000E+00
 0.0000000000000E+00 1.6226417960018E-01 0.0000000000000E+00 0.0000000000000E+00
 0.0000000000000E+00 0.0000000000000E+00 2.8325456179235E-03 0.0000000000000E+00
 0.0000000000000E+00 0.0000000000000E+00 0.0000000000000E+00 7.2807357695490E-02
 0.0000000000000E+00 0.0000000000000E+00 0.0000000000000E+00 0.0000000000000E+00
 0.0000000000000E+00 0.0000000000000E+00-5.2611404314979E-02 0.0000000000000E+00
 0.0000000000000E+00 0.0000000000000E+00 0.0000000000000E+00 0.0000000000000E+00
 0.0000000000000E+00-1.2841253716016E-02 0.0000000000000E+00 0.0000000000000E+00
 0.0000000000000E+00 0.0000000000000E+00 0.0000000000000E+00 0.0000000000000E+00
 0.0000000000000E+00 0.0000000000000E+00 1.0000000000000E-12 0.0000000000000E+00
 0.0000000000000E+00 0.0000000000000E+00 0.0000000000000E+00 0.0000000000000E+00
 0.0000000000000E+00 0.0000000000000E+00 0.0000000000000E+00 0.0000000000000E+00
 1.0000000000000E-12 0.0000000000000E+00 0.0000000000000E+00 0.0000000000000E+00
 0.0000000000000E+00 0.0000000000000E+00 0.0000000000000E+00 2.9607152990494E-02
 0.0000000000000E+00 0.0000000000000E+00 0.0000000000000E+00 0.0000000000000E+00
 1.6226417960018E-01 0.0000000000000E+00 0.0000000000000E+00 0.0000000000000E+00
 0.0000000000000E+00 2.8325456179235E-03 0.0000000000000E+00 0.0000000000000E+00
 0.0000000000000E+00 0.0000000000000E+00-7.2807357695490E-02 0.0000000000000E+00
 0.0000000000000E+00 0.0000000000000E+00 0.0000000000000E+00 0.0000000000000E+00
 0.0000000000000E+00 5.2611404314979E-02 0.0000000000000E+00 0.0000000000000E+00
 0.0000000000000E+00 0.0000000000000E+00 0.0000000000000E+00 0.0000000000000E+00
-1.2841253716016E-02 0.0000000000000E+00 0.0000000000000E+00 0.0000000000000E+00
 0.0000000000000E+00 0.0000000000000E+00 0.0000000000000E+00 0.0000000000000E+00
-1.0000000000000E-12 0.0000000000000E+00 0.0000000000000E+00 0.0000000000000E+00
 0.0000000000000E+00 0.0000000000000E+00 0.0000000000000E+00 0.0000000000000E+00
 0.0000000000000E+00 0.0000000000000E+00 0.0000000000000E+00 0.0000000000000E+00
 0.0000000000000E+00 0.0000000000000E+00-9.5863550211357E-02 0.0000000000000E+00
 0.0000000000000E+00 0.0000000000000E+00 0.0000000000000E+00-5.9865733380559E-02
 0.0000000000000E+00 0.0000000000000E+00 0.0000000000000E+00 0.0000000000000E+00
 5.2808673304465E-02 0.0000000000000E+00 0.0000000000000E+00 0.0000000000000E+00
 0.0000000000000E+00 0.0000000000000E+00 0.0000000000000E+00 0.0000000000000E+00
 0.0000000000000E+00 0.0000000000000E+00 0.0000000000000E+00 0.0000000000000E+00
 0.0000000000000E+00 0.0000000000000E+00 0.0000000000000E+00 0.0000000000000E+00
 0.0000000000000E+00 0.0000000000000E+00 0.0000000000000E+00 0.0000000000000E+00
 0.0000000000000E+00 1.9172710042271E-01 0.0000000000000E+00 0.0000000000000E+00
 0.0000000000000E+00 0.0000000000000E+00 1.1973146676978E-01 0.0000000000000E+00
 0.0000000000000E+00 0.0000000000000E+00 0.0000000000000E+00 5.2808673304465E-02
 0.0000000000000E+00 0.0000000000000E+00 0.0000000000000E+00 0.0000000000000E+00
 0.0000000000000E+00 0.0000000000000E+00 0.0000000000000E+00 0.0000000000000E+00
 0.0000000000000E+00 0.0000000000000E+00 0.0000000000000E+00 0.0000000000000E+00
 0.0000000000000E+00 0.0000000000000E+00 0.0000000000000E+00 0.0000000000000E+00
 0.0000000000000E+00 0.0000000000000E+00 0.0000000000000E+00 0.0000000000000E+00
 0.0000000000000E+00 0.0000000000000E+00 0.0000000000000E+00-5.9214305979255E-02
 0.0000000000000E+00 0.0000000000000E+00 0.0000000000000E+00 0.0000000000000E+00
-3.2452835920730E-01 0.0000000000000E+00 0.0000000000000E+00 0.0000000000000E+00
 0.0000000000000E+00-5.6650912375790E-03 0.0000000000000E+00 0.0000000000000E+00
 0.0000000000000E+00 0.0000000000000E+00-7.2807357696136E-02 0.0000000000000E+00
 0.0000000000000E+00 0.0000000000000E+00 0.0000000000000E+00 0.0000000000000E+00
 0.0000000000000E+00 5.2611404315754E-02 0.0000000000000E+00 0.0000000000000E+00
 0.0000000000000E+00 0.0000000000000E+00 0.0000000000000E+00 0.0000000000000E+00
 1.2841253715420E-02 0.0000000000000E+00 0.0000000000000E+00 0.0000000000000E+00
 0.0000000000000E+00 0.0000000000000E+00 0.0000000000000E+00 0.0000000000000E+00
 0.0000000000000E+00 0.0000000000000E+00 0.0000000000000E+00 0.0000000000000E+00
 0.0000000000000E+00 0.0000000000000E+00 0.0000000000000E+00 0.0000000000000E+00
 0.0000000000000E+00 0.0000000000000E+00 0.0000000000000E+00 0.0000000000000E+00
 0.0000000000000E+00 0.0000000000000E+00 0.0000000000000E+00 0.0000000000000E+00
 0.0000000000000E+00 0.0000000000000E+00-5.9214305979255E-02 0.0000000000000E+00
 0.0000000000000E+00 0.0000000000000E+00 0.0000000000000E+00-3.2452835920730E-01
 0.0000000000000E+00 0.0000000000000E+00 0.0000000000000E+00 0.0000000000000E+00
-5.6650912375790E-03 0.0000000000000E+00 0.0000000000000E+00 0.0000000000000E+00
 0.0000000000000E+00 7.2807357696136E-02 0.0000000000000E+00 0.0000000000000E+00
 0.0000000000000E+00 0.0000000000000E+00 0.0000000000000E+00 0.0000000000000E+00
-5.2611404315754E-02 0.0000000000000E+00 0.0000000000000E+00 0.0000000000000E+00
 0.0000000000000E+00 0.0000000000000E+00 0.0000000000000E+00 1.2841253715420E-02
 0.0000000000000E+00 0.0000000000000E+00 0.0000000000000E+00 0.0000000000000E+00
 0.0000000000000E+00 0.0000000000000E+00 0.0000000000000E+00 0.0000000000000E+00
 0.0000000000000E+00 0.0000000000000E+00 0.0000000000000E+00 0.0000000000000E+00
 0.0000000000000E+00 0.0000000000000E+00 0.0000000000000E+00 0.0000000000000E+00
 0.0000000000000E+00 0.0000000000000E+00 0.0000000000000E+00 0.0000000000000E+00
 0.0000000000000E+00 1.9172710042271E-01 0.0000000000000E+00 0.0000000000000E+00
 0.0000000000000E+00 0.0000000000000E+00 1.1973146676978E-01 0.0000000000000E+00
 0.0000000000000E+00 0.0000000000000E+00 0.0000000000000E+00-5.2808673304465E-02
 0.0000000000000E+00 0.0000000000000E+00 0.0000000000000E+00 0.0000000000000E+00
 0.0000000000000E+00 0.0000000000000E+00 0.0000000000000E+00-1.9293729187300E-01
 0.0000000000000E+00 0.0000000000000E+00-4.3833355705000E-02 0.0000000000000E+00
 0.0000000000000E+00-1.2157828469000E-01 0.0000000000000E+00 0.0000000000000E+00
 0.0000000000000E+00-2.4960978142831E-01 0.0000000000000E+00 0.0000000000000E+00
 0.0000000000000E+00 0.0000000000000E+00-8.4814073783548E-02 0.0000000000000E+00
 0.0000000000000E+00 0.0000000000000E+00 0.0000000000000E+00-1.0015482613871E-01
 0.0000000000000E+00 0.0000000000000E+00 0.0000000000000E+00-3.1622776601684E-13
 0.0000000000000E+00 0.0000000000000E+00 0.0000000000000E+00 0.0000000000000E+00
 0.0000000000000E+00 0.0000000000000E+00-1.1992872800300E-01 0.0000000000000E+00
 0.0000000000000E+00-1.0539845682000E-02 0.0000000000000E+00 0.0000000000000E+00
-1.1121185469000E-01 0.0000000000000E+00 0.0000000000000E+00 1.0111301074300E-01
 0.0000000000000E+00 0.0000000000000E+00 0.0000000000000E+00 3.3463659839837E-01
 0.0000000000000E+00 0.0000000000000E+00 0.0000000000000E+00 0.0000000000000E+00
-7.5495786055110E-01 0.0000000000000E+00 0.0000000000000E+00 0.0000000000000E+00
 0.0000000000000E+00 5.3565091868594E-01 0.0000000000000E+00 0.0000000000000E+00
 0.0000000000000E+00 0.0000000000000E+00-2.4973567529984E-01 0.0000000000000E+00
 0.0000000000000E+00 0.0000000000000E+00-8.9597867038104E-13 0.0000000000000E+00
 0.0000000000000E+00 3.0748398499935E-01 0.0000000000000E+00 0.0000000000000E+00
 0.0000000000000E+00 4.2163702135578E-13 0.0000000000000E+00 0.0000000000000E+00
 5.5233175684105E-02 0.0000000000000E+00 0.0000000000000E+00 0.0000000000000E+00
-3.9840953644480E-14 0.0000000000000E+00 0.0000000000000E+00 0.0000000000000E+00
 0.0000000000000E+00 0.0000000000000E+00 0.0000000000000E+00 0.0000000000000E+00
 0.0000000000000E+00-1.1992872800300E-01 0.0000000000000E+00 0.0000000000000E+00
-1.0539845682000E-02 0.0000000000000E+00 0.0000000000000E+00-1.1121185469000E-01
 0.0000000000000E+00 0.0000000000000E+00 1.0111301074300E-01 0.0000000000000E+00
 0.0000000000000E+00 0.0000000000000E+00-3.3463659839837E-01 0.0000000000000E+00
 0.0000000000000E+00 0.0000000000000E+00 0.0000000000000E+00 7.5495786055110E-01
 0.0000000000000E+00 0.0000000000000E+00 0.0000000000000E+00 0.0000000000000E+00
-5.3565091868594E-01 0.0000000000000E+00 0.0000000000000E+00 0.0000000000000E+00
 0.0000000000000E+00-2.4973567529984E-01 0.0000000000000E+00 0.0000000000000E+00
 0.0000000000000E+00-8.9597867038104E-13 0.0000000000000E+00 0.0000000000000E+00
 3.0748398499935E-01 0.0000000000000E+00 0.0000000000000E+00 0.0000000000000E+00
 4.2163702135578E-13 0.0000000000000E+00 0.0000000000000E+00-5.5233175684105E-02
 0.0000000000000E+00 0.0000000000000E+00 0.0000000000000E+00 3.9840953644480E-14
 0.0000000000000E+00 0.0000000000000E+00 0.0000000000000E+00 0.0000000000000E+00
 0.0000000000000E+00 0.0000000000000E+00 0.0000000000000E+00-1.9293729187300E-01
 0.0000000000000E+00 0.0000000000000E+00-4.3833355705000E-02 0.0000000000000E+00
 0.0000000000000E+00-1.2157828469000E-01 0.0000000000000E+00 0.0000000000000E+00
 0.0000000000000E+00 2.4960978142831E-01 0.0000000000000E+00 0.0000000000000E+00
 0.0000000000000E+00 0.0000000000000E+00 8.4814073783548E-02 0.0000000000000E+00
 0.0000000000000E+00 0.0000000000000E+00 0.0000000000000E+00-1.0015482613871E-01
 0.0000000000000E+00 0.0000000000000E+00 0.0000000000000E+00-3.1622776601684E-13
 0.0000000000000E+00 0.0000000000000E+00 0.0000000000000E+00 0.0000000000000E+00
 1.9293729187300E-01 0.0000000000000E+00 0.0000000000000E+00 4.3833355705000E-02
 0.0000000000000E+00 0.0000000000000E+00 1.2157828469000E-01 0.0000000000000E+00
 0.0000000000000E+00 0.0000000000000E+00 2.4960978142831E-01 0.0000000000000E+00
 0.0000000000000E+00 0.0000000000000E+00 0.0000000000000E+00 8.4814073783548E-02
 0.0000000000000E+00 0.0000000000000E+00 0.0000000000000E+00 0.0000000000000E+00
 1.0015482613871E-01 0.0000000000000E+00 0.0000000000000E+00 0.0000000000000E+00
-3.1622776601684E-13 0.0000000000000E+00 0.0000000000000E+00 0.0000000000000E+00
 0.0000000000000E+00 0.0000000000000E+00 0.0000000000000E+00 1.1992872800300E-01
 0.0000000000000E+00 0.0000000000000E+00 1.0539845682000E-02 0.0000000000000E+00
 0.0000000000000E+00 1.1121185469000E-01 0.0000000000000E+00 0.0000000000000E+00
-1.0111301074300E-01 0.0000000000000E+00 0.0000000000000E+00 0.0000000000000E+00
-3.3463659839837E-01 0.0000000000000E+00 0.0000000000000E+00 0.0000000000000E+00
 0.0000000000000E+00 7.5495786055110E-01 0.0000000000000E+00 0.0000000000000E+00
 0.0000000000000E+00 0.0000000000000E+00-5.3565091868594E-01 0.0000000000000E+00
 0.0000000000000E+00 0.0000000000000E+00 0.0000000000000E+00 2.4973567529984E-01
 0.0000000000000E+00 0.0000000000000E+00 0.0000000000000E+00-8.9597867038104E-13
 0.0000000000000E+00 0.0000000000000E+00-3.0748398499935E-01 0.0000000000000E+00
 0.0000000000000E+00 0.0000000000000E+00 4.2163702135578E-13 0.0000000000000E+00
 0.0000000000000E+00-5.5233175684105E-02 0.0000000000000E+00 0.0000000000000E+00
 0.0000000000000E+00-3.9840953644480E-14 0.0000000000000E+00 0.0000000000000E+00
 0.0000000000000E+00 0.0000000000000E+00 0.0000000000000E+00 0.0000000000000E+00
 0.0000000000000E+00 0.0000000000000E+00 1.1992872800300E-01 0.0000000000000E+00
 0.0000000000000E+00 1.0539845682000E-02 0.0000000000000E+00 0.0000000000000E+00
 1.1121185469000E-01 0.0000000000000E+00 0.0000000000000E+00-1.0111301074300E-01
 0.0000000000000E+00 0.0000000000000E+00 0.0000000000000E+00 3.3463659839837E-01
 0.0000000000000E+00 0.0000000000000E+00 0.0000000000000E+00 0.0000000000000E+00
-7.5495786055110E-01 0.0000000000000E+00 0.0000000000000E+00 0.0000000000000E+00
 0.0000000000000E+00 5.3565091868594E-01 0.0000000000000E+00 0.0000000000000E+00
 0.0000000000000E+00 0.0000000000000E+00 2.4973567529984E-01 0.0000000000000E+00
 0.0000000000000E+00 0.0000000000000E+00-8.9597867038104E-13 0.0000000000000E+00
 0.0000000000000E+00-3.0748398499935E-01 0.0000000000000E+00 0.0000000000000E+00
 0.0000000000000E+00 4.2163702135578E-13 0.0000000000000E+00 0.0000000000000E+00
 5.5233175684105E-02 0.0000000000000E+00 0.0000000000000E+00 0.0000000000000E+00
 3.9840953644480E-14 0.0000000000000E+00 0.0000000000000E+00 0.0000000000000E+00
 0.0000000000000E+00 0.0000000000000E+00 0.0000000000000E+00 0.0000000000000E+00
 1.9293729187300E-01 0.0000000000000E+00 0.0000000000000E+00 4.3833355705000E-02
 0.0000000000000E+00 0.0000000000000E+00 1.2157828469000E-01 0.0000000000000E+00
 0.0000000000000E+00 0.0000000000000E+00-2.4960978142831E-01 0.0000000000000E+00
 0.0000000000000E+00 0.0000000000000E+00 0.0000000000000E+00-8.4814073783548E-02
 0.0000000000000E+00 0.0000000000000E+00 0.0000000000000E+00 0.0000000000000E+00
 1.0015482613871E-01 0.0000000000000E+00 0.0000000000000E+00 0.0000000000000E+00
-3.1622776601684E-13 0.0000000000000E+00 0.0000000000000E+00 0.0000000000000E+00
 0.0000000000000E+00 0.0000000000000E+00 2.2565414537700E-01 0.0000000000000E+00
 0.0000000000000E+00-1.1999805537880E+00 0.0000000000000E+00 0.0000000000000E+00
-1.3827899751100E-01 0.0000000000000E+00 0.0000000000000E+00 0.0000000000000E+00
 2.3181015495992E-01 0.0000000000000E+00 0.0000000000000E+00 0.0000000000000E+00
 0.0000000000000E+00-1.4790210116704E+00 0.0000000000000E+00 0.0000000000000E+00
 0.0000000000000E+00 0.0000000000000E+00-6.4868386665894E-02 0.0000000000000E+00
 0.0000000000000E+00 0.0000000000000E+00 3.1622776601684E-13 0.0000000000000E+00
 0.0000000000000E+00 0.0000000000000E+00 0.0000000000000E+00 0.0000000000000E+00
 0.0000000000000E+00 3.3239992889500E-01 0.0000000000000E+00 0.0000000000000E+00
-8.1980147844400E-01 0.0000000000000E+00 0.0000000000000E+00 6.8731729457100E-01
 0.0000000000000E+00 0.0000000000000E+00-3.2393036137900E-01 0.0000000000000E+00
 0.0000000000000E+00 0.0000000000000E+00-1.9029655791832E-02 0.0000000000000E+00
 0.0000000000000E+00 0.0000000000000E+00 0.0000000000000E+00-2.9370330920034E+00
 0.0000000000000E+00 0.0000000000000E+00 0.0000000000000E+00 0.0000000000000E+00
-2.1814175049364E-01 0.0000000000000E+00 0.0000000000000E+00 0.0000000000000E+00
 0.0000000000000E+00 9.8288468422589E-02 0.0000000000000E+00 0.0000000000000E+00
 0.0000000000000E+00-3.6893239368631E-13 0.0000000000000E+00 0.0000000000000E+00
-2.2042214689437E-03 0.0000000000000E+00 0.0000000000000E+00 0.0000000000000E+00
 1.0540925533895E-13 0.0000000000000E+00 0.0000000000000E+00-3.2374835355523E-01
 0.0000000000000E+00 0.0000000000000E+00 0.0000000000000E+00-1.9920476822240E-14
 0.0000000000000E+00 0.0000000000000E+00 0.0000000000000E+00 0.0000000000000E+00
 0.0000000000000E+00 0.0000000000000E+00 0.0000000000000E+00 0.0000000000000E+00
-3.3239992889500E-01 0.0000000000000E+00 0.0000000000000E+00 8.1980147844400E-01
 0.0000000000000E+00 0.0000000000000E+00-6.8731729457100E-01 0.0000000000000E+00
 0.0000000000000E+00 3.2393036137900E-01 0.0000000000000E+00 0.0000000000000E+00
 0.0000000000000E+00-1.9029655791832E-02 0.0000000000000E+00 0.0000000000000E+00
 0.0000000000000E+00 0.0000000000000E+00-2.9370330920034E+00 0.0000000000000E+00
 0.0000000000000E+00 0.0000000000000E+00 0.0000000000000E+00-2.1814175049364E-01
 0.0000000000000E+00 0.0000000000000E+00 0.0000000000000E+00 0.0000000000000E+00
-9.8288468422589E-02 0.0000000000000E+00 0.0000000000000E+00 0.0000000000000E+00
 3.6893239368631E-13 0.0000000000000E+00 0.0000000000000E+00 2.2042214689437E-03
 0.0000000000000E+00 0.0000000000000E+00 0.0000000000000E+00-1.0540925533895E-13
 0.0000000000000E+00 0.0000000000000E+00-3.2374835355523E-01 0.0000000000000E+00
 0.0000000000000E+00 0.0000000000000E+00-1.9920476822240E-14 0.0000000000000E+00
 0.0000000000000E+00 0.0000000000000E+00 0.0000000000000E+00 0.0000000000000E+00
 0.0000000000000E+00 0.0000000000000E+00-2.2565414537700E-01 0.0000000000000E+00
 0.0000000000000E+00 1.1999805537880E+00 0.0000000000000E+00 0.0000000000000E+00
 1.3827899751100E-01 0.0000000000000E+00 0.0000000000000E+00 0.0000000000000E+00
 2.3181015495992E-01 0.0000000000000E+00 0.0000000000000E+00 0.0000000000000E+00
 0.0000000000000E+00-1.4790210116704E+00 0.0000000000000E+00 0.0000000000000E+00
 0.0000000000000E+00 0.0000000000000E+00 6.4868386665894E-02 0.0000000000000E+00
 0.0000000000000E+00 0.0000000000000E+00-3.1622776601684E-13 0.0000000000000E+00
 0.0000000000000E+00 0.0000000000000E+00 0.0000000000000E+00 0.0000000000000E+00
 0.0000000000000E+00-2.2565414537700E-01 0.0000000000000E+00 0.0000000000000E+00
 1.1999805537880E+00 0.0000000000000E+00 0.0000000000000E+00 1.3827899751100E-01
 0.0000000000000E+00 0.0000000000000E+00 0.0000000000000E+00-2.3181015495992E-01
 0.0000000000000E+00 0.0000000000000E+00 0.0000000000000E+00 0.0000000000000E+00
 1.4790210116704E+00 0.0000000000000E+00 0.0000000000000E+00 0.0000000000000E+00
 0.0000000000000E+00 6.4868386665894E-02 0.0000000000000E+00 0.0000000000000E+00
 0.0000000000000E+00 3.1622776601684E-13 0.0000000000000E+00 0.0000000000000E+00
 0.0000000000000E+00 0.0000000000000E+00 0.0000000000000E+00 0.0000000000000E+00
-3.3239992889500E-01 0.0000000000000E+00 0.0000000000000E+00 8.1980147844400E-01
 0.0000000000000E+00 0.0000000000000E+00-6.8731729457200E-01 0.0000000000000E+00
 0.0000000000000E+00 3.2393036137900E-01 0.0000000000000E+00 0.0000000000000E+00
 0.0000000000000E+00 1.9029655793564E-02 0.0000000000000E+00 0.0000000000000E+00
 0.0000000000000E+00 0.0000000000000E+00 2.9370330920017E+00 0.0000000000000E+00
 0.0000000000000E+00 0.0000000000000E+00 0.0000000000000E+00 2.1814175049364E-01
 0.0000000000000E+00 0.0000000000000E+00 0.0000000000000E+00 0.0000000000000E+00
-9.8288468422589E-02 0.0000000000000E+00 0.0000000000000E+00 0.0000000000000E+00
-3.6893239368631E-13 0.0000000000000E+00 0.0000000000000E+00 2.2042214689437E-03
 0.0000000000000E+00 0.0000000000000E+00 0.0000000000000E+00 1.0540925533895E-13
 0.0000000000000E+00 0.0000000000000E+00 3.2374835355523E-01 0.0000000000000E+00
 0.0000000000000E+00 0.0000000000000E+00-1.9920476822240E-14 0.0000000000000E+00
 0.0000000000000E+00 0.0000000000000E+00 0.0000000000000E+00 0.0000000000000E+00
 0.0000000000000E+00 0.0000000000000E+00 0.0000000000000E+00 3.3239992889500E-01
 0.0000000000000E+00 0.0000000000000E+00-8.1980147844400E-01 0.0000000000000E+00
 0.0000000000000E+00 6.8731729457200E-01 0.0000000000000E+00 0.0000000000000E+00
-3.2393036137900E-01 0.0000000000000E+00 0.0000000000000E+00 0.0000000000000E+00
 1.9029655793564E-02 0.0000000000000E+00 0.0000000000000E+00 0.0000000000000E+00
 0.0000000000000E+00 2.9370330920017E+00 0.0000000000000E+00 0.0000000000000E+00
 0.0000000000000E+00 0.0000000000000E+00 2.1814175049364E-01 0.0000000000000E+00
 0.0000000000000E+00 0.0000000000000E+00 0.0000000000000E+00 9.8288468422589E-02
 0.0000000000000E+00 0.0000000000000E+00 0.0000000000000E+00 3.6893239368631E-13
 0.0000000000000E+00 0.0000000000000E+00-2.2042214689437E-03 0.0000000000000E+00
 0.0000000000000E+00 0.0000000000000E+00-1.0540925533895E-13 0.0000000000000E+00
 0.0000000000000E+00 3.2374835355523E-01 0.0000000000000E+00 0.0000000000000E+00
 0.0000000000000E+00-1.9920476822240E-14 0.0000000000000E+00 0.0000000000000E+00
 0.0000000000000E+00 0.0000000000000E+00 0.0000000000000E+00 0.0000000000000E+00
 0.0000000000000E+00 2.2565414537700E-01 0.0000000000000E+00 0.0000000000000E+00
-1.1999805537880E+00 0.0000000000000E+00 0.0000000000000E+00-1.3827899751100E-01
 0.0000000000000E+00 0.0000000000000E+00 0.0000000000000E+00-2.3181015495992E-01
 0.0000000000000E+00 0.0000000000000E+00 0.0000000000000E+00 0.0000000000000E+00
 1.4790210116704E+00 0.0000000000000E+00 0.0000000000000E+00 0.0000000000000E+00
 0.0000000000000E+00-6.4868386665894E-02 0.0000000000000E+00 0.0000000000000E+00
 0.0000000000000E+00-3.1622776601684E-13-1.6739819522700E-01 1.9833244520230E+00
 3.2913934047580E+00-7.3307725341600E-01 0.0000000000000E+00 0.0000000000000E+00
-2.3547952197400E-01 0.0000000000000E+00 0.0000000000000E+00 8.0670848207500E-01
 0.0000000000000E+00 0.0000000000000E+00 1.0350520048830E+00 3.2832673098500E-02
 0.0000000000000E+00 0.0000000000000E+00 0.0000000000000E+00 0.0000000000000E+00
-9.0951438316500E-02 0.0000000000000E+00 0.0000000000000E+00 0.0000000000000E+00
 0.0000000000000E+00-2.6493086011000E-01 0.0000000000000E+00 0.0000000000000E+00
 0.0000000000000E+00 0.0000000000000E+00 0.0000000000000E+00 0.0000000000000E+00
 9.4748879075000E-02 6.7568948847000E-02 1.7429309771200E-01-4.0655662574800E+00
 5.4644531592800E-01 0.0000000000000E+00 0.0000000000000E+00 4.3543150030700E-01
 0.0000000000000E+00 0.0000000000000E+00-1.6396711909380E+00 0.0000000000000E+00
 0.0000000000000E+00 5.0833913599810E+00 0.0000000000000E+00 0.0000000000000E+00
-9.5680460388600E-01-2.2449925260000E-02 0.0000000000000E+00 0.0000000000000E+00
 0.0000000000000E+00 0.0000000000000E+00-1.5997334874450E-01 0.0000000000000E+00
 0.0000000000000E+00 0.0000000000000E+00 0.0000000000000E+00-3.0833427966450E-01
 0.0000000000000E+00 0.0000000000000E+00 0.0000000000000E+00 0.0000000000000E+00
 4.4989876463900E-01 0.0000000000000E+00 0.0000000000000E+00 0.0000000000000E+00
 0.0000000000000E+00 0.0000000000000E+00 0.0000000000000E+00 1.0247134953330E+00
 0.0000000000000E+00 0.0000000000000E+00 0.0000000000000E+00 0.0000000000000E+00
 0.0000000000000E+00 0.0000000000000E+00-4.2716571097300E-01 0.0000000000000E+00
 0.0000000000000E+00 0.0000000000000E+00 0.0000000000000E+00 0.0000000000000E+00
 0.0000000000000E+00 1.4085904245475E-14 0.0000000000000E+00 9.4748879075000E-02
 6.7568948847000E-02 1.7429309771200E-01-4.0655662574800E+00 5.4644531592800E-01
 0.0000000000000E+00 0.0000000000000E+00-4.3543150030700E-01 0.0000000000000E+00
 0.0000000000000E+00 1.6396711909380E+00 0.0000000000000E+00 0.0000000000000E+00
-5.0833913599810E+00 0.0000000000000E+00 0.0000000000000E+00 9.5680460388600E-01
-2.2449925260000E-02 0.0000000000000E+00 0.0000000000000E+00 0.0000000000000E+00
 0.0000000000000E+00-1.5997334874450E-01 0.0000000000000E+00 0.0000000000000E+00
 0.0000000000000E+00 0.0000000000000E+00-3.0833427966450E-01 0.0000000000000E+00
 0.0000000000000E+00 0.0000000000000E+00 0.0000000000000E+00-4.4989876463900E-01
 0.0000000000000E+00 0.0000000000000E+00 0.0000000000000E+00 0.0000000000000E+00
 0.0000000000000E+00 0.0000000000000E+00-1.0247134953330E+00 0.0000000000000E+00
 0.0000000000000E+00 0.0000000000000E+00 0.0000000000000E+00 0.0000000000000E+00
 0.0000000000000E+00-4.2716571097300E-01 0.0000000000000E+00 0.0000000000000E+00
 0.0000000000000E+00 0.0000000000000E+00 0.0000000000000E+00 0.0000000000000E+00
 1.4085904245475E-14 0.0000000000000E+00-1.6739819522700E-01 1.9833244520230E+00
 3.2913934047580E+00-7.3307725341600E-01 0.0000000000000E+00 0.0000000000000E+00
 2.3547952197400E-01 0.0000000000000E+00 0.0000000000000E+00-8.0670848207500E-01
 0.0000000000000E+00 0.0000000000000E+00-1.0350520048830E+00 3.2832673098500E-02
 0.0000000000000E+00 0.0000000000000E+00 0.0000000000000E+00 0.0000000000000E+00
-9.0951438316500E-02 0.0000000000000E+00 0.0000000000000E+00 0.0000000000000E+00
 0.0000000000000E+00 2.6493086011000E-01 0.0000000000000E+00 0.0000000000000E+00
 0.0000000000000E+00 0.0000000000000E+00 0.0000000000000E+00 0.0000000000000E+00
 0.0000000000000E+00 0.0000000000000E+00 0.0000000000000E+00 0.0000000000000E+00
 4.0000000000000E-12 0.0000000000000E+00 0.0000000000000E+00-2.0000000000000E-12
 0.0000000000000E+00 0.0000000000000E+00-1.0000000000000E-12 0.0000000000000E+00
 0.0000000000000E+00 0.0000000000000E+00 5.1961524227066E-12 0.0000000000000E+00
 0.0000000000000E+00 0.0000000000000E+00 0.0000000000000E+00-1.7320508075689E-12
 0.0000000000000E+00 0.0000000000000E+00 0.0000000000000E+00 0.0000000000000E+00
 2.0412414523193E-12 0.0000000000000E+00 0.0000000000000E+00 0.0000000000000E+00
 1.9268580536586E-02 0.0000000000000E+00 0.0000000000000E+00 0.0000000000000E+00
 0.0000000000000E+00 0.0000000000000E+00 0.0000000000000E+00-1.3000000000000E-11
 0.0000000000000E+00 0.0000000000000E+00-3.6000000000000E-11 0.0000000000000E+00
 0.0000000000000E+00-3.3000000000000E-11 0.0000000000000E+00 0.0000000000000E+00
-2.4000000000000E-11 0.0000000000000E+00 0.0000000000000E+00 0.0000000000000E+00
-8.6602540378444E-12 0.0000000000000E+00 0.0000000000000E+00 0.0000000000000E+00
 0.0000000000000E+00 3.4641016151378E-12 0.0000000000000E+00 0.0000000000000E+00
 0.0000000000000E+00 0.0000000000000E+00-1.5588457268120E-11 0.0000000000000E+00
 0.0000000000000E+00 0.0000000000000E+00 0.0000000000000E+00 5.3072277760302E-12
 0.0000000000000E+00 0.0000000000000E+00 0.0000000000000E+00 3.7571780393252E-02
 0.0000000000000E+00 0.0000000000000E+00-6.1237243569579E-12 0.0000000000000E+00
 0.0000000000000E+00 0.0000000000000E+00-1.8122209478631E-02 0.0000000000000E+00
 0.0000000000000E+00-1.5811388300842E-12 0.0000000000000E+00 0.0000000000000E+00
 0.0000000000000E+00 1.8100180675418E-03 0.0000000000000E+00 0.0000000000000E+00
 0.0000000000000E+00 0.0000000000000E+00 0.0000000000000E+00 0.0000000000000E+00
 0.0000000000000E+00 0.0000000000000E+00-1.3000000000000E-11 0.0000000000000E+00
 0.0000000000000E+00-3.6000000000000E-11 0.0000000000000E+00 0.0000000000000E+00
-3.3000000000000E-11 0.0000000000000E+00 0.0000000000000E+00-2.4000000000000E-11
 0.0000000000000E+00 0.0000000000000E+00 0.0000000000000E+00 8.6602540378444E-12
 0.0000000000000E+00 0.0000000000000E+00 0.0000000000000E+00 0.0000000000000E+00
-3.4641016151378E-12 0.0000000000000E+00 0.0000000000000E+00 0.0000000000000E+00
 0.0000000000000E+00 1.5588457268120E-11 0.0000000000000E+00 0.0000000000000E+00
 0.0000000000000E+00 0.0000000000000E+00 5.3072277760302E-12 0.0000000000000E+00
 0.0000000000000E+00 0.0000000000000E+00 3.7571780393252E-02 0.0000000000000E+00
 0.0000000000000E+00-6.1237243569579E-12 0.0000000000000E+00 0.0000000000000E+00
 0.0000000000000E+00-1.8122209478631E-02 0.0000000000000E+00 0.0000000000000E+00
 1.5811388300842E-12 0.0000000000000E+00 0.0000000000000E+00 0.0000000000000E+00
-1.8100180675418E-03 0.0000000000000E+00 0.0000000000000E+00 0.0000000000000E+00
 0.0000000000000E+00 0.0000000000000E+00 0.0000000000000E+00 0.0000000000000E+00
 4.0000000000000E-12 0.0000000000000E+00 0.0000000000000E+00-2.0000000000000E-12
 0.0000000000000E+00 0.0000000000000E+00-1.0000000000000E-12 0.0000000000000E+00
 0.0000000000000E+00 0.0000000000000E+00-5.1961524227066E-12 0.0000000000000E+00
 0.0000000000000E+00 0.0000000000000E+00 0.0000000000000E+00 1.7320508075689E-12
 0.0000000000000E+00 0.0000000000000E+00 0.0000000000000E+00 0.0000000000000E+00
 2.0412414523193E-12 0.0000000000000E+00 0.0000000000000E+00 0.0000000000000E+00
 1.9268580536586E-02 0.0000000000000E+00 0.0000000000000E+00 0.0000000000000E+00
 0.0000000000000E+00 0.0000000000000E+00 0.0000000000000E+00 4.0000000000000E-12
 0.0000000000000E+00 0.0000000000000E+00-2.0000000000000E-12 0.0000000000000E+00
 0.0000000000000E+00-1.0000000000000E-12 0.0000000000000E+00 0.0000000000000E+00
 0.0000000000000E+00 5.1961524227066E-12 0.0000000000000E+00 0.0000000000000E+00
 0.0000000000000E+00 0.0000000000000E+00-1.7320508075689E-12 0.0000000000000E+00
 0.0000000000000E+00 0.0000000000000E+00 0.0000000000000E+00 2.0412414523193E-12
 0.0000000000000E+00 0.0000000000000E+00 0.0000000000000E+00-1.9268580536586E-02
 0.0000000000000E+00 0.0000000000000E+00 0.0000000000000E+00 0.0000000000000E+00
 0.0000000000000E+00 0.0000000000000E+00-1.3000000000000E-11 0.0000000000000E+00
 0.0000000000000E+00-3.6000000000000E-11 0.0000000000000E+00 0.0000000000000E+00
-3.3000000000000E-11 0.0000000000000E+00 0.0000000000000E+00-2.4000000000000E-11
 0.0000000000000E+00 0.0000000000000E+00 0.0000000000000E+00-8.6602540378444E-12
 0.0000000000000E+00 0.0000000000000E+00 0.0000000000000E+00 0.0000000000000E+00
 3.4641016151378E-12 0.0000000000000E+00 0.0000000000000E+00 0.0000000000000E+00
 0.0000000000000E+00-1.5588457268120E-11 0.0000000000000E+00 0.0000000000000E+00
 0.0000000000000E+00 0.0000000000000E+00 5.3072277760302E-12 0.0000000000000E+00
 0.0000000000000E+00 0.0000000000000E+00-3.7571780393252E-02 0.0000000000000E+00
 0.0000000000000E+00-6.1237243569579E-12 0.0000000000000E+00 0.0000000000000E+00
 0.0000000000000E+00 1.8122209478631E-02 0.0000000000000E+00 0.0000000000000E+00
-1.5811388300842E-12 0.0000000000000E+00 0.0000000000000E+00 0.0000000000000E+00
-1.8100180675418E-03 0.0000000000000E+00 0.0000000000000E+00 0.0000000000000E+00
 0.0000000000000E+00 0.0000000000000E+00 0.0000000000000E+00 0.0000000000000E+00
 0.0000000000000E+00-1.3000000000000E-11 0.0000000000000E+00 0.0000000000000E+00
-3.6000000000000E-11 0.0000000000000E+00 0.0000000000000E+00-3.3000000000000E-11
 0.0000000000000E+00 0.0000000000000E+00-2.4000000000000E-11 0.0000000000000E+00
 0.0000000000000E+00 0.0000000000000E+00 8.6602540378444E-12 0.0000000000000E+00
 0.0000000000000E+00 0.0000000000000E+00 0.0000000000000E+00-3.4641016151378E-12
 0.0000000000000E+00 0.0000000000000E+00 0.0000000000000E+00 0.0000000000000E+00
 1.5588457268120E-11 0.0000000000000E+00 0.0000000000000E+00 0.0000000000000E+00
 0.0000000000000E+00 5.3072277760302E-12 0.0000000000000E+00 0.0000000000000E+00
 0.0000000000000E+00-3.7571780393252E-02 0.0000000000000E+00 0.0000000000000E+00
-6.1237243569579E-12 0.0000000000000E+00 0.0000000000000E+00 0.0000000000000E+00
 1.8122209478631E-02 0.0000000000000E+00 0.0000000000000E+00 1.5811388300842E-12
 0.0000000000000E+00 0.0000000000000E+00 0.0000000000000E+00 1.8100180675418E-03
 0.0000000000000E+00 0.0000000000000E+00 0.0000000000000E+00 0.0000000000000E+00
 0.0000000000000E+00 0.0000000000000E+00 0.0000000000000E+00 4.0000000000000E-12
 0.0000000000000E+00 0.0000000000000E+00-2.0000000000000E-12 0.0000000000000E+00
 0.0000000000000E+00-1.0000000000000E-12 0.0000000000000E+00 0.0000000000000E+00
 0.0000000000000E+00-5.1961524227066E-12 0.0000000000000E+00 0.0000000000000E+00
 0.0000000000000E+00 0.0000000000000E+00 1.7320508075689E-12 0.0000000000000E+00
 0.0000000000000E+00 0.0000000000000E+00 0.0000000000000E+00 2.0412414523193E-12
 0.0000000000000E+00 0.0000000000000E+00 0.0000000000000E+00-1.9268580536586E-02
-1.9341622136300E-01 1.1868807897500E+00 8.0717637259780E+00-5.6574799135800E-01
 0.0000000000000E+00 0.0000000000000E+00-1.4868898360900E-01 0.0000000000000E+00
 0.0000000000000E+00 1.3239325105650E+00 0.0000000000000E+00 0.0000000000000E+00
 2.8403984998220E+00 1.8401418247500E-02 0.0000000000000E+00 0.0000000000000E+00
 0.0000000000000E+00 0.0000000000000E+00 2.4588721490700E-01 0.0000000000000E+00
 0.0000000000000E+00 0.0000000000000E+00 0.0000000000000E+00-2.4985549496000E-01
 0.0000000000000E+00 0.0000000000000E+00 0.0000000000000E+00 0.0000000000000E+00
 0.0000000000000E+00 0.0000000000000E+00-6.0025946305000E-02-2.2175794888600E-01
 4.3570408227500E-01-1.2633299933178E+01-1.0695581462146E+01 0.0000000000000E+00
 0.0000000000000E+00 3.4870311143000E-01 0.0000000000000E+00 0.0000000000000E+00
-1.8591811040390E+00 0.0000000000000E+00 0.0000000000000E+00 1.4639944861770E+00
 0.0000000000000E+00 0.0000000000000E+00-3.0904728400340E+00-1.1794969124150E-01
 0.0000000000000E+00 0.0000000000000E+00 0.0000000000000E+00 0.0000000000000E+00
-1.2640154670575E+00 0.0000000000000E+00 0.0000000000000E+00 0.0000000000000E+00
 0.0000000000000E+00-1.5563198196465E+00 0.0000000000000E+00 0.0000000000000E+00
 0.0000000000000E+00 0.0000000000000E+00 3.0693386998400E-01 0.0000000000000E+00
 0.0000000000000E+00 0.0000000000000E+00 0.0000000000000E+00 0.0000000000000E+00
 0.0000000000000E+00-8.2332123990000E-01 0.0000000000000E+00 0.0000000000000E+00
 0.0000000000000E+00 0.0000000000000E+00 0.0000000000000E+00 0.0000000000000E+00
-7.8503176079700E-01 0.0000000000000E+00 0.0000000000000E+00 0.0000000000000E+00
 0.0000000000000E+00 0.0000000000000E+00 0.0000000000000E+00 1.4085904245475E-14
 0.0000000000000E+00 6.0025946305000E-02 2.2175794888600E-01-4.3570408227500E-01
 1.2633299933178E+01 1.0695581462146E+01 0.0000000000000E+00 0.0000000000000E+00
 3.4870311143000E-01 0.0000000000000E+00 0.0000000000000E+00-1.8591811040390E+00
 0.0000000000000E+00 0.0000000000000E+00 1.4639944861770E+00 0.0000000000000E+00
 0.0000000000000E+00-3.0904728400340E+00 1.1794969124150E-01 0.0000000000000E+00
 0.0000000000000E+00 0.0000000000000E+00 0.0000000000000E+00 1.2640154670575E+00
 0.0000000000000E+00 0.0000000000000E+00 0.0000000000000E+00 0.0000000000000E+00
 1.5563198196465E+00 0.0000000000000E+00 0.0000000000000E+00 0.0000000000000E+00
 0.0000000000000E+00 3.0693386998400E-01 0.0000000000000E+00 0.0000000000000E+00
 0.0000000000000E+00 0.0000000000000E+00 0.0000000000000E+00 0.0000000000000E+00
-8.2332123990000E-01 0.0000000000000E+00 0.0000000000000E+00 0.0000000000000E+00
 0.0000000000000E+00 0.0000000000000E+00 0.0000000000000E+00 7.8503176079700E-01
 0.0000000000000E+00 0.0000000000000E+00 0.0000000000000E+00 0.0000000000000E+00
 0.0000000000000E+00 0.0000000000000E+00-1.4085904245475E-14 0.0000000000000E+00
 1.9341622136300E-01-1.1868807897500E+00-8.0717637259780E+00 5.6574799135800E-01
 0.0000000000000E+00 0.0000000000000E+00-1.4868898360900E-01 0.0000000000000E+00
 0.0000000000000E+00 1.3239325105650E+00 0.0000000000000E+00 0.0000000000000E+00
 2.8403984998220E+00-1.8401418247500E-02 0.0000000000000E+00 0.0000000000000E+00
 0.0000000000000E+00 0.0000000000000E+00-2.4588721490700E-01 0.0000000000000E+00
 0.0000000000000E+00 0.0000000000000E+00 0.0000000000000E+00-2.4985549496000E-01
 0.0000000000000E+00 0.0000000000000E+00 0.0000000000000E+00 0.0000000000000E+00
 0.0000000000000E+00 0.0000000000000E+00 0.0000000000000E+00 0.0000000000000E+00
 0.0000000000000E+00 0.0000000000000E+00-5.7350854512000E-02 0.0000000000000E+00
 0.0000000000000E+00 1.1990824786430E+00 0.0000000000000E+00 0.0000000000000E+00
 1.1930581495300E+00 0.0000000000000E+00 0.0000000000000E+00 0.0000000000000E+00
 9.9084496418951E-03 0.0000000000000E+00 0.0000000000000E+00 0.0000000000000E+00
 0.0000000000000E+00 2.1169901251948E+00 0.0000000000000E+00 0.0000000000000E+00
 0.0000000000000E+00 0.0000000000000E+00 7.6258658468502E-02 0.0000000000000E+00
 0.0000000000000E+00 0.0000000000000E+00 2.1081851067789E-13 0.0000000000000E+00
 0.0000000000000E+00 0.0000000000000E+00 0.0000000000000E+00 0.0000000000000E+00
 0.0000000000000E+00 8.0166936312700E-01 0.0000000000000E+00 0.0000000000000E+00
-9.4614892481600E-01 0.0000000000000E+00 0.0000000000000E+00 9.1313050251300E-01
 0.0000000000000E+00 0.0000000000000E+00 1.0669294306700E-01 0.0000000000000E+00
 0.0000000000000E+00 0.0000000000000E+00-8.7414670689318E-01 0.0000000000000E+00
 0.0000000000000E+00 0.0000000000000E+00 0.0000000000000E+00 4.0870735244465E+00
 0.0000000000000E+00 0.0000000000000E+00 0.0000000000000E+00 0.0000000000000E+00
 2.5480303409763E+00 0.0000000000000E+00 0.0000000000000E+00 0.0000000000000E+00
 0.0000000000000E+00 1.2490671103785E-01 0.0000000000000E+00 0.0000000000000E+00
 0.0000000000000E+00-1.7392527130926E-12 0.0000000000000E+00 0.0000000000000E+00
-2.1740317662973E-01 0.0000000000000E+00 0.0000000000000E+00 0.0000000000000E+00
 8.9597867038104E-13 0.0000000000000E+00 0.0000000000000E+00 2.8917285827782E-01
 0.0000000000000E+00 0.0000000000000E+00 0.0000000000000E+00 5.9761430466720E-14
 0.0000000000000E+00 0.0000000000000E+00 0.0000000000000E+00 0.0000000000000E+00
 0.0000000000000E+00 0.0000000000000E+00 0.0000000000000E+00 0.0000000000000E+00
-8.0166936312700E-01 0.0000000000000E+00 0.0000000000000E+00 9.4614892481600E-01
 0.0000000000000E+00 0.0000000000000E+00-9.1313050251300E-01 0.0000000000000E+00
 0.0000000000000E+00-1.0669294306700E-01 0.0000000000000E+00 0.0000000000000E+00
 0.0000000000000E+00-8.7414670689318E-01 0.0000000000000E+00 0.0000000000000E+00
 0.0000000000000E+00 0.0000000000000E+00 4.0870735244465E+00 0.0000000000000E+00
 0.0000000000000E+00 0.0000000000000E+00 0.0000000000000E+00 2.5480303409763E+00
 0.0000000000000E+00 0.0000000000000E+00 0.0000000000000E+00 0.0000000000000E+00
-1.2490671103785E-01 0.0000000000000E+00 0.0000000000000E+00 0.0000000000000E+00
 1.7392527130926E-12 0.0000000000000E+00 0.0000000000000E+00 2.1740317662973E-01
 0.0000000000000E+00 0.0000000000000E+00 0.0000000000000E+00-8.9597867038104E-13
 0.0000000000000E+00 0.0000000000000E+00 2.8917285827782E-01 0.0000000000000E+00
 0.0000000000000E+00 0.0000000000000E+00 5.9761430466720E-14 0.0000000000000E+00
 0.0000000000000E+00 0.0000000000000E+00 0.0000000000000E+00 0.0000000000000E+00
 0.0000000000000E+00 0.0000000000000E+00 5.7350854512000E-02 0.0000000000000E+00
 0.0000000000000E+00-1.1990824786430E+00 0.0000000000000E+00 0.0000000000000E+00
-1.1930581495300E+00 0.0000000000000E+00 0.0000000000000E+00 0.0000000000000E+00
 9.9084496418951E-03 0.0000000000000E+00 0.0000000000000E+00 0.0000000000000E+00
 0.0000000000000E+00 2.1169901251948E+00 0.0000000000000E+00 0.0000000000000E+00
 0.0000000000000E+00 0.0000000000000E+00-7.6258658468502E-02 0.0000000000000E+00
 0.0000000000000E+00 0.0000000000000E+00-2.1081851067789E-13 0.0000000000000E+00
 0.0000000000000E+00 0.0000000000000E+00 0.0000000000000E+00 0.0000000000000E+00
 0.0000000000000E+00 5.7350854512000E-02 0.0000000000000E+00 0.0000000000000E+00
-1.1990824786430E+00 0.0000000000000E+00 0.0000000000000E+00-1.1930581495300E+00
 0.0000000000000E+00 0.0000000000000E+00 0.0000000000000E+00-9.9084496418951E-03
 0.0000000000000E+00 0.0000000000000E+00 0.0000000000000E+00 0.0000000000000E+00
-2.1169901251948E+00 0.0000000000000E+00 0.0000000000000E+00 0.0000000000000E+00
 0.0000000000000E+00-7.6258658468502E-02 0.0000000000000E+00 0.0000000000000E+00
 0.0000000000000E+00 2.1081851067789E-13 0.0000000000000E+00 0.0000000000000E+00
 0.0000000000000E+00 0.0000000000000E+00 0.0000000000000E+00 0.0000000000000E+00
-8.0166936312700E-01 0.0000000000000E+00 0.0000000000000E+00 9.4614892481600E-01
 0.0000000000000E+00 0.0000000000000E+00-9.1313050251200E-01 0.0000000000000E+00
 0.0000000000000E+00-1.0669294306700E-01 0.0000000000000E+00 0.0000000000000E+00
 0.0000000000000E+00 8.7414670689318E-01 0.0000000000000E+00 0.0000000000000E+00
 0.0000000000000E+00 0.0000000000000E+00-4.0870735244465E+00 0.0000000000000E+00
 0.0000000000000E+00 0.0000000000000E+00 0.0000000000000E+00-2.5480303409763E+00
 0.0000000000000E+00 0.0000000000000E+00 0.0000000000000E+00 0.0000000000000E+00
-1.2490671103785E-01 0.0000000000000E+00 0.0000000000000E+00 0.0000000000000E+00
-1.7392527130926E-12 0.0000000000000E+00 0.0000000000000E+00 2.1740317663014E-01
 0.0000000000000E+00 0.0000000000000E+00 0.0000000000000E+00 8.9597867038104E-13
 0.0000000000000E+00 0.0000000000000E+00-2.8917285827782E-01 0.0000000000000E+00
 0.0000000000000E+00 0.0000000000000E+00 5.9761430466720E-14 0.0000000000000E+00
 0.0000000000000E+00 0.0000000000000E+00 0.0000000000000E+00 0.0000000000000E+00
 0.0000000000000E+00 0.0000000000000E+00 0.0000000000000E+00 8.0166936312700E-01
 0.0000000000000E+00 0.0000000000000E+00-9.4614892481600E-01 0.0000000000000E+00
 0.0000000000000E+00 9.1313050251200E-01 0.0000000000000E+00 0.0000000000000E+00
 1.0669294306700E-01 0.0000000000000E+00 0.0000000000000E+00 0.0000000000000E+00
 8.7414670689318E-01 0.0000000000000E+00 0.0000000000000E+00 0.0000000000000E+00
 0.0000000000000E+00-4.0870735244465E+00 0.0000000000000E+00 0.0000000000000E+00
 0.0000000000000E+00 0.0000000000000E+00-2.5480303409763E+00 0.0000000000000E+00
 0.0000000000000E+00 0.0000000000000E+00 0.0000000000000E+00 1.2490671103785E-01
 0.0000000000000E+00 0.0000000000000E+00 0.0000000000000E+00 1.7392527130926E-12
 0.0000000000000E+00 0.0000000000000E+00-2.1740317663014E-01 0.0000000000000E+00
 0.0000000000000E+00 0.0000000000000E+00-8.9597867038104E-13 0.0000000000000E+00
 0.0000000000000E+00-2.8917285827782E-01 0.0000000000000E+00 0.0000000000000E+00
 0.0000000000000E+00 5.9761430466720E-14 0.0000000000000E+00 0.0000000000000E+00
 0.0000000000000E+00 0.0000000000000E+00 0.0000000000000E+00 0.0000000000000E+00
 0.0000000000000E+00-5.7350854512000E-02 0.0000000000000E+00 0.0000000000000E+00
 1.1990824786430E+00 0.0000000000000E+00 0.0000000000000E+00 1.1930581495300E+00
 0.0000000000000E+00 0.0000000000000E+00 0.0000000000000E+00-9.9084496418951E-03
 0.0000000000000E+00 0.0000000000000E+00 0.0000000000000E+00 0.0000000000000E+00
-2.1169901251948E+00 0.0000000000000E+00 0.0000000000000E+00 0.0000000000000E+00
 0.0000000000000E+00 7.6258658468502E-02 0.0000000000000E+00 0.0000000000000E+00
 0.0000000000000E+00-2.1081851067789E-13 0.0000000000000E+00 0.0000000000000E+00
 0.0000000000000E+00 0.0000000000000E+00 0.0000000000000E+00 0.0000000000000E+00
 0.0000000000000E+00 0.0000000000000E+00 0.0000000000000E+00 0.0000000000000E+00
 0.0000000000000E+00 0.0000000000000E+00 0.0000000000000E+00 0.0000000000000E+00
 0.0000000000000E+00 0.0000000000000E+00-1.4339100341323E-02 0.0000000000000E+00
 0.0000000000000E+00 0.0000000000000E+00 0.0000000000000E+00-6.6318298303979E-02
 0.0000000000000E+00 0.0000000000000E+00 0.0000000000000E+00 0.0000000000000E+00
 1.0919594321497E-02 0.0000000000000E+00 0.0000000000000E+00 0.0000000000000E+00
 0.0000000000000E+00 0.0000000000000E+00 0.0000000000000E+00 0.0000000000000E+00
 0.0000000000000E+00 0.0000000000000E+00 0.0000000000000E+00 0.0000000000000E+00
 0.0000000000000E+00 0.0000000000000E+00 0.0000000000000E+00 0.0000000000000E+00
 0.0000000000000E+00 0.0000000000000E+00 0.0000000000000E+00 0.0000000000000E+00
 0.0000000000000E+00 0.0000000000000E+00 0.0000000000000E+00 0.0000000000000E+00
-8.0229474965286E-01 0.0000000000000E+00 0.0000000000000E+00 0.0000000000000E+00
 0.0000000000000E+00 6.0501492673033E-01 0.0000000000000E+00 0.0000000000000E+00
 0.0000000000000E+00 0.0000000000000E+00-1.6624591155421E-01 0.0000000000000E+00
 0.0000000000000E+00 0.0000000000000E+00 0.0000000000000E+00 2.5640633520602E-02
 0.0000000000000E+00 0.0000000000000E+00 0.0000000000000E+00 0.0000000000000E+00
 0.0000000000000E+00 0.0000000000000E+00-2.0187215362819E-02 0.0000000000000E+00
 0.0000000000000E+00 0.0000000000000E+00 0.0000000000000E+00 0.0000000000000E+00
 0.0000000000000E+00 2.5211864545535E-03 0.0000000000000E+00 0.0000000000000E+00
 0.0000000000000E+00 0.0000000000000E+00 0.0000000000000E+00 0.0000000000000E+00
 0.0000000000000E+00 0.0000000000000E+00 0.0000000000000E+00 0.0000000000000E+00
 0.0000000000000E+00 0.0000000000000E+00 0.0000000000000E+00 0.0000000000000E+00
 0.0000000000000E+00 0.0000000000000E+00 0.0000000000000E+00 0.0000000000000E+00
 0.0000000000000E+00 0.0000000000000E+00 0.0000000000000E+00 0.0000000000000E+00
 0.0000000000000E+00 0.0000000000000E+00 0.0000000000000E+00-8.0229474965286E-01
 0.0000000000000E+00 0.0000000000000E+00 0.0000000000000E+00 0.0000000000000E+00
 6.0501492673033E-01 0.0000000000000E+00 0.0000000000000E+00 0.0000000000000E+00
 0.0000000000000E+00-1.6624591155421E-01 0.0000000000000E+00 0.0000000000000E+00
 0.0000000000000E+00 0.0000000000000E+00-2.5640633520602E-02 0.0000000000000E+00
 0.0000000000000E+00 0.0000000000000E+00 0.0000000000000E+00 0.0000000000000E+00
 0.0000000000000E+00 2.0187215362819E-02 0.0000000000000E+00 0.0000000000000E+00
 0.0000000000000E+00 0.0000000000000E+00 0.0000000000000E+00 0.0000000000000E+00
 2.5211864545535E-03 0.0000000000000E+00 0.0000000000000E+00 0.0000000000000E+00
 0.0000000000000E+00 0.0000000000000E+00 0.0000000000000E+00 0.0000000000000E+00
 0.0000000000000E+00 0.0000000000000E+00 0.0000000000000E+00 0.0000000000000E+00
 0.0000000000000E+00 0.0000000000000E+00 0.0000000000000E+00 0.0000000000000E+00
 0.0000000000000E+00 0.0000000000000E+00 0.0000000000000E+00 0.0000000000000E+00
 0.0000000000000E+00 0.0000000000000E+00-1.4339100341323E-02 0.0000000000000E+00
 0.0000000000000E+00 0.0000000000000E+00 0.0000000000000E+00-6.6318298303979E-02
 0.0000000000000E+00 0.0000000000000E+00 0.0000000000000E+00 0.0000000000000E+00
-1.0919594321497E-02 0.0000000000000E+00 0.0000000000000E+00 0.0000000000000E+00
 0.0000000000000E+00 0.0000000000000E+00 0.0000000000000E+00 0.0000000000000E+00
 0.0000000000000E+00 0.0000000000000E+00 0.0000000000000E+00 0.0000000000000E+00
 0.0000000000000E+00 0.0000000000000E+00 0.0000000000000E+00 0.0000000000000E+00
 0.0000000000000E+00 0.0000000000000E+00 0.0000000000000E+00 0.0000000000000E+00
 0.0000000000000E+00-2.8678200682646E-02 0.0000000000000E+00 0.0000000000000E+00
 0.0000000000000E+00 0.0000000000000E+00-1.3263659660103E-01 0.0000000000000E+00
 0.0000000000000E+00 0.0000000000000E+00 0.0000000000000E+00 1.0919594321885E-02
 0.0000000000000E+00 0.0000000000000E+00 0.0000000000000E+00 0.0000000000000E+00
 0.0000000000000E+00 0.0000000000000E+00 0.0000000000000E+00 0.0000000000000E+00
 0.0000000000000E+00 0.0000000000000E+00 0.0000000000000E+00 0.0000000000000E+00
 0.0000000000000E+00 0.0000000000000E+00 0.0000000000000E+00 0.0000000000000E+00
 0.0000000000000E+00 0.0000000000000E+00 0.0000000000000E+00 0.0000000000000E+00
 0.0000000000000E+00 0.0000000000000E+00 0.0000000000000E+00-1.6045894993074E+00
 0.0000000000000E+00 0.0000000000000E+00 0.0000000000000E+00 0.0000000000000E+00
 1.2100298534572E+00 0.0000000000000E+00 0.0000000000000E+00 0.0000000000000E+00
 0.0000000000000E+00-3.3249182311016E-01 0.0000000000000E+00 0.0000000000000E+00
 0.0000000000000E+00 0.0000000000000E+00 2.5640633520215E-02 0.0000000000000E+00
 0.0000000000000E+00 0.0000000000000E+00 0.0000000000000E+00 0.0000000000000E+00
 0.0000000000000E+00-2.0187215362302E-02 0.0000000000000E+00 0.0000000000000E+00
 0.0000000000000E+00 0.0000000000000E+00 0.0000000000000E+00 0.0000000000000E+00
 2.5211864541808E-03 0.0000000000000E+00 0.0000000000000E+00 0.0000000000000E+00
 0.0000000000000E+00 0.0000000000000E+00 0.0000000000000E+00 0.0000000000000E+00
 0.0000000000000E+00 0.0000000000000E+00 0.0000000000000E+00 0.0000000000000E+00
 0.0000000000000E+00 0.0000000000000E+00 0.0000000000000E+00 0.0000000000000E+00
 0.0000000000000E+00 0.0000000000000E+00 0.0000000000000E+00 0.0000000000000E+00
 0.0000000000000E+00 0.0000000000000E+00 0.0000000000000E+00 0.0000000000000E+00
 0.0000000000000E+00 0.0000000000000E+00-1.6045894993074E+00 0.0000000000000E+00
 0.0000000000000E+00 0.0000000000000E+00 0.0000000000000E+00 1.2100298534572E+00
 0.0000000000000E+00 0.0000000000000E+00 0.0000000000000E+00 0.0000000000000E+00
-3.3249182311016E-01 0.0000000000000E+00 0.0000000000000E+00 0.0000000000000E+00
 0.0000000000000E+00-2.5640633520215E-02 0.0000000000000E+00 0.0000000000000E+00
 0.0000000000000E+00 0.0000000000000E+00 0.0000000000000E+00 0.0000000000000E+00
 2.0187215362302E-02 0.0000000000000E+00 0.0000000000000E+00 0.0000000000000E+00
 0.0000000000000E+00 0.0000000000000E+00 0.0000000000000E+00 2.5211864541808E-03
 0.0000000000000E+00 0.0000000000000E+00 0.0000000000000E+00 0.0000000000000E+00
 0.0000000000000E+00 0.0000000000000E+00 0.0000000000000E+00 0.0000000000000E+00
 0.0000000000000E+00 0.0000000000000E+00 0.0000000000000E+00 0.0000000000000E+00
 0.0000000000000E+00 0.0000000000000E+00 0.0000000000000E+00 0.0000000000000E+00
 0.0000000000000E+00 0.0000000000000E+00 0.0000000000000E+00 0.0000000000000E+00
 0.0000000000000E+00-2.8678200682646E-02 0.0000000000000E+00 0.0000000000000E+00
 0.0000000000000E+00 0.0000000000000E+00-1.3263659660103E-01 0.0000000000000E+00
 0.0000000000000E+00 0.0000000000000E+00 0.0000000000000E+00-1.0919594321885E-02
 0.0000000000000E+00 0.0000000000000E+00 0.0000000000000E+00 0.0000000000000E+00
 0.0000000000000E+00 0.0000000000000E+00-1.0000000000000E-12 0.0000000000000E+00
 0.0000000000000E+00 3.0000000000000E-12 0.0000000000000E+00 0.0000000000000E+00
 2.0000000000000E-12 0.0000000000000E+00 0.0000000000000E+00 0.0000000000000E+00
 0.0000000000000E+00 0.0000000000000E+00 0.0000000000000E+00 0.0000000000000E+00
 0.0000000000000E+00 1.7320508075689E-12 0.0000000000000E+00 0.0000000000000E+00
 0.0000000000000E+00 0.0000000000000E+00-4.0824829046386E-13 0.0000000000000E+00
 0.0000000000000E+00 0.0000000000000E+00 3.2073764086790E-02 0.0000000000000E+00
 0.0000000000000E+00 0.0000000000000E+00 0.0000000000000E+00 0.0000000000000E+00
 0.0000000000000E+00 1.1000000000000E-11 0.0000000000000E+00 0.0000000000000E+00
 2.7000000000000E-11 0.0000000000000E+00 0.0000000000000E+00 2.7000000000000E-11
 0.0000000000000E+00 0.0000000000000E+00 1.7000000000000E-11 0.0000000000000E+00
 0.0000000000000E+00 0.0000000000000E+00 3.4641016151378E-12 0.0000000000000E+00
 0.0000000000000E+00 0.0000000000000E+00 0.0000000000000E+00 3.4641016151378E-12
 0.0000000000000E+00 0.0000000000000E+00 0.0000000000000E+00 0.0000000000000E+00
 5.1961524227066E-12 0.0000000000000E+00 0.0000000000000E+00 0.0000000000000E+00
 0.0000000000000E+00-4.0824829046386E-13 0.0000000000000E+00 0.0000000000000E+00
 0.0000000000000E+00-2.1951225068043E-02 0.0000000000000E+00 0.0000000000000E+00
 4.0824829046386E-13 0.0000000000000E+00 0.0000000000000E+00 0.0000000000000E+00
 4.0176444754349E-03 0.0000000000000E+00 0.0000000000000E+00 6.3245553203368E-13
 0.0000000000000E+00 0.0000000000000E+00 0.0000000000000E+00 4.9712606526851E-03
 0.0000000000000E+00 0.0000000000000E+00 0.0000000000000E+00 0.0000000000000E+00
 0.0000000000000E+00 0.0000000000000E+00 0.0000000000000E+00 0.0000000000000E+00
 1.1000000000000E-11 0.0000000000000E+00 0.0000000000000E+00 2.7000000000000E-11
 0.0000000000000E+00 0.0000000000000E+00 2.7000000000000E-11 0.0000000000000E+00
 0.0000000000000E+00 1.7000000000000E-11 0.0000000000000E+00 0.0000000000000E+00
 0.0000000000000E+00-3.4641016151378E-12 0.0000000000000E+00 0.0000000000000E+00
 0.0000000000000E+00 0.0000000000000E+00-3.4641016151378E-12 0.0000000000000E+00
 0.0000000000000E+00 0.0000000000000E+00 0.0000000000000E+00-5.1961524227066E-12
 0.0000000000000E+00 0.0000000000000E+00 0.0000000000000E+00 0.0000000000000E+00
-4.0824829046386E-13 0.0000000000000E+00 0.0000000000000E+00 0.0000000000000E+00
-2.1951225068043E-02 0.0000000000000E+00 0.0000000000000E+00 4.0824829046386E-13
 0.0000000000000E+00 0.0000000000000E+00 0.0000000000000E+00 4.0176444754349E-03
 0.0000000000000E+00 0.0000000000000E+00-6.3245553203368E-13 0.0000000000000E+00
 0.0000000000000E+00 0.0000000000000E+00-4.9712606526851E-03 0.0000000000000E+00
 0.0000000000000E+00 0.0000000000000E+00 0.0000000000000E+00 0.0000000000000E+00
 0.0000000000000E+00 0.0000000000000E+00-1.0000000000000E-12 0.0000000000000E+00
 0.0000000000000E+00 3.0000000000000E-12 0.0000000000000E+00 0.0000000000000E+00
 2.0000000000000E-12 0.0000000000000E+00 0.0000000000000E+00 0.0000000000000E+00
 0.0000000000000E+00 0.0000000000000E+00 0.0000000000000E+00 0.0000000000000E+00
 0.0000000000000E+00-1.7320508075689E-12 0.0000000000000E+00 0.0000000000000E+00
 0.0000000000000E+00 0.0000000000000E+00-4.0824829046386E-13 0.0000000000000E+00
 0.0000000000000E+00 0.0000000000000E+00 3.2073764086790E-02 0.0000000000000E+00
 0.0000000000000E+00 0.0000000000000E+00 0.0000000000000E+00 0.0000000000000E+00
 0.0000000000000E+00-1.0000000000000E-12 0.0000000000000E+00 0.0000000000000E+00
 3.0000000000000E-12 0.0000000000000E+00 0.0000000000000E+00 2.0000000000000E-12
 0.0000000000000E+00 0.0000000000000E+00 0.0000000000000E+00 0.0000000000000E+00
 0.0000000000000E+00 0.0000000000000E+00 0.0000000000000E+00 0.0000000000000E+00
 1.7320508075689E-12 0.0000000000000E+00 0.0000000000000E+00 0.0000000000000E+00
 0.0000000000000E+00-4.0824829046386E-13 0.0000000000000E+00 0.0000000000000E+00
 0.0000000000000E+00-3.2073764086790E-02 0.0000000000000E+00 0.0000000000000E+00
 0.0000000000000E+00 0.0000000000000E+00 0.0000000000000E+00 0.0000000000000E+00
 1.1000000000000E-11 0.0000000000000E+00 0.0000000000000E+00 2.7000000000000E-11
 0.0000000000000E+00 0.0000000000000E+00 2.7000000000000E-11 0.0000000000000E+00
 0.0000000000000E+00 1.7000000000000E-11 0.0000000000000E+00 0.0000000000000E+00
 0.0000000000000E+00 3.4641016151378E-12 0.0000000000000E+00 0.0000000000000E+00
 0.0000000000000E+00 0.0000000000000E+00 3.4641016151378E-12 0.0000000000000E+00
 0.0000000000000E+00 0.0000000000000E+00 0.0000000000000E+00 5.1961524227066E-12
 0.0000000000000E+00 0.0000000000000E+00 0.0000000000000E+00 0.0000000000000E+00
-4.0824829046386E-13 0.0000000000000E+00 0.0000000000000E+00 0.0000000000000E+00
 2.1951225068043E-02 0.0000000000000E+00 0.0000000000000E+00 4.0824829046386E-13
 0.0000000000000E+00 0.0000000000000E+00 0.0000000000000E+00-4.0176444754349E-03
 0.0000000000000E+00 0.0000000000000E+00 6.3245553203368E-13 0.0000000000000E+00
 0.0000000000000E+00 0.0000000000000E+00-4.9712606526851E-03 0.0000000000000E+00
 0.0000000000000E+00 0.0000000000000E+00 0.0000000000000E+00 0.0000000000000E+00
 0.0000000000000E+00 0.0000000000000E+00 0.0000000000000E+00 1.1000000000000E-11
 0.0000000000000E+00 0.0000000000000E+00 2.7000000000000E-11 0.0000000000000E+00
 0.0000000000000E+00 2.7000000000000E-11 0.0000000000000E+00 0.0000000000000E+00
 1.7000000000000E-11 0.0000000000000E+00 0.0000000000000E+00 0.0000000000000E+00
-3.4641016151378E-12 0.0000000000000E+00 0.0000000000000E+00 0.0000000000000E+00
 0.0000000000000E+00-3.4641016151378E-12 0.0000000000000E+00 0.0000000000000E+00
 0.0000000000000E+00 0.0000000000000E+00-5.1961524227066E-12 0.0000000000000E+00
 0.0000000000000E+00 0.0000000000000E+00 0.0000000000000E+00-4.0824829046386E-13
 0.0000000000000E+00 0.0000000000000E+00 0.0000000000000E+00 2.1951225068043E-02
 0.0000000000000E+00 0.0000000000000E+00 4.0824829046386E-13 0.0000000000000E+00
 0.0000000000000E+00 0.0000000000000E+00-4.0176444754349E-03 0.0000000000000E+00
 0.0000000000000E+00-6.3245553203368E-13 0.0000000000000E+00 0.0000000000000E+00
 0.0000000000000E+00 4.9712606526851E-03 0.0000000000000E+00 0.0000000000000E+00
 0.0000000000000E+00 0.0000000000000E+00 0.0000000000000E+00 0.0000000000000E+00
 0.0000000000000E+00-1.0000000000000E-12 0.0000000000000E+00 0.0000000000000E+00
 3.0000000000000E-12 0.0000000000000E+00 0.0000000000000E+00 2.0000000000000E-12
 0.0000000000000E+00 0.0000000000000E+00 0.0000000000000E+00 0.0000000000000E+00
 0.0000000000000E+00 0.0000000000000E+00 0.0000000000000E+00 0.0000000000000E+00
-1.7320508075689E-12 0.0000000000000E+00 0.0000000000000E+00 0.0000000000000E+00
 0.0000000000000E+00-4.0824829046386E-13 0.0000000000000E+00 0.0000000000000E+00
 0.0000000000000E+00-3.2073764086790E-02 0.0000000000000E+00 0.0000000000000E+00
 0.0000000000000E+00 0.0000000000000E+00 0.0000000000000E+00 1.0000000000000E-12
 0.0000000000000E+00 0.0000000000000E+00 3.5000000000000E-11 0.0000000000000E+00
 0.0000000000000E+00 4.6000000000000E-11 0.0000000000000E+00 0.0000000000000E+00
 0.0000000000000E+00 3.4641016151378E-12 0.0000000000000E+00 0.0000000000000E+00
 0.0000000000000E+00 0.0000000000000E+00 6.7549981495186E-11 0.0000000000000E+00
 0.0000000000000E+00 0.0000000000000E+00 0.0000000000000E+00 2.0412414523193E-12
 0.0000000000000E+00 0.0000000000000E+00 0.0000000000000E+00 6.4702989879908E-03
 0.0000000000000E+00 0.0000000000000E+00 0.0000000000000E+00 0.0000000000000E+00
 0.0000000000000E+00 0.0000000000000E+00 3.4000000000000E-11 0.0000000000000E+00
 0.0000000000000E+00-4.9000000000000E-11 0.0000000000000E+00 0.0000000000000E+00
 4.0000000000000E-11 0.0000000000000E+00 0.0000000000000E+00 1.0000000000000E-12
 0.0000000000000E+00 0.0000000000000E+00 0.0000000000000E+00-3.4641016151378E-11
 0.0000000000000E+00 0.0000000000000E+00 0.0000000000000E+00 0.0000000000000E+00
 1.2297560733739E-10 0.0000000000000E+00 0.0000000000000E+00 0.0000000000000E+00
 0.0000000000000E+00 9.6994845223857E-11 0.0000000000000E+00 0.0000000000000E+00
 0.0000000000000E+00 0.0000000000000E+00 5.7154760664941E-12 0.0000000000000E+00
 0.0000000000000E+00 0.0000000000000E+00-4.3793804286926E-02 0.0000000000000E+00
 0.0000000000000E+00-9.3897106806688E-12 0.0000000000000E+00 0.0000000000000E+00
 0.0000000000000E+00 2.4088891334770E-02 0.0000000000000E+00 0.0000000000000E+00
 7.9056941504209E-12 0.0000000000000E+00 0.0000000000000E+00 0.0000000000000E+00
 2.5476095276674E-03 0.0000000000000E+00 0.0000000000000E+00 0.0000000000000E+00
 0.0000000000000E+00 0.0000000000000E+00 0.0000000000000E+00 0.0000000000000E+00
 0.0000000000000E+00-3.4000000000000E-11 0.0000000000000E+00 0.0000000000000E+00
 4.9000000000000E-11 0.0000000000000E+00 0.0000000000000E+00-4.0000000000000E-11
 0.0000000000000E+00 0.0000000000000E+00-1.0000000000000E-12 0.0000000000000E+00
 0.0000000000000E+00 0.0000000000000E+00-3.4641016151378E-11 0.0000000000000E+00
 0.0000000000000E+00 0.0000000000000E+00 0.0000000000000E+00 1.2297560733739E-10
 0.0000000000000E+00 0.0000000000000E+00 0.0000000000000E+00 0.0000000000000E+00
 9.6994845223857E-11 0.0000000000000E+00 0.0000000000000E+00 0.0000000000000E+00
 0.0000000000000E+00-5.7154760664941E-12 0.0000000000000E+00 0.0000000000000E+00
 0.0000000000000E+00 4.3793804286926E-02 0.0000000000000E+00 0.0000000000000E+00
 9.3897106806688E-12 0.0000000000000E+00 0.0000000000000E+00 0.0000000000000E+00
-2.4088891334770E-02 0.0000000000000E+00 0.0000000000000E+00 7.9056941504209E-12
 0.0000000000000E+00 0.0000000000000E+00 0.0000000000000E+00 2.5476095276674E-03
 0.0000000000000E+00 0.0000000000000E+00 0.0000000000000E+00 0.0000000000000E+00
 0.0000000000000E+00 0.0000000000000E+00 0.0000000000000E+00-1.0000000000000E-12
 0.0000000000000E+00 0.0000000000000E+00-3.5000000000000E-11 0.0000000000000E+00
 0.0000000000000E+00-4.6000000000000E-11 0.0000000000000E+00 0.0000000000000E+00
 0.0000000000000E+00 3.4641016151378E-12 0.0000000000000E+00 0.0000000000000E+00
 0.0000000000000E+00 0.0000000000000E+00 6.7549981495186E-11 0.0000000000000E+00
 0.0000000000000E+00 0.0000000000000E+00 0.0000000000000E+00-2.0412414523193E-12
 0.0000000000000E+00 0.0000000000000E+00 0.0000000000000E+00-6.4702989879908E-03
 0.0000000000000E+00 0.0000000000000E+00 0.0000000000000E+00 0.0000000000000E+00
-1.0000000000000E-12 0.0000000000000E+00 0.0000000000000E+00-3.5000000000000E-11
 0.0000000000000E+00 0.0000000000000E+00-4.6000000000000E-11 0.0000000000000E+00
 0.0000000000000E+00 0.0000000000000E+00-3.4641016151378E-12 0.0000000000000E+00
 0.0000000000000E+00 0.0000000000000E+00 0.0000000000000E+00-6.7549981495186E-11
 0.0000000000000E+00 0.0000000000000E+00 0.0000000000000E+00 0.0000000000000E+00
-2.0412414523193E-12 0.0000000000000E+00 0.0000000000000E+00 0.0000000000000E+00
 6.4702989879908E-03 0.0000000000000E+00 0.0000000000000E+00 0.0000000000000E+00
 0.0000000000000E+00 0.0000000000000E+00 0.0000000000000E+00-3.4000000000000E-11
 0.0000000000000E+00 0.0000000000000E+00 4.9000000000000E-11 0.0000000000000E+00
 0.0000000000000E+00-4.0000000000000E-11 0.0000000000000E+00 0.0000000000000E+00
-1.0000000000000E-12 0.0000000000000E+00 0.0000000000000E+00 0.0000000000000E+00
 3.4641016151378E-11 0.0000000000000E+00 0.0000000000000E+00 0.0000000000000E+00
 0.0000000000000E+00-1.2297560733739E-10 0.0000000000000E+00 0.0000000000000E+00
 0.0000000000000E+00 0.0000000000000E+00-9.6994845223857E-11 0.0000000000000E+00
 0.0000000000000E+00 0.0000000000000E+00 0.0000000000000E+00-5.7154760664941E-12
 0.0000000000000E+00 0.0000000000000E+00 0.0000000000000E+00-4.3793804286926E-02
 0.0000000000000E+00 0.0000000000000E+00 9.3897106806688E-12 0.0000000000000E+00
 0.0000000000000E+00 0.0000000000000E+00 2.4088891334770E-02 0.0000000000000E+00
 0.0000000000000E+00-7.9056941504209E-12 0.0000000000000E+00 0.0000000000000E+00
 0.0000000000000E+00 2.5476095276674E-03 0.0000000000000E+00 0.0000000000000E+00
 0.0000000000000E+00 0.0000000000000E+00 0.0000000000000E+00 0.0000000000000E+00
 0.0000000000000E+00 0.0000000000000E+00 3.4000000000000E-11 0.0000000000000E+00
 0.0000000000000E+00-4.9000000000000E-11 0.0000000000000E+00 0.0000000000000E+00
 4.0000000000000E-11 0.0000000000000E+00 0.0000000000000E+00 1.0000000000000E-12
 0.0000000000000E+00 0.0000000000000E+00 0.0000000000000E+00 3.4641016151378E-11
 0.0000000000000E+00 0.0000000000000E+00 0.0000000000000E+00 0.0000000000000E+00
-1.2297560733739E-10 0.0000000000000E+00 0.0000000000000E+00 0.0000000000000E+00
 0.0000000000000E+00-9.6994845223857E-11 0.0000000000000E+00 0.0000000000000E+00
 0.0000000000000E+00 0.0000000000000E+00 5.7154760664941E-12 0.0000000000000E+00
 0.0000000000000E+00 0.0000000000000E+00 4.3793804286926E-02 0.0000000000000E+00
 0.0000000000000E+00-9.3897106806688E-12 0.0000000000000E+00 0.0000000000000E+00
 0.0000000000000E+00-2.4088891334770E-02 0.0000000000000E+00 0.0000000000000E+00
-7.9056941504209E-12 0.0000000000000E+00 0.0000000000000E+00 0.0000000000000E+00
 2.5476095276674E-03 0.0000000000000E+00 0.0000000000000E+00 0.0000000000000E+00
 0.0000000000000E+00 0.0000000000000E+00 0.0000000000000E+00 0.0000000000000E+00
 1.0000000000000E-12 0.0000000000000E+00 0.0000000000000E+00 3.5000000000000E-11
 0.0000000000000E+00 0.0000000000000E+00 4.6000000000000E-11 0.0000000000000E+00
 0.0000000000000E+00 0.0000000000000E+00-3.4641016151378E-12 0.0000000000000E+00
 0.0000000000000E+00 0.0000000000000E+00 0.0000000000000E+00-6.7549981495186E-11
 0.0000000000000E+00 0.0000000000000E+00 0.0000000000000E+00 0.0000000000000E+00
 2.0412414523193E-12 0.0000000000000E+00 0.0000000000000E+00 0.0000000000000E+00
-6.4702989879908E-03 0.0000000000000E+00 0.0000000000000E+00 2.0000000000000E-12
-1.0000000000000E-12 2.0000000000000E-12 0.0000000000000E+00 0.0000000000000E+00
 0.0000000000000E+00 0.0000000000000E+00 0.0000000000000E+00 0.0000000000000E+00
 0.0000000000000E+00 0.0000000000000E+00 0.0000000000000E+00 0.0000000000000E+00
 0.0000000000000E+00 0.0000000000000E+00-1.0625987949241E-01 0.0000000000000E+00
 0.0000000000000E+00 0.0000000000000E+00 0.0000000000000E+00-7.5782380901826E-02
 0.0000000000000E+00 0.0000000000000E+00 0.0000000000000E+00 0.0000000000000E+00
-1.1879817542607E-02 0.0000000000000E+00 0.0000000000000E+00 0.0000000000000E+00
 0.0000000000000E+00 0.0000000000000E+00 0.0000000000000E+00 0.0000000000000E+00
 1.4000000000000E-11 0.0000000000000E+00 0.0000000000000E+00 0.0000000000000E+00
 0.0000000000000E+00 0.0000000000000E+00-1.0000000000000E-12 0.0000000000000E+00
 0.0000000000000E+00 3.0000000000000E-12 0.0000000000000E+00 0.0000000000000E+00
 6.0000000000000E-12 0.0000000000000E+00 0.0000000000000E+00 0.0000000000000E+00
 8.1409060005933E-01 0.0000000000000E+00-1.0000000000000E-12 0.0000000000000E+00
 0.0000000000000E+00-8.9357080344940E-01 0.0000000000000E+00 5.0000000000000E-13
 0.0000000000000E+00 0.0000000000000E+00 3.8716012224909E-02 0.0000000000000E+00
 0.0000000000000E+00 0.0000000000000E+00 0.0000000000000E+00 3.0455200645777E-02
 0.0000000000000E+00 0.0000000000000E+00 0.0000000000000E+00 1.0000000000000E-12
 0.0000000000000E+00 0.0000000000000E+00-9.8661920656252E-02 0.0000000000000E+00
 0.0000000000000E+00 0.0000000000000E+00 0.0000000000000E+00 0.0000000000000E+00
 0.0000000000000E+00-1.4441380056764E-02 0.0000000000000E+00 0.0000000000000E+00
 0.0000000000000E+00 0.0000000000000E+00 0.0000000000000E+00 0.0000000000000E+00
 0.0000000000000E+00 0.0000000000000E+00 0.0000000000000E+00-1.4000000000000E-11
 0.0000000000000E+00 0.0000000000000E+00 0.0000000000000E+00 0.0000000000000E+00
 0.0000000000000E+00-1.0000000000000E-12 0.0000000000000E+00 0.0000000000000E+00
 3.0000000000000E-12 0.0000000000000E+00 0.0000000000000E+00 6.0000000000000E-12
 0.0000000000000E+00 0.0000000000000E+00 0.0000000000000E+00-8.1409060005933E-01
 0.0000000000000E+00 1.0000000000000E-12 0.0000000000000E+00 0.0000000000000E+00
 8.9357080344940E-01 0.0000000000000E+00-5.0000000000000E-13 0.0000000000000E+00
 0.0000000000000E+00-3.8716012224909E-02 0.0000000000000E+00 0.0000000000000E+00
 0.0000000000000E+00 0.0000000000000E+00 3.0455200645777E-02 0.0000000000000E+00
 0.0000000000000E+00 0.0000000000000E+00 1.0000000000000E-12 0.0000000000000E+00
 0.0000000000000E+00-9.8661920656252E-02 0.0000000000000E+00 0.0000000000000E+00
 0.0000000000000E+00 0.0000000000000E+00 0.0000000000000E+00 0.0000000000000E+00
 1.4441380056764E-02 0.0000000000000E+00 0.0000000000000E+00 0.0000000000000E+00
 0.0000000000000E+00 0.0000000000000E+00 0.0000000000000E+00-2.0000000000000E-12
 1.0000000000000E-12-2.0000000000000E-12 0.0000000000000E+00 0.0000000000000E+00
 0.0000000000000E+00 0.0000000000000E+00 0.0000000000000E+00 0.0000000000000E+00
 0.0000000000000E+00 0.0000000000000E+00 0.0000000000000E+00 0.0000000000000E+00
 0.0000000000000E+00 0.0000000000000E+00 1.0625987949241E-01 0.0000000000000E+00
 0.0000000000000E+00 0.0000000000000E+00 0.0000000000000E+00 7.5782380901826E-02
 0.0000000000000E+00 0.0000000000000E+00 0.0000000000000E+00 0.0000000000000E+00
-1.1879817542607E-02 0.0000000000000E+00 0.0000000000000E+00 0.0000000000000E+00
 0.0000000000000E+00 0.0000000000000E+00 0.0000000000000E+00 0.0000000000000E+00
 0.0000000000000E+00 0.0000000000000E+00 0.0000000000000E+00 0.0000000000000E+00
 0.0000000000000E+00 0.0000000000000E+00 0.0000000000000E+00 0.0000000000000E+00
 0.0000000000000E+00 0.0000000000000E+00 0.0000000000000E+00 0.0000000000000E+00
 0.0000000000000E+00 2.1251975898655E-01 0.0000000000000E+00 0.0000000000000E+00
 0.0000000000000E+00 0.0000000000000E+00 1.5156476180019E-01 0.0000000000000E+00
 0.0000000000000E+00 0.0000000000000E+00 0.0000000000000E+00 1.1879817542607E-02
 0.0000000000000E+00 0.0000000000000E+00 0.0000000000000E+00 0.0000000000000E+00
 0.0000000000000E+00 0.0000000000000E+00 0.0000000000000E+00 0.0000000000000E+00
 0.0000000000000E+00 0.0000000000000E+00 0.0000000000000E+00 0.0000000000000E+00
 0.0000000000000E+00 0.0000000000000E+00 0.0000000000000E+00 0.0000000000000E+00
 0.0000000000000E+00 0.0000000000000E+00 0.0000000000000E+00 0.0000000000000E+00
 0.0000000000000E+00 0.0000000000000E+00 0.0000000000000E+00-1.6281812001221E+00
 0.0000000000000E+00 0.0000000000000E+00 0.0000000000000E+00 0.0000000000000E+00
 1.7871416068901E+00 0.0000000000000E+00 0.0000000000000E+00 0.0000000000000E+00
 0.0000000000000E+00-7.7432024453282E-02 0.0000000000000E+00 0.0000000000000E+00
 0.0000000000000E+00 0.0000000000000E+00-3.0455200645261E-02 0.0000000000000E+00
 0.0000000000000E+00 0.0000000000000E+00 0.0000000000000E+00 0.0000000000000E+00
 0.0000000000000E+00 9.8661920655219E-02 0.0000000000000E+00 0.0000000000000E+00
 0.0000000000000E+00 0.0000000000000E+00 0.0000000000000E+00 0.0000000000000E+00
 1.4441380056466E-02 0.0000000000000E+00 0.0000000000000E+00 0.0000000000000E+00
 0.0000000000000E+00 0.0000000000000E+00 0.0000000000000E+00 0.0000000000000E+00
 0.0000000000000E+00 0.0000000000000E+00 0.0000000000000E+00 0.0000000000000E+00
 0.0000000000000E+00 0.0000000000000E+00 0.0000000000000E+00 0.0000000000000E+00
 0.0000000000000E+00 0.0000000000000E+00 0.0000000000000E+00 0.0000000000000E+00
 0.0000000000000E+00 0.0000000000000E+00 0.0000000000000E+00 0.0000000000000E+00
 0.0000000000000E+00 0.0000000000000E+00 1.6281812001221E+00 0.0000000000000E+00
 0.0000000000000E+00 0.0000000000000E+00 0.0000000000000E+00-1.7871416068901E+00
 0.0000000000000E+00 0.0000000000000E+00 0.0000000000000E+00 0.0000000000000E+00
 7.7432024453282E-02 0.0000000000000E+00 0.0000000000000E+00 0.0000000000000E+00
 0.0000000000000E+00-3.0455200645261E-02 0.0000000000000E+00 0.0000000000000E+00
 0.0000000000000E+00 0.0000000000000E+00 0.0000000000000E+00 0.0000000000000E+00
 9.8661920655219E-02 0.0000000000000E+00 0.0000000000000E+00 0.0000000000000E+00
 0.0000000000000E+00 0.0000000000000E+00 0.0000000000000E+00-1.4441380056466E-02
 0.0000000000000E+00 0.0000000000000E+00 0.0000000000000E+00 0.0000000000000E+00
 0.0000000000000E+00 0.0000000000000E+00 0.0000000000000E+00 0.0000000000000E+00
 0.0000000000000E+00 0.0000000000000E+00 0.0000000000000E+00 0.0000000000000E+00
 0.0000000000000E+00 0.0000000000000E+00 0.0000000000000E+00 0.0000000000000E+00
 0.0000000000000E+00 0.0000000000000E+00 0.0000000000000E+00 0.0000000000000E+00
 0.0000000000000E+00-2.1251975898655E-01 0.0000000000000E+00 0.0000000000000E+00
 0.0000000000000E+00 0.0000000000000E+00-1.5156476180019E-01 0.0000000000000E+00
 0.0000000000000E+00 0.0000000000000E+00 0.0000000000000E+00 1.1879817542607E-02
 0.0000000000000E+00 0.0000000000000E+00 0.0000000000000E+00 0.0000000000000E+00
 0.0000000000000E+00 0.0000000000000E+00-3.0000000000000E-12 0.0000000000000E+00
 0.0000000000000E+00 5.0000000000000E-12 0.0000000000000E+00 0.0000000000000E+00
 2.0000000000000E-12 0.0000000000000E+00 0.0000000000000E+00 0.0000000000000E+00
 0.0000000000000E+00 0.0000000000000E+00 0.0000000000000E+00 0.0000000000000E+00
 0.0000000000000E+00 6.9282032302755E-12 0.0000000000000E+00 0.0000000000000E+00
 0.0000000000000E+00 0.0000000000000E+00 4.0824829046386E-13 0.0000000000000E+00
 0.0000000000000E+00 0.0000000000000E+00 3.0239630803401E-02 0.0000000000000E+00
 0.0000000000000E+00 0.0000000000000E+00 0.0000000000000E+00 0.0000000000000E+00
 0.0000000000000E+00-1.0000000000000E-12 0.0000000000000E+00 0.0000000000000E+00
 2.0000000000000E-12 0.0000000000000E+00 0.0000000000000E+00 1.4000000000000E-11
 0.0000000000000E+00 0.0000000000000E+00 2.0000000000000E-12 0.0000000000000E+00
 0.0000000000000E+00 0.0000000000000E+00-1.0392304845413E-11 0.0000000000000E+00
 0.0000000000000E+00 0.0000000000000E+00 0.0000000000000E+00 3.1176914536240E-11
 0.0000000000000E+00 0.0000000000000E+00 0.0000000000000E+00 0.0000000000000E+00
 1.3856406460551E-11 0.0000000000000E+00 0.0000000000000E+00 0.0000000000000E+00
 0.0000000000000E+00-4.0824829046386E-13 0.0000000000000E+00 0.0000000000000E+00
 0.0000000000000E+00 9.3335368996646E-03 0.0000000000000E+00 0.0000000000000E+00
 2.0412414523193E-12 0.0000000000000E+00 0.0000000000000E+00 0.0000000000000E+00
-5.1560410297637E-04 0.0000000000000E+00 0.0000000000000E+00 1.2649110640674E-12
 0.0000000000000E+00 0.0000000000000E+00 0.0000000000000E+00 1.3557485830124E-02
 0.0000000000000E+00 0.0000000000000E+00 0.0000000000000E+00 0.0000000000000E+00
 0.0000000000000E+00 0.0000000000000E+00 0.0000000000000E+00 0.0000000000000E+00
 1.0000000000000E-12 0.0000000000000E+00 0.0000000000000E+00-2.0000000000000E-12
 0.0000000000000E+00 0.0000000000000E+00-1.4000000000000E-11 0.0000000000000E+00
 0.0000000000000E+00-2.0000000000000E-12 0.0000000000000E+00 0.0000000000000E+00
 0.0000000000000E+00-1.0392304845413E-11 0.0000000000000E+00 0.0000000000000E+00
 0.0000000000000E+00 0.0000000000000E+00 3.1176914536240E-11 0.0000000000000E+00
 0.0000000000000E+00 0.0000000000000E+00 0.0000000000000E+00 1.3856406460551E-11
 0.0000000000000E+00 0.0000000000000E+00 0.0000000000000E+00 0.0000000000000E+00
 4.0824829046386E-13 0.0000000000000E+00 0.0000000000000E+00 0.0000000000000E+00
-9.3335368996646E-03 0.0000000000000E+00 0.0000000000000E+00-2.0412414523193E-12
 0.0000000000000E+00 0.0000000000000E+00 0.0000000000000E+00 5.1560410297637E-04
 0.0000000000000E+00 0.0000000000000E+00 1.2649110640674E-12 0.0000000000000E+00
 0.0000000000000E+00 0.0000000000000E+00 1.3557485830124E-02 0.0000000000000E+00
 0.0000000000000E+00 0.0000000000000E+00 0.0000000000000E+00 0.0000000000000E+00
 0.0000000000000E+00 0.0000000000000E+00 3.0000000000000E-12 0.0000000000000E+00
 0.0000000000000E+00-5.0000000000000E-12 0.0000000000000E+00 0.0000000000000E+00
-2.0000000000000E-12 0.0000000000000E+00 0.0000000000000E+00 0.0000000000000E+00
 0.0000000000000E+00 0.0000000000000E+00 0.0000000000000E+00 0.0000000000000E+00
 0.0000000000000E+00 6.9282032302755E-12 0.0000000000000E+00 0.0000000000000E+00
 0.0000000000000E+00 0.0000000000000E+00-4.0824829046386E-13 0.0000000000000E+00
 0.0000000000000E+00 0.0000000000000E+00-3.0239630803401E-02 0.0000000000000E+00
 0.0000000000000E+00 0.0000000000000E+00 0.0000000000000E+00 0.0000000000000E+00
 0.0000000000000E+00-3.0000000000000E-12 0.0000000000000E+00 0.0000000000000E+00
 5.0000000000000E-12 0.0000000000000E+00 0.0000000000000E+00 2.0000000000000E-12
 0.0000000000000E+00 0.0000000000000E+00 0.0000000000000E+00 0.0000000000000E+00
 0.0000000000000E+00 0.0000000000000E+00 0.0000000000000E+00 0.0000000000000E+00
 6.9282032302755E-12 0.0000000000000E+00 0.0000000000000E+00 0.0000000000000E+00
 0.0000000000000E+00 4.0824829046386E-13 0.0000000000000E+00 0.0000000000000E+00
 0.0000000000000E+00-3.0239630803401E-02 0.0000000000000E+00 0.0000000000000E+00
 0.0000000000000E+00 0.0000000000000E+00 0.0000000000000E+00 0.0000000000000E+00
-1.0000000000000E-12 0.0000000000000E+00 0.0000000000000E+00 2.0000000000000E-12
 0.0000000000000E+00 0.0000000000000E+00 1.4000000000000E-11 0.0000000000000E+00
 0.0000000000000E+00 2.0000000000000E-12 0.0000000000000E+00 0.0000000000000E+00
 0.0000000000000E+00-1.0392304845413E-11 0.0000000000000E+00 0.0000000000000E+00
 0.0000000000000E+00 0.0000000000000E+00 3.1176914536240E-11 0.0000000000000E+00
 0.0000000000000E+00 0.0000000000000E+00 0.0000000000000E+00 1.3856406460551E-11
 0.0000000000000E+00 0.0000000000000E+00 0.0000000000000E+00 0.0000000000000E+00
-4.0824829046386E-13 0.0000000000000E+00 0.0000000000000E+00 0.0000000000000E+00
-9.3335368996646E-03 0.0000000000000E+00 0.0000000000000E+00 2.0412414523193E-12
 0.0000000000000E+00 0.0000000000000E+00 0.0000000000000E+00 5.1560410297637E-04
 0.0000000000000E+00 0.0000000000000E+00 1.2649110640674E-12 0.0000000000000E+00
 0.0000000000000E+00 0.0000000000000E+00-1.3557485830124E-02 0.0000000000000E+00
 0.0000000000000E+00 0.0000000000000E+00 0.0000000000000E+00 0.0000000000000E+00
 0.0000000000000E+00 0.0000000000000E+00 0.0000000000000E+00 1.0000000000000E-12
 0.0000000000000E+00 0.0000000000000E+00-2.0000000000000E-12 0.0000000000000E+00
 0.0000000000000E+00-1.4000000000000E-11 0.0000000000000E+00 0.0000000000000E+00
-2.0000000000000E-12 0.0000000000000E+00 0.0000000000000E+00 0.0000000000000E+00
-1.0392304845413E-11 0.0000000000000E+00 0.0000000000000E+00 0.0000000000000E+00
 0.0000000000000E+00 3.1176914536240E-11 0.0000000000000E+00 0.0000000000000E+00
 0.0000000000000E+00 0.0000000000000E+00 1.3856406460551E-11 0.0000000000000E+00
 0.0000000000000E+00 0.0000000000000E+00 0.0000000000000E+00 4.0824829046386E-13
 0.0000000000000E+00 0.0000000000000E+00 0.0000000000000E+00 9.3335368996646E-03
 0.0000000000000E+00 0.0000000000000E+00-2.0412414523193E-12 0.0000000000000E+00
 0.0000000000000E+00 0.0000000000000E+00-5.1560410297637E-04 0.0000000000000E+00
 0.0000000000000E+00 1.2649110640674E-12 0.0000000000000E+00 0.0000000000000E+00
 0.0000000000000E+00-1.3557485830124E-02 0.0000000000000E+00 0.0000000000000E+00
 0.0000000000000E+00 0.0000000000000E+00 0.0000000000000E+00 0.0000000000000E+00
 0.0000000000000E+00 3.0000000000000E-12 0.0000000000000E+00 0.0000000000000E+00
-5.0000000000000E-12 0.0000000000000E+00 0.0000000000000E+00-2.0000000000000E-12
 0.0000000000000E+00 0.0000000000000E+00 0.0000000000000E+00 0.0000000000000E+00
 0.0000000000000E+00 0.0000000000000E+00 0.0000000000000E+00 0.0000000000000E+00
 6.9282032302755E-12 0.0000000000000E+00 0.0000000000000E+00 0.0000000000000E+00
 0.0000000000000E+00-4.0824829046386E-13 0.0000000000000E+00 0.0000000000000E+00
 0.0000000000000E+00 3.0239630803401E-02 3.4841815155600E-01-2.1493876710650E+00
 2.1047506099130E+00 1.4511589052590E+00 0.0000000000000E+00 0.0000000000000E+00
-4.5972538477100E-01 0.0000000000000E+00 0.0000000000000E+00 1.8554865821760E+00
 0.0000000000000E+00 0.0000000000000E+00 1.1011256546640E+00-7.3107179525000E-02
 0.0000000000000E+00 0.0000000000000E+00 0.0000000000000E+00 0.0000000000000E+00
 9.4624341529050E-01 0.0000000000000E+00 0.0000000000000E+00 0.0000000000000E+00
 0.0000000000000E+00 5.6845859914900E-01 0.0000000000000E+00 0.0000000000000E+00
 0.0000000000000E+00 0.0000000000000E+00 0.0000000000000E+00 0.0000000000000E+00
 3.0893145899000E-02 4.8673640173000E-02 3.0083923073590E+00-4.8540732751800E-01
-2.8097349421210E+00 0.0000000000000E+00 0.0000000000000E+00-8.1716381981800E-01
 0.0000000000000E+00 0.0000000000000E+00 6.2777162596510E+00 0.0000000000000E+00
 0.0000000000000E+00-6.9770792167990E+00 0.0000000000000E+00 0.0000000000000E+00
 1.9158056037910E+00 1.5080030704850E-01 0.0000000000000E+00 0.0000000000000E+00
 0.0000000000000E+00 0.0000000000000E+00-1.0925070599320E+00 0.0000000000000E+00
 0.0000000000000E+00 0.0000000000000E+00 0.0000000000000E+00-5.7011062567700E-01
 0.0000000000000E+00 0.0000000000000E+00 0.0000000000000E+00 0.0000000000000E+00
 7.6987247971200E-01 0.0000000000000E+00 0.0000000000000E+00 0.0000000000000E+00
 0.0000000000000E+00 0.0000000000000E+00 0.0000000000000E+00-3.1382140927660E+00
 0.0000000000000E+00 0.0000000000000E+00 0.0000000000000E+00 0.0000000000000E+00
 0.0000000000000E+00 0.0000000000000E+00-3.2149800395800E-01 0.0000000000000E+00
 0.0000000000000E+00 0.0000000000000E+00 0.0000000000000E+00 0.0000000000000E+00
 0.0000000000000E+00 0.0000000000000E+00 0.0000000000000E+00 3.0893145899000E-02
 4.8673640173000E-02 3.0083923073590E+00-4.8540732751800E-01-2.8097349421210E+00
 0.0000000000000E+00 0.0000000000000E+00 8.1716381981800E-01 0.0000000000000E+00
 0.0000000000000E+00-6.2777162596510E+00 0.0000000000000E+00 0.0000000000000E+00
 6.9770792167990E+00 0.0000000000000E+00 0.0000000000000E+00-1.9158056037910E+00
 1.5080030704850E-01 0.0000000000000E+00 0.0000000000000E+00 0.0000000000000E+00
 0.0000000000000E+00-1.0925070599320E+00 0.0000000000000E+00 0.0000000000000E+00
 0.0000000000000E+00 0.0000000000000E+00-5.7011062567700E-01 0.0000000000000E+00
 0.0000000000000E+00 0.0000000000000E+00 0.0000000000000E+00-7.6987247971200E-01
 0.0000000000000E+00 0.0000000000000E+00 0.0000000000000E+00 0.0000000000000E+00
 0.0000000000000E+00 0.0000000000000E+00 3.1382140927660E+00 0.0000000000000E+00
 0.0000000000000E+00 0.0000000000000E+00 0.0000000000000E+00 0.0000000000000E+00
 0.0000000000000E+00-3.2149800395800E-01 0.0000000000000E+00 0.0000000000000E+00
 0.0000000000000E+00 0.0000000000000E+00 0.0000000000000E+00 0.0000000000000E+00
 0.0000000000000E+00 0.0000000000000E+00 3.4841815155600E-01-2.1493876710650E+00
 2.1047506099130E+00 1.4511589052590E+00 0.0000000000000E+00 0.0000000000000E+00
 4.5972538477100E-01 0.0000000000000E+00 0.0000000000000E+00-1.8554865821760E+00
 0.0000000000000E+00 0.0000000000000E+00-1.1011256546640E+00-7.3107179525000E-02
 0.0000000000000E+00 0.0000000000000E+00 0.0000000000000E+00 0.0000000000000E+00
 9.4624341529050E-01 0.0000000000000E+00 0.0000000000000E+00 0.0000000000000E+00
 0.0000000000000E+00-5.6845859914900E-01 0.0000000000000E+00 0.0000000000000E+00
 0.0000000000000E+00 0.0000000000000E+00 0.0000000000000E+00 0.0000000000000E+00
 0.0000000000000E+00 0.0000000000000E+00-2.0000000000000E-12 2.0000000000000E-12
 0.0000000000000E+00 0.0000000000000E+00 0.0000000000000E+00 0.0000000000000E+00
 0.0000000000000E+00 0.0000000000000E+00 0.0000000000000E+00 0.0000000000000E+00
 0.0000000000000E+00 0.0000000000000E+00 0.0000000000000E+00 0.0000000000000E+00
-2.0014036980911E-02 0.0000000000000E+00 0.0000000000000E+00 0.0000000000000E+00
 0.0000000000000E+00-1.1210917879947E-01 0.0000000000000E+00 0.0000000000000E+00
 0.0000000000000E+00 0.0000000000000E+00-7.0847746350806E-02 0.0000000000000E+00
 0.0000000000000E+00 0.0000000000000E+00 0.0000000000000E+00 0.0000000000000E+00
 0.0000000000000E+00 8.0000000000000E-12 1.3000000000000E-11 0.0000000000000E+00
 0.0000000000000E+00 0.0000000000000E+00 0.0000000000000E+00 0.0000000000000E+00
 0.0000000000000E+00 0.0000000000000E+00 0.0000000000000E+00 4.0000000000000E-12
 0.0000000000000E+00 0.0000000000000E+00 6.0000000000000E-12 0.0000000000000E+00
 0.0000000000000E+00 0.0000000000000E+00 5.9531111316952E-02 0.0000000000000E+00
 5.0000000000000E-13 0.0000000000000E+00 0.0000000000000E+00-1.8214874728059E-02
 0.0000000000000E+00 1.0000000000000E-12 0.0000000000000E+00 0.0000000000000E+00
 5.3196270659246E-02 0.0000000000000E+00 0.0000000000000E+00 0.0000000000000E+00
 0.0000000000000E+00-9.2615060935971E-02 0.0000000000000E+00 0.0000000000000E+00
 0.0000000000000E+00 0.0000000000000E+00 0.0000000000000E+00 0.0000000000000E+00
 2.8664911813709E-03 0.0000000000000E+00 0.0000000000000E+00 0.0000000000000E+00
 0.0000000000000E+00 0.0000000000000E+00 0.0000000000000E+00-2.8870976132182E-03
 0.0000000000000E+00 0.0000000000000E+00 0.0000000000000E+00 0.0000000000000E+00
 0.0000000000000E+00 0.0000000000000E+00 0.0000000000000E+00 0.0000000000000E+00
-8.0000000000000E-12-1.3000000000000E-11 0.0000000000000E+00 0.0000000000000E+00
 0.0000000000000E+00 0.0000000000000E+00 0.0000000000000E+00 0.0000000000000E+00
 0.0000000000000E+00 0.0000000000000E+00 4.0000000000000E-12 0.0000000000000E+00
 0.0000000000000E+00 6.0000000000000E-12 0.0000000000000E+00 0.0000000000000E+00
 0.0000000000000E+00-5.9531111316952E-02 0.0000000000000E+00-5.0000000000000E-13
 0.0000000000000E+00 0.0000000000000E+00 1.8214874728059E-02 0.0000000000000E+00
-1.0000000000000E-12 0.0000000000000E+00 0.0000000000000E+00-5.3196270659246E-02
 0.0000000000000E+00 0.0000000000000E+00 0.0000000000000E+00 0.0000000000000E+00
-9.2615060935971E-02 0.0000000000000E+00 0.0000000000000E+00 0.0000000000000E+00
 0.0000000000000E+00 0.0000000000000E+00 0.0000000000000E+00 2.8664911813709E-03
 0.0000000000000E+00 0.0000000000000E+00 0.0000000000000E+00 0.0000000000000E+00
 0.0000000000000E+00 0.0000000000000E+00 2.8870976132182E-03 0.0000000000000E+00
 0.0000000000000E+00 0.0000000000000E+00 0.0000000000000E+00 0.0000000000000E+00
 0.0000000000000E+00 0.0000000000000E+00 2.0000000000000E-12-2.0000000000000E-12
 0.0000000000000E+00 0.0000000000000E+00 0.0000000000000E+00 0.0000000000000E+00
 0.0000000000000E+00 0.0000000000000E+00 0.0000000000000E+00 0.0000000000000E+00
 0.0000000000000E+00 0.0000000000000E+00 0.0000000000000E+00 0.0000000000000E+00
 2.0014036980911E-02 0.0000000000000E+00 0.0000000000000E+00 0.0000000000000E+00
 0.0000000000000E+00 1.1210917879947E-01 0.0000000000000E+00 0.0000000000000E+00
 0.0000000000000E+00 0.0000000000000E+00-7.0847746350806E-02 0.0000000000000E+00
 0.0000000000000E+00 0.0000000000000E+00 0.0000000000000E+00 0.0000000000000E+00
 0.0000000000000E+00 0.0000000000000E+00 0.0000000000000E+00 0.0000000000000E+00
 0.0000000000000E+00 0.0000000000000E+00 0.0000000000000E+00 0.0000000000000E+00
 0.0000000000000E+00 0.0000000000000E+00 0.0000000000000E+00 0.0000000000000E+00
 0.0000000000000E+00 0.0000000000000E+00 0.0000000000000E+00 4.0028073960090E-02
 0.0000000000000E+00 0.0000000000000E+00 0.0000000000000E+00 0.0000000000000E+00
 2.2421835760067E-01 0.0000000000000E+00 0.0000000000000E+00 0.0000000000000E+00
 0.0000000000000E+00 7.0847746350806E-02 0.0000000000000E+00 0.0000000000000E+00
 0.0000000000000E+00 0.0000000000000E+00 0.0000000000000E+00 0.0000000000000E+00
 0.0000000000000E+00 0.0000000000000E+00 0.0000000000000E+00 0.0000000000000E+00
 0.0000000000000E+00 0.0000000000000E+00 0.0000000000000E+00 0.0000000000000E+00
 0.0000000000000E+00 0.0000000000000E+00 0.0000000000000E+00 0.0000000000000E+00
 0.0000000000000E+00 0.0000000000000E+00 0.0000000000000E+00 0.0000000000000E+00
 0.0000000000000E+00-1.1906222262871E-01 0.0000000000000E+00 0.0000000000000E+00
 0.0000000000000E+00 0.0000000000000E+00 3.6429749449189E-02 0.0000000000000E+00
 0.0000000000000E+00 0.0000000000000E+00 0.0000000000000E+00-1.0639254131849E-01
 0.0000000000000E+00 0.0000000000000E+00 0.0000000000000E+00 0.0000000000000E+00
 9.2615060935971E-02 0.0000000000000E+00 0.0000000000000E+00 0.0000000000000E+00
 0.0000000000000E+00 0.0000000000000E+00 0.0000000000000E+00-2.8664911816291E-03
 0.0000000000000E+00 0.0000000000000E+00 0.0000000000000E+00 0.0000000000000E+00
 0.0000000000000E+00 0.0000000000000E+00 2.8870976129946E-03 0.0000000000000E+00
 0.0000000000000E+00 0.0000000000000E+00 0.0000000000000E+00 0.0000000000000E+00
 0.0000000000000E+00 0.0000000000000E+00 0.0000000000000E+00 0.0000000000000E+00
 0.0000000000000E+00 0.0000000000000E+00 0.0000000000000E+00 0.0000000000000E+00
 0.0000000000000E+00 0.0000000000000E+00 0.0000000000000E+00 0.0000000000000E+00
 0.0000000000000E+00 0.0000000000000E+00 0.0000000000000E+00 0.0000000000000E+00
 0.0000000000000E+00 0.0000000000000E+00 0.0000000000000E+00 0.0000000000000E+00
 1.1906222262871E-01 0.0000000000000E+00 0.0000000000000E+00 0.0000000000000E+00
 0.0000000000000E+00-3.6429749449189E-02 0.0000000000000E+00 0.0000000000000E+00
 0.0000000000000E+00 0.0000000000000E+00 1.0639254131849E-01 0.0000000000000E+00
 0.0000000000000E+00 0.0000000000000E+00 0.0000000000000E+00 9.2615060935971E-02
 0.0000000000000E+00 0.0000000000000E+00 0.0000000000000E+00 0.0000000000000E+00
 0.0000000000000E+00 0.0000000000000E+00-2.8664911816291E-03 0.0000000000000E+00
 0.0000000000000E+00 0.0000000000000E+00 0.0000000000000E+00 0.0000000000000E+00
 0.0000000000000E+00-2.8870976129946E-03 0.0000000000000E+00 0.0000000000000E+00
 0.0000000000000E+00 0.0000000000000E+00 0.0000000000000E+00 0.0000000000000E+00
 0.0000000000000E+00 0.0000000000000E+00 0.0000000000000E+00 0.0000000000000E+00
 0.0000000000000E+00 0.0000000000000E+00 0.0000000000000E+00 0.0000000000000E+00
 0.0000000000000E+00 0.0000000000000E+00 0.0000000000000E+00 0.0000000000000E+00
 0.0000000000000E+00 0.0000000000000E+00 0.0000000000000E+00-4.0028073960090E-02
 0.0000000000000E+00 0.0000000000000E+00 0.0000000000000E+00 0.0000000000000E+00
-2.2421835760067E-01 0.0000000000000E+00 0.0000000000000E+00 0.0000000000000E+00
 0.0000000000000E+00 7.0847746350806E-02 0.0000000000000E+00 0.0000000000000E+00
 1.6560163422400E-01-2.9479228030920E+00-4.6495975325870E+00 2.4520183473370E+00
 0.0000000000000E+00 0.0000000000000E+00 1.7678561619800E-01 0.0000000000000E+00
 0.0000000000000E+00-2.6314481521670E+00 0.0000000000000E+00 0.0000000000000E+00
-8.8441223195700E-01-2.1489314707200E-01 0.0000000000000E+00 0.0000000000000E+00
 0.0000000000000E+00 0.0000000000000E+00-2.9269138470200E-01 0.0000000000000E+00
 0.0000000000000E+00 0.0000000000000E+00 0.0000000000000E+00-3.2405446119000E-01
 0.0000000000000E+00 0.0000000000000E+00 0.0000000000000E+00 0.0000000000000E+00
 0.0000000000000E+00 0.0000000000000E+00 3.0696316256700E-01 6.7953841054800E-01
-2.1452818574780E+00 3.4018487854836E+01 2.4905171799737E+01 0.0000000000000E+00
 0.0000000000000E+00-3.3138282095600E-01 0.0000000000000E+00 0.0000000000000E+00
 2.6668640349550E+00 0.0000000000000E+00 0.0000000000000E+00 1.6404485153880E+01
 0.0000000000000E+00 0.0000000000000E+00 9.2169407932210E+00-4.1898228949750E-01
 0.0000000000000E+00 0.0000000000000E+00 0.0000000000000E+00 0.0000000000000E+00
 3.8157888839500E+00 0.0000000000000E+00 0.0000000000000E+00-8.6602540378444E-13
 0.0000000000000E+00 2.9061172259745E+00 0.0000000000000E+00 0.0000000000000E+00
 0.0000000000000E+00 0.0000000000000E+00 1.9717162144400E-01 0.0000000000000E+00
 0.0000000000000E+00 0.0000000000000E+00 0.0000000000000E+00 0.0000000000000E+00
 0.0000000000000E+00 8.8275565676000E-01 0.0000000000000E+00 0.0000000000000E+00
-1.2909944487358E-13 0.0000000000000E+00 0.0000000000000E+00 0.0000000000000E+00
 1.2387224615890E+00 0.0000000000000E+00 0.0000000000000E+00-7.4535599249993E-14
 0.0000000000000E+00 0.0000000000000E+00 0.0000000000000E+00 7.0429521227376E-15
 0.0000000000000E+00-3.0696316256700E-01-6.7953841054800E-01 2.1452818574780E+00
-3.4018487854836E+01-2.4905171799737E+01 0.0000000000000E+00 0.0000000000000E+00
-3.3138282095600E-01 0.0000000000000E+00 0.0000000000000E+00 2.6668640349550E+00
 0.0000000000000E+00 0.0000000000000E+00 1.6404485153880E+01 0.0000000000000E+00
 0.0000000000000E+00 9.2169407932210E+00 4.1898228949750E-01 0.0000000000000E+00
 0.0000000000000E+00 0.0000000000000E+00 0.0000000000000E+00-3.8157888839500E+00
 0.0000000000000E+00 0.0000000000000E+00 8.6602540378444E-13 0.0000000000000E+00
-2.9061172259745E+00 0.0000000000000E+00 0.0000000000000E+00 0.0000000000000E+00
 0.0000000000000E+00 1.9717162144400E-01 0.0000000000000E+00 0.0000000000000E+00
 0.0000000000000E+00 0.0000000000000E+00 0.0000000000000E+00 0.0000000000000E+00
 8.8275565676000E-01 0.0000000000000E+00 0.0000000000000E+00-1.2909944487358E-13
 0.0000000000000E+00 0.0000000000000E+00 0.0000000000000E+00-1.2387224615890E+00
 0.0000000000000E+00 0.0000000000000E+00 7.4535599249993E-14 0.0000000000000E+00
 0.0000000000000E+00 0.0000000000000E+00-7.0429521227376E-15 0.0000000000000E+00
-1.6560163422400E-01 2.9479228030920E+00 4.6495975325870E+00-2.4520183473370E+00
 0.0000000000000E+00 0.0000000000000E+00 1.7678561619800E-01 0.0000000000000E+00
 0.0000000000000E+00-2.6314481521670E+00 0.0000000000000E+00 0.0000000000000E+00
-8.8441223195700E-01 2.1489314707200E-01 0.0000000000000E+00 0.0000000000000E+00
 0.0000000000000E+00 0.0000000000000E+00 2.9269138470200E-01 0.0000000000000E+00
 0.0000000000000E+00 0.0000000000000E+00 0.0000000000000E+00-3.2405446119000E-01
 0.0000000000000E+00 0.0000000000000E+00 0.0000000000000E+00 0.0000000000000E+00
 0.0000000000000E+00 0.0000000000000E+00 0.0000000000000E+00 0.0000000000000E+00
 0.0000000000000E+00 0.0000000000000E+00 0.0000000000000E+00 3.6725279268500E-01
 0.0000000000000E+00 0.0000000000000E+00-2.0750762613000E-01 0.0000000000000E+00
 0.0000000000000E+00-1.5138878873000E-02 0.0000000000000E+00 0.0000000000000E+00
 0.0000000000000E+00-7.9798589346233E-02 0.0000000000000E+00 0.0000000000000E+00
 0.0000000000000E+00 0.0000000000000E+00-2.3156714747125E-01 0.0000000000000E+00
 0.0000000000000E+00 0.0000000000000E+00 0.0000000000000E+00-2.3849271810227E-02
 0.0000000000000E+00 0.0000000000000E+00 0.0000000000000E+00-1.0540925533895E-13
 0.0000000000000E+00 0.0000000000000E+00 0.0000000000000E+00 0.0000000000000E+00
 0.0000000000000E+00 0.0000000000000E+00 3.4918371788800E-01 0.0000000000000E+00
 0.0000000000000E+00-6.3629368550300E-01 0.0000000000000E+00 0.0000000000000E+00
-3.2953211900040E+00 0.0000000000000E+00 0.0000000000000E+00-2.8440835196200E-01
 0.0000000000000E+00 0.0000000000000E+00 0.0000000000000E+00 1.8574884981664E+00
 0.0000000000000E+00 0.0000000000000E+00 0.0000000000000E+00 0.0000000000000E+00
-4.8303267275711E+00 0.0000000000000E+00 0.0000000000000E+00 0.0000000000000E+00
 0.0000000000000E+00-2.3511650705270E+00 0.0000000000000E+00 0.0000000000000E+00
 0.0000000000000E+00 0.0000000000000E+00 3.7506506280615E-02 0.0000000000000E+00
 0.0000000000000E+00 0.0000000000000E+00-5.2704627669473E-14 0.0000000000000E+00
 0.0000000000000E+00-5.7625498729428E-01 0.0000000000000E+00 0.0000000000000E+00
 0.0000000000000E+00 0.0000000000000E+00 0.0000000000000E+00 0.0000000000000E+00
-3.3637350623517E-02 0.0000000000000E+00 0.0000000000000E+00 0.0000000000000E+00
-7.9681907288960E-14 0.0000000000000E+00 0.0000000000000E+00 0.0000000000000E+00
 0.0000000000000E+00 0.0000000000000E+00 0.0000000000000E+00 0.0000000000000E+00
 0.0000000000000E+00-3.4918371788800E-01 0.0000000000000E+00 0.0000000000000E+00
 6.3629368550300E-01 0.0000000000000E+00 0.0000000000000E+00 3.2953211900040E+00
 0.0000000000000E+00 0.0000000000000E+00 2.8440835196200E-01 0.0000000000000E+00
 0.0000000000000E+00 0.0000000000000E+00 1.8574884981664E+00 0.0000000000000E+00
 0.0000000000000E+00 0.0000000000000E+00 0.0000000000000E+00-4.8303267275711E+00
 0.0000000000000E+00 0.0000000000000E+00 0.0000000000000E+00 0.0000000000000E+00
-2.3511650705270E+00 0.0000000000000E+00 0.0000000000000E+00 0.0000000000000E+00
 0.0000000000000E+00-3.7506506280615E-02 0.0000000000000E+00 0.0000000000000E+00
 0.0000000000000E+00 5.2704627669473E-14 0.0000000000000E+00 0.0000000000000E+00
 5.7625498729428E-01 0.0000000000000E+00 0.0000000000000E+00 0.0000000000000E+00
 0.0000000000000E+00 0.0000000000000E+00 0.0000000000000E+00-3.3637350623517E-02
 0.0000000000000E+00 0.0000000000000E+00 0.0000000000000E+00-7.9681907288960E-14
 0.0000000000000E+00 0.0000000000000E+00 0.0000000000000E+00 0.0000000000000E+00
 0.0000000000000E+00 0.0000000000000E+00 0.0000000000000E+00-3.6725279268500E-01
 0.0000000000000E+00 0.0000000000000E+00 2.0750762613000E-01 0.0000000000000E+00
 0.0000000000000E+00 1.5138878873000E-02 0.0000000000000E+00 0.0000000000000E+00
 0.0000000000000E+00-7.9798589346233E-02 0.0000000000000E+00 0.0000000000000E+00
 0.0000000000000E+00 0.0000000000000E+00-2.3156714747125E-01 0.0000000000000E+00
 0.0000000000000E+00 0.0000000000000E+00 0.0000000000000E+00 2.3849271810227E-02
 0.0000000000000E+00 0.0000000000000E+00 0.0000000000000E+00 1.0540925533895E-13
 0.0000000000000E+00 0.0000000000000E+00 0.0000000000000E+00 0.0000000000000E+00
-3.6725279268500E-01 0.0000000000000E+00 0.0000000000000E+00 2.0750762613000E-01
 0.0000000000000E+00 0.0000000000000E+00 1.5138878873000E-02 0.0000000000000E+00
 0.0000000000000E+00 0.0000000000000E+00 7.9798589346233E-02 0.0000000000000E+00
 0.0000000000000E+00 0.0000000000000E+00 0.0000000000000E+00 2.3156714747125E-01
 0.0000000000000E+00 0.0000000000000E+00 0.0000000000000E+00 0.0000000000000E+00
 2.3849271810227E-02 0.0000000000000E+00 0.0000000000000E+00 0.0000000000000E+00
-1.0540925533895E-13 0.0000000000000E+00 0.0000000000000E+00 0.0000000000000E+00
 0.0000000000000E+00 0.0000000000000E+00 0.0000000000000E+00-3.4918371788800E-01
 0.0000000000000E+00 0.0000000000000E+00 6.3629368550300E-01 0.0000000000000E+00
 0.0000000000000E+00 3.2953211900050E+00 0.0000000000000E+00 0.0000000000000E+00
 2.8440835196200E-01 0.0000000000000E+00 0.0000000000000E+00 0.0000000000000E+00
-1.8574884981664E+00 0.0000000000000E+00 0.0000000000000E+00 0.0000000000000E+00
 0.0000000000000E+00 4.8303267275693E+00 0.0000000000000E+00 0.0000000000000E+00
 0.0000000000000E+00 0.0000000000000E+00 2.3511650705270E+00 0.0000000000000E+00
 0.0000000000000E+00 0.0000000000000E+00 0.0000000000000E+00-3.7506506280615E-02
 0.0000000000000E+00 0.0000000000000E+00 0.0000000000000E+00-5.2704627669473E-14
 0.0000000000000E+00 0.0000000000000E+00 5.7625498729428E-01 0.0000000000000E+00
 0.0000000000000E+00 0.0000000000000E+00 0.0000000000000E+00 0.0000000000000E+00
 0.0000000000000E+00 3.3637350623517E-02 0.0000000000000E+00 0.0000000000000E+00
 0.0000000000000E+00-7.9681907288960E-14 0.0000000000000E+00 0.0000000000000E+00
 0.0000000000000E+00 0.0000000000000E+00 0.0000000000000E+00 0.0000000000000E+00
 0.0000000000000E+00 0.0000000000000E+00 3.4918371788800E-01 0.0000000000000E+00
 0.0000000000000E+00-6.3629368550300E-01 0.0000000000000E+00 0.0000000000000E+00
-3.2953211900050E+00 0.0000000000000E+00 0.0000000000000E+00-2.8440835196200E-01
 0.0000000000000E+00 0.0000000000000E+00 0.0000000000000E+00-1.8574884981664E+00
 0.0000000000000E+00 0.0000000000000E+00 0.0000000000000E+00 0.0000000000000E+00
 4.8303267275693E+00 0.0000000000000E+00 0.0000000000000E+00 0.0000000000000E+00
 0.0000000000000E+00 2.3511650705270E+00 0.0000000000000E+00 0.0000000000000E+00
 0.0000000000000E+00 0.0000000000000E+00 3.7506506280615E-02 0.0000000000000E+00
 0.0000000000000E+00 0.0000000000000E+00 5.2704627669473E-14 0.0000000000000E+00
 0.0000000000000E+00-5.7625498729428E-01 0.0000000000000E+00 0.0000000000000E+00
 0.0000000000000E+00 0.0000000000000E+00 0.0000000000000E+00 0.0000000000000E+00
 3.3637350623517E-02 0.0000000000000E+00 0.0000000000000E+00 0.0000000000000E+00
-7.9681907288960E-14 0.0000000000000E+00 0.0000000000000E+00 0.0000000000000E+00
 0.0000000000000E+00 0.0000000000000E+00 0.0000000000000E+00 0.0000000000000E+00
 3.6725279268500E-01 0.0000000000000E+00 0.0000000000000E+00-2.0750762613000E-01
 0.0000000000000E+00 0.0000000000000E+00-1.5138878873000E-02 0.0000000000000E+00
 0.0000000000000E+00 0.0000000000000E+00 7.9798589346233E-02 0.0000000000000E+00
 0.0000000000000E+00 0.0000000000000E+00 0.0000000000000E+00 2.3156714747125E-01
 0.0000000000000E+00 0.0000000000000E+00 0.0000000000000E+00 0.0000000000000E+00
-2.3849271810227E-02 0.0000000000000E+00 0.0000000000000E+00 0.0000000000000E+00
 1.0540925533895E-13 0.0000000000000E+00-1.8819969123800E-01-1.3701126263730E+00
-9.9042954515500E-01-1.7388713212460E+00 0.0000000000000E+00 0.0000000000000E+00
 3.8566661499600E-01 0.0000000000000E+00 0.0000000000000E+00-4.5088138748900E-01
 0.0000000000000E+00 0.0000000000000E+00 5.4894928110000E-02-7.2367516820000E-02
 0.0000000000000E+00 0.0000000000000E+00 0.0000000000000E+00 0.0000000000000E+00
 3.5428285675400E-01 0.0000000000000E+00 0.0000000000000E+00 0.0000000000000E+00
 0.0000000000000E+00 5.0017172359400E-01 0.0000000000000E+00 0.0000000000000E+00
 0.0000000000000E+00 0.0000000000000E+00 0.0000000000000E+00 0.0000000000000E+00
-1.4244748091000E-02-7.1068629792000E-02 6.4073367182000E-02-1.2770354026511E+01
-1.7695327547189E+01 0.0000000000000E+00 0.0000000000000E+00 5.8965682411800E-01
 0.0000000000000E+00 0.0000000000000E+00-1.0514700374300E-01 0.0000000000000E+00
 0.0000000000000E+00-1.3133325720334E+01 0.0000000000000E+00 0.0000000000000E+00
-7.1815686735170E+00 3.2091307925000E-03 0.0000000000000E+00 0.0000000000000E+00
 0.0000000000000E+00 0.0000000000000E+00-4.9840350023700E-01 0.0000000000000E+00
 0.0000000000000E+00 0.0000000000000E+00 0.0000000000000E+00-1.1766018729685E+00
 0.0000000000000E+00 0.0000000000000E+00 0.0000000000000E+00 0.0000000000000E+00
 6.1688185329700E-01 0.0000000000000E+00 0.0000000000000E+00 0.0000000000000E+00
 0.0000000000000E+00 0.0000000000000E+00 0.0000000000000E+00-1.5740624220700E+00
 0.0000000000000E+00 0.0000000000000E+00 0.0000000000000E+00 0.0000000000000E+00
 0.0000000000000E+00 0.0000000000000E+00 3.5983635596000E-01 0.0000000000000E+00
 0.0000000000000E+00 0.0000000000000E+00 0.0000000000000E+00 0.0000000000000E+00
 0.0000000000000E+00 0.0000000000000E+00 0.0000000000000E+00 1.4244748091000E-02
 7.1068629792000E-02-6.4073367182000E-02 1.2770354026511E+01 1.7695327547189E+01
 0.0000000000000E+00 0.0000000000000E+00 5.8965682411800E-01 0.0000000000000E+00
 0.0000000000000E+00-1.0514700374300E-01 0.0000000000000E+00 0.0000000000000E+00
-1.3133325720334E+01 0.0000000000000E+00 0.0000000000000E+00-7.1815686735170E+00
-3.2091307925000E-03 0.0000000000000E+00 0.0000000000000E+00 0.0000000000000E+00
 0.0000000000000E+00 4.9840350023700E-01 0.0000000000000E+00 0.0000000000000E+00
 0.0000000000000E+00 0.0000000000000E+00 1.1766018729685E+00 0.0000000000000E+00
 0.0000000000000E+00 0.0000000000000E+00 0.0000000000000E+00 6.1688185329700E-01
 0.0000000000000E+00 0.0000000000000E+00 0.0000000000000E+00 0.0000000000000E+00
 0.0000000000000E+00 0.0000000000000E+00-1.5740624220700E+00 0.0000000000000E+00
 0.0000000000000E+00 0.0000000000000E+00 0.0000000000000E+00 0.0000000000000E+00
 0.0000000000000E+00-3.5983635596000E-01 0.0000000000000E+00 0.0000000000000E+00
 0.0000000000000E+00 0.0000000000000E+00 0.0000000000000E+00 0.0000000000000E+00
 0.0000000000000E+00 0.0000000000000E+00 1.8819969123800E-01 1.3701126263730E+00
 9.9042954515500E-01 1.7388713212460E+00 0.0000000000000E+00 0.0000000000000E+00
 3.8566661499600E-01 0.0000000000000E+00 0.0000000000000E+00-4.5088138748900E-01
 0.0000000000000E+00 0.0000000000000E+00 5.4894928110000E-02 7.2367516820000E-02
 0.0000000000000E+00 0.0000000000000E+00 0.0000000000000E+00 0.0000000000000E+00
-3.5428285675400E-01 0.0000000000000E+00 0.0000000000000E+00 0.0000000000000E+00
 0.0000000000000E+00 5.0017172359400E-01 0.0000000000000E+00 0.0000000000000E+00
 0.0000000000000E+00 0.0000000000000E+00 0.0000000000000E+00 0.0000000000000E+00
-1.2188681959000E-01 3.6393415867400E-01 2.6179855704720E+00 8.3709805788400E-01
 0.0000000000000E+00 0.0000000000000E+00 2.0234323356600E-01 0.0000000000000E+00
 0.0000000000000E+00 1.0451918106090E+00 0.0000000000000E+00 0.0000000000000E+00
 1.4353199401050E+00 5.4253203950000E-03 0.0000000000000E+00 0.0000000000000E+00
 0.0000000000000E+00 0.0000000000000E+00 6.3919954566100E-01 0.0000000000000E+00
 0.0000000000000E+00 0.0000000000000E+00 0.0000000000000E+00 9.6653799723400E-01
 0.0000000000000E+00 0.0000000000000E+00 0.0000000000000E+00 0.0000000000000E+00
 0.0000000000000E+00 0.0000000000000E+00 5.1103692849000E-02-6.2352742080000E-03
 1.3023826462490E+00-1.9766013350810E+00-1.7680231419850E+00 0.0000000000000E+00
 0.0000000000000E+00 3.3454039209200E-01 0.0000000000000E+00 0.0000000000000E+00
 2.7534241665670E+00 0.0000000000000E+00 0.0000000000000E+00-1.5384705530970E+00
 0.0000000000000E+00 0.0000000000000E+00 8.0630022815100E-01 7.1504631509500E-02
 0.0000000000000E+00 0.0000000000000E+00 0.0000000000000E+00 0.0000000000000E+00
-7.9062702182950E-01 0.0000000000000E+00 0.0000000000000E+00 0.0000000000000E+00
 0.0000000000000E+00-5.0814016162150E-01 0.0000000000000E+00 0.0000000000000E+00
 0.0000000000000E+00 0.0000000000000E+00 3.9795027808700E-01 0.0000000000000E+00
 0.0000000000000E+00 0.0000000000000E+00 0.0000000000000E+00 0.0000000000000E+00
 0.0000000000000E+00-1.0165052835730E+00 0.0000000000000E+00 0.0000000000000E+00
 0.0000000000000E+00 0.0000000000000E+00 0.0000000000000E+00 0.0000000000000E+00
-6.9211362593300E-01 0.0000000000000E+00 0.0000000000000E+00 0.0000000000000E+00
 0.0000000000000E+00 0.0000000000000E+00 0.0000000000000E+00 0.0000000000000E+00
 0.0000000000000E+00 5.1103692849000E-02-6.2352742080000E-03 1.3023826462490E+00
-1.9766013350810E+00-1.7680231419850E+00 0.0000000000000E+00 0.0000000000000E+00
-3.3454039209200E-01 0.0000000000000E+00 0.0000000000000E+00-2.7534241665670E+00
 0.0000000000000E+00 0.0000000000000E+00 1.5384705530970E+00 0.0000000000000E+00
 0.0000000000000E+00-8.0630022815100E-01 7.1504631509500E-02 0.0000000000000E+00
 0.0000000000000E+00 0.0000000000000E+00 0.0000000000000E+00-7.9062702182950E-01
 0.0000000000000E+00 0.0000000000000E+00 0.0000000000000E+00 0.0000000000000E+00
-5.0814016162150E-01 0.0000000000000E+00 0.0000000000000E+00 0.0000000000000E+00
 0.0000000000000E+00-3.9795027808700E-01 0.0000000000000E+00 0.0000000000000E+00
 0.0000000000000E+00 0.0000000000000E+00 0.0000000000000E+00 0.0000000000000E+00
 1.0165052835730E+00 0.0000000000000E+00 0.0000000000000E+00 0.0000000000000E+00
 0.0000000000000E+00 0.0000000000000E+00 0.0000000000000E+00-6.9211362593300E-01
 0.0000000000000E+00 0.0000000000000E+00 0.0000000000000E+00 0.0000000000000E+00
 0.0000000000000E+00 0.0000000000000E+00 0.0000000000000E+00 0.0000000000000E+00
-1.2188681959000E-01 3.6393415867400E-01 2.6179855704720E+00 8.3709805788400E-01
 0.0000000000000E+00 0.0000000000000E+00-2.0234323356600E-01 0.0000000000000E+00
 0.0000000000000E+00-1.0451918106090E+00 0.0000000000000E+00 0.0000000000000E+00
-1.4353199401050E+00 5.4253203950000E-03 0.0000000000000E+00 0.0000000000000E+00
 0.0000000000000E+00 0.0000000000000E+00 6.3919954566100E-01 0.0000000000000E+00
 0.0000000000000E+00 0.0000000000000E+00 0.0000000000000E+00-9.6653799723400E-01
 0.0000000000000E+00 0.0000000000000E+00 0.0000000000000E+00 0.0000000000000E+00
 0.0000000000000E+00 0.0000000000000E+00 0.0000000000000E+00 0.0000000000000E+00
 0.0000000000000E+00 0.0000000000000E+00 2.0481509533300E-01 0.0000000000000E+00
 0.0000000000000E+00 5.1493940349300E-01 0.0000000000000E+00 0.0000000000000E+00
 1.6025946154280E+00 0.0000000000000E+00 0.0000000000000E+00 0.0000000000000E+00
-4.9517003759134E-01 0.0000000000000E+00 0.0000000000000E+00 0.0000000000000E+00
 0.0000000000000E+00 2.9087972627660E+00 0.0000000000000E+00 0.0000000000000E+00
 0.0000000000000E+00 0.0000000000000E+00 4.5659644256939E-01 0.0000000000000E+00
 0.0000000000000E+00 0.0000000000000E+00 0.0000000000000E+00 0.0000000000000E+00
 0.0000000000000E+00 0.0000000000000E+00 0.0000000000000E+00 0.0000000000000E+00
 0.0000000000000E+00-1.0828424094600E-01 0.0000000000000E+00 0.0000000000000E+00
 1.1889985919700E-01 0.0000000000000E+00 0.0000000000000E+00 3.8436431745100E+00
 0.0000000000000E+00 0.0000000000000E+00 4.0197254006000E-01 0.0000000000000E+00
 0.0000000000000E+00 0.0000000000000E+00-6.8836354382381E-01 0.0000000000000E+00
 0.0000000000000E+00 0.0000000000000E+00 0.0000000000000E+00 7.8177492368408E+00
 0.0000000000000E+00 0.0000000000000E+00 0.0000000000000E+00 0.0000000000000E+00
 4.9854594104184E+00 0.0000000000000E+00 0.0000000000000E+00 0.0000000000000E+00
 0.0000000000000E+00 3.5440257740522E-02 0.0000000000000E+00 0.0000000000000E+00
 0.0000000000000E+00 0.0000000000000E+00 0.0000000000000E+00 0.0000000000000E+00
 4.9230187280141E-01 0.0000000000000E+00 0.0000000000000E+00 0.0000000000000E+00
 0.0000000000000E+00 0.0000000000000E+00 0.0000000000000E+00 3.0512192515113E-01
 0.0000000000000E+00 0.0000000000000E+00 0.0000000000000E+00 0.0000000000000E+00
 0.0000000000000E+00 0.0000000000000E+00 0.0000000000000E+00 0.0000000000000E+00
 0.0000000000000E+00 0.0000000000000E+00 0.0000000000000E+00 0.0000000000000E+00
 1.0828424094600E-01 0.0000000000000E+00 0.0000000000000E+00-1.1889985919700E-01
 0.0000000000000E+00 0.0000000000000E+00-3.8436431745100E+00 0.0000000000000E+00
 0.0000000000000E+00-4.0197254006000E-01 0.0000000000000E+00 0.0000000000000E+00
 0.0000000000000E+00-6.8836354382381E-01 0.0000000000000E+00 0.0000000000000E+00
 0.0000000000000E+00 0.0000000000000E+00 7.8177492368408E+00 0.0000000000000E+00
 0.0000000000000E+00 0.0000000000000E+00 0.0000000000000E+00 4.9854594104184E+00
 0.0000000000000E+00 0.0000000000000E+00 0.0000000000000E+00 0.0000000000000E+00
-3.5440257740522E-02 0.0000000000000E+00 0.0000000000000E+00 0.0000000000000E+00
 0.0000000000000E+00 0.0000000000000E+00 0.0000000000000E+00-4.9230187280141E-01
 0.0000000000000E+00 0.0000000000000E+00 0.0000000000000E+00 0.0000000000000E+00
 0.0000000000000E+00 0.0000000000000E+00 3.0512192515113E-01 0.0000000000000E+00
 0.0000000000000E+00 0.0000000000000E+00 0.0000000000000E+00 0.0000000000000E+00
 0.0000000000000E+00 0.0000000000000E+00 0.0000000000000E+00 0.0000000000000E+00
 0.0000000000000E+00 0.0000000000000E+00-2.0481509533300E-01 0.0000000000000E+00
 0.0000000000000E+00-5.1493940349300E-01 0.0000000000000E+00 0.0000000000000E+00
-1.6025946154280E+00 0.0000000000000E+00 0.0000000000000E+00 0.0000000000000E+00
-4.9517003759134E-01 0.0000000000000E+00 0.0000000000000E+00 0.0000000000000E+00
 0.0000000000000E+00 2.9087972627660E+00 0.0000000000000E+00 0.0000000000000E+00
 0.0000000000000E+00 0.0000000000000E+00-4.5659644256939E-01 0.0000000000000E+00
 0.0000000000000E+00 0.0000000000000E+00 0.0000000000000E+00 0.0000000000000E+00
 0.0000000000000E+00 0.0000000000000E+00 0.0000000000000E+00 0.0000000000000E+00
 0.0000000000000E+00-2.0481509533300E-01 0.0000000000000E+00 0.0000000000000E+00
-5.1493940349300E-01 0.0000000000000E+00 0.0000000000000E+00-1.6025946154280E+00
 0.0000000000000E+00 0.0000000000000E+00 0.0000000000000E+00 4.9517003759134E-01
 0.0000000000000E+00 0.0000000000000E+00 0.0000000000000E+00 0.0000000000000E+00
-2.9087972627660E+00 0.0000000000000E+00 0.0000000000000E+00 0.0000000000000E+00
 0.0000000000000E+00-4.5659644256939E-01 0.0000000000000E+00 0.0000000000000E+00
 0.0000000000000E+00 0.0000000000000E+00 0.0000000000000E+00 0.0000000000000E+00
 0.0000000000000E+00 0.0000000000000E+00 0.0000000000000E+00 0.0000000000000E+00
 1.0828424094600E-01 0.0000000000000E+00 0.0000000000000E+00-1.1889985919700E-01
 0.0000000000000E+00 0.0000000000000E+00-3.8436431745100E+00 0.0000000000000E+00
 0.0000000000000E+00-4.0197254006000E-01 0.0000000000000E+00 0.0000000000000E+00
 0.0000000000000E+00 6.8836354382381E-01 0.0000000000000E+00 0.0000000000000E+00
 0.0000000000000E+00 0.0000000000000E+00-7.8177492368408E+00 0.0000000000000E+00
 0.0000000000000E+00 0.0000000000000E+00 0.0000000000000E+00-4.9854594104184E+00
 0.0000000000000E+00 0.0000000000000E+00 0.0000000000000E+00 0.0000000000000E+00
-3.5440257740522E-02 0.0000000000000E+00 0.0000000000000E+00 0.0000000000000E+00
 0.0000000000000E+00 0.0000000000000E+00 0.0000000000000E+00-4.9230187280141E-01
 0.0000000000000E+00 0.0000000000000E+00 0.0000000000000E+00 0.0000000000000E+00
 0.0000000000000E+00 0.0000000000000E+00-3.0512192515113E-01 0.0000000000000E+00
 0.0000000000000E+00 0.0000000000000E+00 0.0000000000000E+00 0.0000000000000E+00
 0.0000000000000E+00 0.0000000000000E+00 0.0000000000000E+00 0.0000000000000E+00
 0.0000000000000E+00 0.0000000000000E+00 0.0000000000000E+00-1.0828424094600E-01
 0.0000000000000E+00 0.0000000000000E+00 1.1889985919700E-01 0.0000000000000E+00
 0.0000000000000E+00 3.8436431745100E+00 0.0000000000000E+00 0.0000000000000E+00
 4.0197254006000E-01 0.0000000000000E+00 0.0000000000000E+00 0.0000000000000E+00
 6.8836354382381E-01 0.0000000000000E+00 0.0000000000000E+00 0.0000000000000E+00
 0.0000000000000E+00-7.8177492368408E+00 0.0000000000000E+00 0.0000000000000E+00
 0.0000000000000E+00 0.0000000000000E+00-4.9854594104184E+00 0.0000000000000E+00
 0.0000000000000E+00 0.0000000000000E+00 0.0000000000000E+00 3.5440257740522E-02
 0.0000000000000E+00 0.0000000000000E+00 0.0000000000000E+00 0.0000000000000E+00
 0.0000000000000E+00 0.0000000000000E+00 4.9230187280141E-01 0.0000000000000E+00
 0.0000000000000E+00 0.0000000000000E+00 0.0000000000000E+00 0.0000000000000E+00
 0.0000000000000E+00-3.0512192515113E-01 0.0000000000000E+00 0.0000000000000E+00
 0.0000000000000E+00 0.0000000000000E+00 0.0000000000000E+00 0.0000000000000E+00
 0.0000000000000E+00 0.0000000000000E+00 0.0000000000000E+00 0.0000000000000E+00
 0.0000000000000E+00 2.0481509533300E-01 0.0000000000000E+00 0.0000000000000E+00
 5.1493940349300E-01 0.0000000000000E+00 0.0000000000000E+00 1.6025946154280E+00
 0.0000000000000E+00 0.0000000000000E+00 0.0000000000000E+00 4.9517003759134E-01
 0.0000000000000E+00 0.0000000000000E+00 0.0000000000000E+00 0.0000000000000E+00
-2.9087972627660E+00 0.0000000000000E+00 0.0000000000000E+00 0.0000000000000E+00
 0.0000000000000E+00 4.5659644256939E-01 0.0000000000000E+00 0.0000000000000E+00
 0.0000000000000E+00 0.0000000000000E+00 0.0000000000000E+00 0.0000000000000E+00
 0.0000000000000E+00 0.0000000000000E+00 4.4504456511300E-01 0.0000000000000E+00
 0.0000000000000E+00 1.2117437927300E-01 0.0000000000000E+00 0.0000000000000E+00
 1.0792297523850E+00 0.0000000000000E+00 0.0000000000000E+00 0.0000000000000E+00
-8.6403173582856E-01 0.0000000000000E+00 0.0000000000000E+00 0.0000000000000E+00
 0.0000000000000E+00 2.1990268660462E+00 0.0000000000000E+00 0.0000000000000E+00
 0.0000000000000E+00 0.0000000000000E+00 2.7706330341310E-01 0.0000000000000E+00
 0.0000000000000E+00 0.0000000000000E+00 0.0000000000000E+00 0.0000000000000E+00
 0.0000000000000E+00 0.0000000000000E+00 0.0000000000000E+00 0.0000000000000E+00
 0.0000000000000E+00 2.6480254113700E-01 0.0000000000000E+00 0.0000000000000E+00
-9.3968149181700E-01 0.0000000000000E+00 0.0000000000000E+00-6.9991557780800E-01
 0.0000000000000E+00 0.0000000000000E+00-5.6136007570000E-02 0.0000000000000E+00
 0.0000000000000E+00 0.0000000000000E+00-4.6171981925143E-01 0.0000000000000E+00
 0.0000000000000E+00 0.0000000000000E+00 0.0000000000000E+00 1.5950959124495E+00
 0.0000000000000E+00 0.0000000000000E+00 0.0000000000000E+00 0.0000000000000E+00
 9.7535898255907E-01 0.0000000000000E+00 0.0000000000000E+00 0.0000000000000E+00
 0.0000000000000E+00-2.0172652052691E-01 0.0000000000000E+00 0.0000000000000E+00
 0.0000000000000E+00 0.0000000000000E+00 0.0000000000000E+00 0.0000000000000E+00
 5.1341341955206E-04 0.0000000000000E+00 0.0000000000000E+00 0.0000000000000E+00
 0.0000000000000E+00 0.0000000000000E+00 0.0000000000000E+00 1.5822198223459E-01
 0.0000000000000E+00 0.0000000000000E+00 0.0000000000000E+00 0.0000000000000E+00
 0.0000000000000E+00 0.0000000000000E+00 0.0000000000000E+00 0.0000000000000E+00
 0.0000000000000E+00 0.0000000000000E+00 0.0000000000000E+00 0.0000000000000E+00
 2.6480254113700E-01 0.0000000000000E+00 0.0000000000000E+00-9.3968149181700E-01
 0.0000000000000E+00 0.0000000000000E+00-6.9991557780800E-01 0.0000000000000E+00
 0.0000000000000E+00-5.6136007570000E-02 0.0000000000000E+00 0.0000000000000E+00
 0.0000000000000E+00 4.6171981925143E-01 0.0000000000000E+00 0.0000000000000E+00
 0.0000000000000E+00 0.0000000000000E+00-1.5950959124495E+00 0.0000000000000E+00
 0.0000000000000E+00 0.0000000000000E+00 0.0000000000000E+00-9.7535898255907E-01
 0.0000000000000E+00 0.0000000000000E+00 0.0000000000000E+00 0.0000000000000E+00
-2.0172652052691E-01 0.0000000000000E+00 0.0000000000000E+00 0.0000000000000E+00
 0.0000000000000E+00 0.0000000000000E+00 0.0000000000000E+00 5.1341341955206E-04
 0.0000000000000E+00 0.0000000000000E+00 0.0000000000000E+00 0.0000000000000E+00
 0.0000000000000E+00 0.0000000000000E+00-1.5822198223459E-01 0.0000000000000E+00
 0.0000000000000E+00 0.0000000000000E+00 0.0000000000000E+00 0.0000000000000E+00
 0.0000000000000E+00 0.0000000000000E+00 0.0000000000000E+00 0.0000000000000E+00
 0.0000000000000E+00 0.0000000000000E+00 4.4504456511300E-01 0.0000000000000E+00
 0.0000000000000E+00 1.2117437927300E-01 0.0000000000000E+00 0.0000000000000E+00
 1.0792297523850E+00 0.0000000000000E+00 0.0000000000000E+00 0.0000000000000E+00
 8.6403173582856E-01 0.0000000000000E+00 0.0000000000000E+00 0.0000000000000E+00
 0.0000000000000E+00-2.1990268660462E+00 0.0000000000000E+00 0.0000000000000E+00
 0.0000000000000E+00 0.0000000000000E+00 2.7706330341310E-01 0.0000000000000E+00
 0.0000000000000E+00 0.0000000000000E+00 0.0000000000000E+00 0.0000000000000E+00
 0.0000000000000E+00 0.0000000000000E+00 0.0000000000000E+00 0.0000000000000E+00
 0.0000000000000E+00 4.4504456511300E-01 0.0000000000000E+00 0.0000000000000E+00
 1.2117437927300E-01 0.0000000000000E+00 0.0000000000000E+00 1.0792297523850E+00
 0.0000000000000E+00 0.0000000000000E+00 0.0000000000000E+00-8.6403173582856E-01
 0.0000000000000E+00 0.0000000000000E+00 0.0000000000000E+00 0.0000000000000E+00
 2.1990268660462E+00 0.0000000000000E+00 0.0000000000000E+00 0.0000000000000E+00
 0.0000000000000E+00 2.7706330341310E-01 0.0000000000000E+00 0.0000000000000E+00
 0.0000000000000E+00 0.0000000000000E+00 0.0000000000000E+00 0.0000000000000E+00
 0.0000000000000E+00 0.0000000000000E+00 0.0000000000000E+00 0.0000000000000E+00
 2.6480254113700E-01 0.0000000000000E+00 0.0000000000000E+00-9.3968149181700E-01
 0.0000000000000E+00 0.0000000000000E+00-6.9991557780800E-01 0.0000000000000E+00
 0.0000000000000E+00-5.6136007570000E-02 0.0000000000000E+00 0.0000000000000E+00
 0.0000000000000E+00-4.6171981925143E-01 0.0000000000000E+00 0.0000000000000E+00
 0.0000000000000E+00 0.0000000000000E+00 1.5950959124495E+00 0.0000000000000E+00
 0.0000000000000E+00 0.0000000000000E+00 0.0000000000000E+00 9.7535898255907E-01
 0.0000000000000E+00 0.0000000000000E+00 0.0000000000000E+00 0.0000000000000E+00
-2.0172652052691E-01 0.0000000000000E+00 0.0000000000000E+00 0.0000000000000E+00
 0.0000000000000E+00 0.0000000000000E+00 0.0000000000000E+00 5.1341341955206E-04
 0.0000000000000E+00 0.0000000000000E+00 0.0000000000000E+00 0.0000000000000E+00
 0.0000000000000E+00 0.0000000000000E+00 1.5822198223459E-01 0.0000000000000E+00
 0.0000000000000E+00 0.0000000000000E+00 0.0000000000000E+00 0.0000000000000E+00
 0.0000000000000E+00 0.0000000000000E+00 0.0000000000000E+00 0.0000000000000E+00
 0.0000000000000E+00 0.0000000000000E+00 0.0000000000000E+00 2.6480254113700E-01
 0.0000000000000E+00 0.0000000000000E+00-9.3968149181700E-01 0.0000000000000E+00
 0.0000000000000E+00-6.9991557780800E-01 0.0000000000000E+00 0.0000000000000E+00
-5.6136007570000E-02 0.0000000000000E+00 0.0000000000000E+00 0.0000000000000E+00
 4.6171981925143E-01 0.0000000000000E+00 0.0000000000000E+00 0.0000000000000E+00
 0.0000000000000E+00-1.5950959124495E+00 0.0000000000000E+00 0.0000000000000E+00
 0.0000000000000E+00 0.0000000000000E+00-9.7535898255907E-01 0.0000000000000E+00
 0.0000000000000E+00 0.0000000000000E+00 0.0000000000000E+00-2.0172652052691E-01
 0.0000000000000E+00 0.0000000000000E+00 0.0000000000000E+00 0.0000000000000E+00
 0.0000000000000E+00 0.0000000000000E+00 5.1341341955206E-04 0.0000000000000E+00
 0.0000000000000E+00 0.0000000000000E+00 0.0000000000000E+00 0.0000000000000E+00
 0.0000000000000E+00-1.5822198223459E-01 0.0000000000000E+00 0.0000000000000E+00
 0.0000000000000E+00 0.0000000000000E+00 0.0000000000000E+00 0.0000000000000E+00
 0.0000000000000E+00 0.0000000000000E+00 0.0000000000000E+00 0.0000000000000E+00
 0.0000000000000E+00 4.4504456511300E-01 0.0000000000000E+00 0.0000000000000E+00
 1.2117437927300E-01 0.0000000000000E+00 0.0000000000000E+00 1.0792297523850E+00
 0.0000000000000E+00 0.0000000000000E+00 0.0000000000000E+00 8.6403173582856E-01
 0.0000000000000E+00 0.0000000000000E+00 0.0000000000000E+00 0.0000000000000E+00
-2.1990268660462E+00 0.0000000000000E+00 0.0000000000000E+00 0.0000000000000E+00
 0.0000000000000E+00 2.7706330341310E-01 0.0000000000000E+00 0.0000000000000E+00
 0.0000000000000E+00 0.0000000000000E+00 0.0000000000000E+00 0.0000000000000E+00
 0.0000000000000E+00 0.0000000000000E+00 0.0000000000000E+00 0.0000000000000E+00
 0.0000000000000E+00 0.0000000000000E+00 0.0000000000000E+00 0.0000000000000E+00
 0.0000000000000E+00 0.0000000000000E+00 0.0000000000000E+00 0.0000000000000E+00
 0.0000000000000E+00 0.0000000000000E+00 3.5096019626770E-01 0.0000000000000E+00
 0.0000000000000E+00 0.0000000000000E+00 0.0000000000000E+00-5.3931300134067E-01
 0.0000000000000E+00 0.0000000000000E+00 0.0000000000000E+00 0.0000000000000E+00
-9.6604160670838E-02 0.0000000000000E+00 0.0000000000000E+00 0.0000000000000E+00
 0.0000000000000E+00 0.0000000000000E+00 0.0000000000000E+00 0.0000000000000E+00
 0.0000000000000E+00 0.0000000000000E+00 0.0000000000000E+00 0.0000000000000E+00
 0.0000000000000E+00 0.0000000000000E+00 0.0000000000000E+00 0.0000000000000E+00
 0.0000000000000E+00 0.0000000000000E+00 0.0000000000000E+00 0.0000000000000E+00
 0.0000000000000E+00 0.0000000000000E+00 0.0000000000000E+00 0.0000000000000E+00
-1.8287116893648E-01 0.0000000000000E+00 0.0000000000000E+00 0.0000000000000E+00
 0.0000000000000E+00 2.9880431758635E-01 0.0000000000000E+00 0.0000000000000E+00
 0.0000000000000E+00 0.0000000000000E+00 3.8415315388405E-02 0.0000000000000E+00
 0.0000000000000E+00 0.0000000000000E+00 0.0000000000000E+00-5.2742806353410E-02
 0.0000000000000E+00 0.0000000000000E+00 0.0000000000000E+00 0.0000000000000E+00
 0.0000000000000E+00 0.0000000000000E+00-2.6957086292596E-02 0.0000000000000E+00
 0.0000000000000E+00 0.0000000000000E+00 0.0000000000000E+00 0.0000000000000E+00
 0.0000000000000E+00 3.7184063875957E-02 0.0000000000000E+00 0.0000000000000E+00
 0.0000000000000E+00 0.0000000000000E+00 0.0000000000000E+00 0.0000000000000E+00
 0.0000000000000E+00 0.0000000000000E+00 0.0000000000000E+00 0.0000000000000E+00
 0.0000000000000E+00 0.0000000000000E+00 0.0000000000000E+00 0.0000000000000E+00
 0.0000000000000E+00 0.0000000000000E+00 0.0000000000000E+00 0.0000000000000E+00
 0.0000000000000E+00 0.0000000000000E+00 0.0000000000000E+00 0.0000000000000E+00
 0.0000000000000E+00 0.0000000000000E+00 0.0000000000000E+00-1.8287116893648E-01
 0.0000000000000E+00 0.0000000000000E+00 0.0000000000000E+00 0.0000000000000E+00
 2.9880431758635E-01 0.0000000000000E+00 0.0000000000000E+00 0.0000000000000E+00
 0.0000000000000E+00 3.8415315388405E-02 0.0000000000000E+00 0.0000000000000E+00
 0.0000000000000E+00 0.0000000000000E+00 5.2742806353410E-02 0.0000000000000E+00
 0.0000000000000E+00 0.0000000000000E+00 0.0000000000000E+00 0.0000000000000E+00
 0.0000000000000E+00 2.6957086292596E-02 0.0000000000000E+00 0.0000000000000E+00
 0.0000000000000E+00 0.0000000000000E+00 0.0000000000000E+00 0.0000000000000E+00
 3.7184063875957E-02 0.0000000000000E+00 0.0000000000000E+00 0.0000000000000E+00
 0.0000000000000E+00 0.0000000000000E+00 0.0000000000000E+00 0.0000000000000E+00
 0.0000000000000E+00 0.0000000000000E+00 0.0000000000000E+00 0.0000000000000E+00
 0.0000000000000E+00 0.0000000000000E+00 0.0000000000000E+00 0.0000000000000E+00
 0.0000000000000E+00 0.0000000000000E+00 0.0000000000000E+00 0.0000000000000E+00
 0.0000000000000E+00 0.0000000000000E+00 3.5096019626770E-01 0.0000000000000E+00
 0.0000000000000E+00 0.0000000000000E+00 0.0000000000000E+00-5.3931300134067E-01
 0.0000000000000E+00 0.0000000000000E+00 0.0000000000000E+00 0.0000000000000E+00
 9.6604160670838E-02 0.0000000000000E+00 0.0000000000000E+00 0.0000000000000E+00
 0.0000000000000E+00 0.0000000000000E+00 0.0000000000000E+00 0.0000000000000E+00
 0.0000000000000E+00 0.0000000000000E+00 0.0000000000000E+00 0.0000000000000E+00
 0.0000000000000E+00 0.0000000000000E+00 0.0000000000000E+00 0.0000000000000E+00
 0.0000000000000E+00 0.0000000000000E+00 0.0000000000000E+00 0.0000000000000E+00
 0.0000000000000E+00-7.0192039254579E-01 0.0000000000000E+00 0.0000000000000E+00
 0.0000000000000E+00 0.0000000000000E+00 1.0786260026848E+00 0.0000000000000E+00
 0.0000000000000E+00 0.0000000000000E+00 0.0000000000000E+00 9.6604160670580E-02
 0.0000000000000E+00 0.0000000000000E+00 0.0000000000000E+00 0.0000000000000E+00
 0.0000000000000E+00 0.0000000000000E+00 0.0000000000000E+00 0.0000000000000E+00
 0.0000000000000E+00 0.0000000000000E+00 0.0000000000000E+00 0.0000000000000E+00
 0.0000000000000E+00 0.0000000000000E+00 0.0000000000000E+00 0.0000000000000E+00
 0.0000000000000E+00 0.0000000000000E+00 0.0000000000000E+00 0.0000000000000E+00
 0.0000000000000E+00 0.0000000000000E+00 0.0000000000000E+00 3.6574233787470E-01
 0.0000000000000E+00 0.0000000000000E+00 0.0000000000000E+00 0.0000000000000E+00
-5.9760863517269E-01 0.0000000000000E+00 0.0000000000000E+00 0.0000000000000E+00
 0.0000000000000E+00-7.6830630776810E-02 0.0000000000000E+00 0.0000000000000E+00
 0.0000000000000E+00 0.0000000000000E+00 5.2742806353152E-02 0.0000000000000E+00
 0.0000000000000E+00 0.0000000000000E+00 0.0000000000000E+00 0.0000000000000E+00
 0.0000000000000E+00 2.6957086292725E-02 0.0000000000000E+00 0.0000000000000E+00
 0.0000000000000E+00 0.0000000000000E+00 0.0000000000000E+00 0.0000000000000E+00
-3.7184063875808E-02 0.0000000000000E+00 0.0000000000000E+00 0.0000000000000E+00
 0.0000000000000E+00 0.0000000000000E+00 0.0000000000000E+00 0.0000000000000E+00
 0.0000000000000E+00 0.0000000000000E+00 0.0000000000000E+00 0.0000000000000E+00
 0.0000000000000E+00 0.0000000000000E+00 0.0000000000000E+00 0.0000000000000E+00
 0.0000000000000E+00 0.0000000000000E+00 0.0000000000000E+00 0.0000000000000E+00
 0.0000000000000E+00 0.0000000000000E+00 0.0000000000000E+00 0.0000000000000E+00
 0.0000000000000E+00 0.0000000000000E+00 3.6574233787470E-01 0.0000000000000E+00
 0.0000000000000E+00 0.0000000000000E+00 0.0000000000000E+00-5.9760863517269E-01
 0.0000000000000E+00 0.0000000000000E+00 0.0000000000000E+00 0.0000000000000E+00
-7.6830630776810E-02 0.0000000000000E+00 0.0000000000000E+00 0.0000000000000E+00
 0.0000000000000E+00-5.2742806353152E-02 0.0000000000000E+00 0.0000000000000E+00
 0.0000000000000E+00 0.0000000000000E+00 0.0000000000000E+00 0.0000000000000E+00
-2.6957086292725E-02 0.0000000000000E+00 0.0000000000000E+00 0.0000000000000E+00
 0.0000000000000E+00 0.0000000000000E+00 0.0000000000000E+00-3.7184063875808E-02
 0.0000000000000E+00 0.0000000000000E+00 0.0000000000000E+00 0.0000000000000E+00
 0.0000000000000E+00 0.0000000000000E+00 0.0000000000000E+00 0.0000000000000E+00
 0.0000000000000E+00 0.0000000000000E+00 0.0000000000000E+00 0.0000000000000E+00
 0.0000000000000E+00 0.0000000000000E+00 0.0000000000000E+00 0.0000000000000E+00
 0.0000000000000E+00 0.0000000000000E+00 0.0000000000000E+00 0.0000000000000E+00
 0.0000000000000E+00-7.0192039254579E-01 0.0000000000000E+00 0.0000000000000E+00
 0.0000000000000E+00 0.0000000000000E+00 1.0786260026848E+00 0.0000000000000E+00
 0.0000000000000E+00 0.0000000000000E+00 0.0000000000000E+00-9.6604160670580E-02
 0.0000000000000E+00 0.0000000000000E+00 0.0000000000000E+00 0.0000000000000E+00
 0.0000000000000E+00 0.0000000000000E+00-4.2856117169900E-01 0.0000000000000E+00
 0.0000000000000E+00 1.1114136966430E+00 0.0000000000000E+00 0.0000000000000E+00
 2.6614986764900E-01 0.0000000000000E+00 0.0000000000000E+00 0.0000000000000E+00
-3.5033061194013E-01 0.0000000000000E+00 0.0000000000000E+00 0.0000000000000E+00
 0.0000000000000E+00 1.0217268040595E+00 0.0000000000000E+00 0.0000000000000E+00
 0.0000000000000E+00 0.0000000000000E+00-1.0402560979434E-01 0.0000000000000E+00
 0.0000000000000E+00 0.0000000000000E+00 0.0000000000000E+00 0.0000000000000E+00
 0.0000000000000E+00 0.0000000000000E+00 0.0000000000000E+00 0.0000000000000E+00
 0.0000000000000E+00-6.3024294403000E-02 0.0000000000000E+00 0.0000000000000E+00
 1.3133915459100E-01 0.0000000000000E+00 0.0000000000000E+00-5.9731768638600E-01
 0.0000000000000E+00 0.0000000000000E+00 2.0904930314000E-02 0.0000000000000E+00
 0.0000000000000E+00 0.0000000000000E+00-1.5179312529933E+00 0.0000000000000E+00
 0.0000000000000E+00 0.0000000000000E+00 0.0000000000000E+00 1.8752183779712E+00
 0.0000000000000E+00 0.0000000000000E+00 0.0000000000000E+00 0.0000000000000E+00
 7.4524106876043E-02 0.0000000000000E+00 0.0000000000000E+00 0.0000000000000E+00
 0.0000000000000E+00 9.9699689477580E-02 0.0000000000000E+00 0.0000000000000E+00
 0.0000000000000E+00 5.2704627669473E-14 0.0000000000000E+00 0.0000000000000E+00
-3.2656357500976E-01 0.0000000000000E+00 0.0000000000000E+00 0.0000000000000E+00
 0.0000000000000E+00 0.0000000000000E+00 0.0000000000000E+00 1.2554991314990E-01
 0.0000000000000E+00 0.0000000000000E+00 0.0000000000000E+00 0.0000000000000E+00
 0.0000000000000E+00 0.0000000000000E+00 0.0000000000000E+00 0.0000000000000E+00
 0.0000000000000E+00 0.0000000000000E+00 0.0000000000000E+00 0.0000000000000E+00
-6.3024294403000E-02 0.0000000000000E+00 0.0000000000000E+00 1.3133915459100E-01
 0.0000000000000E+00 0.0000000000000E+00-5.9731768638600E-01 0.0000000000000E+00
 0.0000000000000E+00 2.0904930314000E-02 0.0000000000000E+00 0.0000000000000E+00
 0.0000000000000E+00 1.5179312529933E+00 0.0000000000000E+00 0.0000000000000E+00
 0.0000000000000E+00 0.0000000000000E+00-1.8752183779712E+00 0.0000000000000E+00
 0.0000000000000E+00 0.0000000000000E+00 0.0000000000000E+00-7.4524106876043E-02
 0.0000000000000E+00 0.0000000000000E+00 0.0000000000000E+00 0.0000000000000E+00
 9.9699689477580E-02 0.0000000000000E+00 0.0000000000000E+00 0.0000000000000E+00
 5.2704627669473E-14 0.0000000000000E+00 0.0000000000000E+00-3.2656357500976E-01
 0.0000000000000E+00 0.0000000000000E+00 0.0000000000000E+00 0.0000000000000E+00
 0.0000000000000E+00 0.0000000000000E+00-1.2554991314990E-01 0.0000000000000E+00
 0.0000000000000E+00 0.0000000000000E+00 0.0000000000000E+00 0.0000000000000E+00
 0.0000000000000E+00 0.0000000000000E+00 0.0000000000000E+00 0.0000000000000E+00
 0.0000000000000E+00 0.0000000000000E+00-4.2856117169900E-01 0.0000000000000E+00
 0.0000000000000E+00 1.1114136966430E+00 0.0000000000000E+00 0.0000000000000E+00
 2.6614986764900E-01 0.0000000000000E+00 0.0000000000000E+00 0.0000000000000E+00
 3.5033061194013E-01 0.0000000000000E+00 0.0000000000000E+00 0.0000000000000E+00
 0.0000000000000E+00-1.0217268040595E+00 0.0000000000000E+00 0.0000000000000E+00
 0.0000000000000E+00 0.0000000000000E+00-1.0402560979434E-01 0.0000000000000E+00
 0.0000000000000E+00 0.0000000000000E+00 0.0000000000000E+00 0.0000000000000E+00
 0.0000000000000E+00 0.0000000000000E+00 0.0000000000000E+00 0.0000000000000E+00
 0.0000000000000E+00-4.2856117169900E-01 0.0000000000000E+00 0.0000000000000E+00
 1.1114136966430E+00 0.0000000000000E+00 0.0000000000000E+00 2.6614986764900E-01
 0.0000000000000E+00 0.0000000000000E+00 0.0000000000000E+00-3.5033061194013E-01
 0.0000000000000E+00 0.0000000000000E+00 0.0000000000000E+00 0.0000000000000E+00
 1.0217268040595E+00 0.0000000000000E+00 0.0000000000000E+00 0.0000000000000E+00
 0.0000000000000E+00-1.0402560979434E-01 0.0000000000000E+00 0.0000000000000E+00
 0.0000000000000E+00 0.0000000000000E+00 0.0000000000000E+00 0.0000000000000E+00
 0.0000000000000E+00 0.0000000000000E+00 0.0000000000000E+00 0.0000000000000E+00
-6.3024294403000E-02 0.0000000000000E+00 0.0000000000000E+00 1.3133915459100E-01
 0.0000000000000E+00 0.0000000000000E+00-5.9731768638600E-01 0.0000000000000E+00
 0.0000000000000E+00 2.0904930314000E-02 0.0000000000000E+00 0.0000000000000E+00
 0.0000000000000E+00-1.5179312529933E+00 0.0000000000000E+00 0.0000000000000E+00
 0.0000000000000E+00 0.0000000000000E+00 1.8752183779712E+00 0.0000000000000E+00
 0.0000000000000E+00 0.0000000000000E+00 0.0000000000000E+00 7.4524106876043E-02
 0.0000000000000E+00 0.0000000000000E+00 0.0000000000000E+00 0.0000000000000E+00
 9.9699689477580E-02 0.0000000000000E+00 0.0000000000000E+00 0.0000000000000E+00
-5.2704627669473E-14 0.0000000000000E+00 0.0000000000000E+00-3.2656357500976E-01
 0.0000000000000E+00 0.0000000000000E+00 0.0000000000000E+00 0.0000000000000E+00
 0.0000000000000E+00 0.0000000000000E+00 1.2554991314990E-01 0.0000000000000E+00
 0.0000000000000E+00 0.0000000000000E+00 0.0000000000000E+00 0.0000000000000E+00
 0.0000000000000E+00 0.0000000000000E+00 0.0000000000000E+00 0.0000000000000E+00
 0.0000000000000E+00 0.0000000000000E+00 0.0000000000000E+00-6.3024294403000E-02
 0.0000000000000E+00 0.0000000000000E+00 1.3133915459100E-01 0.0000000000000E+00
 0.0000000000000E+00-5.9731768638600E-01 0.0000000000000E+00 0.0000000000000E+00
 2.0904930314000E-02 0.0000000000000E+00 0.0000000000000E+00 0.0000000000000E+00
 1.5179312529933E+00 0.0000000000000E+00 0.0000000000000E+00 0.0000000000000E+00
 0.0000000000000E+00-1.8752183779712E+00 0.0000000000000E+00 0.0000000000000E+00
 0.0000000000000E+00 0.0000000000000E+00-7.4524106876043E-02 0.0000000000000E+00
 0.0000000000000E+00 0.0000000000000E+00 0.0000000000000E+00 9.9699689477580E-02
 0.0000000000000E+00 0.0000000000000E+00 0.0000000000000E+00-5.2704627669473E-14
 0.0000000000000E+00 0.0000000000000E+00-3.2656357500976E-01 0.0000000000000E+00
 0.0000000000000E+00 0.0000000000000E+00 0.0000000000000E+00 0.0000000000000E+00
 0.0000000000000E+00-1.2554991314990E-01 0.0000000000000E+00 0.0000000000000E+00
 0.0000000000000E+00 0.0000000000000E+00 0.0000000000000E+00 0.0000000000000E+00
 0.0000000000000E+00 0.0000000000000E+00 0.0000000000000E+00 0.0000000000000E+00
 0.0000000000000E+00-4.2856117169900E-01 0.0000000000000E+00 0.0000000000000E+00
 1.1114136966430E+00 0.0000000000000E+00 0.0000000000000E+00 2.6614986764900E-01
 0.0000000000000E+00 0.0000000000000E+00 0.0000000000000E+00 3.5033061194013E-01
 0.0000000000000E+00 0.0000000000000E+00 0.0000000000000E+00 0.0000000000000E+00
-1.0217268040595E+00 0.0000000000000E+00 0.0000000000000E+00 0.0000000000000E+00
 0.0000000000000E+00-1.0402560979434E-01 0.0000000000000E+00 0.0000000000000E+00
 0.0000000000000E+00 0.0000000000000E+00 0.0000000000000E+00-2.0000000000000E-12
 2.0000000000000E-12-5.0000000000000E-12 0.0000000000000E+00 0.0000000000000E+00
 0.0000000000000E+00 0.0000000000000E+00 0.0000000000000E+00 1.0000000000000E-12
 0.0000000000000E+00 0.0000000000000E+00 1.0000000000000E-12 0.0000000000000E+00
 0.0000000000000E+00 0.0000000000000E+00-5.8997161359706E-01 0.0000000000000E+00
 1.0000000000000E-12 0.0000000000000E+00 0.0000000000000E+00 7.0220403732131E-01
 0.0000000000000E+00 1.0000000000000E-12 0.0000000000000E+00 0.0000000000000E+00
 7.2903210829835E-02 0.0000000000000E+00 0.0000000000000E+00 0.0000000000000E+00
 0.0000000000000E+00 0.0000000000000E+00 0.0000000000000E+00-2.9000000000000E-11
-4.3000000000000E-11 0.0000000000000E+00 0.0000000000000E+00 0.0000000000000E+00
 0.0000000000000E+00 0.0000000000000E+00 0.0000000000000E+00 0.0000000000000E+00
 0.0000000000000E+00-2.4000000000000E-11 0.0000000000000E+00 0.0000000000000E+00
-1.8000000000000E-11 0.0000000000000E+00 0.0000000000000E+00 0.0000000000000E+00
 2.4694241856874E-02 0.0000000000000E+00-2.0000000000000E-12 0.0000000000000E+00
 0.0000000000000E+00-3.0054613337854E-01 0.0000000000000E+00-3.0000000000000E-12
 0.0000000000000E+00 0.0000000000000E+00 1.2322682437623E-02 0.0000000000000E+00
 1.0000000000000E-12 0.0000000000000E+00 0.0000000000000E+00-4.7391361431165E-02
 0.0000000000000E+00 0.0000000000000E+00 0.0000000000000E+00-3.0000000000000E-12
 0.0000000000000E+00 0.0000000000000E+00 6.6234020617904E-02 0.0000000000000E+00
 0.0000000000000E+00 0.0000000000000E+00 0.0000000000000E+00 0.0000000000000E+00
 0.0000000000000E+00-4.6755422345388E-02 0.0000000000000E+00 0.0000000000000E+00
 0.0000000000000E+00 0.0000000000000E+00 0.0000000000000E+00 0.0000000000000E+00
 0.0000000000000E+00 0.0000000000000E+00 2.9000000000000E-11 4.3000000000000E-11
 0.0000000000000E+00 0.0000000000000E+00 0.0000000000000E+00 0.0000000000000E+00
 0.0000000000000E+00 0.0000000000000E+00 0.0000000000000E+00 0.0000000000000E+00
-2.4000000000000E-11 0.0000000000000E+00 0.0000000000000E+00-1.8000000000000E-11
 0.0000000000000E+00 0.0000000000000E+00 0.0000000000000E+00-2.4694241856874E-02
 0.0000000000000E+00 2.0000000000000E-12 0.0000000000000E+00 0.0000000000000E+00
 3.0054613337854E-01 0.0000000000000E+00 3.0000000000000E-12 0.0000000000000E+00
 0.0000000000000E+00-1.2322682437623E-02 0.0000000000000E+00 1.0000000000000E-12
 0.0000000000000E+00 0.0000000000000E+00-4.7391361431165E-02 0.0000000000000E+00
 0.0000000000000E+00 0.0000000000000E+00-3.0000000000000E-12 0.0000000000000E+00
 0.0000000000000E+00 6.6234020617904E-02 0.0000000000000E+00 0.0000000000000E+00
 0.0000000000000E+00 0.0000000000000E+00 0.0000000000000E+00 0.0000000000000E+00
 4.6755422345388E-02 0.0000000000000E+00 0.0000000000000E+00 0.0000000000000E+00
 0.0000000000000E+00 0.0000000000000E+00 0.0000000000000E+00 2.0000000000000E-12
-2.0000000000000E-12 5.0000000000000E-12 0.0000000000000E+00 0.0000000000000E+00
 0.0000000000000E+00 0.0000000000000E+00 0.0000000000000E+00 1.0000000000000E-12
 0.0000000000000E+00 0.0000000000000E+00 1.0000000000000E-12 0.0000000000000E+00
 0.0000000000000E+00 0.0000000000000E+00 5.8997161359706E-01 0.0000000000000E+00
-1.0000000000000E-12 0.0000000000000E+00 0.0000000000000E+00-7.0220403732131E-01
 0.0000000000000E+00 1.0000000000000E-12 0.0000000000000E+00 0.0000000000000E+00
 7.2903210829835E-02 0.0000000000000E+00 0.0000000000000E+00 0.0000000000000E+00
 0.0000000000000E+00 0.0000000000000E+00 0.0000000000000E+00 0.0000000000000E+00
 0.0000000000000E+00 0.0000000000000E+00 0.0000000000000E+00 0.0000000000000E+00
 0.0000000000000E+00 0.0000000000000E+00 0.0000000000000E+00 0.0000000000000E+00
 0.0000000000000E+00 0.0000000000000E+00 0.0000000000000E+00 0.0000000000000E+00
 0.0000000000000E+00-1.1799432271976E+00 0.0000000000000E+00 0.0000000000000E+00
 0.0000000000000E+00 0.0000000000000E+00 1.4044080746444E+00 0.0000000000000E+00
 0.0000000000000E+00 0.0000000000000E+00 0.0000000000000E+00 7.2903210829577E-02
 0.0000000000000E+00 0.0000000000000E+00 0.0000000000000E+00 0.0000000000000E+00
 0.0000000000000E+00 0.0000000000000E+00 0.0000000000000E+00 0.0000000000000E+00
 0.0000000000000E+00 0.0000000000000E+00 0.0000000000000E+00 0.0000000000000E+00
 0.0000000000000E+00 0.0000000000000E+00 0.0000000000000E+00 0.0000000000000E+00
 0.0000000000000E+00 0.0000000000000E+00 0.0000000000000E+00 0.0000000000000E+00
 0.0000000000000E+00 0.0000000000000E+00 0.0000000000000E+00 4.9388483710284E-02
 0.0000000000000E+00 0.0000000000000E+00 0.0000000000000E+00 0.0000000000000E+00
-6.0109226675015E-01 0.0000000000000E+00 0.0000000000000E+00 0.0000000000000E+00
 0.0000000000000E+00 2.4645364875246E-02 0.0000000000000E+00 0.0000000000000E+00
 0.0000000000000E+00 0.0000000000000E+00-4.7391361431294E-02 0.0000000000000E+00
 0.0000000000000E+00 0.0000000000000E+00 0.0000000000000E+00 0.0000000000000E+00
 0.0000000000000E+00 6.6234020618291E-02 0.0000000000000E+00 0.0000000000000E+00
 0.0000000000000E+00 0.0000000000000E+00 0.0000000000000E+00 0.0000000000000E+00
-4.6755422345090E-02 0.0000000000000E+00 0.0000000000000E+00 0.0000000000000E+00
 0.0000000000000E+00 0.0000000000000E+00 0.0000000000000E+00 0.0000000000000E+00
 0.0000000000000E+00 0.0000000000000E+00 0.0000000000000E+00 0.0000000000000E+00
 0.0000000000000E+00 0.0000000000000E+00 0.0000000000000E+00 0.0000000000000E+00
 0.0000000000000E+00 0.0000000000000E+00 0.0000000000000E+00 0.0000000000000E+00
 0.0000000000000E+00 0.0000000000000E+00 0.0000000000000E+00 0.0000000000000E+00
 0.0000000000000E+00 0.0000000000000E+00-4.9388483710284E-02 0.0000000000000E+00
 0.0000000000000E+00 0.0000000000000E+00 0.0000000000000E+00 6.0109226675015E-01
 0.0000000000000E+00 0.0000000000000E+00 0.0000000000000E+00 0.0000000000000E+00
-2.4645364875246E-02 0.0000000000000E+00 0.0000000000000E+00 0.0000000000000E+00
 0.0000000000000E+00-4.7391361431294E-02 0.0000000000000E+00 0.0000000000000E+00
 0.0000000000000E+00 0.0000000000000E+00 0.0000000000000E+00 0.0000000000000E+00
 6.6234020618291E-02 0.0000000000000E+00 0.0000000000000E+00 0.0000000000000E+00
 0.0000000000000E+00 0.0000000000000E+00 0.0000000000000E+00 4.6755422345090E-02
 0.0000000000000E+00 0.0000000000000E+00 0.0000000000000E+00 0.0000000000000E+00
 0.0000000000000E+00 0.0000000000000E+00 0.0000000000000E+00 0.0000000000000E+00
 0.0000000000000E+00 0.0000000000000E+00 0.0000000000000E+00 0.0000000000000E+00
 0.0000000000000E+00 0.0000000000000E+00 0.0000000000000E+00 0.0000000000000E+00
 0.0000000000000E+00 0.0000000000000E+00 0.0000000000000E+00 0.0000000000000E+00
 0.0000000000000E+00 1.1799432271976E+00 0.0000000000000E+00 0.0000000000000E+00
 0.0000000000000E+00 0.0000000000000E+00-1.4044080746444E+00 0.0000000000000E+00
 0.0000000000000E+00 0.0000000000000E+00 0.0000000000000E+00 7.2903210829577E-02
 0.0000000000000E+00 0.0000000000000E+00-6.0609078368700E-01 2.2891073475930E+00
 3.7421311186360E+00-6.1873857238000E-02 0.0000000000000E+00 0.0000000000000E+00
 6.8718080971400E-01 0.0000000000000E+00 0.0000000000000E+00-5.2343473902300E-01
 0.0000000000000E+00 0.0000000000000E+00 2.0009731143770E+00-2.6194196892600E-01
 0.0000000000000E+00 0.0000000000000E+00 0.0000000000000E+00 0.0000000000000E+00
 8.4097218305000E-03 0.0000000000000E+00 0.0000000000000E+00 0.0000000000000E+00
 0.0000000000000E+00-2.3647687649100E-01 0.0000000000000E+00 0.0000000000000E+00
 0.0000000000000E+00 0.0000000000000E+00 0.0000000000000E+00 0.0000000000000E+00
-1.6231432157000E-02-1.1845059417000E-01-2.0450972837000E+00-4.0665343916480E+00
 9.4135774931000E-02 0.0000000000000E+00 0.0000000000000E+00-1.1809575303100E-01
 0.0000000000000E+00 0.0000000000000E+00-2.6102595497550E+00 0.0000000000000E+00
 0.0000000000000E+00 7.0718603016140E+00 0.0000000000000E+00 0.0000000000000E+00
-3.7115491366400E-01-1.7387541537700E-01 0.0000000000000E+00 0.0000000000000E+00
 0.0000000000000E+00 0.0000000000000E+00 3.3339760850100E-01 0.0000000000000E+00
 0.0000000000000E+00 0.0000000000000E+00 0.0000000000000E+00 5.2337964629000E-02
 0.0000000000000E+00 0.0000000000000E+00 0.0000000000000E+00 0.0000000000000E+00
-5.9773789500000E-03 0.0000000000000E+00 0.0000000000000E+00 0.0000000000000E+00
 0.0000000000000E+00 0.0000000000000E+00 0.0000000000000E+00 2.0349885569170E+00
 0.0000000000000E+00 0.0000000000000E+00 0.0000000000000E+00 0.0000000000000E+00
 0.0000000000000E+00 0.0000000000000E+00 2.2382757260000E-01 0.0000000000000E+00
 0.0000000000000E+00 0.0000000000000E+00 0.0000000000000E+00 0.0000000000000E+00
 0.0000000000000E+00 0.0000000000000E+00 0.0000000000000E+00-1.6231432157000E-02
-1.1845059417000E-01-2.0450972837000E+00-4.0665343916480E+00 9.4135774931000E-02
 0.0000000000000E+00 0.0000000000000E+00 1.1809575303100E-01 0.0000000000000E+00
 0.0000000000000E+00 2.6102595497550E+00 0.0000000000000E+00 0.0000000000000E+00
-7.0718603016140E+00 0.0000000000000E+00 0.0000000000000E+00 3.7115491366400E-01
-1.7387541537700E-01 0.0000000000000E+00 0.0000000000000E+00 0.0000000000000E+00
 0.0000000000000E+00 3.3339760850100E-01 0.0000000000000E+00 0.0000000000000E+00
 0.0000000000000E+00 0.0000000000000E+00 5.2337964629000E-02 0.0000000000000E+00
 0.0000000000000E+00 0.0000000000000E+00 0.0000000000000E+00 5.9773789500000E-03
 0.0000000000000E+00 0.0000000000000E+00 0.0000000000000E+00 0.0000000000000E+00
 0.0000000000000E+00 0.0000000000000E+00-2.0349885569170E+00 0.0000000000000E+00
 0.0000000000000E+00 0.0000000000000E+00 0.0000000000000E+00 0.0000000000000E+00
 0.0000000000000E+00 2.2382757260000E-01 0.0000000000000E+00 0.0000000000000E+00
 0.0000000000000E+00 0.0000000000000E+00 0.0000000000000E+00 0.0000000000000E+00
 0.0000000000000E+00 0.0000000000000E+00-6.0609078368700E-01 2.2891073475930E+00
 3.7421311186360E+00-6.1873857238000E-02 0.0000000000000E+00 0.0000000000000E+00
-6.8718080971400E-01 0.0000000000000E+00 0.0000000000000E+00 5.2343473902300E-01
 0.0000000000000E+00 0.0000000000000E+00-2.0009731143770E+00-2.6194196892600E-01
 0.0000000000000E+00 0.0000000000000E+00 0.0000000000000E+00 0.0000000000000E+00
 8.4097218305000E-03 0.0000000000000E+00 0.0000000000000E+00 0.0000000000000E+00
 0.0000000000000E+00 2.3647687649100E-01 0.0000000000000E+00 0.0000000000000E+00
 0.0000000000000E+00 0.0000000000000E+00 0.0000000000000E+00 0.0000000000000E+00
 0.0000000000000E+00 0.0000000000000E+00 0.0000000000000E+00 0.0000000000000E+00
 0.0000000000000E+00 0.0000000000000E+00 0.0000000000000E+00 0.0000000000000E+00
 0.0000000000000E+00 0.0000000000000E+00 0.0000000000000E+00 0.0000000000000E+00
 0.0000000000000E+00 0.0000000000000E+00 0.0000000000000E+00 0.0000000000000E+00
 6.7899113770006E-01 0.0000000000000E+00 0.0000000000000E+00 0.0000000000000E+00
 0.0000000000000E+00-2.5204734723213E-01 0.0000000000000E+00 0.0000000000000E+00
 0.0000000000000E+00 0.0000000000000E+00 3.5577433535683E-02 0.0000000000000E+00
 0.0000000000000E+00 0.0000000000000E+00 0.0000000000000E+00 0.0000000000000E+00
 0.0000000000000E+00 0.0000000000000E+00 0.0000000000000E+00 0.0000000000000E+00
 0.0000000000000E+00 0.0000000000000E+00 0.0000000000000E+00 0.0000000000000E+00
 1.0000000000000E-12 0.0000000000000E+00 0.0000000000000E+00-1.0000000000000E-12
 0.0000000000000E+00 0.0000000000000E+00 0.0000000000000E+00 0.0000000000000E+00
 0.0000000000000E+00 0.0000000000000E+00 6.3439061614034E-02 0.0000000000000E+00
 0.0000000000000E+00 0.0000000000000E+00 0.0000000000000E+00-3.7762867870664E-02
 0.0000000000000E+00 0.0000000000000E+00 0.0000000000000E+00 0.0000000000000E+00
 3.5668518649701E-02 0.0000000000000E+00 0.0000000000000E+00 0.0000000000000E+00
 0.0000000000000E+00 4.5190683669061E-02 0.0000000000000E+00 0.0000000000000E+00
 0.0000000000000E+00 0.0000000000000E+00 0.0000000000000E+00 0.0000000000000E+00
-1.3016736832826E-02 0.0000000000000E+00 0.0000000000000E+00 0.0000000000000E+00
 0.0000000000000E+00 0.0000000000000E+00 0.0000000000000E+00-2.3672198387510E-02
 0.0000000000000E+00 0.0000000000000E+00 0.0000000000000E+00 0.0000000000000E+00
 0.0000000000000E+00 0.0000000000000E+00 0.0000000000000E+00 0.0000000000000E+00
 0.0000000000000E+00 0.0000000000000E+00 0.0000000000000E+00 0.0000000000000E+00
 0.0000000000000E+00 0.0000000000000E+00 0.0000000000000E+00-1.0000000000000E-12
 0.0000000000000E+00 0.0000000000000E+00 1.0000000000000E-12 0.0000000000000E+00
 0.0000000000000E+00 0.0000000000000E+00 0.0000000000000E+00 0.0000000000000E+00
 0.0000000000000E+00 6.3439061614034E-02 0.0000000000000E+00 0.0000000000000E+00
 0.0000000000000E+00 0.0000000000000E+00-3.7762867870664E-02 0.0000000000000E+00
 0.0000000000000E+00 0.0000000000000E+00 0.0000000000000E+00 3.5668518649701E-02
 0.0000000000000E+00 0.0000000000000E+00 0.0000000000000E+00 0.0000000000000E+00
-4.5190683669061E-02 0.0000000000000E+00 0.0000000000000E+00 0.0000000000000E+00
 0.0000000000000E+00 0.0000000000000E+00 0.0000000000000E+00 1.3016736832826E-02
 0.0000000000000E+00 0.0000000000000E+00 0.0000000000000E+00 0.0000000000000E+00
 0.0000000000000E+00 0.0000000000000E+00-2.3672198387510E-02 0.0000000000000E+00
 0.0000000000000E+00 0.0000000000000E+00 0.0000000000000E+00 0.0000000000000E+00
 0.0000000000000E+00 0.0000000000000E+00 0.0000000000000E+00 0.0000000000000E+00
 0.0000000000000E+00 0.0000000000000E+00 0.0000000000000E+00 0.0000000000000E+00
 0.0000000000000E+00 0.0000000000000E+00 0.0000000000000E+00 0.0000000000000E+00
 0.0000000000000E+00 0.0000000000000E+00 0.0000000000000E+00 0.0000000000000E+00
 6.7899113770006E-01 0.0000000000000E+00 0.0000000000000E+00 0.0000000000000E+00
 0.0000000000000E+00-2.5204734723213E-01 0.0000000000000E+00 0.0000000000000E+00
 0.0000000000000E+00 0.0000000000000E+00-3.5577433535683E-02 0.0000000000000E+00
 0.0000000000000E+00 0.0000000000000E+00 0.0000000000000E+00 0.0000000000000E+00
 0.0000000000000E+00 0.0000000000000E+00 0.0000000000000E+00 0.0000000000000E+00
 0.0000000000000E+00 0.0000000000000E+00 0.0000000000000E+00 0.0000000000000E+00
 0.0000000000000E+00 0.0000000000000E+00 0.0000000000000E+00 0.0000000000000E+00
 0.0000000000000E+00 0.0000000000000E+00 0.0000000000000E+00 1.3579822753949E+00
 0.0000000000000E+00 0.0000000000000E+00 0.0000000000000E+00 0.0000000000000E+00
-5.0409469445733E-01 0.0000000000000E+00 0.0000000000000E+00 0.0000000000000E+00
 0.0000000000000E+00 3.5577433536328E-02 0.0000000000000E+00 0.0000000000000E+00
 0.0000000000000E+00 0.0000000000000E+00 0.0000000000000E+00 0.0000000000000E+00
 0.0000000000000E+00 0.0000000000000E+00 0.0000000000000E+00 0.0000000000000E+00
 0.0000000000000E+00 0.0000000000000E+00 0.0000000000000E+00 0.0000000000000E+00
 0.0000000000000E+00 0.0000000000000E+00 0.0000000000000E+00 0.0000000000000E+00
 0.0000000000000E+00 0.0000000000000E+00 0.0000000000000E+00 0.0000000000000E+00
 0.0000000000000E+00 1.2687812323153E-01 0.0000000000000E+00 0.0000000000000E+00
 0.0000000000000E+00 0.0000000000000E+00-7.5525735744792E-02 0.0000000000000E+00
 0.0000000000000E+00 0.0000000000000E+00 0.0000000000000E+00 7.1337037299402E-02
 0.0000000000000E+00 0.0000000000000E+00 0.0000000000000E+00 0.0000000000000E+00
 4.5190683669577E-02 0.0000000000000E+00 0.0000000000000E+00 0.0000000000000E+00
 0.0000000000000E+00 0.0000000000000E+00 0.0000000000000E+00-1.3016736832697E-02
 0.0000000000000E+00 0.0000000000000E+00 0.0000000000000E+00 0.0000000000000E+00
 0.0000000000000E+00 0.0000000000000E+00-2.3672198387808E-02 0.0000000000000E+00
 0.0000000000000E+00 0.0000000000000E+00 0.0000000000000E+00 0.0000000000000E+00
 0.0000000000000E+00 0.0000000000000E+00 0.0000000000000E+00 0.0000000000000E+00
 0.0000000000000E+00 0.0000000000000E+00 0.0000000000000E+00 0.0000000000000E+00
 0.0000000000000E+00 0.0000000000000E+00 0.0000000000000E+00 0.0000000000000E+00
 0.0000000000000E+00 0.0000000000000E+00 0.0000000000000E+00 0.0000000000000E+00
 0.0000000000000E+00 0.0000000000000E+00 0.0000000000000E+00 0.0000000000000E+00
 1.2687812323153E-01 0.0000000000000E+00 0.0000000000000E+00 0.0000000000000E+00
 0.0000000000000E+00-7.5525735744792E-02 0.0000000000000E+00 0.0000000000000E+00
 0.0000000000000E+00 0.0000000000000E+00 7.1337037299402E-02 0.0000000000000E+00
 0.0000000000000E+00 0.0000000000000E+00 0.0000000000000E+00-4.5190683669577E-02
 0.0000000000000E+00 0.0000000000000E+00 0.0000000000000E+00 0.0000000000000E+00
 0.0000000000000E+00 0.0000000000000E+00 1.3016736832697E-02 0.0000000000000E+00
 0.0000000000000E+00 0.0000000000000E+00 0.0000000000000E+00 0.0000000000000E+00
 0.0000000000000E+00-2.3672198387808E-02 0.0000000000000E+00 0.0000000000000E+00
 0.0000000000000E+00 0.0000000000000E+00 0.0000000000000E+00 0.0000000000000E+00
 0.0000000000000E+00 0.0000000000000E+00 0.0000000000000E+00 0.0000000000000E+00
 0.0000000000000E+00 0.0000000000000E+00 0.0000000000000E+00 0.0000000000000E+00
 0.0000000000000E+00 0.0000000000000E+00 0.0000000000000E+00 0.0000000000000E+00
 0.0000000000000E+00 0.0000000000000E+00 0.0000000000000E+00 1.3579822753949E+00
 0.0000000000000E+00 0.0000000000000E+00 0.0000000000000E+00 0.0000000000000E+00
-5.0409469445733E-01 0.0000000000000E+00 0.0000000000000E+00 0.0000000000000E+00
 0.0000000000000E+00-3.5577433536328E-02 0.0000000000000E+00 0.0000000000000E+00
 3.6733751663400E-01-2.4170249296030E+00-6.2882433645160E+00-9.7569861826300E-01
 0.0000000000000E+00 0.0000000000000E+00-2.9987312081600E-01 0.0000000000000E+00
 0.0000000000000E+00-1.0787378998810E+00 0.0000000000000E+00 0.0000000000000E+00
-3.1058418559110E+00 2.1217194151600E-01 0.0000000000000E+00 0.0000000000000E+00
 0.0000000000000E+00 0.0000000000000E+00-5.7388356549300E-01 0.0000000000000E+00
 0.0000000000000E+00 0.0000000000000E+00 0.0000000000000E+00-5.0258790606800E-01
 0.0000000000000E+00 0.0000000000000E+00 0.0000000000000E+00 0.0000000000000E+00
 0.0000000000000E+00 0.0000000000000E+00 2.1044908625900E-01 4.0081094974000E-01
 1.1831297395500E+00-1.6186838127750E+00-2.9417948487460E+00 0.0000000000000E+00
 0.0000000000000E+00 3.9442410589900E-01 0.0000000000000E+00 0.0000000000000E+00
-6.4865216065800E-01 0.0000000000000E+00 0.0000000000000E+00-1.0139568083526E+01
 0.0000000000000E+00 0.0000000000000E+00-2.0768546208520E+00 1.8548647131950E-01
 0.0000000000000E+00 0.0000000000000E+00 0.0000000000000E+00 0.0000000000000E+00
 4.7016722120250E-01 0.0000000000000E+00 0.0000000000000E+00 0.0000000000000E+00
 0.0000000000000E+00-8.1656390101500E-02 0.0000000000000E+00 0.0000000000000E+00
 0.0000000000000E+00 0.0000000000000E+00 3.0217457338100E-01 0.0000000000000E+00
 0.0000000000000E+00 0.0000000000000E+00 0.0000000000000E+00 0.0000000000000E+00
 0.0000000000000E+00-9.8258940059900E-01 0.0000000000000E+00 0.0000000000000E+00
 0.0000000000000E+00 0.0000000000000E+00 0.0000000000000E+00 0.0000000000000E+00
 9.2648882183700E-01 0.0000000000000E+00 0.0000000000000E+00 0.0000000000000E+00
 0.0000000000000E+00 0.0000000000000E+00 0.0000000000000E+00 0.0000000000000E+00
 0.0000000000000E+00-2.1044908625900E-01-4.0081094974000E-01-1.1831297395500E+00
 1.6186838127750E+00 2.9417948487460E+00 0.0000000000000E+00 0.0000000000000E+00
 3.9442410589900E-01 0.0000000000000E+00 0.0000000000000E+00-6.4865216065800E-01
 0.0000000000000E+00 0.0000000000000E+00-1.0139568083526E+01 0.0000000000000E+00
 0.0000000000000E+00-2.0768546208520E+00-1.8548647131950E-01 0.0000000000000E+00
 0.0000000000000E+00 0.0000000000000E+00 0.0000000000000E+00-4.7016722120250E-01
 0.0000000000000E+00 0.0000000000000E+00 0.0000000000000E+00 0.0000000000000E+00
 8.1656390101500E-02 0.0000000000000E+00 0.0000000000000E+00 0.0000000000000E+00
 0.0000000000000E+00 3.0217457338100E-01 0.0000000000000E+00 0.0000000000000E+00
 0.0000000000000E+00 0.0000000000000E+00 0.0000000000000E+00 0.0000000000000E+00
-9.8258940059900E-01 0.0000000000000E+00 0.0000000000000E+00 0.0000000000000E+00
 0.0000000000000E+00 0.0000000000000E+00 0.0000000000000E+00-9.2648882183700E-01
 0.0000000000000E+00 0.0000000000000E+00 0.0000000000000E+00 0.0000000000000E+00
 0.0000000000000E+00 0.0000000000000E+00 0.0000000000000E+00 0.0000000000000E+00
-3.6733751663400E-01 2.4170249296030E+00 6.2882433645160E+00 9.7569861826300E-01
 0.0000000000000E+00 0.0000000000000E+00-2.9987312081600E-01 0.0000000000000E+00
 0.0000000000000E+00-1.0787378998810E+00 0.0000000000000E+00 0.0000000000000E+00
-3.1058418559110E+00-2.1217194151600E-01 0.0000000000000E+00 0.0000000000000E+00
 0.0000000000000E+00 0.0000000000000E+00 5.7388356549300E-01 0.0000000000000E+00
 0.0000000000000E+00 0.0000000000000E+00 0.0000000000000E+00-5.0258790606800E-01
 0.0000000000000E+00 0.0000000000000E+00 0.0000000000000E+00 0.0000000000000E+00
 0.0000000000000E+00 0.0000000000000E+00-6.1591586340800E-01 5.2384858057800E+00
 6.3491468802680E+00-1.8103968032980E+00 0.0000000000000E+00 0.0000000000000E+00
 7.0807133367500E-01 0.0000000000000E+00 0.0000000000000E+00 1.0379380218370E+00
 0.0000000000000E+00 0.0000000000000E+00 1.2758023752630E+00 2.9951387061400E-01
 0.0000000000000E+00 0.0000000000000E+00 0.0000000000000E+00 0.0000000000000E+00
-4.8663492415900E-01 0.0000000000000E+00 0.0000000000000E+00 0.0000000000000E+00
 0.0000000000000E+00-3.6240822218300E-01 0.0000000000000E+00 0.0000000000000E+00
 0.0000000000000E+00 0.0000000000000E+00 0.0000000000000E+00 0.0000000000000E+00
 3.8384409210700E-01 2.5133831076900E-01 4.1049748017400E+00-1.8348754682919E+01
-1.6003825988141E+01 0.0000000000000E+00 0.0000000000000E+00 5.2078077760800E-01
 0.0000000000000E+00 0.0000000000000E+00-4.1672019746440E+00 0.0000000000000E+00
 0.0000000000000E+00 9.7401864968400E-01 0.0000000000000E+00 0.0000000000000E+00
-6.1141398129810E+00 2.7639543083500E-02 0.0000000000000E+00 0.0000000000000E+00
 0.0000000000000E+00 0.0000000000000E+00-2.4804676663560E+00 0.0000000000000E+00
 0.0000000000000E+00 0.0000000000000E+00 0.0000000000000E+00-2.0934582523140E+00
 0.0000000000000E+00 0.0000000000000E+00 0.0000000000000E+00 0.0000000000000E+00
-1.0743983197710E+00 0.0000000000000E+00 0.0000000000000E+00 0.0000000000000E+00
 0.0000000000000E+00 0.0000000000000E+00 0.0000000000000E+00 1.8131581241490E+00
 0.0000000000000E+00 0.0000000000000E+00 1.2909944487358E-13 0.0000000000000E+00
 0.0000000000000E+00 0.0000000000000E+00-9.4545481188900E-01 0.0000000000000E+00
 0.0000000000000E+00 0.0000000000000E+00 0.0000000000000E+00 0.0000000000000E+00
 0.0000000000000E+00 0.0000000000000E+00 0.0000000000000E+00-3.8384409210700E-01
-2.5133831076900E-01-4.1049748017400E+00 1.8348754682919E+01 1.6003825988141E+01
 0.0000000000000E+00 0.0000000000000E+00 5.2078077760800E-01 0.0000000000000E+00
 0.0000000000000E+00-4.1672019746440E+00 0.0000000000000E+00 0.0000000000000E+00
 9.7401864968400E-01 0.0000000000000E+00 0.0000000000000E+00-6.1141398129810E+00
-2.7639543083500E-02 0.0000000000000E+00 0.0000000000000E+00 0.0000000000000E+00
 0.0000000000000E+00 2.4804676663560E+00 0.0000000000000E+00 0.0000000000000E+00
 0.0000000000000E+00 0.0000000000000E+00 2.0934582523140E+00 0.0000000000000E+00
 0.0000000000000E+00 0.0000000000000E+00 0.0000000000000E+00-1.0743983197710E+00
 0.0000000000000E+00 0.0000000000000E+00 0.0000000000000E+00 0.0000000000000E+00
 0.0000000000000E+00 0.0000000000000E+00 1.8131581241490E+00 0.0000000000000E+00
 0.0000000000000E+00 1.2909944487358E-13 0.0000000000000E+00 0.0000000000000E+00
 0.0000000000000E+00 9.4545481188900E-01 0.0000000000000E+00 0.0000000000000E+00
 0.0000000000000E+00 0.0000000000000E+00 0.0000000000000E+00 0.0000000000000E+00
 0.0000000000000E+00 0.0000000000000E+00 6.1591586340800E-01-5.2384858057800E+00
-6.3491468802680E+00 1.8103968032980E+00 0.0000000000000E+00 0.0000000000000E+00
 7.0807133367500E-01 0.0000000000000E+00 0.0000000000000E+00 1.0379380218370E+00
 0.0000000000000E+00 0.0000000000000E+00 1.2758023752630E+00-2.9951387061400E-01
 0.0000000000000E+00 0.0000000000000E+00 0.0000000000000E+00 0.0000000000000E+00
 4.8663492415900E-01 0.0000000000000E+00 0.0000000000000E+00 0.0000000000000E+00
 0.0000000000000E+00-3.6240822218300E-01 0.0000000000000E+00 0.0000000000000E+00
 0.0000000000000E+00 0.0000000000000E+00 0.0000000000000E+00 0.0000000000000E+00
 0.0000000000000E+00 0.0000000000000E+00 0.0000000000000E+00 0.0000000000000E+00
 1.2045465939730E+00 0.0000000000000E+00 0.0000000000000E+00-2.4603796697450E+00
 0.0000000000000E+00 0.0000000000000E+00 1.5229411460100E-01 0.0000000000000E+00
 0.0000000000000E+00 0.0000000000000E+00 2.3646478553067E-01 0.0000000000000E+00
 0.0000000000000E+00 0.0000000000000E+00 0.0000000000000E+00-1.9803340151617E+00
 0.0000000000000E+00 0.0000000000000E+00 0.0000000000000E+00 0.0000000000000E+00
-1.1178229305051E-01 0.0000000000000E+00 0.0000000000000E+00 0.0000000000000E+00
 0.0000000000000E+00 0.0000000000000E+00 0.0000000000000E+00 0.0000000000000E+00
 0.0000000000000E+00 0.0000000000000E+00 0.0000000000000E+00-1.7829876175000E-02
 0.0000000000000E+00 0.0000000000000E+00-4.4614066633000E-02 0.0000000000000E+00
 0.0000000000000E+00 4.4116869535730E+00 0.0000000000000E+00 0.0000000000000E+00
 2.7302286692700E-01 0.0000000000000E+00 0.0000000000000E+00 0.0000000000000E+00
-3.8236635486264E-01 0.0000000000000E+00 0.0000000000000E+00 0.0000000000000E+00
 0.0000000000000E+00-9.6757168817656E-01 0.0000000000000E+00 0.0000000000000E+00
 0.0000000000000E+00 0.0000000000000E+00 3.3578107477079E+00 0.0000000000000E+00
 0.0000000000000E+00 0.0000000000000E+00 0.0000000000000E+00-2.3649054753044E-01
 0.0000000000000E+00 0.0000000000000E+00 0.0000000000000E+00-5.2704627669473E-14
 0.0000000000000E+00 0.0000000000000E+00 7.4320719097991E-01 0.0000000000000E+00
 0.0000000000000E+00 0.0000000000000E+00 0.0000000000000E+00 0.0000000000000E+00
 0.0000000000000E+00-1.6634388056613E-01 0.0000000000000E+00 0.0000000000000E+00
 0.0000000000000E+00 0.0000000000000E+00 0.0000000000000E+00 0.0000000000000E+00
 0.0000000000000E+00 0.0000000000000E+00 0.0000000000000E+00 0.0000000000000E+00
 0.0000000000000E+00 0.0000000000000E+00 1.7829876175000E-02 0.0000000000000E+00
 0.0000000000000E+00 4.4614066633000E-02 0.0000000000000E+00 0.0000000000000E+00
-4.4116869535730E+00 0.0000000000000E+00 0.0000000000000E+00-2.7302286692700E-01
 0.0000000000000E+00 0.0000000000000E+00 0.0000000000000E+00-3.8236635486264E-01
 0.0000000000000E+00 0.0000000000000E+00 0.0000000000000E+00 0.0000000000000E+00
-9.6757168817656E-01 0.0000000000000E+00 0.0000000000000E+00 0.0000000000000E+00
 0.0000000000000E+00 3.3578107477079E+00 0.0000000000000E+00 0.0000000000000E+00
 0.0000000000000E+00 0.0000000000000E+00 2.3649054753044E-01 0.0000000000000E+00
 0.0000000000000E+00 0.0000000000000E+00 5.2704627669473E-14 0.0000000000000E+00
 0.0000000000000E+00-7.4320719097991E-01 0.0000000000000E+00 0.0000000000000E+00
 0.0000000000000E+00 0.0000000000000E+00 0.0000000000000E+00 0.0000000000000E+00
-1.6634388056613E-01 0.0000000000000E+00 0.0000000000000E+00 0.0000000000000E+00
 0.0000000000000E+00 0.0000000000000E+00 0.0000000000000E+00 0.0000000000000E+00
 0.0000000000000E+00 0.0000000000000E+00 0.0000000000000E+00 0.0000000000000E+00
-1.2045465939730E+00 0.0000000000000E+00 0.0000000000000E+00 2.4603796697450E+00
 0.0000000000000E+00 0.0000000000000E+00-1.5229411460100E-01 0.0000000000000E+00
 0.0000000000000E+00 0.0000000000000E+00 2.3646478553067E-01 0.0000000000000E+00
 0.0000000000000E+00 0.0000000000000E+00 0.0000000000000E+00-1.9803340151617E+00
 0.0000000000000E+00 0.0000000000000E+00 0.0000000000000E+00 0.0000000000000E+00
 1.1178229305051E-01 0.0000000000000E+00 0.0000000000000E+00 0.0000000000000E+00
 0.0000000000000E+00 0.0000000000000E+00 0.0000000000000E+00 0.0000000000000E+00
 0.0000000000000E+00 0.0000000000000E+00 0.0000000000000E+00 1.2045465939730E+00
 0.0000000000000E+00 0.0000000000000E+00-2.4603796697450E+00 0.0000000000000E+00
 0.0000000000000E+00 1.5229411460100E-01 0.0000000000000E+00 0.0000000000000E+00
 0.0000000000000E+00 2.3646478553067E-01 0.0000000000000E+00 0.0000000000000E+00
 0.0000000000000E+00 0.0000000000000E+00-1.9803340151617E+00 0.0000000000000E+00
 0.0000000000000E+00 0.0000000000000E+00 0.0000000000000E+00-1.1178229305051E-01
 0.0000000000000E+00 0.0000000000000E+00 0.0000000000000E+00 0.0000000000000E+00
 0.0000000000000E+00 0.0000000000000E+00 0.0000000000000E+00 0.0000000000000E+00
 0.0000000000000E+00 0.0000000000000E+00-1.7829876175000E-02 0.0000000000000E+00
 0.0000000000000E+00-4.4614066633000E-02 0.0000000000000E+00 0.0000000000000E+00
 4.4116869535730E+00 0.0000000000000E+00 0.0000000000000E+00 2.7302286692700E-01
 0.0000000000000E+00 0.0000000000000E+00 0.0000000000000E+00-3.8236635486091E-01
 0.0000000000000E+00 0.0000000000000E+00 0.0000000000000E+00 0.0000000000000E+00
-9.6757168817656E-01 0.0000000000000E+00 0.0000000000000E+00 0.0000000000000E+00
 0.0000000000000E+00 3.3578107477079E+00 0.0000000000000E+00 0.0000000000000E+00
 0.0000000000000E+00 0.0000000000000E+00-2.3649054753044E-01 0.0000000000000E+00
 0.0000000000000E+00 0.0000000000000E+00 5.2704627669473E-14 0.0000000000000E+00
 0.0000000000000E+00 7.4320719097991E-01 0.0000000000000E+00 0.0000000000000E+00
 0.0000000000000E+00 0.0000000000000E+00 0.0000000000000E+00 0.0000000000000E+00
-1.6634388056613E-01 0.0000000000000E+00 0.0000000000000E+00 0.0000000000000E+00
 0.0000000000000E+00 0.0000000000000E+00 0.0000000000000E+00 0.0000000000000E+00
 0.0000000000000E+00 0.0000000000000E+00 0.0000000000000E+00 0.0000000000000E+00
 0.0000000000000E+00 1.7829876175000E-02 0.0000000000000E+00 0.0000000000000E+00
 4.4614066633000E-02 0.0000000000000E+00 0.0000000000000E+00-4.4116869535730E+00
 0.0000000000000E+00 0.0000000000000E+00-2.7302286692700E-01 0.0000000000000E+00
 0.0000000000000E+00 0.0000000000000E+00-3.8236635486091E-01 0.0000000000000E+00
 0.0000000000000E+00 0.0000000000000E+00 0.0000000000000E+00-9.6757168817656E-01
 0.0000000000000E+00 0.0000000000000E+00 0.0000000000000E+00 0.0000000000000E+00
 3.3578107477079E+00 0.0000000000000E+00 0.0000000000000E+00 0.0000000000000E+00
 0.0000000000000E+00 2.3649054753044E-01 0.0000000000000E+00 0.0000000000000E+00
 0.0000000000000E+00-5.2704627669473E-14 0.0000000000000E+00 0.0000000000000E+00
-7.4320719097991E-01 0.0000000000000E+00 0.0000000000000E+00 0.0000000000000E+00
 0.0000000000000E+00 0.0000000000000E+00 0.0000000000000E+00-1.6634388056613E-01
 0.0000000000000E+00 0.0000000000000E+00 0.0000000000000E+00 0.0000000000000E+00
 0.0000000000000E+00 0.0000000000000E+00 0.0000000000000E+00 0.0000000000000E+00
 0.0000000000000E+00 0.0000000000000E+00 0.0000000000000E+00-1.2045465939730E+00
 0.0000000000000E+00 0.0000000000000E+00 2.4603796697450E+00 0.0000000000000E+00
 0.0000000000000E+00-1.5229411460100E-01 0.0000000000000E+00 0.0000000000000E+00
 0.0000000000000E+00 2.3646478553067E-01 0.0000000000000E+00 0.0000000000000E+00
 0.0000000000000E+00 0.0000000000000E+00-1.9803340151617E+00 0.0000000000000E+00
 0.0000000000000E+00 0.0000000000000E+00 0.0000000000000E+00 1.1178229305051E-01
 0.0000000000000E+00 0.0000000000000E+00 0.0000000000000E+00 0.0000000000000E+00
-1.0000000000000E-12 3.0000000000000E-12 5.0000000000000E-12-1.0000000000000E-12
 0.0000000000000E+00 0.0000000000000E+00 0.0000000000000E+00 0.0000000000000E+00
 0.0000000000000E+00 1.0000000000000E-12 0.0000000000000E+00 0.0000000000000E+00
 2.0000000000000E-12 0.0000000000000E+00 0.0000000000000E+00 0.0000000000000E+00
-5.0318072401224E-01 0.0000000000000E+00 0.0000000000000E+00 0.0000000000000E+00
 0.0000000000000E+00-2.5316081448296E-02 0.0000000000000E+00 0.0000000000000E+00
 0.0000000000000E+00 0.0000000000000E+00-7.4018906682680E-02 0.0000000000000E+00
 0.0000000000000E+00 0.0000000000000E+00 0.0000000000000E+00 0.0000000000000E+00
 3.0000000000000E-12-1.4000000000000E-11-1.3000000000000E-11 0.0000000000000E+00
 0.0000000000000E+00 0.0000000000000E+00 0.0000000000000E+00 0.0000000000000E+00
-1.0000000000000E-12 0.0000000000000E+00 0.0000000000000E+00-1.0000000000000E-12
 0.0000000000000E+00 0.0000000000000E+00-5.0000000000000E-12 5.0000000000000E-13
 0.0000000000000E+00 0.0000000000000E+00-2.6814141395880E-01 0.0000000000000E+00
-1.5000000000000E-12 0.0000000000000E+00 0.0000000000000E+00 9.7995142793841E-01
 0.0000000000000E+00-1.5000000000000E-12 0.0000000000000E+00 0.0000000000000E+00
 3.5998949355601E-02 0.0000000000000E+00 0.0000000000000E+00 0.0000000000000E+00
 0.0000000000000E+00 4.1061917593379E-02 0.0000000000000E+00 0.0000000000000E+00
 0.0000000000000E+00 1.0000000000000E-12 0.0000000000000E+00 0.0000000000000E+00
 6.7003079494549E-02 0.0000000000000E+00 0.0000000000000E+00 0.0000000000000E+00
 0.0000000000000E+00 0.0000000000000E+00 0.0000000000000E+00 9.7828909291893E-02
 0.0000000000000E+00 0.0000000000000E+00 0.0000000000000E+00 0.0000000000000E+00
 0.0000000000000E+00 0.0000000000000E+00 0.0000000000000E+00-3.0000000000000E-12
 1.4000000000000E-11 1.3000000000000E-11 0.0000000000000E+00 0.0000000000000E+00
 0.0000000000000E+00 0.0000000000000E+00 0.0000000000000E+00-1.0000000000000E-12
 0.0000000000000E+00 0.0000000000000E+00-1.0000000000000E-12 0.0000000000000E+00
 0.0000000000000E+00-5.0000000000000E-12-5.0000000000000E-13 0.0000000000000E+00
 0.0000000000000E+00 2.6814141395880E-01 0.0000000000000E+00 1.5000000000000E-12
 0.0000000000000E+00 0.0000000000000E+00-9.7995142793841E-01 0.0000000000000E+00
 1.5000000000000E-12 0.0000000000000E+00 0.0000000000000E+00-3.5998949355601E-02
 0.0000000000000E+00 0.0000000000000E+00 0.0000000000000E+00 0.0000000000000E+00
 4.1061917593379E-02 0.0000000000000E+00 0.0000000000000E+00 0.0000000000000E+00
 1.0000000000000E-12 0.0000000000000E+00 0.0000000000000E+00 6.7003079494549E-02
 0.0000000000000E+00 0.0000000000000E+00 0.0000000000000E+00 0.0000000000000E+00
 0.0000000000000E+00 0.0000000000000E+00-9.7828909291893E-02 0.0000000000000E+00
 0.0000000000000E+00 0.0000000000000E+00 0.0000000000000E+00 0.0000000000000E+00
 1.0000000000000E-12-3.0000000000000E-12-5.0000000000000E-12 1.0000000000000E-12
 0.0000000000000E+00 0.0000000000000E+00 0.0000000000000E+00 0.0000000000000E+00
 0.0000000000000E+00 1.0000000000000E-12 0.0000000000000E+00 0.0000000000000E+00
 2.0000000000000E-12 0.0000000000000E+00 0.0000000000000E+00 0.0000000000000E+00
 5.0318072401224E-01 0.0000000000000E+00 0.0000000000000E+00 0.0000000000000E+00
 0.0000000000000E+00 2.5316081448296E-02 0.0000000000000E+00 0.0000000000000E+00
 0.0000000000000E+00 0.0000000000000E+00-7.4018906682680E-02 0.0000000000000E+00
 0.0000000000000E+00 0.0000000000000E+00 0.0000000000000E+00 0.0000000000000E+00
 0.0000000000000E+00 0.0000000000000E+00 0.0000000000000E+00 0.0000000000000E+00
 0.0000000000000E+00 0.0000000000000E+00 0.0000000000000E+00 0.0000000000000E+00
 0.0000000000000E+00 0.0000000000000E+00 0.0000000000000E+00 0.0000000000000E+00
 0.0000000000000E+00 0.0000000000000E+00 0.0000000000000E+00-1.0063614480228E+00
 0.0000000000000E+00 0.0000000000000E+00 0.0000000000000E+00 0.0000000000000E+00
-5.0632162900055E-02 0.0000000000000E+00 0.0000000000000E+00 0.0000000000000E+00
 0.0000000000000E+00-7.4018906682680E-02 0.0000000000000E+00 0.0000000000000E+00
 0.0000000000000E+00 0.0000000000000E+00 0.0000000000000E+00 0.0000000000000E+00
 0.0000000000000E+00 0.0000000000000E+00 0.0000000000000E+00 0.0000000000000E+00
 0.0000000000000E+00 0.0000000000000E+00 0.0000000000000E+00 0.0000000000000E+00
 0.0000000000000E+00 0.0000000000000E+00 0.0000000000000E+00 0.0000000000000E+00
 0.0000000000000E+00 0.0000000000000E+00 0.0000000000000E+00 0.0000000000000E+00
 0.0000000000000E+00-5.3628282791933E-01 0.0000000000000E+00 0.0000000000000E+00
 0.0000000000000E+00 0.0000000000000E+00 1.9599028558786E+00 0.0000000000000E+00
 0.0000000000000E+00 0.0000000000000E+00 0.0000000000000E+00 7.1997898711202E-02
 0.0000000000000E+00 0.0000000000000E+00 0.0000000000000E+00 0.0000000000000E+00
 4.1061917593509E-02 0.0000000000000E+00 0.0000000000000E+00 0.0000000000000E+00
 0.0000000000000E+00 0.0000000000000E+00 0.0000000000000E+00 6.7003079494549E-02
 0.0000000000000E+00 0.0000000000000E+00 0.0000000000000E+00 0.0000000000000E+00
 0.0000000000000E+00 0.0000000000000E+00 9.7828909292042E-02 0.0000000000000E+00
 0.0000000000000E+00 0.0000000000000E+00 0.0000000000000E+00 0.0000000000000E+00
 0.0000000000000E+00 0.0000000000000E+00 0.0000000000000E+00 0.0000000000000E+00
 0.0000000000000E+00 0.0000000000000E+00 0.0000000000000E+00 0.0000000000000E+00
 0.0000000000000E+00 0.0000000000000E+00 0.0000000000000E+00 0.0000000000000E+00
 0.0000000000000E+00 0.0000000000000E+00 0.0000000000000E+00 0.0000000000000E+00
 0.0000000000000E+00 0.0000000000000E+00 0.0000000000000E+00 0.0000000000000E+00
 5.3628282791933E-01 0.0000000000000E+00 0.0000000000000E+00 0.0000000000000E+00
 0.0000000000000E+00-1.9599028558786E+00 0.0000000000000E+00 0.0000000000000E+00
 0.0000000000000E+00 0.0000000000000E+00-7.1997898711202E-02 0.0000000000000E+00
 0.0000000000000E+00 0.0000000000000E+00 0.0000000000000E+00 4.1061917593509E-02
 0.0000000000000E+00 0.0000000000000E+00 0.0000000000000E+00 0.0000000000000E+00
 0.0000000000000E+00 0.0000000000000E+00 6.7003079494549E-02 0.0000000000000E+00
 0.0000000000000E+00 0.0000000000000E+00 0.0000000000000E+00 0.0000000000000E+00
 0.0000000000000E+00-9.7828909292042E-02 0.0000000000000E+00 0.0000000000000E+00
 0.0000000000000E+00 0.0000000000000E+00 0.0000000000000E+00 0.0000000000000E+00
 0.0000000000000E+00 0.0000000000000E+00 0.0000000000000E+00 0.0000000000000E+00
 0.0000000000000E+00 0.0000000000000E+00 0.0000000000000E+00 0.0000000000000E+00
 0.0000000000000E+00 0.0000000000000E+00 0.0000000000000E+00 0.0000000000000E+00
 0.0000000000000E+00 0.0000000000000E+00 0.0000000000000E+00 1.0063614480228E+00
 0.0000000000000E+00 0.0000000000000E+00 0.0000000000000E+00 0.0000000000000E+00
 5.0632162900055E-02 0.0000000000000E+00 0.0000000000000E+00 0.0000000000000E+00
 0.0000000000000E+00-7.4018906682680E-02 0.0000000000000E+00 0.0000000000000E+00
 0.0000000000000E+00 0.0000000000000E+00 0.0000000000000E+00 0.0000000000000E+00
 1.2199698088010E+00 0.0000000000000E+00 0.0000000000000E+00-2.3699815705520E+00
 0.0000000000000E+00 0.0000000000000E+00-9.4989916014700E-01 0.0000000000000E+00
 0.0000000000000E+00 0.0000000000000E+00 5.9667906500768E-01 0.0000000000000E+00
 0.0000000000000E+00 0.0000000000000E+00 0.0000000000000E+00-3.0527968845116E+00
 0.0000000000000E+00 0.0000000000000E+00 0.0000000000000E+00 0.0000000000000E+00
-2.8019896834724E-01 0.0000000000000E+00 0.0000000000000E+00 0.0000000000000E+00
 0.0000000000000E+00 0.0000000000000E+00 0.0000000000000E+00 0.0000000000000E+00
 0.0000000000000E+00 0.0000000000000E+00 0.0000000000000E+00-8.1743413736000E-02
 0.0000000000000E+00 0.0000000000000E+00-1.1711509660000E-02 0.0000000000000E+00
 0.0000000000000E+00 1.5279427753760E+00 0.0000000000000E+00 0.0000000000000E+00
-3.7263425779000E-02 0.0000000000000E+00 0.0000000000000E+00 0.0000000000000E+00
-9.2651460632524E-02 0.0000000000000E+00 0.0000000000000E+00 0.0000000000000E+00
 0.0000000000000E+00-2.7991985315663E+00 0.0000000000000E+00 0.0000000000000E+00
 0.0000000000000E+00 0.0000000000000E+00-6.0399567551508E-01 0.0000000000000E+00
 0.0000000000000E+00 0.0000000000000E+00 0.0000000000000E+00 5.5833681130097E-02
 0.0000000000000E+00 0.0000000000000E+00 0.0000000000000E+00 0.0000000000000E+00
 0.0000000000000E+00 0.0000000000000E+00 6.4913671490836E-01 0.0000000000000E+00
 0.0000000000000E+00 0.0000000000000E+00 0.0000000000000E+00 0.0000000000000E+00
 0.0000000000000E+00 5.3680955204598E-03 0.0000000000000E+00 0.0000000000000E+00
 0.0000000000000E+00 0.0000000000000E+00 0.0000000000000E+00 0.0000000000000E+00
 0.0000000000000E+00 0.0000000000000E+00 0.0000000000000E+00 0.0000000000000E+00
 0.0000000000000E+00 0.0000000000000E+00-8.1743413736000E-02 0.0000000000000E+00
 0.0000000000000E+00-1.1711509660000E-02 0.0000000000000E+00 0.0000000000000E+00
 1.5279427753760E+00 0.0000000000000E+00 0.0000000000000E+00-3.7263425779000E-02
 0.0000000000000E+00 0.0000000000000E+00 0.0000000000000E+00 9.2651460632524E-02
 0.0000000000000E+00 0.0000000000000E+00 0.0000000000000E+00 0.0000000000000E+00
 2.7991985315663E+00 0.0000000000000E+00 0.0000000000000E+00 0.0000000000000E+00
 0.0000000000000E+00 6.0399567551508E-01 0.0000000000000E+00 0.0000000000000E+00
 0.0000000000000E+00 0.0000000000000E+00 5.5833681130097E-02 0.0000000000000E+00
 0.0000000000000E+00 0.0000000000000E+00 0.0000000000000E+00 0.0000000000000E+00
 0.0000000000000E+00 6.4913671490836E-01 0.0000000000000E+00 0.0000000000000E+00
 0.0000000000000E+00 0.0000000000000E+00 0.0000000000000E+00 0.0000000000000E+00
-5.3680955204598E-03 0.0000000000000E+00 0.0000000000000E+00 0.0000000000000E+00
 0.0000000000000E+00 0.0000000000000E+00 0.0000000000000E+00 0.0000000000000E+00
 0.0000000000000E+00 0.0000000000000E+00 0.0000000000000E+00 0.0000000000000E+00
 1.2199698088010E+00 0.0000000000000E+00 0.0000000000000E+00-2.3699815705520E+00
 0.0000000000000E+00 0.0000000000000E+00-9.4989916014700E-01 0.0000000000000E+00
 0.0000000000000E+00 0.0000000000000E+00-5.9667906500768E-01 0.0000000000000E+00
 0.0000000000000E+00 0.0000000000000E+00 0.0000000000000E+00 3.0527968845116E+00
 0.0000000000000E+00 0.0000000000000E+00 0.0000000000000E+00 0.0000000000000E+00
-2.8019896834724E-01 0.0000000000000E+00 0.0000000000000E+00 0.0000000000000E+00
 0.0000000000000E+00 0.0000000000000E+00 0.0000000000000E+00 0.0000000000000E+00
 0.0000000000000E+00 0.0000000000000E+00 0.0000000000000E+00-1.2199698088010E+00
 0.0000000000000E+00 0.0000000000000E+00 2.3699815705520E+00 0.0000000000000E+00
 0.0000000000000E+00 9.4989916014700E-01 0.0000000000000E+00 0.0000000000000E+00
 0.0000000000000E+00-5.9667906500768E-01 0.0000000000000E+00 0.0000000000000E+00
 0.0000000000000E+00 0.0000000000000E+00 3.0527968845116E+00 0.0000000000000E+00
 0.0000000000000E+00 0.0000000000000E+00 0.0000000000000E+00 2.8019896834724E-01
 0.0000000000000E+00 0.0000000000000E+00 0.0000000000000E+00 0.0000000000000E+00
 0.0000000000000E+00 0.0000000000000E+00 0.0000000000000E+00 0.0000000000000E+00
 0.0000000000000E+00 0.0000000000000E+00 8.1743413736000E-02 0.0000000000000E+00
 0.0000000000000E+00 1.1711509660000E-02 0.0000000000000E+00 0.0000000000000E+00
-1.5279427753760E+00 0.0000000000000E+00 0.0000000000000E+00 3.7263425779000E-02
 0.0000000000000E+00 0.0000000000000E+00 0.0000000000000E+00 9.2651460632524E-02
 0.0000000000000E+00 0.0000000000000E+00 0.0000000000000E+00 0.0000000000000E+00
 2.7991985315663E+00 0.0000000000000E+00 0.0000000000000E+00 0.0000000000000E+00
 0.0000000000000E+00 6.0399567551508E-01 0.0000000000000E+00 0.0000000000000E+00
 0.0000000000000E+00 0.0000000000000E+00-5.5833681130097E-02 0.0000000000000E+00
 0.0000000000000E+00 0.0000000000000E+00 0.0000000000000E+00 0.0000000000000E+00
 0.0000000000000E+00-6.4913671490836E-01 0.0000000000000E+00 0.0000000000000E+00
 0.0000000000000E+00 0.0000000000000E+00 0.0000000000000E+00 0.0000000000000E+00
-5.3680955204598E-03 0.0000000000000E+00 0.0000000000000E+00 0.0000000000000E+00
 0.0000000000000E+00 0.0000000000000E+00 0.0000000000000E+00 0.0000000000000E+00
 0.0000000000000E+00 0.0000000000000E+00 0.0000000000000E+00 0.0000000000000E+00
 0.0000000000000E+00 8.1743413736000E-02 0.0000000000000E+00 0.0000000000000E+00
 1.1711509660000E-02 0.0000000000000E+00 0.0000000000000E+00-1.5279427753760E+00
 0.0000000000000E+00 0.0000000000000E+00 3.7263425779000E-02 0.0000000000000E+00
 0.0000000000000E+00 0.0000000000000E+00-9.2651460632524E-02 0.0000000000000E+00
 0.0000000000000E+00 0.0000000000000E+00 0.0000000000000E+00-2.7991985315663E+00
 0.0000000000000E+00 0.0000000000000E+00 0.0000000000000E+00 0.0000000000000E+00
-6.0399567551508E-01 0.0000000000000E+00 0.0000000000000E+00 0.0000000000000E+00
 0.0000000000000E+00-5.5833681130097E-02 0.0000000000000E+00 0.0000000000000E+00
 0.0000000000000E+00 0.0000000000000E+00 0.0000000000000E+00 0.0000000000000E+00
-6.4913671490836E-01 0.0000000000000E+00 0.0000000000000E+00 0.0000000000000E+00
 0.0000000000000E+00 0.0000000000000E+00 0.0000000000000E+00 5.3680955204598E-03
 0.0000000000000E+00 0.0000000000000E+00 0.0000000000000E+00 0.0000000000000E+00
 0.0000000000000E+00 0.0000000000000E+00 0.0000000000000E+00 0.0000000000000E+00
 0.0000000000000E+00 0.0000000000000E+00 0.0000000000000E+00-1.2199698088010E+00
 0.0000000000000E+00 0.0000000000000E+00 2.3699815705520E+00 0.0000000000000E+00
 0.0000000000000E+00 9.4989916014700E-01 0.0000000000000E+00 0.0000000000000E+00
 0.0000000000000E+00 5.9667906500768E-01 0.0000000000000E+00 0.0000000000000E+00
 0.0000000000000E+00 0.0000000000000E+00-3.0527968845116E+00 0.0000000000000E+00
 0.0000000000000E+00 0.0000000000000E+00 0.0000000000000E+00 2.8019896834724E-01
 0.0000000000000E+00 0.0000000000000E+00 0.0000000000000E+00 0.0000000000000E+00
 8.1587897033000E-01-4.2934239652710E+00-8.3848123901090E+00 5.0721820367800E-01
 0.0000000000000E+00 0.0000000000000E+00-9.4519174750000E-02 0.0000000000000E+00
 0.0000000000000E+00-1.4813122808780E+00 0.0000000000000E+00 0.0000000000000E+00
-2.6543332739630E+00 1.5335391964250E-01 0.0000000000000E+00 0.0000000000000E+00
 0.0000000000000E+00 0.0000000000000E+00 2.3148183366500E-02 0.0000000000000E+00
 0.0000000000000E+00 0.0000000000000E+00 0.0000000000000E+00 6.3426500733100E-01
 0.0000000000000E+00 0.0000000000000E+00-1.2909944487358E-13 0.0000000000000E+00
 0.0000000000000E+00 0.0000000000000E+00-1.6037347422400E-01-2.8916059263100E-01
-4.4938958811270E+00 1.5910666304091E+01 8.9000183003660E+00 0.0000000000000E+00
 0.0000000000000E+00-3.2299959020000E-02 0.0000000000000E+00 0.0000000000000E+00
 1.6287841334640E+00 0.0000000000000E+00 0.0000000000000E+00-3.9514646952490E+00
 0.0000000000000E+00 0.0000000000000E+00 2.5093490465730E+00-4.9792865453000E-01
 0.0000000000000E+00 0.0000000000000E+00 0.0000000000000E+00 0.0000000000000E+00
 1.8667734880460E+00 0.0000000000000E+00 0.0000000000000E+00 8.6602540378444E-13
 0.0000000000000E+00 1.5800058870230E+00 0.0000000000000E+00 0.0000000000000E+00
 0.0000000000000E+00 0.0000000000000E+00 2.8776733098700E-01 0.0000000000000E+00
 0.0000000000000E+00 0.0000000000000E+00 0.0000000000000E+00 0.0000000000000E+00
 0.0000000000000E+00-1.6826801890920E+00 0.0000000000000E+00 0.0000000000000E+00
 0.0000000000000E+00 0.0000000000000E+00 0.0000000000000E+00 0.0000000000000E+00
-3.3878937502000E-02 0.0000000000000E+00 0.0000000000000E+00 7.4535599249993E-14
 0.0000000000000E+00 0.0000000000000E+00 0.0000000000000E+00 0.0000000000000E+00
 0.0000000000000E+00 1.6037347422400E-01 2.8916059263100E-01 4.4938958811270E+00
-1.5910666304091E+01-8.9000183003660E+00 0.0000000000000E+00 0.0000000000000E+00
-3.2299959020000E-02 0.0000000000000E+00 0.0000000000000E+00 1.6287841334640E+00
 0.0000000000000E+00 0.0000000000000E+00-3.9514646952490E+00 0.0000000000000E+00
 0.0000000000000E+00 2.5093490465730E+00 4.9792865453000E-01 0.0000000000000E+00
 0.0000000000000E+00 0.0000000000000E+00 0.0000000000000E+00-1.8667734880460E+00
 0.0000000000000E+00 0.0000000000000E+00-8.6602540378444E-13 0.0000000000000E+00
-1.5800058870230E+00 0.0000000000000E+00 0.0000000000000E+00 0.0000000000000E+00
 0.0000000000000E+00 2.8776733098700E-01 0.0000000000000E+00 0.0000000000000E+00
 0.0000000000000E+00 0.0000000000000E+00 0.0000000000000E+00 0.0000000000000E+00
-1.6826801890920E+00 0.0000000000000E+00 0.0000000000000E+00 0.0000000000000E+00
 0.0000000000000E+00 0.0000000000000E+00 0.0000000000000E+00 3.3878937502000E-02
 0.0000000000000E+00 0.0000000000000E+00-7.4535599249993E-14 0.0000000000000E+00
 0.0000000000000E+00 0.0000000000000E+00 0.0000000000000E+00 0.0000000000000E+00
-8.1587897033000E-01 4.2934239652710E+00 8.3848123901090E+00-5.0721820367800E-01
 0.0000000000000E+00 0.0000000000000E+00-9.4519174750000E-02 0.0000000000000E+00
 0.0000000000000E+00-1.4813122808780E+00 0.0000000000000E+00 0.0000000000000E+00
-2.6543332739630E+00-1.5335391964250E-01 0.0000000000000E+00 0.0000000000000E+00
 0.0000000000000E+00 0.0000000000000E+00-2.3148183366500E-02 0.0000000000000E+00
 0.0000000000000E+00 0.0000000000000E+00 0.0000000000000E+00 6.3426500733100E-01
 0.0000000000000E+00 0.0000000000000E+00-1.2909944487358E-13 0.0000000000000E+00
 0.0000000000000E+00 0.0000000000000E+00-8.3671120354100E-01 2.8259071433690E+00
 9.1144904699730E+00 9.6277381903400E-01 0.0000000000000E+00 0.0000000000000E+00
-7.3127899206900E-01 0.0000000000000E+00 0.0000000000000E+00 2.9994525617590E+00
 0.0000000000000E+00 0.0000000000000E+00 3.5482302547660E+00-1.1632233487250E-01
 0.0000000000000E+00 0.0000000000000E+00 0.0000000000000E+00 0.0000000000000E+00
 7.1711013531350E-01 0.0000000000000E+00 0.0000000000000E+00 0.0000000000000E+00
 0.0000000000000E+00 1.2559829932700E-01 0.0000000000000E+00 0.0000000000000E+00
 0.0000000000000E+00 0.0000000000000E+00 0.0000000000000E+00 0.0000000000000E+00
 2.6603635924500E-01 3.6900822116600E-01 3.0895742655510E+00-9.1014564362270E+00
-2.8673002827840E+00 0.0000000000000E+00 0.0000000000000E+00-1.2273447281800E-01
 0.0000000000000E+00 0.0000000000000E+00 2.9419866066530E+00 0.0000000000000E+00
 0.0000000000000E+00 3.9024462193070E+00 0.0000000000000E+00 0.0000000000000E+00
 1.2276498835860E+00 5.1037097771100E-01 0.0000000000000E+00 0.0000000000000E+00
 0.0000000000000E+00 0.0000000000000E+00-1.6831486408115E+00 0.0000000000000E+00
 0.0000000000000E+00 0.0000000000000E+00 0.0000000000000E+00-1.0653671706890E+00
 0.0000000000000E+00 0.0000000000000E+00 0.0000000000000E+00 0.0000000000000E+00
-6.8853010691000E-02 0.0000000000000E+00 0.0000000000000E+00 0.0000000000000E+00
 0.0000000000000E+00 0.0000000000000E+00 0.0000000000000E+00-4.1610857071000E-02
 0.0000000000000E+00 0.0000000000000E+00 0.0000000000000E+00 0.0000000000000E+00
 0.0000000000000E+00 0.0000000000000E+00-4.7276520044400E-01 0.0000000000000E+00
 0.0000000000000E+00 0.0000000000000E+00 0.0000000000000E+00 0.0000000000000E+00
 0.0000000000000E+00 0.0000000000000E+00 0.0000000000000E+00 2.6603635924500E-01
 3.6900822116600E-01 3.0895742655510E+00-9.1014564362270E+00-2.8673002827840E+00
 0.0000000000000E+00 0.0000000000000E+00 1.2273447281800E-01 0.0000000000000E+00
 0.0000000000000E+00-2.9419866066530E+00 0.0000000000000E+00 0.0000000000000E+00
-3.9024462193070E+00 0.0000000000000E+00 0.0000000000000E+00-1.2276498835860E+00
 5.1037097771100E-01 0.0000000000000E+00 0.0000000000000E+00 0.0000000000000E+00
 0.0000000000000E+00-1.6831486408115E+00 0.0000000000000E+00 0.0000000000000E+00
 0.0000000000000E+00 0.0000000000000E+00-1.0653671706890E+00 0.0000000000000E+00
 0.0000000000000E+00 0.0000000000000E+00 0.0000000000000E+00 6.8853010691000E-02
 0.0000000000000E+00 0.0000000000000E+00 0.0000000000000E+00 0.0000000000000E+00
 0.0000000000000E+00 0.0000000000000E+00 4.1610857071000E-02 0.0000000000000E+00
 0.0000000000000E+00 0.0000000000000E+00 0.0000000000000E+00 0.0000000000000E+00
 0.0000000000000E+00-4.7276520044400E-01 0.0000000000000E+00 0.0000000000000E+00
 0.0000000000000E+00 0.0000000000000E+00 0.0000000000000E+00 0.0000000000000E+00
 0.0000000000000E+00 0.0000000000000E+00-8.3671120354100E-01 2.8259071433690E+00
 9.1144904699730E+00 9.6277381903400E-01 0.0000000000000E+00 0.0000000000000E+00
 7.3127899206900E-01 0.0000000000000E+00 0.0000000000000E+00-2.9994525617590E+00
 0.0000000000000E+00 0.0000000000000E+00-3.5482302547660E+00-1.1632233487250E-01
 0.0000000000000E+00 0.0000000000000E+00 0.0000000000000E+00 0.0000000000000E+00
 7.1711013531350E-01 0.0000000000000E+00 0.0000000000000E+00 0.0000000000000E+00
 0.0000000000000E+00-1.2559829932700E-01 0.0000000000000E+00 0.0000000000000E+00
 0.0000000000000E+00 0.0000000000000E+00 0.0000000000000E+00 0.0000000000000E+00
 0.0000000000000E+00 0.0000000000000E+00 0.0000000000000E+00 0.0000000000000E+00
 0.0000000000000E+00 5.9917404409600E-01 0.0000000000000E+00 0.0000000000000E+00
-1.2642823151990E+00 0.0000000000000E+00 0.0000000000000E+00 2.9012639096000E-02
 0.0000000000000E+00 0.0000000000000E+00 0.0000000000000E+00-5.0698390062041E-01
 0.0000000000000E+00 0.0000000000000E+00 0.0000000000000E+00 0.0000000000000E+00
-1.1562846675295E+00 0.0000000000000E+00 0.0000000000000E+00 0.0000000000000E+00
 0.0000000000000E+00-2.5891088299451E-01 0.0000000000000E+00 0.0000000000000E+00
 0.0000000000000E+00 0.0000000000000E+00 0.0000000000000E+00 0.0000000000000E+00
 0.0000000000000E+00 0.0000000000000E+00 0.0000000000000E+00 0.0000000000000E+00
-5.2863024724800E-01 0.0000000000000E+00 0.0000000000000E+00 1.3028444666770E+00
 0.0000000000000E+00 0.0000000000000E+00 2.2277171940450E+00 0.0000000000000E+00
 0.0000000000000E+00 1.3908044720700E-01 0.0000000000000E+00 0.0000000000000E+00
 0.0000000000000E+00-3.6322402794121E-01 0.0000000000000E+00 0.0000000000000E+00
 0.0000000000000E+00 0.0000000000000E+00 1.1258306736366E+00 0.0000000000000E+00
 0.0000000000000E+00 0.0000000000000E+00 0.0000000000000E+00 1.6136842728327E+00
 0.0000000000000E+00 0.0000000000000E+00 0.0000000000000E+00 0.0000000000000E+00
 4.4766347306606E-01 0.0000000000000E+00 0.0000000000000E+00 0.0000000000000E+00
 0.0000000000000E+00 0.0000000000000E+00 0.0000000000000E+00 3.8498154871819E-01
 0.0000000000000E+00 0.0000000000000E+00 0.0000000000000E+00 0.0000000000000E+00
 0.0000000000000E+00 0.0000000000000E+00 6.1619363163899E-02 0.0000000000000E+00
 0.0000000000000E+00 0.0000000000000E+00 0.0000000000000E+00 0.0000000000000E+00
 0.0000000000000E+00 0.0000000000000E+00 0.0000000000000E+00 0.0000000000000E+00
 0.0000000000000E+00 0.0000000000000E+00 0.0000000000000E+00 5.2863024724800E-01
 0.0000000000000E+00 0.0000000000000E+00-1.3028444666770E+00 0.0000000000000E+00
 0.0000000000000E+00-2.2277171940450E+00 0.0000000000000E+00 0.0000000000000E+00
-1.3908044720700E-01 0.0000000000000E+00 0.0000000000000E+00 0.0000000000000E+00
-3.6322402794121E-01 0.0000000000000E+00 0.0000000000000E+00 0.0000000000000E+00
 0.0000000000000E+00 1.1258306736366E+00 0.0000000000000E+00 0.0000000000000E+00
 0.0000000000000E+00 0.0000000000000E+00 1.6136842728327E+00 0.0000000000000E+00
 0.0000000000000E+00 0.0000000000000E+00 0.0000000000000E+00-4.4766347306606E-01
 0.0000000000000E+00 0.0000000000000E+00 0.0000000000000E+00 0.0000000000000E+00
 0.0000000000000E+00 0.0000000000000E+00-3.8498154871819E-01 0.0000000000000E+00
 0.0000000000000E+00 0.0000000000000E+00 0.0000000000000E+00 0.0000000000000E+00
 0.0000000000000E+00 6.1619363163899E-02 0.0000000000000E+00 0.0000000000000E+00
 0.0000000000000E+00 0.0000000000000E+00 0.0000000000000E+00 0.0000000000000E+00
 0.0000000000000E+00 0.0000000000000E+00 0.0000000000000E+00 0.0000000000000E+00
 0.0000000000000E+00-5.9917404409600E-01 0.0000000000000E+00 0.0000000000000E+00
 1.2642823151990E+00 0.0000000000000E+00 0.0000000000000E+00-2.9012639096000E-02
 0.0000000000000E+00 0.0000000000000E+00 0.0000000000000E+00-5.0698390062041E-01
 0.0000000000000E+00 0.0000000000000E+00 0.0000000000000E+00 0.0000000000000E+00
-1.1562846675295E+00 0.0000000000000E+00 0.0000000000000E+00 0.0000000000000E+00
 0.0000000000000E+00 2.5891088299451E-01 0.0000000000000E+00 0.0000000000000E+00
 0.0000000000000E+00 0.0000000000000E+00 0.0000000000000E+00 0.0000000000000E+00
 0.0000000000000E+00 0.0000000000000E+00 5.9917404409600E-01 0.0000000000000E+00
 0.0000000000000E+00-1.2642823151990E+00 0.0000000000000E+00 0.0000000000000E+00
 2.9012639096000E-02 0.0000000000000E+00 0.0000000000000E+00 0.0000000000000E+00
-5.0698390062041E-01 0.0000000000000E+00 0.0000000000000E+00 0.0000000000000E+00
 0.0000000000000E+00-1.1562846675295E+00 0.0000000000000E+00 0.0000000000000E+00
 0.0000000000000E+00 0.0000000000000E+00-2.5891088299451E-01 0.0000000000000E+00
 0.0000000000000E+00 0.0000000000000E+00 0.0000000000000E+00 0.0000000000000E+00
 0.0000000000000E+00 0.0000000000000E+00 0.0000000000000E+00 0.0000000000000E+00
 0.0000000000000E+00-5.2863024724800E-01 0.0000000000000E+00 0.0000000000000E+00
 1.3028444666770E+00 0.0000000000000E+00 0.0000000000000E+00 2.2277171940460E+00
 0.0000000000000E+00 0.0000000000000E+00 1.3908044720800E-01 0.0000000000000E+00
 0.0000000000000E+00 0.0000000000000E+00-3.6322402794121E-01 0.0000000000000E+00
 0.0000000000000E+00 0.0000000000000E+00 0.0000000000000E+00 1.1258306736366E+00
 0.0000000000000E+00 0.0000000000000E+00 0.0000000000000E+00 0.0000000000000E+00
 1.6136842728344E+00 0.0000000000000E+00 0.0000000000000E+00 0.0000000000000E+00
 0.0000000000000E+00 4.4766347306606E-01 0.0000000000000E+00 0.0000000000000E+00
 0.0000000000000E+00 0.0000000000000E+00 0.0000000000000E+00 0.0000000000000E+00
 3.8498154871819E-01 0.0000000000000E+00 0.0000000000000E+00 0.0000000000000E+00
 0.0000000000000E+00 0.0000000000000E+00 0.0000000000000E+00 6.1619363163899E-02
 0.0000000000000E+00 0.0000000000000E+00 0.0000000000000E+00 0.0000000000000E+00
 0.0000000000000E+00 0.0000000000000E+00 0.0000000000000E+00 0.0000000000000E+00
 0.0000000000000E+00 0.0000000000000E+00 0.0000000000000E+00 0.0000000000000E+00
 5.2863024724800E-01 0.0000000000000E+00 0.0000000000000E+00-1.3028444666770E+00
 0.0000000000000E+00 0.0000000000000E+00-2.2277171940460E+00 0.0000000000000E+00
 0.0000000000000E+00-1.3908044720800E-01 0.0000000000000E+00 0.0000000000000E+00
 0.0000000000000E+00-3.6322402794121E-01 0.0000000000000E+00 0.0000000000000E+00
 0.0000000000000E+00 0.0000000000000E+00 1.1258306736366E+00 0.0000000000000E+00
 0.0000000000000E+00 0.0000000000000E+00 0.0000000000000E+00 1.6136842728344E+00
 0.0000000000000E+00 0.0000000000000E+00 0.0000000000000E+00 0.0000000000000E+00
-4.4766347306606E-01 0.0000000000000E+00 0.0000000000000E+00 0.0000000000000E+00
 0.0000000000000E+00 0.0000000000000E+00 0.0000000000000E+00-3.8498154871819E-01
 0.0000000000000E+00 0.0000000000000E+00 0.0000000000000E+00 0.0000000000000E+00
 0.0000000000000E+00 0.0000000000000E+00 6.1619363163899E-02 0.0000000000000E+00
 0.0000000000000E+00 0.0000000000000E+00 0.0000000000000E+00 0.0000000000000E+00
 0.0000000000000E+00 0.0000000000000E+00 0.0000000000000E+00 0.0000000000000E+00
 0.0000000000000E+00 0.0000000000000E+00-5.9917404409600E-01 0.0000000000000E+00
 0.0000000000000E+00 1.2642823151990E+00 0.0000000000000E+00 0.0000000000000E+00
-2.9012639096000E-02 0.0000000000000E+00 0.0000000000000E+00 0.0000000000000E+00
-5.0698390062041E-01 0.0000000000000E+00 0.0000000000000E+00 0.0000000000000E+00
 0.0000000000000E+00-1.1562846675295E+00 0.0000000000000E+00 0.0000000000000E+00
 0.0000000000000E+00 0.0000000000000E+00 2.5891088299451E-01 0.0000000000000E+00
 0.0000000000000E+00 0.0000000000000E+00 0.0000000000000E+00 0.0000000000000E+00
-5.7174034183200E-01-1.0190228960220E+00 7.6077341986400E-01 1.5551996691010E+00
 0.0000000000000E+00 0.0000000000000E+00-1.3460497038170E+00 0.0000000000000E+00
 0.0000000000000E+00 9.9895327035500E-01 0.0000000000000E+00 0.0000000000000E+00
 7.5812426598900E-01-1.6183491470850E-01 0.0000000000000E+00 0.0000000000000E+00
 0.0000000000000E+00 0.0000000000000E+00 4.9129515061400E-01 0.0000000000000E+00
 0.0000000000000E+00 0.0000000000000E+00 0.0000000000000E+00 3.9915416780100E-01
 0.0000000000000E+00 0.0000000000000E+00 0.0000000000000E+00 0.0000000000000E+00
 0.0000000000000E+00 0.0000000000000E+00-9.2118080523000E-02-1.4052571937000E-01
-1.8261900609070E+00 9.8952374049700E+00 1.1742723703724E+01 0.0000000000000E+00
 0.0000000000000E+00 2.0985676571000E-01 0.0000000000000E+00 0.0000000000000E+00
 2.0510921695820E+00 0.0000000000000E+00 0.0000000000000E+00 6.0009564028800E+00
 0.0000000000000E+00 0.0000000000000E+00 5.1742808804810E+00-3.0716016059400E-01
 0.0000000000000E+00 0.0000000000000E+00 0.0000000000000E+00 0.0000000000000E+00
 1.3376472838635E+00 0.0000000000000E+00 0.0000000000000E+00 0.0000000000000E+00
 0.0000000000000E+00 1.0678444081900E+00 0.0000000000000E+00 0.0000000000000E+00
 0.0000000000000E+00 0.0000000000000E+00-3.7598658675000E-02 0.0000000000000E+00
 0.0000000000000E+00 0.0000000000000E+00 0.0000000000000E+00 0.0000000000000E+00
 0.0000000000000E+00 1.5389703550000E-01 0.0000000000000E+00 0.0000000000000E+00
 0.0000000000000E+00 0.0000000000000E+00 0.0000000000000E+00 0.0000000000000E+00
 9.0503028942500E-01 0.0000000000000E+00 0.0000000000000E+00 0.0000000000000E+00
 0.0000000000000E+00 0.0000000000000E+00 0.0000000000000E+00 0.0000000000000E+00
 0.0000000000000E+00 9.2118080523000E-02 1.4052571937000E-01 1.8261900609070E+00
-9.8952374049700E+00-1.1742723703724E+01 0.0000000000000E+00 0.0000000000000E+00
 2.0985676571000E-01 0.0000000000000E+00 0.0000000000000E+00 2.0510921695820E+00
 0.0000000000000E+00 0.0000000000000E+00 6.0009564028800E+00 0.0000000000000E+00
 0.0000000000000E+00 5.1742808804810E+00 3.0716016059400E-01 0.0000000000000E+00
 0.0000000000000E+00 0.0000000000000E+00 0.0000000000000E+00-1.3376472838635E+00
 0.0000000000000E+00 0.0000000000000E+00 0.0000000000000E+00 0.0000000000000E+00
-1.0678444081900E+00 0.0000000000000E+00 0.0000000000000E+00 0.0000000000000E+00
 0.0000000000000E+00-3.7598658675000E-02 0.0000000000000E+00 0.0000000000000E+00
 0.0000000000000E+00 0.0000000000000E+00 0.0000000000000E+00 0.0000000000000E+00
 1.5389703550000E-01 0.0000000000000E+00 0.0000000000000E+00 0.0000000000000E+00
 0.0000000000000E+00 0.0000000000000E+00 0.0000000000000E+00-9.0503028942500E-01
 0.0000000000000E+00 0.0000000000000E+00 0.0000000000000E+00 0.0000000000000E+00
 0.0000000000000E+00 0.0000000000000E+00 0.0000000000000E+00 0.0000000000000E+00
 5.7174034183200E-01 1.0190228960220E+00-7.6077341986400E-01-1.5551996691010E+00
 0.0000000000000E+00 0.0000000000000E+00-1.3460497038170E+00 0.0000000000000E+00
 0.0000000000000E+00 9.9895327035500E-01 0.0000000000000E+00 0.0000000000000E+00
 7.5812426598900E-01 1.6183491470850E-01 0.0000000000000E+00 0.0000000000000E+00
 0.0000000000000E+00 0.0000000000000E+00-4.9129515061400E-01 0.0000000000000E+00
 0.0000000000000E+00 0.0000000000000E+00 0.0000000000000E+00 3.9915416780100E-01
 0.0000000000000E+00 0.0000000000000E+00 0.0000000000000E+00 0.0000000000000E+00
 0.0000000000000E+00 0.0000000000000E+00 0.0000000000000E+00 0.0000000000000E+00
 0.0000000000000E+00 0.0000000000000E+00-1.0553328795000E-01 0.0000000000000E+00
 0.0000000000000E+00 2.1743574373790E+00 0.0000000000000E+00 0.0000000000000E+00
 8.5841199970800E-01 0.0000000000000E+00 0.0000000000000E+00 0.0000000000000E+00
 1.9801174747223E+00 0.0000000000000E+00 0.0000000000000E+00 0.0000000000000E+00
 0.0000000000000E+00 2.5861409014388E+00 0.0000000000000E+00 0.0000000000000E+00
 0.0000000000000E+00 0.0000000000000E+00 3.7873841066054E-01 0.0000000000000E+00
 0.0000000000000E+00 0.0000000000000E+00 0.0000000000000E+00 0.0000000000000E+00
 0.0000000000000E+00 0.0000000000000E+00 0.0000000000000E+00 0.0000000000000E+00
 0.0000000000000E+00-4.2856327389300E-01 0.0000000000000E+00 0.0000000000000E+00
 1.6269318879870E+00 0.0000000000000E+00 0.0000000000000E+00 3.9946007422380E+00
 0.0000000000000E+00 0.0000000000000E+00 3.8379257131600E-01 0.0000000000000E+00
 0.0000000000000E+00 0.0000000000000E+00-1.0453279975120E+00 0.0000000000000E+00
 0.0000000000000E+00 0.0000000000000E+00 0.0000000000000E+00 1.3197369725174E+01
 0.0000000000000E+00 0.0000000000000E+00 0.0000000000000E+00 0.0000000000000E+00
 3.9997403149933E+00 0.0000000000000E+00 0.0000000000000E+00 0.0000000000000E+00
 0.0000000000000E+00 3.1380425422832E-01 0.0000000000000E+00 0.0000000000000E+00
 0.0000000000000E+00 0.0000000000000E+00 0.0000000000000E+00 0.0000000000000E+00
 5.6727770640842E-01 0.0000000000000E+00 0.0000000000000E+00 0.0000000000000E+00
 0.0000000000000E+00 0.0000000000000E+00 0.0000000000000E+00 8.3164160333440E-01
 0.0000000000000E+00 0.0000000000000E+00 0.0000000000000E+00 0.0000000000000E+00
 0.0000000000000E+00 0.0000000000000E+00 0.0000000000000E+00 0.0000000000000E+00
 0.0000000000000E+00 0.0000000000000E+00 0.0000000000000E+00 0.0000000000000E+00
 4.2856327389300E-01 0.0000000000000E+00 0.0000000000000E+00-1.6269318879870E+00
 0.0000000000000E+00 0.0000000000000E+00-3.9946007422380E+00 0.0000000000000E+00
 0.0000000000000E+00-3.8379257131600E-01 0.0000000000000E+00 0.0000000000000E+00
 0.0000000000000E+00-1.0453279975120E+00 0.0000000000000E+00 0.0000000000000E+00
 0.0000000000000E+00 0.0000000000000E+00 1.3197369725174E+01 0.0000000000000E+00
 0.0000000000000E+00 0.0000000000000E+00 0.0000000000000E+00 3.9997403149933E+00
 0.0000000000000E+00 0.0000000000000E+00 0.0000000000000E+00 0.0000000000000E+00
-3.1380425422832E-01 0.0000000000000E+00 0.0000000000000E+00 0.0000000000000E+00
 0.0000000000000E+00 0.0000000000000E+00 0.0000000000000E+00-5.6727770640842E-01
 0.0000000000000E+00 0.0000000000000E+00 0.0000000000000E+00 0.0000000000000E+00
 0.0000000000000E+00 0.0000000000000E+00 8.3164160333440E-01 0.0000000000000E+00
 0.0000000000000E+00 0.0000000000000E+00 0.0000000000000E+00 0.0000000000000E+00
 0.0000000000000E+00 0.0000000000000E+00 0.0000000000000E+00 0.0000000000000E+00
 0.0000000000000E+00 0.0000000000000E+00 1.0553328795000E-01 0.0000000000000E+00
 0.0000000000000E+00-2.1743574373790E+00 0.0000000000000E+00 0.0000000000000E+00
-8.5841199970800E-01 0.0000000000000E+00 0.0000000000000E+00 0.0000000000000E+00
 1.9801174747223E+00 0.0000000000000E+00 0.0000000000000E+00 0.0000000000000E+00
 0.0000000000000E+00 2.5861409014388E+00 0.0000000000000E+00 0.0000000000000E+00
 0.0000000000000E+00 0.0000000000000E+00-3.7873841066054E-01 0.0000000000000E+00
 0.0000000000000E+00 0.0000000000000E+00 0.0000000000000E+00 0.0000000000000E+00
 0.0000000000000E+00 0.0000000000000E+00 0.0000000000000E+00 0.0000000000000E+00
 0.0000000000000E+00-1.0553328795000E-01 0.0000000000000E+00 0.0000000000000E+00
 2.1743574373790E+00 0.0000000000000E+00 0.0000000000000E+00 8.5841199970800E-01
 0.0000000000000E+00 0.0000000000000E+00 0.0000000000000E+00 1.9801174747223E+00
 0.0000000000000E+00 0.0000000000000E+00 0.0000000000000E+00 0.0000000000000E+00
 2.5861409014388E+00 0.0000000000000E+00 0.0000000000000E+00 0.0000000000000E+00
 0.0000000000000E+00 3.7873841066054E-01 0.0000000000000E+00 0.0000000000000E+00
 0.0000000000000E+00 0.0000000000000E+00 0.0000000000000E+00 0.0000000000000E+00
 0.0000000000000E+00 0.0000000000000E+00 0.0000000000000E+00 0.0000000000000E+00
-4.2856327389300E-01 0.0000000000000E+00 0.0000000000000E+00 1.6269318879870E+00
 0.0000000000000E+00 0.0000000000000E+00 3.9946007422380E+00 0.0000000000000E+00
 0.0000000000000E+00 3.8379257131600E-01 0.0000000000000E+00 0.0000000000000E+00
 0.0000000000000E+00-1.0453279975137E+00 0.0000000000000E+00 0.0000000000000E+00
 0.0000000000000E+00 0.0000000000000E+00 1.3197369725175E+01 0.0000000000000E+00
 0.0000000000000E+00 0.0000000000000E+00 0.0000000000000E+00 3.9997403149933E+00
 0.0000000000000E+00 0.0000000000000E+00 0.0000000000000E+00 0.0000000000000E+00
 3.1380425422832E-01 0.0000000000000E+00 0.0000000000000E+00 0.0000000000000E+00
 0.0000000000000E+00 0.0000000000000E+00 0.0000000000000E+00 5.6727770640842E-01
 0.0000000000000E+00 0.0000000000000E+00 0.0000000000000E+00 0.0000000000000E+00
 0.0000000000000E+00 0.0000000000000E+00 8.3164160333440E-01 0.0000000000000E+00
 0.0000000000000E+00 0.0000000000000E+00 0.0000000000000E+00 0.0000000000000E+00
 0.0000000000000E+00 0.0000000000000E+00 0.0000000000000E+00 0.0000000000000E+00
 0.0000000000000E+00 0.0000000000000E+00 0.0000000000000E+00 4.2856327389300E-01
 0.0000000000000E+00 0.0000000000000E+00-1.6269318879870E+00 0.0000000000000E+00
 0.0000000000000E+00-3.9946007422380E+00 0.0000000000000E+00 0.0000000000000E+00
-3.8379257131600E-01 0.0000000000000E+00 0.0000000000000E+00 0.0000000000000E+00
-1.0453279975137E+00 0.0000000000000E+00 0.0000000000000E+00 0.0000000000000E+00
 0.0000000000000E+00 1.3197369725175E+01 0.0000000000000E+00 0.0000000000000E+00
 0.0000000000000E+00 0.0000000000000E+00 3.9997403149933E+00 0.0000000000000E+00
 0.0000000000000E+00 0.0000000000000E+00 0.0000000000000E+00-3.1380425422832E-01
 0.0000000000000E+00 0.0000000000000E+00 0.0000000000000E+00 0.0000000000000E+00
 0.0000000000000E+00 0.0000000000000E+00-5.6727770640842E-01 0.0000000000000E+00
 0.0000000000000E+00 0.0000000000000E+00 0.0000000000000E+00 0.0000000000000E+00
 0.0000000000000E+00 8.3164160333440E-01 0.0000000000000E+00 0.0000000000000E+00
 0.0000000000000E+00 0.0000000000000E+00 0.0000000000000E+00 0.0000000000000E+00
 0.0000000000000E+00 0.0000000000000E+00 0.0000000000000E+00 0.0000000000000E+00
 0.0000000000000E+00 1.0553328795000E-01 0.0000000000000E+00 0.0000000000000E+00
-2.1743574373790E+00 0.0000000000000E+00 0.0000000000000E+00-8.5841199970800E-01
 0.0000000000000E+00 0.0000000000000E+00 0.0000000000000E+00 1.9801174747223E+00
 0.0000000000000E+00 0.0000000000000E+00 0.0000000000000E+00 0.0000000000000E+00
 2.5861409014388E+00 0.0000000000000E+00 0.0000000000000E+00 0.0000000000000E+00
 0.0000000000000E+00-3.7873841066054E-01 0.0000000000000E+00 0.0000000000000E+00
 0.0000000000000E+00 0.0000000000000E+00 5.7864333728000E-01 6.4002862948800E-01
-6.3458915161900E-01-2.8035489516800E-01 0.0000000000000E+00 0.0000000000000E+00
 1.0495071520600E+00 0.0000000000000E+00 0.0000000000000E+00-9.9520419779600E-01
 0.0000000000000E+00 0.0000000000000E+00-6.2738684849700E-01 3.8411077030000E-03
 0.0000000000000E+00 0.0000000000000E+00 0.0000000000000E+00 0.0000000000000E+00
-4.4284906910300E-01 0.0000000000000E+00 0.0000000000000E+00 0.0000000000000E+00
 0.0000000000000E+00-5.1847284201400E-01 0.0000000000000E+00 0.0000000000000E+00
 0.0000000000000E+00 0.0000000000000E+00 0.0000000000000E+00 0.0000000000000E+00
 1.4014974071200E-01 5.1222944135200E-01 4.4733494561680E+00-9.6861038337000E-01
-1.3528722697800E-01 0.0000000000000E+00 0.0000000000000E+00 1.8031344141400E-01
 0.0000000000000E+00 0.0000000000000E+00 3.4591487921200E-01 0.0000000000000E+00
 0.0000000000000E+00-1.2345373490520E+00 0.0000000000000E+00 0.0000000000000E+00
-6.8480036818600E-01 7.4696520516350E-01 0.0000000000000E+00 0.0000000000000E+00
 0.0000000000000E+00 0.0000000000000E+00-1.0077430398215E+00 0.0000000000000E+00
 0.0000000000000E+00 0.0000000000000E+00 0.0000000000000E+00-6.7613462776300E-01
 0.0000000000000E+00 0.0000000000000E+00 0.0000000000000E+00 0.0000000000000E+00
-7.7063610996000E-02 0.0000000000000E+00 0.0000000000000E+00 0.0000000000000E+00
 0.0000000000000E+00 0.0000000000000E+00 0.0000000000000E+00-4.0583642214200E-01
 0.0000000000000E+00 0.0000000000000E+00 0.0000000000000E+00 0.0000000000000E+00
 0.0000000000000E+00 0.0000000000000E+00-8.4360706528100E-01 0.0000000000000E+00
 0.0000000000000E+00 0.0000000000000E+00 0.0000000000000E+00 0.0000000000000E+00
 0.0000000000000E+00 0.0000000000000E+00 0.0000000000000E+00 1.4014974071200E-01
 5.1222944135200E-01 4.4733494561680E+00-9.6861038337000E-01-1.3528722697800E-01
 0.0000000000000E+00 0.0000000000000E+00-1.8031344141400E-01 0.0000000000000E+00
 0.0000000000000E+00-3.4591487921200E-01 0.0000000000000E+00 0.0000000000000E+00
 1.2345373490520E+00 0.0000000000000E+00 0.0000000000000E+00 6.8480036818600E-01
 7.4696520516350E-01 0.0000000000000E+00 0.0000000000000E+00 0.0000000000000E+00
 0.0000000000000E+00-1.0077430398215E+00 0.0000000000000E+00 0.0000000000000E+00
 0.0000000000000E+00 0.0000000000000E+00-6.7613462776300E-01 0.0000000000000E+00
 0.0000000000000E+00 0.0000000000000E+00 0.0000000000000E+00 7.7063610996000E-02
 0.0000000000000E+00 0.0000000000000E+00 0.0000000000000E+00 0.0000000000000E+00
 0.0000000000000E+00 0.0000000000000E+00 4.0583642214200E-01 0.0000000000000E+00
 0.0000000000000E+00 0.0000000000000E+00 0.0000000000000E+00 0.0000000000000E+00
 0.0000000000000E+00-8.4360706528100E-01 0.0000000000000E+00 0.0000000000000E+00
 0.0000000000000E+00 0.0000000000000E+00 0.0000000000000E+00 0.0000000000000E+00
 0.0000000000000E+00 0.0000000000000E+00 5.7864333728000E-01 6.4002862948800E-01
-6.3458915161900E-01-2.8035489516800E-01 0.0000000000000E+00 0.0000000000000E+00
-1.0495071520600E+00 0.0000000000000E+00 0.0000000000000E+00 9.9520419779600E-01
 0.0000000000000E+00 0.0000000000000E+00 6.2738684849700E-01 3.8411077030000E-03
 0.0000000000000E+00 0.0000000000000E+00 0.0000000000000E+00 0.0000000000000E+00
-4.4284906910300E-01 0.0000000000000E+00 0.0000000000000E+00 0.0000000000000E+00
 0.0000000000000E+00 5.1847284201400E-01 0.0000000000000E+00 0.0000000000000E+00
 0.0000000000000E+00 0.0000000000000E+00 0.0000000000000E+00 0.0000000000000E+00
 0.0000000000000E+00 0.0000000000000E+00 0.0000000000000E+00 0.0000000000000E+00
-4.4284463109100E-01 0.0000000000000E+00 0.0000000000000E+00 2.2736635797540E+00
 0.0000000000000E+00 0.0000000000000E+00 5.2784264354800E-01 0.0000000000000E+00
 0.0000000000000E+00 0.0000000000000E+00 1.4866094377607E+00 0.0000000000000E+00
 0.0000000000000E+00 0.0000000000000E+00 0.0000000000000E+00 2.3401338109349E+00
 0.0000000000000E+00 0.0000000000000E+00 0.0000000000000E+00 0.0000000000000E+00
 3.7081711089141E-01 0.0000000000000E+00 0.0000000000000E+00 0.0000000000000E+00
 0.0000000000000E+00 0.0000000000000E+00 0.0000000000000E+00 0.0000000000000E+00
 0.0000000000000E+00 0.0000000000000E+00 0.0000000000000E+00 3.7435357166500E-01
 0.0000000000000E+00 0.0000000000000E+00-1.3598539821150E+00 0.0000000000000E+00
 0.0000000000000E+00-7.4363923034800E-01 0.0000000000000E+00 0.0000000000000E+00
 9.0810441360000E-03 0.0000000000000E+00 0.0000000000000E+00 0.0000000000000E+00
-1.2269902396501E+00 0.0000000000000E+00 0.0000000000000E+00 0.0000000000000E+00
 0.0000000000000E+00 3.8542555632829E+00 0.0000000000000E+00 0.0000000000000E+00
 0.0000000000000E+00 0.0000000000000E+00 3.4378991450649E-01 0.0000000000000E+00
 0.0000000000000E+00 0.0000000000000E+00 0.0000000000000E+00-3.9711011614067E-01
 0.0000000000000E+00 0.0000000000000E+00 0.0000000000000E+00 0.0000000000000E+00
 0.0000000000000E+00 0.0000000000000E+00-2.9390377020563E-01 0.0000000000000E+00
 0.0000000000000E+00 0.0000000000000E+00 0.0000000000000E+00 0.0000000000000E+00
 0.0000000000000E+00 3.9764793436736E-01 0.0000000000000E+00 0.0000000000000E+00
 0.0000000000000E+00 0.0000000000000E+00 0.0000000000000E+00 0.0000000000000E+00
 0.0000000000000E+00 0.0000000000000E+00 0.0000000000000E+00 0.0000000000000E+00
 0.0000000000000E+00 0.0000000000000E+00 3.7435357166500E-01 0.0000000000000E+00
 0.0000000000000E+00-1.3598539821150E+00 0.0000000000000E+00 0.0000000000000E+00
-7.4363923034800E-01 0.0000000000000E+00 0.0000000000000E+00 9.0810441360000E-03
 0.0000000000000E+00 0.0000000000000E+00 0.0000000000000E+00 1.2269902396501E+00
 0.0000000000000E+00 0.0000000000000E+00 0.0000000000000E+00 0.0000000000000E+00
-3.8542555632829E+00 0.0000000000000E+00 0.0000000000000E+00 0.0000000000000E+00
 0.0000000000000E+00-3.4378991450649E-01 0.0000000000000E+00 0.0000000000000E+00
 0.0000000000000E+00 0.0000000000000E+00-3.9711011614067E-01 0.0000000000000E+00
 0.0000000000000E+00 0.0000000000000E+00 0.0000000000000E+00 0.0000000000000E+00
 0.0000000000000E+00-2.9390377020563E-01 0.0000000000000E+00 0.0000000000000E+00
 0.0000000000000E+00 0.0000000000000E+00 0.0000000000000E+00 0.0000000000000E+00
-3.9764793436736E-01 0.0000000000000E+00 0.0000000000000E+00 0.0000000000000E+00
 0.0000000000000E+00 0.0000000000000E+00 0.0000000000000E+00 0.0000000000000E+00
 0.0000000000000E+00 0.0000000000000E+00 0.0000000000000E+00 0.0000000000000E+00
-4.4284463109100E-01 0.0000000000000E+00 0.0000000000000E+00 2.2736635797540E+00
 0.0000000000000E+00 0.0000000000000E+00 5.2784264354800E-01 0.0000000000000E+00
 0.0000000000000E+00 0.0000000000000E+00-1.4866094377607E+00 0.0000000000000E+00
 0.0000000000000E+00 0.0000000000000E+00 0.0000000000000E+00-2.3401338109349E+00
 0.0000000000000E+00 0.0000000000000E+00 0.0000000000000E+00 0.0000000000000E+00
 3.7081711089141E-01 0.0000000000000E+00 0.0000000000000E+00 0.0000000000000E+00
 0.0000000000000E+00 0.0000000000000E+00 0.0000000000000E+00 0.0000000000000E+00
 0.0000000000000E+00 0.0000000000000E+00 0.0000000000000E+00 4.4284463109100E-01
 0.0000000000000E+00 0.0000000000000E+00-2.2736635797540E+00 0.0000000000000E+00
 0.0000000000000E+00-5.2784264354800E-01 0.0000000000000E+00 0.0000000000000E+00
 0.0000000000000E+00-1.4866094377607E+00 0.0000000000000E+00 0.0000000000000E+00
 0.0000000000000E+00 0.0000000000000E+00-2.3401338109349E+00 0.0000000000000E+00
 0.0000000000000E+00 0.0000000000000E+00 0.0000000000000E+00-3.7081711089141E-01
 0.0000000000000E+00 0.0000000000000E+00 0.0000000000000E+00 0.0000000000000E+00
 0.0000000000000E+00 0.0000000000000E+00 0.0000000000000E+00 0.0000000000000E+00
 0.0000000000000E+00 0.0000000000000E+00-3.7435357166500E-01 0.0000000000000E+00
 0.0000000000000E+00 1.3598539821150E+00 0.0000000000000E+00 0.0000000000000E+00
 7.4363923034800E-01 0.0000000000000E+00 0.0000000000000E+00-9.0810441360000E-03
 0.0000000000000E+00 0.0000000000000E+00 0.0000000000000E+00 1.2269902396501E+00
 0.0000000000000E+00 0.0000000000000E+00 0.0000000000000E+00 0.0000000000000E+00
-3.8542555632829E+00 0.0000000000000E+00 0.0000000000000E+00 0.0000000000000E+00
 0.0000000000000E+00-3.4378991450649E-01 0.0000000000000E+00 0.0000000000000E+00
 0.0000000000000E+00 0.0000000000000E+00 3.9711011614067E-01 0.0000000000000E+00
 0.0000000000000E+00 0.0000000000000E+00 0.0000000000000E+00 0.0000000000000E+00
 0.0000000000000E+00 2.9390377020604E-01 0.0000000000000E+00 0.0000000000000E+00
 0.0000000000000E+00 0.0000000000000E+00 0.0000000000000E+00 0.0000000000000E+00
-3.9764793436736E-01 0.0000000000000E+00 0.0000000000000E+00 0.0000000000000E+00
 0.0000000000000E+00 0.0000000000000E+00 0.0000000000000E+00 0.0000000000000E+00
 0.0000000000000E+00 0.0000000000000E+00 0.0000000000000E+00 0.0000000000000E+00
 0.0000000000000E+00-3.7435357166500E-01 0.0000000000000E+00 0.0000000000000E+00
 1.3598539821150E+00 0.0000000000000E+00 0.0000000000000E+00 7.4363923034800E-01
 0.0000000000000E+00 0.0000000000000E+00-9.0810441360000E-03 0.0000000000000E+00
 0.0000000000000E+00 0.0000000000000E+00-1.2269902396501E+00 0.0000000000000E+00
 0.0000000000000E+00 0.0000000000000E+00 0.0000000000000E+00 3.8542555632829E+00
 0.0000000000000E+00 0.0000000000000E+00 0.0000000000000E+00 0.0000000000000E+00
 3.4378991450649E-01 0.0000000000000E+00 0.0000000000000E+00 0.0000000000000E+00
 0.0000000000000E+00 3.9711011614067E-01 0.0000000000000E+00 0.0000000000000E+00
 0.0000000000000E+00 0.0000000000000E+00 0.0000000000000E+00 0.0000000000000E+00
 2.9390377020604E-01 0.0000000000000E+00 0.0000000000000E+00 0.0000000000000E+00
 0.0000000000000E+00 0.0000000000000E+00 0.0000000000000E+00 3.9764793436736E-01
 0.0000000000000E+00 0.0000000000000E+00 0.0000000000000E+00 0.0000000000000E+00
 0.0000000000000E+00 0.0000000000000E+00 0.0000000000000E+00 0.0000000000000E+00
 0.0000000000000E+00 0.0000000000000E+00 0.0000000000000E+00 4.4284463109100E-01
 0.0000000000000E+00 0.0000000000000E+00-2.2736635797540E+00 0.0000000000000E+00
 0.0000000000000E+00-5.2784264354800E-01 0.0000000000000E+00 0.0000000000000E+00
 0.0000000000000E+00 1.4866094377607E+00 0.0000000000000E+00 0.0000000000000E+00
 0.0000000000000E+00 0.0000000000000E+00 2.3401338109349E+00 0.0000000000000E+00
 0.0000000000000E+00 0.0000000000000E+00 0.0000000000000E+00-3.7081711089141E-01
 0.0000000000000E+00 0.0000000000000E+00 0.0000000000000E+00 0.0000000000000E+00
 8.6683941915700E-01-3.7285251877370E+00-6.3558856468540E+00-9.2038608717700E-01
 0.0000000000000E+00 0.0000000000000E+00-2.8190260314400E-01 0.0000000000000E+00
 0.0000000000000E+00-4.0105769309640E+00 0.0000000000000E+00 0.0000000000000E+00
-1.8480484677740E+00-6.2507543093850E-01 0.0000000000000E+00 0.0000000000000E+00
 0.0000000000000E+00 0.0000000000000E+00-6.3843944217000E-01 0.0000000000000E+00
 0.0000000000000E+00 0.0000000000000E+00 0.0000000000000E+00-4.7657242174500E-01
 0.0000000000000E+00 0.0000000000000E+00 0.0000000000000E+00 0.0000000000000E+00
 0.0000000000000E+00 0.0000000000000E+00-1.2736315899900E+00-1.4825744522390E+00
-7.9251765825180E+00 6.8903068432460E+00 3.8122872370960E+00 0.0000000000000E+00
 0.0000000000000E+00 8.5513847762000E-01 0.0000000000000E+00 0.0000000000000E+00
-8.4756347489870E+00 0.0000000000000E+00 0.0000000000000E+00 3.7136863824380E+00
 0.0000000000000E+00 0.0000000000000E+00-7.2573362594800E-01-6.2145613619450E-01
 0.0000000000000E+00 0.0000000000000E+00 0.0000000000000E+00 0.0000000000000E+00
 3.0312198359560E+00 0.0000000000000E+00 0.0000000000000E+00 0.0000000000000E+00
 0.0000000000000E+00 2.1860743589390E+00 0.0000000000000E+00 0.0000000000000E+00
 0.0000000000000E+00 0.0000000000000E+00-1.1026889862330E+00 0.0000000000000E+00
 0.0000000000000E+00 0.0000000000000E+00 0.0000000000000E+00 0.0000000000000E+00
 0.0000000000000E+00 2.5342876294080E+00 0.0000000000000E+00 0.0000000000000E+00
 0.0000000000000E+00 0.0000000000000E+00 0.0000000000000E+00 0.0000000000000E+00
 1.4604338602740E+00 0.0000000000000E+00 0.0000000000000E+00 0.0000000000000E+00
 0.0000000000000E+00 0.0000000000000E+00 0.0000000000000E+00 0.0000000000000E+00
 0.0000000000000E+00-1.2736315899900E+00-1.4825744522390E+00-7.9251765825180E+00
 6.8903068432460E+00 3.8122872370960E+00 0.0000000000000E+00 0.0000000000000E+00
-8.5513847762000E-01 0.0000000000000E+00 0.0000000000000E+00 8.4756347489870E+00
 0.0000000000000E+00 0.0000000000000E+00-3.7136863824380E+00 0.0000000000000E+00
 0.0000000000000E+00 7.2573362594800E-01-6.2145613619450E-01 0.0000000000000E+00
 0.0000000000000E+00 0.0000000000000E+00 0.0000000000000E+00 3.0312198359560E+00
 0.0000000000000E+00 0.0000000000000E+00 0.0000000000000E+00 0.0000000000000E+00
 2.1860743589390E+00 0.0000000000000E+00 0.0000000000000E+00 0.0000000000000E+00
 0.0000000000000E+00 1.1026889862330E+00 0.0000000000000E+00 0.0000000000000E+00
 0.0000000000000E+00 0.0000000000000E+00 0.0000000000000E+00 0.0000000000000E+00
-2.5342876294080E+00 0.0000000000000E+00 0.0000000000000E+00 0.0000000000000E+00
 0.0000000000000E+00 0.0000000000000E+00 0.0000000000000E+00 1.4604338602740E+00
 0.0000000000000E+00 0.0000000000000E+00 0.0000000000000E+00 0.0000000000000E+00
 0.0000000000000E+00 0.0000000000000E+00 0.0000000000000E+00 0.0000000000000E+00
 8.6683941915700E-01-3.7285251877370E+00-6.3558856468540E+00-9.2038608717700E-01
 0.0000000000000E+00 0.0000000000000E+00 2.8190260314400E-01 0.0000000000000E+00
 0.0000000000000E+00 4.0105769309640E+00 0.0000000000000E+00 0.0000000000000E+00
 1.8480484677740E+00-6.2507543093850E-01 0.0000000000000E+00 0.0000000000000E+00
 0.0000000000000E+00 0.0000000000000E+00-6.3843944217000E-01 0.0000000000000E+00
 0.0000000000000E+00 0.0000000000000E+00 0.0000000000000E+00 4.7657242174500E-01
 0.0000000000000E+00 0.0000000000000E+00 0.0000000000000E+00 0.0000000000000E+00
 0.0000000000000E+00 0.0000000000000E+00 9.5680381983500E-01-2.1181855392640E+00
-1.9840301455590E+00-7.6766961256000E-01 0.0000000000000E+00 0.0000000000000E+00
 3.9642869108700E-01 0.0000000000000E+00 0.0000000000000E+00-2.7564326798100E+00
 0.0000000000000E+00 0.0000000000000E+00-1.0149016106230E+00-3.8527239943350E-01
 0.0000000000000E+00 0.0000000000000E+00 0.0000000000000E+00 0.0000000000000E+00
-6.1160844232050E-01 0.0000000000000E+00 0.0000000000000E+00 0.0000000000000E+00
 0.0000000000000E+00-6.4296359132900E-01 0.0000000000000E+00 0.0000000000000E+00
 0.0000000000000E+00 0.0000000000000E+00 0.0000000000000E+00 0.0000000000000E+00
 5.1882932832000E-02 1.0423622002300E-01 1.1478834129650E+00-2.0104359797860E+00
-4.6355171111020E+00 0.0000000000000E+00 0.0000000000000E+00 1.2470981340490E+00
 0.0000000000000E+00 0.0000000000000E+00-5.6742788024540E+00 0.0000000000000E+00
 0.0000000000000E+00-2.8392128181340E+00 0.0000000000000E+00 0.0000000000000E+00
-2.3573045874260E+00 1.0645223900450E-01 0.0000000000000E+00 0.0000000000000E+00
 0.0000000000000E+00 0.0000000000000E+00-2.4840970500900E-01 0.0000000000000E+00
 0.0000000000000E+00 0.0000000000000E+00 0.0000000000000E+00-3.2021266935600E-01
 0.0000000000000E+00 0.0000000000000E+00 0.0000000000000E+00 0.0000000000000E+00
-1.5555355098470E+00 0.0000000000000E+00 0.0000000000000E+00 0.0000000000000E+00
 0.0000000000000E+00 0.0000000000000E+00 0.0000000000000E+00-9.2940936299000E-02
 0.0000000000000E+00 0.0000000000000E+00 0.0000000000000E+00 0.0000000000000E+00
 0.0000000000000E+00 0.0000000000000E+00-1.5535558140600E-01 0.0000000000000E+00
 0.0000000000000E+00 0.0000000000000E+00 0.0000000000000E+00 0.0000000000000E+00
 0.0000000000000E+00 0.0000000000000E+00 0.0000000000000E+00-5.1882932832000E-02
-1.0423622002300E-01-1.1478834129650E+00 2.0104359797860E+00 4.6355171111020E+00
 0.0000000000000E+00 0.0000000000000E+00 1.2470981340490E+00 0.0000000000000E+00
 0.0000000000000E+00-5.6742788024540E+00 0.0000000000000E+00 0.0000000000000E+00
-2.8392128181340E+00 0.0000000000000E+00 0.0000000000000E+00-2.3573045874260E+00
-1.0645223900450E-01 0.0000000000000E+00 0.0000000000000E+00 0.0000000000000E+00
 0.0000000000000E+00 2.4840970500900E-01 0.0000000000000E+00 0.0000000000000E+00
 0.0000000000000E+00 0.0000000000000E+00 3.2021266935600E-01 0.0000000000000E+00
 0.0000000000000E+00 0.0000000000000E+00 0.0000000000000E+00-1.5555355098470E+00
 0.0000000000000E+00 0.0000000000000E+00 0.0000000000000E+00 0.0000000000000E+00
 0.0000000000000E+00 0.0000000000000E+00-9.2940936299000E-02 0.0000000000000E+00
 0.0000000000000E+00 0.0000000000000E+00 0.0000000000000E+00 0.0000000000000E+00
 0.0000000000000E+00 1.5535558140600E-01 0.0000000000000E+00 0.0000000000000E+00
 0.0000000000000E+00 0.0000000000000E+00 0.0000000000000E+00 0.0000000000000E+00
 0.0000000000000E+00 0.0000000000000E+00-9.5680381983500E-01 2.1181855392640E+00
 1.9840301455590E+00 7.6766961256000E-01 0.0000000000000E+00 0.0000000000000E+00
 3.9642869108700E-01 0.0000000000000E+00 0.0000000000000E+00-2.7564326798100E+00
 0.0000000000000E+00 0.0000000000000E+00-1.0149016106230E+00 3.8527239943350E-01
 0.0000000000000E+00 0.0000000000000E+00 0.0000000000000E+00 0.0000000000000E+00
 6.1160844232050E-01 0.0000000000000E+00 0.0000000000000E+00 0.0000000000000E+00
 0.0000000000000E+00-6.4296359132900E-01 0.0000000000000E+00 0.0000000000000E+00
 0.0000000000000E+00 0.0000000000000E+00 0.0000000000000E+00 0.0000000000000E+00
 4.1173307763100E-01-2.0170513372520E+00-2.8599968440240E+00-2.8981252726600E-01
 0.0000000000000E+00 0.0000000000000E+00 2.0006718759000E-01 0.0000000000000E+00
 0.0000000000000E+00-1.7210899249060E+00 0.0000000000000E+00 0.0000000000000E+00
-1.3900448216000E+00-1.1045571177500E-01 0.0000000000000E+00 0.0000000000000E+00
 0.0000000000000E+00 0.0000000000000E+00-3.6162809513550E-01 0.0000000000000E+00
 0.0000000000000E+00 0.0000000000000E+00 0.0000000000000E+00-2.6868866990600E-01
 0.0000000000000E+00 0.0000000000000E+00 0.0000000000000E+00 0.0000000000000E+00
 0.0000000000000E+00 0.0000000000000E+00 7.9413479908530E+00 8.7951247218170E+00
 3.1931986290800E+00 3.3087930260110E+00 1.3528866396000E-02 0.0000000000000E+00
 0.0000000000000E+00 1.7398815453500E-01 0.0000000000000E+00 0.0000000000000E+00
-4.7454639435200E-01 0.0000000000000E+00 0.0000000000000E+00-3.6705326099910E+00
 0.0000000000000E+00 0.0000000000000E+00-7.6901341547900E-01 1.0332857267750E-01
 0.0000000000000E+00 0.0000000000000E+00 0.0000000000000E+00 0.0000000000000E+00
 4.2933843879150E-01 0.0000000000000E+00 0.0000000000000E+00 0.0000000000000E+00
 0.0000000000000E+00-4.6680760452700E-01 0.0000000000000E+00 0.0000000000000E+00
 0.0000000000000E+00 0.0000000000000E+00-2.6347352051200E-01 0.0000000000000E+00
 0.0000000000000E+00 0.0000000000000E+00 0.0000000000000E+00 0.0000000000000E+00
 0.0000000000000E+00-1.0137681605240E+00 0.0000000000000E+00 0.0000000000000E+00
 0.0000000000000E+00 0.0000000000000E+00 0.0000000000000E+00 0.0000000000000E+00
 1.1304445653300E-01 0.0000000000000E+00 0.0000000000000E+00 0.0000000000000E+00
 0.0000000000000E+00 0.0000000000000E+00 0.0000000000000E+00 0.0000000000000E+00
 0.0000000000000E+00 7.9413479908530E+00 8.7951247218170E+00 3.1931986290800E+00
 3.3087930260110E+00 1.3528866396000E-02 0.0000000000000E+00 0.0000000000000E+00
-1.7398815453500E-01 0.0000000000000E+00 0.0000000000000E+00 4.7454639435200E-01
 0.0000000000000E+00 0.0000000000000E+00 3.6705326099910E+00 0.0000000000000E+00
 0.0000000000000E+00 7.6901341547900E-01 1.0332857267750E-01 0.0000000000000E+00
 0.0000000000000E+00 0.0000000000000E+00 0.0000000000000E+00 4.2933843879150E-01
 0.0000000000000E+00 0.0000000000000E+00 0.0000000000000E+00 0.0000000000000E+00
-4.6680760452700E-01 0.0000000000000E+00 0.0000000000000E+00 0.0000000000000E+00
 0.0000000000000E+00 2.6347352051200E-01 0.0000000000000E+00 0.0000000000000E+00
 0.0000000000000E+00 0.0000000000000E+00 0.0000000000000E+00 0.0000000000000E+00
 1.0137681605240E+00 0.0000000000000E+00 0.0000000000000E+00 0.0000000000000E+00
 0.0000000000000E+00 0.0000000000000E+00 0.0000000000000E+00 1.1304445653300E-01
 0.0000000000000E+00 0.0000000000000E+00 0.0000000000000E+00 0.0000000000000E+00
 0.0000000000000E+00 0.0000000000000E+00 0.0000000000000E+00 0.0000000000000E+00
 4.1173307763100E-01-2.0170513372520E+00-2.8599968440240E+00-2.8981252726600E-01
 0.0000000000000E+00 0.0000000000000E+00-2.0006718759000E-01 0.0000000000000E+00
 0.0000000000000E+00 1.7210899249060E+00 0.0000000000000E+00 0.0000000000000E+00
 1.3900448216000E+00-1.1045571177500E-01 0.0000000000000E+00 0.0000000000000E+00
 0.0000000000000E+00 0.0000000000000E+00-3.6162809513550E-01 0.0000000000000E+00
 0.0000000000000E+00 0.0000000000000E+00 0.0000000000000E+00 2.6868866990600E-01
 0.0000000000000E+00 0.0000000000000E+00 0.0000000000000E+00 0.0000000000000E+00
 0.0000000000000E+00 0.0000000000000E+00 2.7202420492700E-01-2.5334158039860E+00
-3.7155453933970E+00 9.6603101140500E-01 0.0000000000000E+00 0.0000000000000E+00
-8.1451217591000E-02 0.0000000000000E+00 0.0000000000000E+00-2.1918375531050E+00
 0.0000000000000E+00 0.0000000000000E+00-1.1582727540830E+00-1.4965062594750E-01
 0.0000000000000E+00 0.0000000000000E+00 0.0000000000000E+00 0.0000000000000E+00
-3.8163214255600E-01 0.0000000000000E+00 0.0000000000000E+00 0.0000000000000E+00
 0.0000000000000E+00-1.7575366611800E-01 0.0000000000000E+00 0.0000000000000E+00
 0.0000000000000E+00 0.0000000000000E+00 0.0000000000000E+00 0.0000000000000E+00
 8.7970932533890E+00 9.8792471401240E+00 1.0714209918000E+00 2.1101863712111E+01
 1.2366268680346E+01 0.0000000000000E+00 0.0000000000000E+00-2.0764633624500E-01
 0.0000000000000E+00 0.0000000000000E+00 2.0148338043550E+00 0.0000000000000E+00
 0.0000000000000E+00 8.9932193405610E+00 0.0000000000000E+00 0.0000000000000E+00
 4.2044347364060E+00-6.8570298322500E-02 0.0000000000000E+00 0.0000000000000E+00
 0.0000000000000E+00 0.0000000000000E+00 2.8965247438455E+00 0.0000000000000E+00
 0.0000000000000E+00 0.0000000000000E+00 0.0000000000000E+00 1.5891795883370E+00
 0.0000000000000E+00 0.0000000000000E+00 0.0000000000000E+00 0.0000000000000E+00
 2.5361306342700E-01 0.0000000000000E+00 0.0000000000000E+00 0.0000000000000E+00
 0.0000000000000E+00 0.0000000000000E+00 0.0000000000000E+00 5.9192142961100E-01
 0.0000000000000E+00 0.0000000000000E+00 0.0000000000000E+00 0.0000000000000E+00
 0.0000000000000E+00 0.0000000000000E+00 9.2585532360100E-01 0.0000000000000E+00
 0.0000000000000E+00 0.0000000000000E+00 0.0000000000000E+00 0.0000000000000E+00
 0.0000000000000E+00 0.0000000000000E+00 0.0000000000000E+00-8.7970932533890E+00
-9.8792471401240E+00-1.0714209918000E+00-2.1101863712111E+01-1.2366268680346E+01
 0.0000000000000E+00 0.0000000000000E+00-2.0764633624500E-01 0.0000000000000E+00
 0.0000000000000E+00 2.0148338043550E+00 0.0000000000000E+00 0.0000000000000E+00
 8.9932193405610E+00 0.0000000000000E+00 0.0000000000000E+00 4.2044347364060E+00
 6.8570298322500E-02 0.0000000000000E+00 0.0000000000000E+00 0.0000000000000E+00
 0.0000000000000E+00-2.8965247438455E+00 0.0000000000000E+00 0.0000000000000E+00
 0.0000000000000E+00 0.0000000000000E+00-1.5891795883370E+00 0.0000000000000E+00
 0.0000000000000E+00 0.0000000000000E+00 0.0000000000000E+00 2.5361306342700E-01
 0.0000000000000E+00 0.0000000000000E+00 0.0000000000000E+00 0.0000000000000E+00
 0.0000000000000E+00 0.0000000000000E+00 5.9192142961100E-01 0.0000000000000E+00
 0.0000000000000E+00 0.0000000000000E+00 0.0000000000000E+00 0.0000000000000E+00
 0.0000000000000E+00-9.2585532360100E-01 0.0000000000000E+00 0.0000000000000E+00
 0.0000000000000E+00 0.0000000000000E+00 0.0000000000000E+00 0.0000000000000E+00
 0.0000000000000E+00 0.0000000000000E+00-2.7202420492700E-01 2.5334158039860E+00
 3.7155453933970E+00-9.6603101140500E-01 0.0000000000000E+00 0.0000000000000E+00
-8.1451217591000E-02 0.0000000000000E+00 0.0000000000000E+00-2.1918375531050E+00
 0.0000000000000E+00 0.0000000000000E+00-1.1582727540830E+00 1.4965062594750E-01
 0.0000000000000E+00 0.0000000000000E+00 0.0000000000000E+00 0.0000000000000E+00
 3.8163214255600E-01 0.0000000000000E+00 0.0000000000000E+00 0.0000000000000E+00
 0.0000000000000E+00-1.7575366611800E-01 0.0000000000000E+00 0.0000000000000E+00
 0.0000000000000E+00 0.0000000000000E+00 0.0000000000000E+00 0.0000000000000E+00

EIGENVALUES
-----------
k 1 0.00000000 0.00000000 0.00000000
-1.1241919865192E+01-1.1238100400398E+01-1.0296993986514E+00-7.6736328556873E-01
-6.8107676861655E-01-4.1064962636681E-01-4.1064962636681E-01 1.2930192000781E-01
 1.3781101403293E-01 1.6129375072710E-01 1.6129375072710E-01 2.3065940717489E-01
 3.2548654365878E-01 3.2548654365878E-01 3.5427176613442E-01 3.7793187008983E-01
 4.3332005954264E-01 4.3332005954266E-01 4.8438563815810E-01 5.7732778739368E-01
 5.7732778745350E-01 6.3726669867123E-01 6.3726669867124E-01 6.4729746138947E-01
 7.2180374958528E-01 8.1733704565632E-01 8.1733704566872E-01 8.1985134023636E-01
 8.3635539429734E-01 8.3635539429736E-01 8.9708176495674E-01 1.1265332832649E+00
 1.1377633227410E+00 1.1377633227411E+00 1.1727984612234E+00 1.1760472802506E+00
 1.1760472802506E+00 1.4761492501592E+00 1.5170852170697E+00 1.5170852170697E+00
 1.6389545816233E+00 1.6431058411385E+00 1.8009064084660E+00 1.8009064084660E+00
 1.8443559894320E+00 1.8443559894443E+00 1.8665478130891E+00 1.8665478130891E+00
 1.9017060665542E+00 1.9439550568197E+00 1.9439550568197E+00 1.9960646252822E+00
 1.9960646252870E+00 2.0963253149090E+00 2.0963253149090E+00 2.1298780300876E+00
 2.1298780300888E+00 2.1731476252756E+00 2.1731476252756E+00 2.2189126685436E+00
 2.2944196842995E+00 2.3632712484592E+00 2.3632712484650E+00 2.4121962236927E+00
 2.4121962236927E+00 2.6666535023981E+00 2.6731729006753E+00 2.7111762534281E+00
 2.7111762534281E+00 2.7465781233478E+00 2.7475633316745E+00 2.7475633316808E+00
 3.0518556300489E+00 3.0518556300489E+00 3.3107024444174E+00 3.3107024444354E+00
 3.3673329569762E+00 3.6507369405175E+00 3.6864539806660E+00 3.6864539806661E+00
 3.9260095827421E+00 3.9534554990510E+00 3.9534554990512E+00 4.3033045792887E+00
 4.4520116589083E+00 4.4520116589084E+00 4.5421958660378E+00 4.7223060015281E+00
 4.7633516216514E+00 4.7633516216515E+00 4.9727222485022E+00 4.9727222485023E+00
 5.3514113887597E+00 5.3514113887597E+00 5.4753726598846E+00 5.4753726599059E+00
 5.5055252420218E+00 5.5055252420218E+00 5.5693347411521E+00 5.6397134955195E+00
 5.6397134955195E+00 5.8280826236304E+00 5.8280826236305E+00 5.8910698891619E+00
 5.8910698891734E+00 5.9164733753834E+00 5.9164733753939E+00 6.0023745235584E+00
 6.0023745235584E+00 6.0710703504677E+00 6.0710703504678E+00 6.1591132740550E+00
 6.1744281481485E+00 6.1744281481485E+00 6.2776059944049E+00 6.3424795628035E+00
 6.3424795628036E+00 6.3742255163626E+00 6.3742255163850E+00 6.3852253329033E+00
 6.3852253329033E+00 6.4000582632310E+00 6.4000582632310E+00 6.6035557586707E+00
 6.6035557586934E+00 6.7862011955409E+00 6.7862011955409E+00 7.1945923383602E+00
 7.3268740832242E+00 7.3268740832322E+00 7.3397576811535E+00 7.3639386670391E+00
 7.3639386670392E+00 7.6213601159648E+00 7.7827296854517E+00 7.8782374530212E+00
 7.8782374530213E+00 7.9283710981450E+00 7.9283710981450E+00 8.0232032362380E+00
 8.0232032362445E+00 8.2083049090373E+00 8.2083049090373E+00 8.2257000301718E+00
 8.2257000301761E+00 8.4179297832179E+00 8.4557453963000E+00 8.4557453963049E+00
 8.4829642797823E+00 8.8554151577265E+00 8.8829967915827E+00 8.8829967915828E+00
 9.3575877073708E+00 9.3575877073804E+00 9.4440873263639E+00 9.4440873263639E+00
 9.4918434802890E+00 9.5406778746420E+00 1.0266544080190E+01 1.0266544080190E+01
 1.0801086541158E+01 1.1695399230991E+01 1.1695399230991E+01 1.1823053639803E+01
 1.1831204552947E+01 1.1831204552947E+01 1.2382635675460E+01 1.4277785289093E+01
 2.4256001307011E+01 2.7527104656789E+01
