TITLE
 generated from Orca output data.
BASIC_INFO
----------
Generated by:
 molden2qmc version: 4.0.5
Method:

DFT Functional:

Periodicity:
         0
Spin unrestricted:
    .false.
nuclear-nuclear repulsion energy (au/atom):
 2.6922647698042E+00
Number of electrons per primitive cell:
        10

GEOMETRY
--------
Number of atoms:
         5
Atomic positions (au):
 1.1869357712000E+00 1.1869357712000E+00-1.1869357712000E+00
 0.0000000000000E+00 0.0000000000000E+00 0.0000000000000E+00
 1.1869357712000E+00-1.1869357712000E+00 1.1869357712000E+00
-1.1869357712000E+00 1.1869357712000E+00 1.1869357712000E+00
-1.1869357712000E+00-1.1869357712000E+00-1.1869357712000E+00
Atomic numbers for each atom:
         1         6         1         1         1
Valence charges for each atom:
 1.0000000000000E+00 6.0000000000000E+00 1.0000000000000E+00 1.0000000000000E+00
 1.0000000000000E+00

BASIS SET
---------
Number of Gaussian centres
         5
Number of shells per primitive cell
        55
Number of basis functions ('AO') per primitive cell
       175
Number of Gaussian primitives per primitive cell
        81
Highest shell angular momentum (s/p/d/f... 1/2/3/4...)
         5
Code for shell types (s/sp/p/d/f... 1/2/3/4/5...)
         1         1         1         1         3         3         3         4
         4         5         1         1         1         1         1         3
         3         3         3         4         4         4         5         5
         6         1         1         1         1         3         3         3
         4         4         5         1         1         1         1         3
         3         3         4         4         5         1         1         1
         1         3         3         3         4         4         5
Number of primitive Gaussians in each shell
         3         1         1         1         1         1         1         1
         1         1         9         9         1         1         1         3
         1         1         1         1         1         1         1         1
         1         3         1         1         1         1         1         1
         1         1         1         3         1         1         1         1
         1         1         1         1         1         3         1         1
         1         1         1         1         1         1         1
Sequence number of first shell on each centre
         1        11        26        36        46        56
Exponents of Gaussian primitives
 8.2640000000000E+01 1.2410000000000E+01 2.8240000000000E+00 7.9770000000000E-01
 2.5810000000000E-01 8.9890000000000E-02 2.2920000000000E+00 8.3800000000000E-01
 2.9200000000000E-01 2.0620000000000E+00 6.6200000000000E-01 1.3970000000000E+00
 3.3980000000000E+04 5.0890000000000E+03 1.1570000000000E+03 3.2660000000000E+02
 1.0610000000000E+02 3.8110000000000E+01 1.4750000000000E+01 6.0350000000000E+00
 2.5300000000000E+00 3.3980000000000E+04 5.0890000000000E+03 1.1570000000000E+03
 3.2660000000000E+02 1.0610000000000E+02 3.8110000000000E+01 1.4750000000000E+01
 6.0350000000000E+00 2.5300000000000E+00 7.3550000000000E-01 2.9050000000000E-01
 1.1110000000000E-01 3.4510000000000E+01 7.9150000000000E+00 2.3680000000000E+00
 8.1320000000000E-01 2.8900000000000E-01 1.0070000000000E-01 1.8480000000000E+00
 6.4900000000000E-01 2.2800000000000E-01 1.4190000000000E+00 4.8500000000000E-01
 1.0110000000000E+00 8.2640000000000E+01 1.2410000000000E+01 2.8240000000000E+00
 7.9770000000000E-01 2.5810000000000E-01 8.9890000000000E-02 2.2920000000000E+00
 8.3800000000000E-01 2.9200000000000E-01 2.0620000000000E+00 6.6200000000000E-01
 1.3970000000000E+00 8.2640000000000E+01 1.2410000000000E+01 2.8240000000000E+00
 7.9770000000000E-01 2.5810000000000E-01 8.9890000000000E-02 2.2920000000000E+00
 8.3800000000000E-01 2.9200000000000E-01 2.0620000000000E+00 6.6200000000000E-01
 1.3970000000000E+00 8.2640000000000E+01 1.2410000000000E+01 2.8240000000000E+00
 7.9770000000000E-01 2.5810000000000E-01 8.9890000000000E-02 2.2920000000000E+00
 8.3800000000000E-01 2.9200000000000E-01 2.0620000000000E+00 6.6200000000000E-01
 1.3970000000000E+00
Normalized contraction coefficients
 4.4833211900000E-01 8.2720912110000E-01 1.3425357337000E+00 6.0157500910000E-01
 2.5807806610000E-01 1.1700209210000E-01 4.0198361784000E+00 1.1428654696000E+00
 3.0596281800000E-01 5.8400237441636E+00 7.9967024699702E-01 3.1235349047773E+00
 1.6345072610000E-01 3.0442122430000E-01 5.2578386900000E-01 8.4689834070000E-01
 1.2557643734000E+00 1.6186445796000E+00 1.6508946063000E+00 1.1035299844000E+00
 3.1248567480000E-01-9.9371899100000E-02-1.9012697710000E-01-3.2543340760000E-01
-5.3366117510000E-01-7.9529779190000E-01-1.0949380078000E+00-1.2138132005000E+00
-1.1385061172000E+00-4.9474883370000E-01 5.6603997100000E-01 2.8201336770000E-01
 1.3714994460000E-01 3.7780189504000E+00 4.0287265029000E+00 3.5154650741000E+00
 1.1007452001000E+00 3.0203856020000E-01 8.0858731900000E-02 4.8210085116501E+00
 7.7239183749914E-01 1.2382132254020E-01 3.2353020987478E+00 2.8898370952098E-01
 1.1468354346880E+00 4.4833211900000E-01 8.2720912110000E-01 1.3425357337000E+00
 6.0157500910000E-01 2.5807806610000E-01 1.1700209210000E-01 4.0198361784000E+00
 1.1428654696000E+00 3.0596281800000E-01 5.8400237441636E+00 7.9967024699702E-01
 3.1235349047773E+00 4.4833211900000E-01 8.2720912110000E-01 1.3425357337000E+00
 6.0157500910000E-01 2.5807806610000E-01 1.1700209210000E-01 4.0198361784000E+00
 1.1428654696000E+00 3.0596281800000E-01 5.8400237441636E+00 7.9967024699702E-01
 3.1235349047773E+00 4.4833211900000E-01 8.2720912110000E-01 1.3425357337000E+00
 6.0157500910000E-01 2.5807806610000E-01 1.1700209210000E-01 4.0198361784000E+00
 1.1428654696000E+00 3.0596281800000E-01 5.8400237441636E+00 7.9967024699702E-01
 3.1235349047773E+00
Position of each shell (au)
 1.1869357712000E+00 1.1869357712000E+00-1.1869357712000E+00
 1.1869357712000E+00 1.1869357712000E+00-1.1869357712000E+00
 1.1869357712000E+00 1.1869357712000E+00-1.1869357712000E+00
 1.1869357712000E+00 1.1869357712000E+00-1.1869357712000E+00
 1.1869357712000E+00 1.1869357712000E+00-1.1869357712000E+00
 1.1869357712000E+00 1.1869357712000E+00-1.1869357712000E+00
 1.1869357712000E+00 1.1869357712000E+00-1.1869357712000E+00
 1.1869357712000E+00 1.1869357712000E+00-1.1869357712000E+00
 1.1869357712000E+00 1.1869357712000E+00-1.1869357712000E+00
 1.1869357712000E+00 1.1869357712000E+00-1.1869357712000E+00
 0.0000000000000E+00 0.0000000000000E+00 0.0000000000000E+00
 0.0000000000000E+00 0.0000000000000E+00 0.0000000000000E+00
 0.0000000000000E+00 0.0000000000000E+00 0.0000000000000E+00
 0.0000000000000E+00 0.0000000000000E+00 0.0000000000000E+00
 0.0000000000000E+00 0.0000000000000E+00 0.0000000000000E+00
 0.0000000000000E+00 0.0000000000000E+00 0.0000000000000E+00
 0.0000000000000E+00 0.0000000000000E+00 0.0000000000000E+00
 0.0000000000000E+00 0.0000000000000E+00 0.0000000000000E+00
 0.0000000000000E+00 0.0000000000000E+00 0.0000000000000E+00
 0.0000000000000E+00 0.0000000000000E+00 0.0000000000000E+00
 0.0000000000000E+00 0.0000000000000E+00 0.0000000000000E+00
 0.0000000000000E+00 0.0000000000000E+00 0.0000000000000E+00
 0.0000000000000E+00 0.0000000000000E+00 0.0000000000000E+00
 0.0000000000000E+00 0.0000000000000E+00 0.0000000000000E+00
 0.0000000000000E+00 0.0000000000000E+00 0.0000000000000E+00
 1.1869357712000E+00-1.1869357712000E+00 1.1869357712000E+00
 1.1869357712000E+00-1.1869357712000E+00 1.1869357712000E+00
 1.1869357712000E+00-1.1869357712000E+00 1.1869357712000E+00
 1.1869357712000E+00-1.1869357712000E+00 1.1869357712000E+00
 1.1869357712000E+00-1.1869357712000E+00 1.1869357712000E+00
 1.1869357712000E+00-1.1869357712000E+00 1.1869357712000E+00
 1.1869357712000E+00-1.1869357712000E+00 1.1869357712000E+00
 1.1869357712000E+00-1.1869357712000E+00 1.1869357712000E+00
 1.1869357712000E+00-1.1869357712000E+00 1.1869357712000E+00
 1.1869357712000E+00-1.1869357712000E+00 1.1869357712000E+00
-1.1869357712000E+00 1.1869357712000E+00 1.1869357712000E+00
-1.1869357712000E+00 1.1869357712000E+00 1.1869357712000E+00
-1.1869357712000E+00 1.1869357712000E+00 1.1869357712000E+00
-1.1869357712000E+00 1.1869357712000E+00 1.1869357712000E+00
-1.1869357712000E+00 1.1869357712000E+00 1.1869357712000E+00
-1.1869357712000E+00 1.1869357712000E+00 1.1869357712000E+00
-1.1869357712000E+00 1.1869357712000E+00 1.1869357712000E+00
-1.1869357712000E+00 1.1869357712000E+00 1.1869357712000E+00
-1.1869357712000E+00 1.1869357712000E+00 1.1869357712000E+00
-1.1869357712000E+00 1.1869357712000E+00 1.1869357712000E+00
-1.1869357712000E+00-1.1869357712000E+00-1.1869357712000E+00
-1.1869357712000E+00-1.1869357712000E+00-1.1869357712000E+00
-1.1869357712000E+00-1.1869357712000E+00-1.1869357712000E+00
-1.1869357712000E+00-1.1869357712000E+00-1.1869357712000E+00
-1.1869357712000E+00-1.1869357712000E+00-1.1869357712000E+00
-1.1869357712000E+00-1.1869357712000E+00-1.1869357712000E+00
-1.1869357712000E+00-1.1869357712000E+00-1.1869357712000E+00
-1.1869357712000E+00-1.1869357712000E+00-1.1869357712000E+00
-1.1869357712000E+00-1.1869357712000E+00-1.1869357712000E+00
-1.1869357712000E+00-1.1869357712000E+00-1.1869357712000E+00

MULTIDETERMINANT INFORMATION
----------------------------
GS

ORBITAL COEFFICIENTS
------------------------
-1.0433828100000E-04-3.7727367500000E-04-2.0522086210000E-03-7.8508078000000E-05
 2.7856630000000E-05 2.7856630000000E-05-2.7856630000000E-05 1.5766107000000E-05
 1.5766107000000E-05-1.5766107000000E-05 4.7146052900000E-04 4.7146052900000E-04
-4.7146052900000E-04 0.0000000000000E+00 4.2304577140464E-05 4.2304577140464E-05
 0.0000000000000E+00-4.2304577140464E-05 0.0000000000000E+00-6.0072132725738E-05
-6.0072132725738E-05 0.0000000000000E+00 6.0072132725738E-05 1.3423256000000E-05
 3.3558140115582E-06 3.3558140115582E-06 0.0000000000000E+00-1.8889697801474E-06
-5.5930235210249E-07 5.5930235210249E-07-9.9360109551700E-01-2.0619729040000E-03
-2.0666950739000E-02 9.9264107080000E-03 1.1243274300000E-03 0.0000000000000E+00
 0.0000000000000E+00 0.0000000000000E+00 0.0000000000000E+00 0.0000000000000E+00
 0.0000000000000E+00 0.0000000000000E+00 0.0000000000000E+00 0.0000000000000E+00
 0.0000000000000E+00 0.0000000000000E+00 0.0000000000000E+00 0.0000000000000E+00
 0.0000000000000E+00 0.0000000000000E+00 0.0000000000000E+00 0.0000000000000E+00
 0.0000000000000E+00 0.0000000000000E+00 0.0000000000000E+00 0.0000000000000E+00
 0.0000000000000E+00 0.0000000000000E+00 0.0000000000000E+00 0.0000000000000E+00
 0.0000000000000E+00 0.0000000000000E+00 0.0000000000000E+00 0.0000000000000E+00
 0.0000000000000E+00 0.0000000000000E+00 4.5114927016431E-05 0.0000000000000E+00
 0.0000000000000E+00 0.0000000000000E+00 0.0000000000000E+00 0.0000000000000E+00
 0.0000000000000E+00-4.1592331182560E-05 0.0000000000000E+00 0.0000000000000E+00
 3.5591507000000E-05 0.0000000000000E+00 0.0000000000000E+00 0.0000000000000E+00
 0.0000000000000E+00 0.0000000000000E+00 0.0000000000000E+00 2.1185421133891E-07
 0.0000000000000E+00-1.0433828100000E-04-3.7727367500000E-04-2.0522086210000E-03
-7.8508078000000E-05 2.7856630000000E-05-2.7856630000000E-05 2.7856630000000E-05
 1.5766107000000E-05-1.5766107000000E-05 1.5766107000000E-05 4.7146052900000E-04
-4.7146052900000E-04 4.7146052900000E-04 0.0000000000000E+00-4.2304577140464E-05
 4.2304577140464E-05 0.0000000000000E+00 4.2304577140464E-05 0.0000000000000E+00
 6.0072132725738E-05-6.0072132725738E-05 0.0000000000000E+00-6.0072132725738E-05
-1.3423256000000E-05 3.3558140115582E-06-3.3558140115582E-06 0.0000000000000E+00
-1.8889697801474E-06-5.5930235210249E-07-5.5930235210249E-07-1.0433828100000E-04
-3.7727367500000E-04-2.0522086210000E-03-7.8508078000000E-05-2.7856630000000E-05
 2.7856630000000E-05 2.7856630000000E-05-1.5766107000000E-05 1.5766107000000E-05
 1.5766107000000E-05-4.7146052900000E-04 4.7146052900000E-04 4.7146052900000E-04
 0.0000000000000E+00 4.2304577140464E-05-4.2304577140464E-05 0.0000000000000E+00
 4.2304577140464E-05 0.0000000000000E+00-6.0072132725738E-05 6.0072132725738E-05
 0.0000000000000E+00-6.0072132725738E-05-1.3423256000000E-05-3.3558140115582E-06
 3.3558140115582E-06 0.0000000000000E+00-1.8889697801474E-06 5.5930235210249E-07
 5.5930235210249E-07-1.0433828100000E-04-3.7727367500000E-04-2.0522086210000E-03
-7.8508078000000E-05-2.7856630000000E-05-2.7856630000000E-05-2.7856630000000E-05
-1.5766107000000E-05-1.5766107000000E-05-1.5766107000000E-05-4.7146052900000E-04
-4.7146052900000E-04-4.7146052900000E-04 0.0000000000000E+00-4.2304577140464E-05
-4.2304577140464E-05 0.0000000000000E+00-4.2304577140464E-05 0.0000000000000E+00
 6.0072132725738E-05 6.0072132725738E-05 0.0000000000000E+00 6.0072132725738E-05
 1.3423256000000E-05-3.3558140115582E-06-3.3558140115582E-06 0.0000000000000E+00
-1.8889697801474E-06 5.5930235210249E-07-5.5930235210249E-07-3.1731926579000E-02
-7.5732088106000E-02-7.9609359652000E-02-8.8432497840000E-03 1.9725466310000E-03
 1.9725466310000E-03-1.9725466310000E-03 4.6169169320000E-03 4.6169169320000E-03
-4.6169169330000E-03 2.6728005280000E-03 2.6728005280000E-03-2.6728005280000E-03
 0.0000000000000E+00 8.0482065705487E-04 8.0482065705487E-04 0.0000000000000E+00
-8.0482065705487E-04 0.0000000000000E+00 1.6968562054627E-03 1.6968562054627E-03
 0.0000000000000E+00-1.6968562054627E-03 7.2936744000000E-05 1.8234186173505E-05
 1.8234186173505E-05 0.0000000000000E+00-2.2411373156303E-05-3.0390309979363E-06
 3.0390309979363E-06 1.0213567719000E-02-2.7136107594000E-01-1.9439232977000E-01
-4.1667344363200E-01-1.1246536651400E-01 0.0000000000000E+00 0.0000000000000E+00
 0.0000000000000E+00 0.0000000000000E+00 0.0000000000000E+00 0.0000000000000E+00
 0.0000000000000E+00 0.0000000000000E+00 0.0000000000000E+00 0.0000000000000E+00
 0.0000000000000E+00 0.0000000000000E+00 0.0000000000000E+00 0.0000000000000E+00
 0.0000000000000E+00 0.0000000000000E+00 0.0000000000000E+00-5.0000000000000E-13
 0.0000000000000E+00 0.0000000000000E+00 0.0000000000000E+00 0.0000000000000E+00
 0.0000000000000E+00 0.0000000000000E+00 0.0000000000000E+00 0.0000000000000E+00
 0.0000000000000E+00 0.0000000000000E+00 0.0000000000000E+00 0.0000000000000E+00
 0.0000000000000E+00 4.1897886201577E-04 0.0000000000000E+00 0.0000000000000E+00
 0.0000000000000E+00 0.0000000000000E+00 0.0000000000000E+00 0.0000000000000E+00
 1.3607961809753E-03 0.0000000000000E+00 0.0000000000000E+00 1.0277041960000E-03
 0.0000000000000E+00 0.0000000000000E+00 0.0000000000000E+00 0.0000000000000E+00
 0.0000000000000E+00 0.0000000000000E+00 6.1172868819965E-06 0.0000000000000E+00
-3.1731926579000E-02-7.5732088106000E-02-7.9609359652000E-02-8.8432497840000E-03
 1.9725466310000E-03-1.9725466310000E-03 1.9725466310000E-03 4.6169169320000E-03
-4.6169169320000E-03 4.6169169330000E-03 2.6728005280000E-03-2.6728005280000E-03
 2.6728005280000E-03 0.0000000000000E+00-8.0482065705487E-04 8.0482065705487E-04
 0.0000000000000E+00 8.0482065705487E-04 0.0000000000000E+00-1.6968562054627E-03
 1.6968562054627E-03 0.0000000000000E+00 1.6968562054627E-03-7.2936744000000E-05
 1.8234186173505E-05-1.8234186173505E-05 0.0000000000000E+00-2.2411373156303E-05
-3.0390309979363E-06-3.0390309979363E-06-3.1731926579000E-02-7.5732088106000E-02
-7.9609359652000E-02-8.8432497840000E-03-1.9725466310000E-03 1.9725466310000E-03
 1.9725466310000E-03-4.6169169320000E-03 4.6169169320000E-03 4.6169169330000E-03
-2.6728005280000E-03 2.6728005280000E-03 2.6728005280000E-03 0.0000000000000E+00
 8.0482065705487E-04-8.0482065705487E-04 0.0000000000000E+00 8.0482065705487E-04
 0.0000000000000E+00 1.6968562054627E-03-1.6968562054627E-03 0.0000000000000E+00
 1.6968562054627E-03-7.2936744000000E-05-1.8234186173505E-05 1.8234186173505E-05
 0.0000000000000E+00-2.2411373156303E-05 3.0390309979363E-06 3.0390309979363E-06
-3.1731926579000E-02-7.5732088106000E-02-7.9609359652000E-02-8.8432497840000E-03
-1.9725466310000E-03-1.9725466310000E-03-1.9725466310000E-03-4.6169169320000E-03
-4.6169169320000E-03-4.6169169330000E-03-2.6728005280000E-03-2.6728005280000E-03
-2.6728005280000E-03 0.0000000000000E+00-8.0482065705487E-04-8.0482065705487E-04
 0.0000000000000E+00-8.0482065705487E-04 0.0000000000000E+00-1.6968562054627E-03
-1.6968562054627E-03 0.0000000000000E+00-1.6968562054627E-03 7.2936744000000E-05
-1.8234186173505E-05-1.8234186173505E-05 0.0000000000000E+00-2.2411373156303E-05
 3.0390309979363E-06-3.0390309979363E-06 3.8011777870000E-02 1.0182698911400E-01
 1.4882699799800E-01 5.1865974174000E-02-1.8917658010000E-03-2.7705917000000E-05
 1.8917658010000E-03-7.9677139300000E-03-2.2662221870000E-03 7.9677139300000E-03
-8.6300492470000E-03 7.7122711900000E-04 8.6300492470000E-03 1.0751327200000E-04
-1.5008150272732E-03-6.6567691141713E-04 3.2253981584070E-04 6.6567691141713E-04
 3.1335571300000E-04-3.8296349702988E-03-1.9532146760455E-03 9.4006713855318E-04
 1.9532146760455E-03-1.4168824400000E-04-1.0454677173256E-04-5.6916884184047E-05
 2.7649884321053E-05 5.2356418908583E-05-1.0087942435232E-06-9.4861473460038E-06
 0.0000000000000E+00 0.0000000000000E+00 0.0000000000000E+00 0.0000000000000E+00
 0.0000000000000E+00 0.0000000000000E+00 1.1260353353300E-01 0.0000000000000E+00
 0.0000000000000E+00 2.1732396366500E-01 0.0000000000000E+00 0.0000000000000E+00
 2.4490221844100E-01 0.0000000000000E+00 0.0000000000000E+00 9.0687234642000E-02
 0.0000000000000E+00 0.0000000000000E+00-1.2981937922226E-02 0.0000000000000E+00
 0.0000000000000E+00 0.0000000000000E+00 0.0000000000000E+00-3.1104270267694E-02
 0.0000000000000E+00 0.0000000000000E+00 0.0000000000000E+00 0.0000000000000E+00
-2.9098604096229E-02 0.0000000000000E+00 0.0000000000000E+00 0.0000000000000E+00
 0.0000000000000E+00 0.0000000000000E+00 2.9220939263323E-04 0.0000000000000E+00
 0.0000000000000E+00 0.0000000000000E+00 4.8701565469681E-05 0.0000000000000E+00
 0.0000000000000E+00 9.7683732175228E-07 0.0000000000000E+00 0.0000000000000E+00
 0.0000000000000E+00 1.6280622871446E-07 0.0000000000000E+00 9.7576240659263E-05
 0.0000000000000E+00 0.0000000000000E+00 0.0000000000000E+00 1.6262706776728E-05
 0.0000000000000E+00 0.0000000000000E+00 0.0000000000000E+00-3.8011777870000E-02
-1.0182698911400E-01-1.4882699799800E-01-5.1865974174000E-02 1.8917658010000E-03
-2.7705917000000E-05 1.8917658010000E-03 7.9677139300000E-03-2.2662221870000E-03
 7.9677139300000E-03 8.6300492470000E-03 7.7122711900000E-04 8.6300492470000E-03
-1.0751327200000E-04-1.5008150272732E-03 6.6567691141713E-04-3.2253981584070E-04
 6.6567691141713E-04-3.1335571300000E-04-3.8296349702988E-03 1.9532146760455E-03
-9.4006713855318E-04 1.9532146760455E-03-1.4168824400000E-04 1.0454677173256E-04
-5.6916884184047E-05 2.7649884321053E-05-5.2356418908583E-05 1.0087942435232E-06
-9.4861473460038E-06 3.8011777870000E-02 1.0182698911400E-01 1.4882699799800E-01
 5.1865974174000E-02 1.8917658010000E-03-2.7705917000000E-05-1.8917658010000E-03
 7.9677139300000E-03-2.2662221870000E-03-7.9677139300000E-03 8.6300492470000E-03
 7.7122711900000E-04-8.6300492470000E-03 1.0751327200000E-04-1.5008150272732E-03
 6.6567691141713E-04 3.2253981584070E-04-6.6567691141713E-04 3.1335571300000E-04
-3.8296349702988E-03 1.9532146760455E-03 9.4006713855318E-04-1.9532146760455E-03
 1.4168824400000E-04 1.0454677173256E-04-5.6916884184047E-05-2.7649884321053E-05
 5.2356418908583E-05 1.0087942435232E-06-9.4861473460038E-06-3.8011777870000E-02
-1.0182698911400E-01-1.4882699799800E-01-5.1865974174000E-02-1.8917658010000E-03
-2.7705917000000E-05-1.8917658010000E-03-7.9677139300000E-03-2.2662221870000E-03
-7.9677139300000E-03-8.6300492470000E-03 7.7122711900000E-04-8.6300492470000E-03
-1.0751327200000E-04-1.5008150272732E-03-6.6567691141713E-04-3.2253981584070E-04
-6.6567691141713E-04-3.1335571300000E-04-3.8296349702988E-03-1.9532146760455E-03
-9.4006713855318E-04-1.9532146760455E-03 1.4168824400000E-04-1.0454677173256E-04
-5.6916884184047E-05-2.7649884321053E-05-5.2356418908583E-05-1.0087942435232E-06
-9.4861473460038E-06-3.8011777870000E-02-1.0182698911400E-01-1.4882699799800E-01
-5.1865974174000E-02 2.7705917000000E-05 1.8917658010000E-03-1.8917658010000E-03
 2.2662221870000E-03 7.9677139300000E-03-7.9677139300000E-03-7.7122711900000E-04
 8.6300492470000E-03-8.6300492470000E-03-1.0751327200000E-04 6.6567691141713E-04
 1.5008150272732E-03 3.2253981584070E-04-6.6567691141713E-04-3.1335571300000E-04
 1.9532146760455E-03 3.8296349702988E-03 9.4006713855318E-04-1.9532146760455E-03
 1.4168824400000E-04 5.6916884184047E-05 1.0454677173256E-04 2.7649884321053E-05
-5.2356418908583E-05-9.4861473460038E-06-1.0087942435232E-06 0.0000000000000E+00
 0.0000000000000E+00 0.0000000000000E+00 0.0000000000000E+00 0.0000000000000E+00
-1.1260353353300E-01 0.0000000000000E+00 0.0000000000000E+00-2.1732396366500E-01
 0.0000000000000E+00 0.0000000000000E+00-2.4490221844000E-01 0.0000000000000E+00
 0.0000000000000E+00-9.0687234642000E-02 0.0000000000000E+00 0.0000000000000E+00
 0.0000000000000E+00 0.0000000000000E+00 1.2981937922226E-02 0.0000000000000E+00
 0.0000000000000E+00 0.0000000000000E+00 0.0000000000000E+00 3.1104270267694E-02
 0.0000000000000E+00 0.0000000000000E+00 0.0000000000000E+00 0.0000000000000E+00
 2.9098604094497E-02 0.0000000000000E+00 0.0000000000000E+00 0.0000000000000E+00
-2.9220939263323E-04 0.0000000000000E+00 0.0000000000000E+00 0.0000000000000E+00
 4.8701565469681E-05 0.0000000000000E+00 0.0000000000000E+00-9.7683732175228E-07
 0.0000000000000E+00 0.0000000000000E+00 0.0000000000000E+00 1.6280622871446E-07
 0.0000000000000E+00 0.0000000000000E+00 0.0000000000000E+00-9.7576240659263E-05
 0.0000000000000E+00 0.0000000000000E+00 0.0000000000000E+00 1.6262706776728E-05
 0.0000000000000E+00 0.0000000000000E+00-3.8011777870000E-02-1.0182698911400E-01
-1.4882699799800E-01-5.1865974174000E-02 2.7705917000000E-05-1.8917658010000E-03
 1.8917658010000E-03 2.2662221870000E-03-7.9677139300000E-03 7.9677139300000E-03
-7.7122711900000E-04-8.6300492470000E-03 8.6300492470000E-03-1.0751327200000E-04
-6.6567691141713E-04 1.5008150272732E-03 3.2253981584070E-04 6.6567691141713E-04
-3.1335571300000E-04-1.9532146760455E-03 3.8296349702988E-03 9.4006713855318E-04
 1.9532146760455E-03-1.4168824400000E-04 5.6916884184047E-05-1.0454677173256E-04
-2.7649884321053E-05-5.2356418908583E-05-9.4861473460038E-06 1.0087942435232E-06
 3.8011777870000E-02 1.0182698911400E-01 1.4882699799800E-01 5.1865974174000E-02
 2.7705917000000E-05-1.8917658010000E-03-1.8917658010000E-03 2.2662221870000E-03
-7.9677139300000E-03-7.9677139300000E-03-7.7122711900000E-04-8.6300492470000E-03
-8.6300492470000E-03 1.0751327200000E-04-6.6567691141713E-04 1.5008150272732E-03
-3.2253981584070E-04-6.6567691141713E-04 3.1335571300000E-04-1.9532146760455E-03
 3.8296349702988E-03-9.4006713855318E-04-1.9532146760455E-03 1.4168824400000E-04
 5.6916884184047E-05-1.0454677173256E-04 2.7649884321053E-05 5.2356418908583E-05
-9.4861473460038E-06 1.0087942435232E-06 3.8011777870000E-02 1.0182698911400E-01
 1.4882699799800E-01 5.1865974174000E-02 2.7705917000000E-05 1.8917658010000E-03
 1.8917658010000E-03 2.2662221870000E-03 7.9677139300000E-03 7.9677139300000E-03
-7.7122711900000E-04 8.6300492470000E-03 8.6300492470000E-03 1.0751327200000E-04
 6.6567691141713E-04 1.5008150272732E-03-3.2253981584070E-04 6.6567691141713E-04
 3.1335571300000E-04 1.9532146760455E-03 3.8296349702988E-03-9.4006713855318E-04
 1.9532146760455E-03-1.4168824400000E-04 5.6916884184047E-05 1.0454677173256E-04
-2.7649884321053E-05 5.2356418908583E-05-9.4861473460038E-06-1.0087942435232E-06
-3.8011777870000E-02-1.0182698911400E-01-1.4882699799700E-01-5.1865974174000E-02
 1.8917658010000E-03 1.8917658010000E-03-2.7705917000000E-05 7.9677139300000E-03
 7.9677139300000E-03-2.2662221870000E-03 8.6300492460000E-03 8.6300492460000E-03
 7.7122711900000E-04 2.1502654400000E-04 6.6567691141713E-04 6.6567691141713E-04
 0.0000000000000E+00-1.5008150272732E-03 6.2671142550000E-04 1.9532146760455E-03
 1.9532146760455E-03 0.0000000000000E+00-3.8296349702988E-03 2.2766753600000E-04
-3.3702649804199E-05-3.3702649804199E-05 0.0000000000000E+00-5.2356418908583E-05
-1.2816147891488E-05 1.2816147891488E-05 0.0000000000000E+00 0.0000000000000E+00
 0.0000000000000E+00 0.0000000000000E+00 0.0000000000000E+00 0.0000000000000E+00
 0.0000000000000E+00 1.1260353353300E-01 0.0000000000000E+00 0.0000000000000E+00
 2.1732396366500E-01 0.0000000000000E+00 0.0000000000000E+00 2.4490221844200E-01
 0.0000000000000E+00 0.0000000000000E+00 9.0687234643000E-02 0.0000000000000E+00
 0.0000000000000E+00 0.0000000000000E+00 0.0000000000000E+00-1.2981937922226E-02
 0.0000000000000E+00 0.0000000000000E+00 0.0000000000000E+00 0.0000000000000E+00
-3.1104270267694E-02 0.0000000000000E+00 0.0000000000000E+00 0.0000000000000E+00
 0.0000000000000E+00-2.9098604096229E-02-1.1688375710000E-03 0.0000000000000E+00
 0.0000000000000E+00 0.0000000000000E+00 0.0000000000000E+00 0.0000000000000E+00
 0.0000000000000E+00-3.9073500000000E-06 0.0000000000000E+00 0.0000000000000E+00
 0.0000000000000E+00 0.0000000000000E+00 0.0000000000000E+00 0.0000000000000E+00
 0.0000000000000E+00 0.0000000000000E+00 0.0000000000000E+00 0.0000000000000E+00
-6.5050827150005E-05 0.0000000000000E+00 0.0000000000000E+00 0.0000000000000E+00
 0.0000000000000E+00 3.8011777870000E-02 1.0182698911400E-01 1.4882699799700E-01
 5.1865974174000E-02-1.8917658010000E-03 1.8917658010000E-03-2.7705917000000E-05
-7.9677139300000E-03 7.9677139300000E-03-2.2662221870000E-03-8.6300492460000E-03
 8.6300492460000E-03 7.7122711900000E-04-2.1502654400000E-04 6.6567691141713E-04
-6.6567691141713E-04 0.0000000000000E+00-1.5008150272732E-03-6.2671142550000E-04
 1.9532146760455E-03-1.9532146760455E-03 0.0000000000000E+00-3.8296349702988E-03
 2.2766753600000E-04 3.3702649804199E-05-3.3702649804199E-05 0.0000000000000E+00
 5.2356418908583E-05 1.2816147891488E-05 1.2816147891488E-05 3.8011777870000E-02
 1.0182698911400E-01 1.4882699799700E-01 5.1865974174000E-02 1.8917658010000E-03
-1.8917658010000E-03-2.7705917000000E-05 7.9677139300000E-03-7.9677139300000E-03
-2.2662221870000E-03 8.6300492460000E-03-8.6300492460000E-03 7.7122711900000E-04
-2.1502654400000E-04-6.6567691141713E-04 6.6567691141713E-04 0.0000000000000E+00
-1.5008150272732E-03-6.2671142550000E-04-1.9532146760455E-03 1.9532146760455E-03
 0.0000000000000E+00-3.8296349702988E-03 2.2766753600000E-04-3.3702649804199E-05
 3.3702649804199E-05 0.0000000000000E+00 5.2356418908583E-05-1.2816147891488E-05
-1.2816147891488E-05-3.8011777870000E-02-1.0182698911400E-01-1.4882699799700E-01
-5.1865974174000E-02-1.8917658010000E-03-1.8917658010000E-03-2.7705917000000E-05
-7.9677139300000E-03-7.9677139300000E-03-2.2662221870000E-03-8.6300492460000E-03
-8.6300492460000E-03 7.7122711900000E-04 2.1502654400000E-04-6.6567691141713E-04
-6.6567691141713E-04 0.0000000000000E+00-1.5008150272732E-03 6.2671142550000E-04
-1.9532146760455E-03-1.9532146760455E-03 0.0000000000000E+00-3.8296349702988E-03
 2.2766753600000E-04 3.3702649804199E-05 3.3702649804199E-05 0.0000000000000E+00
-5.2356418908583E-05 1.2816147891488E-05-1.2816147891488E-05-4.3335063820000E-03
 3.1698149678000E-02 1.0031340951350E+00 1.4295641336560E+00 1.6059458480000E-03
 1.6059458480000E-03-1.6059458480000E-03-1.7538347716000E-02-1.7538347716000E-02
 1.7538347714000E-02-2.7986364128100E-01-2.7986364128300E-01 2.7986364127500E-01
 0.0000000000000E+00 2.5180166539812E-03 2.5180166539812E-03 0.0000000000000E+00
-2.5180166539812E-03-1.0000000000000E-12-4.9614103535807E-02-4.9614103535807E-02
 0.0000000000000E+00 4.9614103539271E-02-9.6876170800000E-04-2.4219042669921E-04
-2.4219042669921E-04 0.0000000000000E+00 3.3614197199553E-04 4.0365071176747E-05
-4.0365071176747E-05 4.5104707500000E-04-1.0630592096800E-01 1.5945299666700E-01
-2.1411091408830E+00-5.9295173976430E+00 0.0000000000000E+00 0.0000000000000E+00
 0.0000000000000E+00 0.0000000000000E+00 0.0000000000000E+00 0.0000000000000E+00
 0.0000000000000E+00 0.0000000000000E+00 0.0000000000000E+00 0.0000000000000E+00
 0.0000000000000E+00 0.0000000000000E+00 5.0000000000000E-13 0.0000000000000E+00
 0.0000000000000E+00 0.0000000000000E+00 0.0000000000000E+00-3.5000000000000E-12
 0.0000000000000E+00 0.0000000000000E+00 0.0000000000000E+00 0.0000000000000E+00
-5.0000000000000E-12 0.0000000000000E+00 0.0000000000000E+00-1.7320508075689E-12
 0.0000000000000E+00 0.0000000000000E+00 0.0000000000000E+00 0.0000000000000E+00
 0.0000000000000E+00 6.3499990089250E-04 0.0000000000000E+00 0.0000000000000E+00
 0.0000000000000E+00 0.0000000000000E+00 0.0000000000000E+00 0.0000000000000E+00
 1.5483862197916E-02 0.0000000000000E+00 0.0000000000000E+00 7.5989039970000E-03
 0.0000000000000E+00 0.0000000000000E+00 0.0000000000000E+00 0.0000000000000E+00
 0.0000000000000E+00 0.0000000000000E+00 4.5231571408333E-05 0.0000000000000E+00
-4.3335063820000E-03 3.1698149678000E-02 1.0031340951350E+00 1.4295641336560E+00
 1.6059458480000E-03-1.6059458480000E-03 1.6059458480000E-03-1.7538347716000E-02
 1.7538347716000E-02-1.7538347714000E-02-2.7986364128100E-01 2.7986364128300E-01
-2.7986364127500E-01 0.0000000000000E+00-2.5180166539812E-03 2.5180166539812E-03
 0.0000000000000E+00 2.5180166539812E-03-1.0000000000000E-12 4.9614103535807E-02
-4.9614103535807E-02 0.0000000000000E+00-4.9614103539271E-02 9.6876170800000E-04
-2.4219042669921E-04 2.4219042669921E-04 0.0000000000000E+00 3.3614197199553E-04
 4.0365071176747E-05 4.0365071176747E-05-4.3335063820000E-03 3.1698149678000E-02
 1.0031340951350E+00 1.4295641336560E+00-1.6059458480000E-03 1.6059458480000E-03
 1.6059458480000E-03 1.7538347716000E-02-1.7538347716000E-02-1.7538347714000E-02
 2.7986364128100E-01-2.7986364128300E-01-2.7986364127500E-01 0.0000000000000E+00
 2.5180166539812E-03-2.5180166539812E-03 0.0000000000000E+00 2.5180166539812E-03
-1.0000000000000E-12-4.9614103535807E-02 4.9614103535807E-02 0.0000000000000E+00
-4.9614103539271E-02 9.6876170800000E-04 2.4219042669921E-04-2.4219042669921E-04
 0.0000000000000E+00 3.3614197199553E-04-4.0365071176747E-05-4.0365071176747E-05
-4.3335063820000E-03 3.1698149678000E-02 1.0031340951350E+00 1.4295641336560E+00
-1.6059458480000E-03-1.6059458480000E-03-1.6059458480000E-03 1.7538347716000E-02
 1.7538347716000E-02 1.7538347714000E-02 2.7986364128100E-01 2.7986364128300E-01
 2.7986364127500E-01 0.0000000000000E+00-2.5180166539812E-03-2.5180166539812E-03
 0.0000000000000E+00-2.5180166539812E-03-1.0000000000000E-12 4.9614103535807E-02
 4.9614103535807E-02 0.0000000000000E+00 4.9614103539271E-02-9.6876170800000E-04
 2.4219042669921E-04 2.4219042669921E-04 0.0000000000000E+00 3.3614197199553E-04
-4.0365071176747E-05 4.0365071176747E-05 3.0684994990000E-03-1.2415303196000E-02
-3.2126175261100E-01-2.1864575153170E+00 2.3540967690000E-03 2.3540967690000E-03
-2.4905586800000E-03-2.5238512355000E-02-2.5238512355000E-02 1.7049494103000E-02
 1.8114289634800E-01 1.8114289634800E-01-1.2609794110800E-01-3.4578048000000E-05
-3.0999637507957E-03-3.0999637507957E-03 0.0000000000000E+00 3.7769285031437E-03
 2.0656862575000E-03 1.0160622587453E-02 1.0160622587453E-02 0.0000000000000E+00
-2.5263613035936E-02 3.6564278400000E-04-4.8564744657733E-04-4.8564744657733E-04
 0.0000000000000E+00 1.2108290936991E-04-1.6077188858855E-05 1.6077188858855E-05
 0.0000000000000E+00 0.0000000000000E+00 0.0000000000000E+00 0.0000000000000E+00
 0.0000000000000E+00 0.0000000000000E+00 0.0000000000000E+00-5.8805114136000E-02
 0.0000000000000E+00 0.0000000000000E+00-8.7233070174000E-02 0.0000000000000E+00
 0.0000000000000E+00-7.0494249255700E-01 0.0000000000000E+00 0.0000000000000E+00
-2.1203450778900E+00 0.0000000000000E+00 0.0000000000000E+00 0.0000000000000E+00
 0.0000000000000E+00 2.8417527288987E-03 0.0000000000000E+00 0.0000000000000E+00
 0.0000000000000E+00 0.0000000000000E+00-4.3912314168634E-02 0.0000000000000E+00
 0.0000000000000E+00 0.0000000000000E+00 0.0000000000000E+00 4.8943525969707E-01
-2.6086015800000E-03 0.0000000000000E+00 0.0000000000000E+00 0.0000000000000E+00
 0.0000000000000E+00 0.0000000000000E+00 0.0000000000000E+00-9.8896453200000E-03
 0.0000000000000E+00 0.0000000000000E+00 0.0000000000000E+00 0.0000000000000E+00
 0.0000000000000E+00 0.0000000000000E+00 0.0000000000000E+00 0.0000000000000E+00
 0.0000000000000E+00 0.0000000000000E+00 1.8528070270471E-04 0.0000000000000E+00
 0.0000000000000E+00 0.0000000000000E+00 0.0000000000000E+00-3.0684994990000E-03
 1.2415303196000E-02 3.2126175261100E-01 2.1864575153170E+00-2.3540967690000E-03
 2.3540967690000E-03-2.4905586800000E-03 2.5238512355000E-02-2.5238512355000E-02
 1.7049494103000E-02-1.8114289634800E-01 1.8114289634800E-01-1.2609794110800E-01
 3.4578048000000E-05-3.0999637507957E-03 3.0999637507957E-03 0.0000000000000E+00
 3.7769285031437E-03-2.0656862575000E-03 1.0160622587453E-02-1.0160622587453E-02
 0.0000000000000E+00-2.5263613035936E-02 3.6564278400000E-04 4.8564744657733E-04
-4.8564744657733E-04 0.0000000000000E+00-1.2108290936991E-04 1.6077188858855E-05
 1.6077188858855E-05-3.0684994990000E-03 1.2415303196000E-02 3.2126175261100E-01
 2.1864575153170E+00 2.3540967690000E-03-2.3540967690000E-03-2.4905586800000E-03
-2.5238512355000E-02 2.5238512355000E-02 1.7049494103000E-02 1.8114289634800E-01
-1.8114289634800E-01-1.2609794110800E-01 3.4578048000000E-05 3.0999637507957E-03
-3.0999637507957E-03 0.0000000000000E+00 3.7769285031437E-03-2.0656862575000E-03
-1.0160622587453E-02 1.0160622587453E-02 0.0000000000000E+00-2.5263613035936E-02
 3.6564278400000E-04-4.8564744657733E-04 4.8564744657733E-04 0.0000000000000E+00
-1.2108290936991E-04-1.6077188858855E-05-1.6077188858855E-05 3.0684994990000E-03
-1.2415303196000E-02-3.2126175261100E-01-2.1864575153170E+00-2.3540967690000E-03
-2.3540967690000E-03-2.4905586800000E-03 2.5238512355000E-02 2.5238512355000E-02
 1.7049494103000E-02-1.8114289634800E-01-1.8114289634800E-01-1.2609794110800E-01
-3.4578048000000E-05 3.0999637507957E-03 3.0999637507957E-03 0.0000000000000E+00
 3.7769285031437E-03 2.0656862575000E-03-1.0160622587453E-02-1.0160622587453E-02
 0.0000000000000E+00-2.5263613035936E-02 3.6564278400000E-04 4.8564744657733E-04
 4.8564744657733E-04 0.0000000000000E+00 1.2108290936991E-04 1.6077188858855E-05
-1.6077188858855E-05 3.0684994990000E-03-1.2415303196000E-02-3.2126175262000E-01
-2.1864575153190E+00 2.4905586800000E-03 2.3540967690000E-03-2.3540967690000E-03
-1.7049494103000E-02-2.5238512354000E-02 2.5238512354000E-02 1.2609794111100E-01
 1.8114289635100E-01-1.8114289635000E-01 1.7289024000000E-05-3.0999637507957E-03
-3.7769285031437E-03-5.1867072032428E-05 3.0999637507957E-03-1.0328431290000E-03
 1.0160622587453E-02 2.5263613035936E-02 3.0985293866944E-03-1.0160622587453E-02
-4.8731333700000E-04 9.1410695905012E-05 2.4199077817999E-04 1.4552764500057E-04
 1.2108290936991E-04-1.5235116007313E-05-5.6686633632646E-05 0.0000000000000E+00
 0.0000000000000E+00 0.0000000000000E+00 0.0000000000000E+00 0.0000000000000E+00
 5.8805114135000E-02 0.0000000000000E+00 0.0000000000000E+00 8.7233070174000E-02
 0.0000000000000E+00 0.0000000000000E+00 7.0494249256900E-01 0.0000000000000E+00
 0.0000000000000E+00 2.1203450778950E+00 0.0000000000000E+00 0.0000000000000E+00
 0.0000000000000E+00 0.0000000000000E+00-2.8417527288987E-03 0.0000000000000E+00
 0.0000000000000E+00 0.0000000000000E+00 0.0000000000000E+00 4.3912314165169E-02
 0.0000000000000E+00 0.0000000000000E+00 0.0000000000000E+00 0.0000000000000E+00
-4.8943525970573E-01 0.0000000000000E+00 0.0000000000000E+00 0.0000000000000E+00
-6.5215039487569E-04 0.0000000000000E+00 0.0000000000000E+00 0.0000000000000E+00
 1.0869173249059E-04 0.0000000000000E+00 0.0000000000000E+00-2.4724113296832E-03
 0.0000000000000E+00 0.0000000000000E+00 0.0000000000000E+00 4.1206855496805E-04
 0.0000000000000E+00 0.0000000000000E+00 0.0000000000000E+00 2.7792105388785E-04
 0.0000000000000E+00 0.0000000000000E+00 0.0000000000000E+00-4.6320175683795E-05
 0.0000000000000E+00 0.0000000000000E+00 3.0684994990000E-03-1.2415303196000E-02
-3.2126175262000E-01-2.1864575153190E+00 2.4905586800000E-03-2.3540967690000E-03
 2.3540967690000E-03-1.7049494103000E-02 2.5238512354000E-02-2.5238512354000E-02
 1.2609794111100E-01-1.8114289635100E-01 1.8114289635000E-01 1.7289024000000E-05
 3.0999637507957E-03-3.7769285031437E-03-5.1867072032428E-05-3.0999637507957E-03
-1.0328431290000E-03-1.0160622587453E-02 2.5263613035936E-02 3.0985293866944E-03
 1.0160622587453E-02 4.8731333700000E-04 9.1410695905012E-05-2.4199077817999E-04
-1.4552764500057E-04 1.2108290936991E-04-1.5235116007313E-05 5.6686633632646E-05
-3.0684994990000E-03 1.2415303196000E-02 3.2126175262000E-01 2.1864575153190E+00
 2.4905586800000E-03-2.3540967690000E-03-2.3540967690000E-03-1.7049494103000E-02
 2.5238512354000E-02 2.5238512354000E-02 1.2609794111100E-01-1.8114289635100E-01
-1.8114289635000E-01-1.7289024000000E-05 3.0999637507957E-03-3.7769285031437E-03
 5.1867072032428E-05 3.0999637507957E-03 1.0328431290000E-03-1.0160622587453E-02
 2.5263613035936E-02-3.0985293866944E-03-1.0160622587453E-02-4.8731333700000E-04
 9.1410695905012E-05-2.4199077817999E-04 1.4552764500057E-04-1.2108290936991E-04
-1.5235116007313E-05 5.6686633632646E-05-3.0684994990000E-03 1.2415303196000E-02
 3.2126175262000E-01 2.1864575153190E+00 2.4905586800000E-03 2.3540967690000E-03
 2.3540967690000E-03-1.7049494103000E-02-2.5238512354000E-02-2.5238512354000E-02
 1.2609794111100E-01 1.8114289635100E-01 1.8114289635000E-01-1.7289024000000E-05
-3.0999637507957E-03-3.7769285031437E-03 5.1867072032428E-05-3.0999637507957E-03
 1.0328431290000E-03 1.0160622587453E-02 2.5263613035936E-02-3.0985293866944E-03
 1.0160622587453E-02 4.8731333700000E-04 9.1410695905012E-05 2.4199077817999E-04
-1.4552764500057E-04-1.2108290936991E-04-1.5235116007313E-05-5.6686633632646E-05
-3.0684994990000E-03 1.2415303196000E-02 3.2126175262500E-01 2.1864575153190E+00
-2.3540967690000E-03-2.4905586800000E-03 2.3540967690000E-03 2.5238512354000E-02
 1.7049494103000E-02-2.5238512354000E-02-1.8114289635100E-01-1.2609794111100E-01
 1.8114289635100E-01-1.7289024000000E-05 3.7769285031437E-03 3.0999637507957E-03
-5.1867072032428E-05-3.0999637507957E-03 1.0328431290000E-03-2.5263613035936E-02
-1.0160622587453E-02 3.0985293866944E-03 1.0160622587453E-02 4.8731333700000E-04
-2.4199077817999E-04-9.1410695905012E-05 1.4552764500057E-04-1.2108290936991E-04
-5.6686633632646E-05-1.5235116007313E-05 0.0000000000000E+00 0.0000000000000E+00
 0.0000000000000E+00 0.0000000000000E+00 0.0000000000000E+00 0.0000000000000E+00
-5.8805114135000E-02 0.0000000000000E+00 0.0000000000000E+00-8.7233070174000E-02
 0.0000000000000E+00 0.0000000000000E+00-7.0494249257500E-01 0.0000000000000E+00
 0.0000000000000E+00-2.1203450778980E+00 0.0000000000000E+00 0.0000000000000E+00
 2.8417527288987E-03 0.0000000000000E+00 0.0000000000000E+00 0.0000000000000E+00
 0.0000000000000E+00-4.3912314163437E-02 0.0000000000000E+00 0.0000000000000E+00
 0.0000000000000E+00 0.0000000000000E+00 4.8943525970920E-01 0.0000000000000E+00
 0.0000000000000E+00 0.0000000000000E+00 0.0000000000000E+00 0.0000000000000E+00
 6.5215039487569E-04 0.0000000000000E+00 0.0000000000000E+00 0.0000000000000E+00
 1.0869173249059E-04 0.0000000000000E+00 0.0000000000000E+00 2.4724113296832E-03
 0.0000000000000E+00 0.0000000000000E+00 0.0000000000000E+00 4.1206855496805E-04
 0.0000000000000E+00-2.7792105388785E-04 0.0000000000000E+00 0.0000000000000E+00
 0.0000000000000E+00-4.6320175683795E-05 0.0000000000000E+00 0.0000000000000E+00
 0.0000000000000E+00 3.0684994990000E-03-1.2415303196000E-02-3.2126175262500E-01
-2.1864575153190E+00 2.3540967690000E-03-2.4905586800000E-03 2.3540967690000E-03
-2.5238512354000E-02 1.7049494103000E-02-2.5238512354000E-02 1.8114289635100E-01
-1.2609794111100E-01 1.8114289635100E-01 1.7289024000000E-05 3.7769285031437E-03
-3.0999637507957E-03 5.1867072032428E-05-3.0999637507957E-03-1.0328431290000E-03
-2.5263613035936E-02 1.0160622587453E-02-3.0985293866944E-03 1.0160622587453E-02
 4.8731333700000E-04 2.4199077817999E-04-9.1410695905012E-05 1.4552764500057E-04
 1.2108290936991E-04 5.6686633632646E-05-1.5235116007313E-05-3.0684994990000E-03
 1.2415303196000E-02 3.2126175262500E-01 2.1864575153190E+00 2.3540967690000E-03
-2.4905586800000E-03-2.3540967690000E-03-2.5238512354000E-02 1.7049494103000E-02
 2.5238512354000E-02 1.8114289635100E-01-1.2609794111100E-01-1.8114289635100E-01
-1.7289024000000E-05 3.7769285031437E-03-3.0999637507957E-03-5.1867072032428E-05
 3.0999637507957E-03 1.0328431290000E-03-2.5263613035936E-02 1.0160622587453E-02
 3.0985293866944E-03-1.0160622587453E-02-4.8731333700000E-04 2.4199077817999E-04
-9.1410695905012E-05-1.4552764500057E-04-1.2108290936991E-04 5.6686633632646E-05
-1.5235116007313E-05 3.0684994990000E-03-1.2415303196000E-02-3.2126175262500E-01
-2.1864575153190E+00-2.3540967690000E-03-2.4905586800000E-03-2.3540967690000E-03
 2.5238512354000E-02 1.7049494103000E-02 2.5238512354000E-02-1.8114289635100E-01
-1.2609794111100E-01-1.8114289635100E-01 1.7289024000000E-05 3.7769285031437E-03
 3.0999637507957E-03 5.1867072032428E-05 3.0999637507957E-03-1.0328431290000E-03
-2.5263613035936E-02-1.0160622587453E-02-3.0985293866944E-03-1.0160622587453E-02
-4.8731333700000E-04-2.4199077817999E-04-9.1410695905012E-05-1.4552764500057E-04
 1.2108290936991E-04-5.6686633632646E-05-1.5235116007313E-05-1.5505073862000E-02
-1.0735033117000E-02-2.7421423266110E+00-1.0977198822190E+00-9.5008014340000E-03
-1.0519649199000E-02 9.5008014340000E-03 7.3518868948000E-02 9.3299324201000E-02
-7.3518868949000E-02 5.4221251021200E-01 3.2863833636600E-01-5.4221251021200E-01
 1.0700278600000E-04-7.4522888783600E-03 3.8976048719238E-03 3.2100835816728E-04
-3.8976048719238E-03-3.7196865840000E-03 1.5945843187225E-01 7.3747633577383E-02
-1.1159059750752E-02-7.3747633577383E-02 3.4982620480000E-03 1.4376325213752E-03
 9.3149664893370E-04-2.2522680386793E-04-8.2294719731266E-04-8.9454217676636E-05
 1.5524944146551E-04 0.0000000000000E+00 0.0000000000000E+00 0.0000000000000E+00
 0.0000000000000E+00 0.0000000000000E+00 0.0000000000000E+00-3.8292343899000E-02
 0.0000000000000E+00 0.0000000000000E+00 1.5932423343000E-02 0.0000000000000E+00
 0.0000000000000E+00 2.6574096746970E+00 0.0000000000000E+00 0.0000000000000E+00
 3.5851717948490E+00 0.0000000000000E+00 0.0000000000000E+00 2.6149792787299E-02
 0.0000000000000E+00 0.0000000000000E+00 0.0000000000000E+00 0.0000000000000E+00
-3.8396400413419E-01 0.0000000000000E+00 0.0000000000000E+00 0.0000000000000E+00
 0.0000000000000E+00-2.0058393851682E+00 0.0000000000000E+00 0.0000000000000E+00
 0.0000000000000E+00 0.0000000000000E+00 0.0000000000000E+00 2.7386336394199E-03
 0.0000000000000E+00 0.0000000000000E+00 0.0000000000000E+00 4.5643893988628E-04
 0.0000000000000E+00 0.0000000000000E+00 1.5168516105229E-02 0.0000000000000E+00
 0.0000000000000E+00 0.0000000000000E+00 2.5280860176715E-03 0.0000000000000E+00
 2.3997186981980E-03 0.0000000000000E+00 0.0000000000000E+00 0.0000000000000E+00
 3.9995311632477E-04 0.0000000000000E+00 0.0000000000000E+00 0.0000000000000E+00
 1.5505073862000E-02 1.0735033117000E-02 2.7421423266110E+00 1.0977198822190E+00
 9.5008014340000E-03-1.0519649199000E-02 9.5008014340000E-03-7.3518868948000E-02
 9.3299324201000E-02-7.3518868949000E-02-5.4221251021200E-01 3.2863833636600E-01
-5.4221251021200E-01-1.0700278600000E-04-7.4522888783600E-03-3.8976048719238E-03
-3.2100835816728E-04-3.8976048719238E-03 3.7196865840000E-03 1.5945843187225E-01
-7.3747633577383E-02 1.1159059750752E-02-7.3747633577383E-02 3.4982620480000E-03
-1.4376325213752E-03 9.3149664893370E-04-2.2522680386793E-04 8.2294719731266E-04
 8.9454217676636E-05 1.5524944146551E-04-1.5505073862000E-02-1.0735033117000E-02
-2.7421423266110E+00-1.0977198822190E+00 9.5008014340000E-03-1.0519649199000E-02
-9.5008014340000E-03-7.3518868948000E-02 9.3299324201000E-02 7.3518868949000E-02
-5.4221251021200E-01 3.2863833636600E-01 5.4221251021200E-01 1.0700278600000E-04
-7.4522888783600E-03-3.8976048719238E-03 3.2100835816728E-04 3.8976048719238E-03
-3.7196865840000E-03 1.5945843187225E-01-7.3747633577383E-02-1.1159059750752E-02
 7.3747633577383E-02-3.4982620480000E-03-1.4376325213752E-03 9.3149664893370E-04
 2.2522680386793E-04-8.2294719731266E-04 8.9454217676636E-05 1.5524944146551E-04
 1.5505073862000E-02 1.0735033117000E-02 2.7421423266110E+00 1.0977198822190E+00
-9.5008014340000E-03-1.0519649199000E-02-9.5008014340000E-03 7.3518868948000E-02
 9.3299324201000E-02 7.3518868949000E-02 5.4221251021200E-01 3.2863833636600E-01
 5.4221251021200E-01-1.0700278600000E-04-7.4522888783600E-03 3.8976048719238E-03
-3.2100835816728E-04 3.8976048719238E-03 3.7196865840000E-03 1.5945843187225E-01
 7.3747633577383E-02 1.1159059750752E-02 7.3747633577383E-02-3.4982620480000E-03
 1.4376325213752E-03 9.3149664893370E-04 2.2522680386793E-04 8.2294719731266E-04
-8.9454217676636E-05 1.5524944146551E-04 1.5505073862000E-02 1.0735033117000E-02
 2.7421423266010E+00 1.0977198822180E+00 9.5008014340000E-03 9.5008014340000E-03
-1.0519649200000E-02-7.3518868949000E-02-7.3518868949000E-02 9.3299324201000E-02
-5.4221251021000E-01-5.4221251021000E-01 3.2863833636300E-01 2.1400557200000E-04
-3.8976048719238E-03-3.8976048719238E-03 0.0000000000000E+00-7.4522888783600E-03
-7.4393731675000E-03-7.3747633577383E-02-7.3747633577383E-02 0.0000000000000E+00
 1.5945843187225E-01-3.7259865950000E-03-3.1149850218725E-04-3.1149850218725E-04
 0.0000000000000E+00 8.2294719731266E-04 2.0206761960912E-04-2.0206761960912E-04
 0.0000000000000E+00 0.0000000000000E+00 0.0000000000000E+00 0.0000000000000E+00
 0.0000000000000E+00 0.0000000000000E+00 0.0000000000000E+00-3.8292343899000E-02
 0.0000000000000E+00 0.0000000000000E+00 1.5932423345000E-02 0.0000000000000E+00
 0.0000000000000E+00 2.6574096746850E+00 0.0000000000000E+00 0.0000000000000E+00
 3.5851717948450E+00 0.0000000000000E+00 0.0000000000000E+00 0.0000000000000E+00
 0.0000000000000E+00 2.6149792785567E-02 0.0000000000000E+00 0.0000000000000E+00
 0.0000000000000E+00 0.0000000000000E+00-3.8396400413246E-01 0.0000000000000E+00
 0.0000000000000E+00 0.0000000000000E+00 0.0000000000000E+00-2.0058393851561E+00
-1.0954534558000E-02 0.0000000000000E+00 0.0000000000000E+00 0.0000000000000E+00
 0.0000000000000E+00 0.0000000000000E+00 0.0000000000000E+00-6.0674064422000E-02
 0.0000000000000E+00 0.0000000000000E+00 0.0000000000000E+00 0.0000000000000E+00
 0.0000000000000E+00 0.0000000000000E+00 0.0000000000000E+00 0.0000000000000E+00
 0.0000000000000E+00 0.0000000000000E+00-1.5998124653019E-03 0.0000000000000E+00
 0.0000000000000E+00 0.0000000000000E+00 0.0000000000000E+00-1.5505073862000E-02
-1.0735033117000E-02-2.7421423266010E+00-1.0977198822180E+00-9.5008014340000E-03
 9.5008014340000E-03-1.0519649200000E-02 7.3518868949000E-02-7.3518868949000E-02
 9.3299324201000E-02 5.4221251021000E-01-5.4221251021000E-01 3.2863833636300E-01
-2.1400557200000E-04-3.8976048719238E-03 3.8976048719238E-03 0.0000000000000E+00
-7.4522888783600E-03 7.4393731675000E-03-7.3747633577383E-02 7.3747633577383E-02
 0.0000000000000E+00 1.5945843187225E-01-3.7259865950000E-03 3.1149850218725E-04
-3.1149850218725E-04 0.0000000000000E+00-8.2294719731266E-04-2.0206761960912E-04
-2.0206761960912E-04-1.5505073862000E-02-1.0735033117000E-02-2.7421423266010E+00
-1.0977198822180E+00 9.5008014340000E-03-9.5008014340000E-03-1.0519649200000E-02
-7.3518868949000E-02 7.3518868949000E-02 9.3299324201000E-02-5.4221251021000E-01
 5.4221251021000E-01 3.2863833636300E-01-2.1400557200000E-04 3.8976048719238E-03
-3.8976048719238E-03 0.0000000000000E+00-7.4522888783600E-03 7.4393731675000E-03
 7.3747633577383E-02-7.3747633577383E-02 0.0000000000000E+00 1.5945843187225E-01
-3.7259865950000E-03-3.1149850218725E-04 3.1149850218725E-04 0.0000000000000E+00
-8.2294719731266E-04 2.0206761960912E-04 2.0206761960912E-04 1.5505073862000E-02
 1.0735033117000E-02 2.7421423266010E+00 1.0977198822180E+00-9.5008014340000E-03
-9.5008014340000E-03-1.0519649200000E-02 7.3518868949000E-02 7.3518868949000E-02
 9.3299324201000E-02 5.4221251021000E-01 5.4221251021000E-01 3.2863833636300E-01
 2.1400557200000E-04 3.8976048719238E-03 3.8976048719238E-03 0.0000000000000E+00
-7.4522888783600E-03-7.4393731675000E-03 7.3747633577383E-02 7.3747633577383E-02
 0.0000000000000E+00 1.5945843187225E-01-3.7259865950000E-03 3.1149850218725E-04
 3.1149850218725E-04 0.0000000000000E+00 8.2294719731266E-04-2.0206761960912E-04
 2.0206761960912E-04 1.5505073862000E-02 1.0735033116000E-02 2.7421423265870E+00
 1.0977198822150E+00 1.0519649199000E-02 9.5008014340000E-03-9.5008014340000E-03
-9.3299324200000E-02-7.3518868947000E-02 7.3518868948000E-02-3.2863833636200E-01
-5.4221251020600E-01 5.4221251020600E-01-1.0700278600000E-04-3.8976048719238E-03
 7.4522888783600E-03 3.2100835816728E-04 3.8976048719238E-03 3.7196865840000E-03
-7.3747633577383E-02-1.5945843187052E-01-1.1159059750752E-02 7.3747633575651E-02
-3.4982620470000E-03-9.3149664893370E-04-1.4376325213752E-03-2.2522680373883E-04
 8.2294719731266E-04 1.5524944146551E-04-8.9454217676636E-05 0.0000000000000E+00
 0.0000000000000E+00 0.0000000000000E+00 0.0000000000000E+00 0.0000000000000E+00
 3.8292343898000E-02 0.0000000000000E+00 0.0000000000000E+00-1.5932423343000E-02
 0.0000000000000E+00 0.0000000000000E+00-2.6574096746620E+00 0.0000000000000E+00
 0.0000000000000E+00-3.5851717948380E+00 0.0000000000000E+00 0.0000000000000E+00
 0.0000000000000E+00 0.0000000000000E+00-2.6149792785567E-02 0.0000000000000E+00
 0.0000000000000E+00 0.0000000000000E+00 0.0000000000000E+00 3.8396400412726E-01
 0.0000000000000E+00 0.0000000000000E+00 0.0000000000000E+00 0.0000000000000E+00
 2.0058393851474E+00 0.0000000000000E+00 0.0000000000000E+00 0.0000000000000E+00
-2.7386336394199E-03 0.0000000000000E+00 0.0000000000000E+00 0.0000000000000E+00
 4.5643893988628E-04 0.0000000000000E+00 0.0000000000000E+00-1.5168516105229E-02
 0.0000000000000E+00 0.0000000000000E+00 0.0000000000000E+00 2.5280860176188E-03
 0.0000000000000E+00 0.0000000000000E+00 0.0000000000000E+00-2.3997186978818E-03
 0.0000000000000E+00 0.0000000000000E+00 0.0000000000000E+00 3.9995311630485E-04
 0.0000000000000E+00 0.0000000000000E+00 1.5505073862000E-02 1.0735033116000E-02
 2.7421423265870E+00 1.0977198822150E+00 1.0519649199000E-02-9.5008014340000E-03
 9.5008014340000E-03-9.3299324200000E-02 7.3518868947000E-02-7.3518868948000E-02
-3.2863833636200E-01 5.4221251020600E-01-5.4221251020600E-01-1.0700278600000E-04
 3.8976048719238E-03 7.4522888783600E-03 3.2100835816728E-04-3.8976048719238E-03
 3.7196865840000E-03 7.3747633577383E-02-1.5945843187052E-01-1.1159059750752E-02
-7.3747633575651E-02 3.4982620470000E-03-9.3149664893370E-04 1.4376325213752E-03
 2.2522680373883E-04 8.2294719731266E-04 1.5524944146551E-04 8.9454217676636E-05
-1.5505073862000E-02-1.0735033116000E-02-2.7421423265870E+00-1.0977198822150E+00
 1.0519649199000E-02-9.5008014340000E-03-9.5008014340000E-03-9.3299324200000E-02
 7.3518868947000E-02 7.3518868948000E-02-3.2863833636200E-01 5.4221251020600E-01
 5.4221251020600E-01 1.0700278600000E-04 3.8976048719238E-03 7.4522888783600E-03
-3.2100835816728E-04 3.8976048719238E-03-3.7196865840000E-03 7.3747633577383E-02
-1.5945843187052E-01 1.1159059750752E-02 7.3747633575651E-02-3.4982620470000E-03
-9.3149664893370E-04 1.4376325213752E-03-2.2522680373883E-04-8.2294719731266E-04
 1.5524944146551E-04 8.9454217676636E-05-1.5505073862000E-02-1.0735033116000E-02
-2.7421423265870E+00-1.0977198822150E+00 1.0519649199000E-02 9.5008014340000E-03
 9.5008014340000E-03-9.3299324200000E-02-7.3518868947000E-02-7.3518868948000E-02
-3.2863833636200E-01-5.4221251020600E-01-5.4221251020600E-01 1.0700278600000E-04
-3.8976048719238E-03 7.4522888783600E-03-3.2100835816728E-04-3.8976048719238E-03
-3.7196865840000E-03-7.3747633577383E-02-1.5945843187052E-01 1.1159059750752E-02
-7.3747633575651E-02 3.4982620470000E-03-9.3149664893370E-04-1.4376325213752E-03
 2.2522680373883E-04-8.2294719731266E-04 1.5524944146551E-04-8.9454217676636E-05
-1.6266100921000E-02 1.0861819196100E-01 3.8494441426250E+00 2.1328681064020E+00
 5.5694831020000E-03 5.5694831020000E-03-5.5694831010000E-03-1.2573326850800E-01
-1.2573326850800E-01 1.2573326850500E-01-9.8496452404600E-01-9.8496452405200E-01
 9.8496452402500E-01 0.0000000000000E+00 2.0152698424011E-03 2.0152698424011E-03
 0.0000000000000E+00-2.0152698441331E-03-2.5000000000000E-12-1.7573567592237E-01
-1.7573567592410E-01 0.0000000000000E+00 1.7573567593449E-01-4.2259951210000E-03
-1.0564987796436E-03-1.0564987796436E-03 0.0000000000000E+00 1.0573532880047E-03
 1.7608313010598E-04-1.7608313010598E-04 2.6483123854000E-02 2.3103524132900E-01
 1.1737701570000E+00-6.8422019469110E+00-1.4499153302924E+01 0.0000000000000E+00
 0.0000000000000E+00 0.0000000000000E+00 0.0000000000000E+00 0.0000000000000E+00
 0.0000000000000E+00 0.0000000000000E+00 0.0000000000000E+00 0.0000000000000E+00
 0.0000000000000E+00 0.0000000000000E+00 0.0000000000000E+00 1.0000000000000E-12
 0.0000000000000E+00 0.0000000000000E+00 0.0000000000000E+00 0.0000000000000E+00
-8.5000000000000E-12 0.0000000000000E+00 0.0000000000000E+00-8.6602540378444E-13
 0.0000000000000E+00-1.7500000000000E-11 0.0000000000000E+00 0.0000000000000E+00
-5.1961524227066E-12 0.0000000000000E+00 0.0000000000000E+00 0.0000000000000E+00
 0.0000000000000E+00 0.0000000000000E+00 3.0831780773582E-03 0.0000000000000E+00
 0.0000000000000E+00 0.0000000000000E+00 0.0000000000000E+00 0.0000000000000E+00
 0.0000000000000E+00 6.4860758737574E-02 0.0000000000000E+00 0.0000000000000E+00
 3.4721080188000E-02 0.0000000000000E+00 0.0000000000000E+00 0.0000000000000E+00
 0.0000000000000E+00 0.0000000000000E+00 0.0000000000000E+00 2.0667309634546E-04
 0.0000000000000E+00-1.6266100921000E-02 1.0861819196100E-01 3.8494441426250E+00
 2.1328681064020E+00 5.5694831020000E-03-5.5694831020000E-03 5.5694831010000E-03
-1.2573326850800E-01 1.2573326850800E-01-1.2573326850500E-01-9.8496452404600E-01
 9.8496452405200E-01-9.8496452402500E-01 0.0000000000000E+00-2.0152698424011E-03
 2.0152698424011E-03 0.0000000000000E+00 2.0152698441331E-03-2.5000000000000E-12
 1.7573567592237E-01-1.7573567592410E-01 0.0000000000000E+00-1.7573567593449E-01
 4.2259951210000E-03-1.0564987796436E-03 1.0564987796436E-03 0.0000000000000E+00
 1.0573532880047E-03 1.7608313010598E-04 1.7608313010598E-04-1.6266100921000E-02
 1.0861819196100E-01 3.8494441426250E+00 2.1328681064020E+00-5.5694831020000E-03
 5.5694831020000E-03 5.5694831010000E-03 1.2573326850800E-01-1.2573326850800E-01
-1.2573326850500E-01 9.8496452404600E-01-9.8496452405200E-01-9.8496452402500E-01
 0.0000000000000E+00 2.0152698424011E-03-2.0152698424011E-03 0.0000000000000E+00
 2.0152698441331E-03-2.5000000000000E-12-1.7573567592237E-01 1.7573567592410E-01
 0.0000000000000E+00-1.7573567593449E-01 4.2259951210000E-03 1.0564987796436E-03
-1.0564987796436E-03 0.0000000000000E+00 1.0573532880047E-03-1.7608313010598E-04
-1.7608313010598E-04-1.6266100921000E-02 1.0861819196100E-01 3.8494441426250E+00
 2.1328681064020E+00-5.5694831020000E-03-5.5694831020000E-03-5.5694831010000E-03
 1.2573326850800E-01 1.2573326850800E-01 1.2573326850500E-01 9.8496452404600E-01
 9.8496452405200E-01 9.8496452402500E-01 0.0000000000000E+00-2.0152698424011E-03
-2.0152698424011E-03 0.0000000000000E+00-2.0152698441331E-03-2.5000000000000E-12
 1.7573567592237E-01 1.7573567592410E-01 0.0000000000000E+00 1.7573567593449E-01
-4.2259951210000E-03 1.0564987796436E-03 1.0564987796436E-03 0.0000000000000E+00
 1.0573532880047E-03-1.7608313010598E-04 1.7608313010598E-04 3.0107459889000E-02
 4.4531977099000E-02-2.0948640416380E+00-2.2463470988700E+00 5.9357104030000E-03
-2.3672363350000E-03-5.9357104030000E-03 1.1477938001000E-02 1.7046587675000E-02
-1.1477938001000E-02 8.1345969523400E-01 4.7606631174800E-01-8.1345969523500E-01
-2.4752206050000E-04-1.0124414860332E-02-3.9120364924575E-03-7.4256618188081E-04
 3.9120364924575E-03-6.2334380015000E-03 1.4666501811085E-01 6.2778259722428E-02
-1.8700314003758E-02-6.2778259722428E-02 5.2484497700000E-04 1.4414359098268E-03
 8.7117059840201E-04-5.2408986614612E-04-1.8406003893563E-04 1.0915392582835E-04
 1.4519509975885E-04 0.0000000000000E+00 0.0000000000000E+00 0.0000000000000E+00
 0.0000000000000E+00 0.0000000000000E+00 0.0000000000000E+00-1.0321520892900E-01
 0.0000000000000E+00 0.0000000000000E+00-2.2676739187700E-01 0.0000000000000E+00
 0.0000000000000E+00 2.6656992331790E+00 0.0000000000000E+00 0.0000000000000E+00
 3.5691392522990E+00 0.0000000000000E+00 0.0000000000000E+00-1.9149602471855E-02
 0.0000000000000E+00 0.0000000000000E+00 0.0000000000000E+00 0.0000000000000E+00
-2.6416126864558E-01 0.0000000000000E+00 0.0000000000000E+00 0.0000000000000E+00
 0.0000000000000E+00-2.7141829434937E+00 0.0000000000000E+00 0.0000000000000E+00
 0.0000000000000E+00 0.0000000000000E+00 0.0000000000000E+00 8.3435149015070E-04
 0.0000000000000E+00 0.0000000000000E+00 0.0000000000000E+00 1.3905858174281E-04
 0.0000000000000E+00 0.0000000000000E+00 6.9694401551577E-03 0.0000000000000E+00
 0.0000000000000E+00 0.0000000000000E+00 1.1615733592701E-03 0.0000000000000E+00
 2.2918010120636E-03 0.0000000000000E+00 0.0000000000000E+00 0.0000000000000E+00
 3.8196683535111E-04 0.0000000000000E+00 0.0000000000000E+00 0.0000000000000E+00
-3.0107459889000E-02-4.4531977099000E-02 2.0948640416380E+00 2.2463470988700E+00
-5.9357104030000E-03-2.3672363350000E-03-5.9357104030000E-03-1.1477938001000E-02
 1.7046587675000E-02-1.1477938001000E-02-8.1345969523400E-01 4.7606631174800E-01
-8.1345969523500E-01 2.4752206050000E-04-1.0124414860332E-02 3.9120364924575E-03
 7.4256618188081E-04 3.9120364924575E-03 6.2334380015000E-03 1.4666501811085E-01
-6.2778259722428E-02 1.8700314003758E-02-6.2778259722428E-02 5.2484497700000E-04
-1.4414359098268E-03 8.7117059840201E-04-5.2408986614612E-04 1.8406003893563E-04
-1.0915392582835E-04 1.4519509975885E-04 3.0107459889000E-02 4.4531977099000E-02
-2.0948640416380E+00-2.2463470988700E+00-5.9357104030000E-03-2.3672363350000E-03
 5.9357104030000E-03-1.1477938001000E-02 1.7046587675000E-02 1.1477938001000E-02
-8.1345969523400E-01 4.7606631174800E-01 8.1345969523500E-01-2.4752206050000E-04
-1.0124414860332E-02 3.9120364924575E-03-7.4256618188081E-04-3.9120364924575E-03
-6.2334380015000E-03 1.4666501811085E-01-6.2778259722428E-02-1.8700314003758E-02
 6.2778259722428E-02-5.2484497700000E-04-1.4414359098268E-03 8.7117059840201E-04
 5.2408986614612E-04-1.8406003893563E-04-1.0915392582835E-04 1.4519509975885E-04
-3.0107459889000E-02-4.4531977099000E-02 2.0948640416380E+00 2.2463470988700E+00
 5.9357104030000E-03-2.3672363350000E-03 5.9357104030000E-03 1.1477938001000E-02
 1.7046587675000E-02 1.1477938001000E-02 8.1345969523400E-01 4.7606631174800E-01
 8.1345969523500E-01 2.4752206050000E-04-1.0124414860332E-02-3.9120364924575E-03
 7.4256618188081E-04-3.9120364924575E-03 6.2334380015000E-03 1.4666501811085E-01
 6.2778259722428E-02 1.8700314003758E-02 6.2778259722428E-02-5.2484497700000E-04
 1.4414359098268E-03 8.7117059840201E-04 5.2408986614612E-04 1.8406003893563E-04
 1.0915392582835E-04 1.4519509975885E-04-3.0107459889000E-02-4.4531977100000E-02
 2.0948640416130E+00 2.2463470988680E+00 2.3672363350000E-03-5.9357104030000E-03
 5.9357104030000E-03-1.7046587674000E-02-1.1477937999000E-02 1.1477938000000E-02
-4.7606631174400E-01-8.1345969522900E-01 8.1345969522900E-01 2.4752206050000E-04
 3.9120364924575E-03 1.0124414860332E-02-7.4256618188081E-04-3.9120364924575E-03
 6.2334380015000E-03-6.2778259722428E-02-1.4666501810912E-01-1.8700314003758E-02
 6.2778259722428E-02-5.2484497700000E-04-8.7117059840201E-04-1.4414359098268E-03
-5.2408986614612E-04 1.8406003893563E-04 1.4519509975885E-04 1.0915392582835E-04
 0.0000000000000E+00 0.0000000000000E+00 0.0000000000000E+00 0.0000000000000E+00
 0.0000000000000E+00 1.0321520892900E-01 0.0000000000000E+00 0.0000000000000E+00
 2.2676739187800E-01 0.0000000000000E+00 0.0000000000000E+00-2.6656992331440E+00
 0.0000000000000E+00 0.0000000000000E+00-3.5691392522910E+00 0.0000000000000E+00
 0.0000000000000E+00 0.0000000000000E+00 0.0000000000000E+00 1.9149602471855E-02
 0.0000000000000E+00 0.0000000000000E+00 0.0000000000000E+00 0.0000000000000E+00
 2.6416126863865E-01 0.0000000000000E+00 0.0000000000000E+00 0.0000000000000E+00
 0.0000000000000E+00 2.7141829434712E+00 0.0000000000000E+00 0.0000000000000E+00
 0.0000000000000E+00-8.3435149015070E-04 0.0000000000000E+00 0.0000000000000E+00
 0.0000000000000E+00 1.3905858174281E-04 0.0000000000000E+00 0.0000000000000E+00
-6.9694401547495E-03 0.0000000000000E+00 0.0000000000000E+00 0.0000000000000E+00
 1.1615733592174E-03 0.0000000000000E+00 0.0000000000000E+00 0.0000000000000E+00
-2.2918010120636E-03 0.0000000000000E+00 0.0000000000000E+00 0.0000000000000E+00
 3.8196683535111E-04 0.0000000000000E+00 0.0000000000000E+00-3.0107459889000E-02
-4.4531977100000E-02 2.0948640416130E+00 2.2463470988680E+00 2.3672363350000E-03
 5.9357104030000E-03-5.9357104030000E-03-1.7046587674000E-02 1.1477937999000E-02
-1.1477938000000E-02-4.7606631174400E-01 8.1345969522900E-01-8.1345969522900E-01
 2.4752206050000E-04-3.9120364924575E-03 1.0124414860332E-02-7.4256618188081E-04
 3.9120364924575E-03 6.2334380015000E-03 6.2778259722428E-02-1.4666501810912E-01
-1.8700314003758E-02-6.2778259722428E-02 5.2484497700000E-04-8.7117059840201E-04
 1.4414359098268E-03 5.2408986614612E-04 1.8406003893563E-04 1.4519509975885E-04
-1.0915392582835E-04 3.0107459889000E-02 4.4531977100000E-02-2.0948640416130E+00
-2.2463470988680E+00 2.3672363350000E-03 5.9357104030000E-03 5.9357104030000E-03
-1.7046587674000E-02 1.1477937999000E-02 1.1477938000000E-02-4.7606631174400E-01
 8.1345969522900E-01 8.1345969522900E-01-2.4752206050000E-04-3.9120364924575E-03
 1.0124414860332E-02 7.4256618188081E-04-3.9120364924575E-03-6.2334380015000E-03
 6.2778259722428E-02-1.4666501810912E-01 1.8700314003758E-02 6.2778259722428E-02
-5.2484497700000E-04-8.7117059840201E-04 1.4414359098268E-03-5.2408986614612E-04
-1.8406003893563E-04 1.4519509975885E-04-1.0915392582835E-04 3.0107459889000E-02
 4.4531977100000E-02-2.0948640416130E+00-2.2463470988680E+00 2.3672363350000E-03
-5.9357104030000E-03-5.9357104030000E-03-1.7046587674000E-02-1.1477937999000E-02
-1.1477938000000E-02-4.7606631174400E-01-8.1345969522900E-01-8.1345969522900E-01
-2.4752206050000E-04 3.9120364924575E-03 1.0124414860332E-02 7.4256618188081E-04
 3.9120364924575E-03-6.2334380015000E-03-6.2778259722428E-02-1.4666501810912E-01
 1.8700314003758E-02-6.2778259722428E-02 5.2484497700000E-04-8.7117059840201E-04
-1.4414359098268E-03 5.2408986614612E-04-1.8406003893563E-04 1.4519509975885E-04
 1.0915392582835E-04-3.0107459889000E-02-4.4531977099000E-02 2.0948640416150E+00
 2.2463470988680E+00-5.9357104030000E-03-5.9357104030000E-03-2.3672363350000E-03
-1.1477938000000E-02-1.1477938000000E-02 1.7046587674000E-02-8.1345969523000E-01
-8.1345969523000E-01 4.7606631174200E-01-4.9504412150000E-04 3.9120364924575E-03
 3.9120364924575E-03 0.0000000000000E+00-1.0124414860332E-02-1.2466876003000E-02
-6.2778259720696E-02-6.2778259720696E-02 0.0000000000000E+00 1.4666501811085E-01
-3.4846823940000E-03 1.1790134212681E-03 1.1790134212681E-03 0.0000000000000E+00
 1.8406003893563E-04 1.5289100724979E-04-1.5289100724979E-04 0.0000000000000E+00
 0.0000000000000E+00 0.0000000000000E+00 0.0000000000000E+00 0.0000000000000E+00
 0.0000000000000E+00 0.0000000000000E+00-1.0321520892900E-01 0.0000000000000E+00
 0.0000000000000E+00-2.2676739187700E-01 0.0000000000000E+00 0.0000000000000E+00
 2.6656992331510E+00 0.0000000000000E+00 0.0000000000000E+00 3.5691392522930E+00
 0.0000000000000E+00 0.0000000000000E+00 0.0000000000000E+00 0.0000000000000E+00
-1.9149602471855E-02 0.0000000000000E+00 0.0000000000000E+00 0.0000000000000E+00
 0.0000000000000E+00-2.6416126863865E-01 0.0000000000000E+00 0.0000000000000E+00
 0.0000000000000E+00 0.0000000000000E+00-2.7141829434712E+00-3.3374059610000E-03
 0.0000000000000E+00 0.0000000000000E+00 0.0000000000000E+00 0.0000000000000E+00
 0.0000000000000E+00 0.0000000000000E+00-2.7877760620000E-02 0.0000000000000E+00
 0.0000000000000E+00 0.0000000000000E+00 0.0000000000000E+00 0.0000000000000E+00
 0.0000000000000E+00 0.0000000000000E+00 0.0000000000000E+00 0.0000000000000E+00
 0.0000000000000E+00-1.5278673414124E-03 0.0000000000000E+00 0.0000000000000E+00
 0.0000000000000E+00 0.0000000000000E+00 3.0107459889000E-02 4.4531977099000E-02
-2.0948640416150E+00-2.2463470988680E+00 5.9357104030000E-03-5.9357104030000E-03
-2.3672363350000E-03 1.1477938000000E-02-1.1477938000000E-02 1.7046587674000E-02
 8.1345969523000E-01-8.1345969523000E-01 4.7606631174200E-01 4.9504412150000E-04
 3.9120364924575E-03-3.9120364924575E-03 0.0000000000000E+00-1.0124414860332E-02
 1.2466876003000E-02-6.2778259720696E-02 6.2778259720696E-02 0.0000000000000E+00
 1.4666501811085E-01-3.4846823940000E-03-1.1790134212681E-03 1.1790134212681E-03
 0.0000000000000E+00-1.8406003893563E-04-1.5289100724979E-04-1.5289100724979E-04
 3.0107459889000E-02 4.4531977099000E-02-2.0948640416150E+00-2.2463470988680E+00
-5.9357104030000E-03 5.9357104030000E-03-2.3672363350000E-03-1.1477938000000E-02
 1.1477938000000E-02 1.7046587674000E-02-8.1345969523000E-01 8.1345969523000E-01
 4.7606631174200E-01 4.9504412150000E-04-3.9120364924575E-03 3.9120364924575E-03
 0.0000000000000E+00-1.0124414860332E-02 1.2466876003000E-02 6.2778259720696E-02
-6.2778259720696E-02 0.0000000000000E+00 1.4666501811085E-01-3.4846823940000E-03
 1.1790134212681E-03-1.1790134212681E-03 0.0000000000000E+00-1.8406003893563E-04
 1.5289100724979E-04 1.5289100724979E-04-3.0107459889000E-02-4.4531977099000E-02
 2.0948640416150E+00 2.2463470988680E+00 5.9357104030000E-03 5.9357104030000E-03
-2.3672363350000E-03 1.1477938000000E-02 1.1477938000000E-02 1.7046587674000E-02
 8.1345969523000E-01 8.1345969523000E-01 4.7606631174200E-01-4.9504412150000E-04
-3.9120364924575E-03-3.9120364924575E-03 0.0000000000000E+00-1.0124414860332E-02
-1.2466876003000E-02 6.2778259720696E-02 6.2778259720696E-02 0.0000000000000E+00
 1.4666501811085E-01-3.4846823940000E-03-1.1790134212681E-03-1.1790134212681E-03
 0.0000000000000E+00 1.8406003893563E-04-1.5289100724979E-04 1.5289100724979E-04
 0.0000000000000E+00 0.0000000000000E+00 3.0000000000000E-12 2.0000000000000E-12
-2.0094014188000E-02 1.4883818770000E-02-5.2101954190000E-03 6.3344195528000E-02
-4.6919620814000E-02 1.6424574715000E-02-4.0866876638900E-01 3.0270466610900E-01
-1.0596410027800E-01-1.2884148050000E-04 3.9942242397095E-04-5.3924332006806E-04
 8.6495714932451E-04-1.3982089609711E-04-1.8938668905000E-03-2.6457848959594E-02
 3.5719622808778E-02 1.2714179491599E-02 9.2617738491843E-03-5.5588639300000E-04
-1.5376115254602E-04 1.4071930075051E-03 9.9756730939299E-04 0.0000000000000E+00
-1.5830087681380E-04-2.4658496943154E-04 0.0000000000000E+00 0.0000000000000E+00
 1.0000000000000E-12-5.0000000000000E-12-1.0000000000000E-11 0.0000000000000E+00
 0.0000000000000E+00 0.0000000000000E+00 0.0000000000000E+00 0.0000000000000E+00
 0.0000000000000E+00 0.0000000000000E+00 0.0000000000000E+00 0.0000000000000E+00
 0.0000000000000E+00 0.0000000000000E+00 0.0000000000000E+00 4.7019188090000E-03
 0.0000000000000E+00 0.0000000000000E+00-3.1565597343671E-02 0.0000000000000E+00
-1.2200884696000E-02 0.0000000000000E+00 0.0000000000000E+00 8.1908733267548E-02
 0.0000000000000E+00 4.9661566555000E-03 0.0000000000000E+00 0.0000000000000E+00
-3.3339516845671E-02 0.0000000000000E+00 0.0000000000000E+00 0.0000000000000E+00
 0.0000000000000E+00 0.0000000000000E+00 0.0000000000000E+00 0.0000000000000E+00
 0.0000000000000E+00 0.0000000000000E+00 0.0000000000000E+00 0.0000000000000E+00
 0.0000000000000E+00 1.2909944487358E-13 0.0000000000000E+00 0.0000000000000E+00
-4.8129065100000E-04 0.0000000000000E+00 0.0000000000000E+00-2.1540463938484E-04
 0.0000000000000E+00 0.0000000000000E+00 0.0000000000000E+00 4.0107554247522E-06
 0.0000000000000E+00 0.0000000000000E+00 0.0000000000000E+00 3.0000000000000E-12
 2.0000000000000E-12-2.0094014188000E-02-1.4883818770000E-02 5.2101954190000E-03
 6.3344195528000E-02 4.6919620814000E-02-1.6424574715000E-02-4.0866876638900E-01
-3.0270466610900E-01 1.0596410027800E-01-1.2884148050000E-04-3.9942242397095E-04
-5.3924332006806E-04 8.6495714932451E-04 1.3982089609711E-04-1.8938668905000E-03
 2.6457848959594E-02 3.5719622808778E-02 1.2714179491599E-02-9.2617738491843E-03
 5.5588639300000E-04-1.5376115254602E-04-1.4071930075051E-03-9.9756730939299E-04
 0.0000000000000E+00-1.5830087681380E-04 2.4658496943154E-04 0.0000000000000E+00
 0.0000000000000E+00 3.0000000000000E-12 2.0000000000000E-12 2.0094014188000E-02
 1.4883818770000E-02 5.2101954190000E-03-6.3344195528000E-02-4.6919620814000E-02
-1.6424574715000E-02 4.0866876638900E-01 3.0270466610900E-01 1.0596410027800E-01
-1.2884148050000E-04 3.9942242397095E-04 5.3924332006806E-04 8.6495714932451E-04
 1.3982089609711E-04-1.8938668905000E-03-2.6457848959594E-02-3.5719622808778E-02
 1.2714179491599E-02-9.2617738491843E-03 5.5588639300000E-04 1.5376115254602E-04
 1.4071930075051E-03-9.9756730939299E-04 0.0000000000000E+00 1.5830087681380E-04
-2.4658496943154E-04 0.0000000000000E+00 0.0000000000000E+00 3.0000000000000E-12
 2.0000000000000E-12 2.0094014188000E-02-1.4883818770000E-02-5.2101954190000E-03
-6.3344195528000E-02 4.6919620814000E-02 1.6424574715000E-02 4.0866876638900E-01
-3.0270466610900E-01-1.0596410027800E-01-1.2884148050000E-04-3.9942242397095E-04
 5.3924332006806E-04 8.6495714932451E-04-1.3982089609711E-04-1.8938668905000E-03
 2.6457848959594E-02-3.5719622808778E-02 1.2714179491599E-02 9.2617738491843E-03
-5.5588639300000E-04 1.5376115254602E-04-1.4071930075051E-03 9.9756730939299E-04
 0.0000000000000E+00 1.5830087681380E-04 2.4658496943154E-04 0.0000000000000E+00
-1.0000000000000E-12 8.0000000000000E-12 8.0000000000000E-12 5.5850690460000E-03
 1.4609392228000E-02 2.0194461274000E-02-1.7606323074000E-02-4.6054520972000E-02
-6.3660844047000E-02 1.1358821864000E-01 2.9712342410100E-01 4.1071164275000E-01
 4.9938324300000E-04 3.9205790848199E-04 1.4988101091814E-04 2.2315999034839E-04
 5.4193891940013E-04 7.3405349520000E-03-2.5970021469022E-02-9.9281585943409E-03
 3.2802736771185E-03-3.5898180063363E-02 2.1545883280000E-03-2.6304841508252E-03
-2.2277560908664E-03 2.5737357158432E-04 0.0000000000000E+00-2.2332292002543E-04
 1.1886188228645E-04 0.0000000000000E+00 1.0000000000000E-12 1.0000000000000E-12
-9.0000000000000E-12-4.7000000000000E-11 0.0000000000000E+00 0.0000000000000E+00
 0.0000000000000E+00 0.0000000000000E+00 0.0000000000000E+00 0.0000000000000E+00
 0.0000000000000E+00 0.0000000000000E+00 0.0000000000000E+00 0.0000000000000E+00
 0.0000000000000E+00 0.0000000000000E+00-1.8224406123500E-02 0.0000000000000E+00
 0.0000000000000E+00-8.1439622702517E-03 0.0000000000000E+00 4.7290029201000E-02
 0.0000000000000E+00 0.0000000000000E+00 2.1132552190762E-02 0.0000000000000E+00
-1.9248579025500E-02 0.0000000000000E+00 0.0000000000000E+00-8.6016356456723E-03
 0.0000000000000E+00 0.0000000000000E+00 0.0000000000000E+00 0.0000000000000E+00
 0.0000000000000E+00 0.0000000000000E+00 0.0000000000000E+00 0.0000000000000E+00
 0.0000000000000E+00 0.0000000000000E+00 0.0000000000000E+00 0.0000000000000E+00
 0.0000000000000E+00 0.0000000000000E+00 0.0000000000000E+00 1.8654588980000E-03
 0.0000000000000E+00 0.0000000000000E+00-5.5574657352598E-05 0.0000000000000E+00
 0.0000000000000E+00 0.0000000000000E+00-1.5545490819961E-05 0.0000000000000E+00
 0.0000000000000E+00-1.0000000000000E-12 8.0000000000000E-12 8.0000000000000E-12
 5.5850690460000E-03-1.4609392228000E-02-2.0194461274000E-02-1.7606323074000E-02
 4.6054520972000E-02 6.3660844047000E-02 1.1358821864000E-01-2.9712342410100E-01
-4.1071164275000E-01 4.9938324300000E-04-3.9205790848199E-04 1.4988101091814E-04
 2.2315999034839E-04-5.4193891940013E-04 7.3405349520000E-03 2.5970021469022E-02
-9.9281585943409E-03 3.2802736771185E-03 3.5898180063363E-02-2.1545883280000E-03
-2.6304841508252E-03 2.2277560908664E-03-2.5737357158432E-04 0.0000000000000E+00
-2.2332292002543E-04-1.1886188228645E-04 0.0000000000000E+00-1.0000000000000E-12
 8.0000000000000E-12 8.0000000000000E-12-5.5850690460000E-03 1.4609392228000E-02
-2.0194461274000E-02 1.7606323074000E-02-4.6054520972000E-02 6.3660844047000E-02
-1.1358821864000E-01 2.9712342410100E-01-4.1071164275000E-01 4.9938324300000E-04
 3.9205790848199E-04-1.4988101091814E-04 2.2315999034839E-04-5.4193891940013E-04
 7.3405349520000E-03-2.5970021469022E-02 9.9281585943409E-03 3.2802736771185E-03
 3.5898180063363E-02-2.1545883280000E-03 2.6304841508252E-03-2.2277560908664E-03
-2.5737357158432E-04 0.0000000000000E+00 2.2332292002543E-04 1.1886188228645E-04
 0.0000000000000E+00-1.0000000000000E-12 8.0000000000000E-12 8.0000000000000E-12
-5.5850690460000E-03-1.4609392228000E-02 2.0194461274000E-02 1.7606323074000E-02
 4.6054520972000E-02-6.3660844047000E-02-1.1358821864000E-01-2.9712342410100E-01
 4.1071164275000E-01 4.9938324300000E-04-3.9205790848199E-04-1.4988101091814E-04
 2.2315999034839E-04 5.4193891940013E-04 7.3405349520000E-03 2.5970021469022E-02
 9.9281585943409E-03 3.2802736771185E-03-3.5898180063363E-02 2.1545883280000E-03
 2.6304841508252E-03 2.2277560908664E-03 2.5737357158432E-04 0.0000000000000E+00
 2.2332292002543E-04-1.1886188228645E-04 2.7541954087000E-02 1.5275736970800E-01
 2.6723532004820E+00 4.6198570013800E-01 1.7617328584000E-02 1.7617328584000E-02
-1.7617328584000E-02-1.4011832859400E-01-1.4011832859400E-01 1.4011832859200E-01
-1.4734850020400E-01-1.4734850020600E-01 1.4734850019100E-01 0.0000000000000E+00
-8.9567437965489E-03-8.9567437965489E-03 0.0000000000000E+00 8.9567437965489E-03
-1.5000000000000E-12-5.4223110294797E-02-5.4223110294797E-02 0.0000000000000E+00
 5.4223110301726E-02-2.7522473180000E-03-6.8806182918937E-04-6.8806182918937E-04
 0.0000000000000E+00 1.3412136034839E-05 1.1467697162326E-04-1.1467697162326E-04
 2.7011103400000E-03-9.5611277035000E-02 5.7626708814800E-01-3.1415979565320E+00
-6.7907827841560E+00 0.0000000000000E+00 0.0000000000000E+00 0.0000000000000E+00
 0.0000000000000E+00 0.0000000000000E+00 0.0000000000000E+00 0.0000000000000E+00
 0.0000000000000E+00 0.0000000000000E+00 0.0000000000000E+00 0.0000000000000E+00
 0.0000000000000E+00 5.0000000000000E-13 0.0000000000000E+00 0.0000000000000E+00
 0.0000000000000E+00 0.0000000000000E+00-5.0000000000000E-12 0.0000000000000E+00
 0.0000000000000E+00 0.0000000000000E+00 0.0000000000000E+00-1.1500000000000E-11
 0.0000000000000E+00 0.0000000000000E+00-1.7320508075689E-12 0.0000000000000E+00
 0.0000000000000E+00 0.0000000000000E+00 0.0000000000000E+00 0.0000000000000E+00
 1.9244132742782E-03 0.0000000000000E+00 0.0000000000000E+00 0.0000000000000E+00
 0.0000000000000E+00 0.0000000000000E+00 0.0000000000000E+00 5.1764235507705E-02
 0.0000000000000E+00 0.0000000000000E+00 3.4295262784000E-02 0.0000000000000E+00
 0.0000000000000E+00 0.0000000000000E+00 0.0000000000000E+00 0.0000000000000E+00
 0.0000000000000E+00 2.0413846894583E-04 0.0000000000000E+00 2.7541954087000E-02
 1.5275736970800E-01 2.6723532004820E+00 4.6198570013800E-01 1.7617328584000E-02
-1.7617328584000E-02 1.7617328584000E-02-1.4011832859400E-01 1.4011832859400E-01
-1.4011832859200E-01-1.4734850020400E-01 1.4734850020600E-01-1.4734850019100E-01
 0.0000000000000E+00 8.9567437965489E-03-8.9567437965489E-03 0.0000000000000E+00
-8.9567437965489E-03-1.5000000000000E-12 5.4223110294797E-02-5.4223110294797E-02
 0.0000000000000E+00-5.4223110301726E-02 2.7522473180000E-03-6.8806182918937E-04
 6.8806182918937E-04 0.0000000000000E+00 1.3412136034839E-05 1.1467697162326E-04
 1.1467697162326E-04 2.7541954087000E-02 1.5275736970800E-01 2.6723532004820E+00
 4.6198570013800E-01-1.7617328584000E-02 1.7617328584000E-02 1.7617328584000E-02
 1.4011832859400E-01-1.4011832859400E-01-1.4011832859200E-01 1.4734850020400E-01
-1.4734850020600E-01-1.4734850019100E-01 0.0000000000000E+00-8.9567437965489E-03
 8.9567437965489E-03 0.0000000000000E+00-8.9567437965489E-03-1.5000000000000E-12
-5.4223110294797E-02 5.4223110294797E-02 0.0000000000000E+00-5.4223110301726E-02
 2.7522473180000E-03 6.8806182918937E-04-6.8806182918937E-04 0.0000000000000E+00
 1.3412136034839E-05-1.1467697162326E-04-1.1467697162326E-04 2.7541954087000E-02
 1.5275736970800E-01 2.6723532004820E+00 4.6198570013800E-01-1.7617328584000E-02
-1.7617328584000E-02-1.7617328584000E-02 1.4011832859400E-01 1.4011832859400E-01
 1.4011832859200E-01 1.4734850020400E-01 1.4734850020600E-01 1.4734850019100E-01
 0.0000000000000E+00 8.9567437965489E-03 8.9567437965489E-03 0.0000000000000E+00
 8.9567437965489E-03-1.5000000000000E-12 5.4223110294797E-02 5.4223110294797E-02
 0.0000000000000E+00 5.4223110301726E-02-2.7522473180000E-03 6.8806182918937E-04
 6.8806182918937E-04 0.0000000000000E+00 1.3412136034839E-05-1.1467697162326E-04
 1.1467697162326E-04-1.0000000000000E-12 1.3000000000000E-11 2.1200000000000E-10
 1.2000000000000E-11 1.3297653703000E-02 1.0000000000000E-12 1.3297653702000E-02
-6.5457943570000E-03-1.1000000000000E-11-6.5457943410000E-03 7.4777950596800E-01
-3.2000000000000E-11 7.4777950599400E-01-3.3291967395000E-03 0.0000000000000E+00
-1.1656254026600E-03 3.3291967399580E-03-1.1656254026600E-03 7.8530229274500E-02
 1.7320508075689E-12-9.2506893092758E-02-7.8530229276829E-02-9.2506893084098E-02
 1.1022331154000E-02-5.1055157878679E-03-8.0902422336676E-03-9.3997320000483E-04
 0.0000000000000E+00 2.2427049805474E-04 8.0902422333900E-04 0.0000000000000E+00
 0.0000000000000E+00 0.0000000000000E+00 0.0000000000000E+00 0.0000000000000E+00
 0.0000000000000E+00-4.0000000000000E-12 0.0000000000000E+00 0.0000000000000E+00
 3.0000000000000E-12 0.0000000000000E+00 0.0000000000000E+00-2.1600000000000E-10
 0.0000000000000E+00 0.0000000000000E+00-1.0600000000000E-10 0.0000000000000E+00
 0.0000000000000E+00-3.4641016151378E-12 0.0000000000000E+00 0.0000000000000E+00
 0.0000000000000E+00 0.0000000000000E+00 4.3301270189222E-11 0.0000000000000E+00
 0.0000000000000E+00 0.0000000000000E+00 0.0000000000000E+00 3.3255375505322E-10
 0.0000000000000E+00 0.0000000000000E+00 0.0000000000000E+00 0.0000000000000E+00
 0.0000000000000E+00-1.8312105352617E-03 0.0000000000000E+00 0.0000000000000E+00
 0.0000000000000E+00 1.8312105357709E-04 0.0000000000000E+00 0.0000000000000E+00
 1.8052067843508E-01 0.0000000000000E+00 0.0000000000000E+00 0.0000000000000E+00
-1.8052067845341E-02 0.0000000000000E+00-1.9456562604855E-02 0.0000000000000E+00
 0.0000000000000E+00 0.0000000000000E+00 4.6325149053943E-04 0.0000000000000E+00
 0.0000000000000E+00 0.0000000000000E+00 1.0000000000000E-12-1.3000000000000E-11
-2.1200000000000E-10-1.2000000000000E-11-1.3297653703000E-02 1.0000000000000E-12
 1.3297653702000E-02 6.5457943570000E-03-1.1000000000000E-11-6.5457943410000E-03
-7.4777950596800E-01-3.2000000000000E-11 7.4777950599400E-01 3.3291967395000E-03
 0.0000000000000E+00 1.1656254026600E-03-3.3291967399580E-03-1.1656254026600E-03
-7.8530229274500E-02 1.7320508075689E-12 9.2506893092758E-02 7.8530229276829E-02
-9.2506893084098E-02 1.1022331154000E-02 5.1055157878679E-03-8.0902422336676E-03
-9.3997320000483E-04 0.0000000000000E+00-2.2427049805474E-04 8.0902422333900E-04
-1.0000000000000E-12 1.3000000000000E-11 2.1200000000000E-10 1.2000000000000E-11
-1.3297653703000E-02 1.0000000000000E-12-1.3297653702000E-02 6.5457943570000E-03
-1.1000000000000E-11 6.5457943410000E-03-7.4777950596800E-01-3.2000000000000E-11
-7.4777950599400E-01-3.3291967395000E-03 0.0000000000000E+00 1.1656254026600E-03
 3.3291967399580E-03 1.1656254026600E-03 7.8530229274500E-02 1.7320508075689E-12
 9.2506893092758E-02-7.8530229276829E-02 9.2506893084098E-02-1.1022331154000E-02
 5.1055157878679E-03-8.0902422336676E-03 9.3997320000483E-04 0.0000000000000E+00
-2.2427049805474E-04 8.0902422333900E-04 1.0000000000000E-12-1.3000000000000E-11
-2.1200000000000E-10-1.2000000000000E-11 1.3297653703000E-02 1.0000000000000E-12
-1.3297653702000E-02-6.5457943570000E-03-1.1000000000000E-11 6.5457943410000E-03
 7.4777950596800E-01-3.2000000000000E-11-7.4777950599400E-01 3.3291967395000E-03
 0.0000000000000E+00-1.1656254026600E-03-3.3291967399580E-03 1.1656254026600E-03
-7.8530229274500E-02 1.7320508075689E-12-9.2506893092758E-02 7.8530229276829E-02
 9.2506893084098E-02-1.1022331154000E-02-5.1055157878679E-03-8.0902422336676E-03
 9.3997320000483E-04 0.0000000000000E+00 2.2427049805474E-04 8.0902422333900E-04
 1.0000000000000E-12-1.4000000000000E-11-2.1800000000000E-10-1.3000000000000E-11
-1.0000000000000E-12-1.3297653703000E-02-1.3297653702000E-02 1.2000000000000E-11
 6.5457943570000E-03 6.5457943400000E-03 3.3000000000000E-11-7.4777950596700E-01
-7.4777950599400E-01 3.3291967395000E-03 1.1656254026600E-03 0.0000000000000E+00
 3.3291967399580E-03 1.1656254026600E-03-7.8530229274000E-02 9.2506893092758E-02
-1.7320508075689E-12-7.8530229276829E-02 9.2506893084098E-02-1.1022331154000E-02
 8.0902422336676E-03 5.1055157878679E-03-9.3997320000483E-04 0.0000000000000E+00
 8.0902422333900E-04 2.2427049805474E-04 0.0000000000000E+00 0.0000000000000E+00
 0.0000000000000E+00 0.0000000000000E+00 0.0000000000000E+00 4.0000000000000E-12
 0.0000000000000E+00 0.0000000000000E+00-4.0000000000000E-12 0.0000000000000E+00
 0.0000000000000E+00 2.2200000000000E-10 0.0000000000000E+00 0.0000000000000E+00
 1.0900000000000E-10 0.0000000000000E+00 0.0000000000000E+00 0.0000000000000E+00
 0.0000000000000E+00 3.4641016151378E-12 0.0000000000000E+00 0.0000000000000E+00
 0.0000000000000E+00 0.0000000000000E+00-4.5033320996791E-11 0.0000000000000E+00
 0.0000000000000E+00 0.0000000000000E+00 0.0000000000000E+00-3.4467811070621E-10
 0.0000000000000E+00 0.0000000000000E+00 0.0000000000000E+00 1.8312105352617E-03
 0.0000000000000E+00 0.0000000000000E+00 0.0000000000000E+00 1.8312105357709E-04
 0.0000000000000E+00 0.0000000000000E+00-1.8052067843508E-01 0.0000000000000E+00
 0.0000000000000E+00 0.0000000000000E+00-1.8052067845394E-02 0.0000000000000E+00
 0.0000000000000E+00 0.0000000000000E+00 1.9456562604855E-02 0.0000000000000E+00
 0.0000000000000E+00 0.0000000000000E+00 4.6325149053943E-04 0.0000000000000E+00
 0.0000000000000E+00 1.0000000000000E-12-1.4000000000000E-11-2.1800000000000E-10
-1.3000000000000E-11-1.0000000000000E-12 1.3297653703000E-02 1.3297653702000E-02
 1.2000000000000E-11-6.5457943570000E-03-6.5457943400000E-03 3.3000000000000E-11
 7.4777950596700E-01 7.4777950599400E-01 3.3291967395000E-03-1.1656254026600E-03
 0.0000000000000E+00 3.3291967399580E-03-1.1656254026600E-03-7.8530229274000E-02
-9.2506893092758E-02-1.7320508075689E-12-7.8530229276829E-02-9.2506893084098E-02
 1.1022331154000E-02 8.0902422336676E-03-5.1055157878679E-03 9.3997320000483E-04
 0.0000000000000E+00 8.0902422333900E-04-2.2427049805474E-04-1.0000000000000E-12
 1.4000000000000E-11 2.1800000000000E-10 1.3000000000000E-11-1.0000000000000E-12
 1.3297653703000E-02-1.3297653702000E-02 1.2000000000000E-11-6.5457943570000E-03
 6.5457943400000E-03 3.3000000000000E-11 7.4777950596700E-01-7.4777950599400E-01
-3.3291967395000E-03-1.1656254026600E-03 0.0000000000000E+00-3.3291967399580E-03
 1.1656254026600E-03 7.8530229274000E-02-9.2506893092758E-02-1.7320508075689E-12
 7.8530229276829E-02 9.2506893084098E-02-1.1022331154000E-02 8.0902422336676E-03
-5.1055157878679E-03-9.3997320000483E-04 0.0000000000000E+00 8.0902422333900E-04
-2.2427049805474E-04-1.0000000000000E-12 1.4000000000000E-11 2.1800000000000E-10
 1.3000000000000E-11-1.0000000000000E-12-1.3297653703000E-02 1.3297653702000E-02
 1.2000000000000E-11 6.5457943570000E-03-6.5457943400000E-03 3.3000000000000E-11
-7.4777950596700E-01 7.4777950599400E-01-3.3291967395000E-03 1.1656254026600E-03
 0.0000000000000E+00-3.3291967399580E-03-1.1656254026600E-03 7.8530229274000E-02
 9.2506893092758E-02-1.7320508075689E-12 7.8530229276829E-02-9.2506893084098E-02
 1.1022331154000E-02 8.0902422336676E-03 5.1055157878679E-03 9.3997320000483E-04
 0.0000000000000E+00 8.0902422333900E-04 2.2427049805474E-04 0.0000000000000E+00
-2.0000000000000E-12-4.3000000000000E-11-3.0000000000000E-12-1.3297653703000E-02
 1.3297653703000E-02 0.0000000000000E+00 6.5457943500000E-03-6.5457943470000E-03
-2.0000000000000E-12-7.4777950597700E-01 7.4777950598400E-01-6.0000000000000E-12
 0.0000000000000E+00-1.1656254026600E-03 1.1656254026600E-03-6.6583934790501E-03
 0.0000000000000E+00 0.0000000000000E+00-9.2506893087562E-02 9.2506893089294E-02
 1.5706045855019E-01 0.0000000000000E+00 0.0000000000000E+00 4.0564978846207E-04
-4.0564978846207E-04 3.2360968934383E-03 0.0000000000000E+00-6.9425709802570E-04
-6.9425709802570E-04 0.0000000000000E+00 0.0000000000000E+00 0.0000000000000E+00
 0.0000000000000E+00 0.0000000000000E+00 0.0000000000000E+00 0.0000000000000E+00
-1.0000000000000E-12 0.0000000000000E+00 0.0000000000000E+00 1.0000000000000E-12
 0.0000000000000E+00 0.0000000000000E+00-4.5000000000000E-11 0.0000000000000E+00
 0.0000000000000E+00-2.2000000000000E-11 0.0000000000000E+00 0.0000000000000E+00
 0.0000000000000E+00 0.0000000000000E+00 0.0000000000000E+00 0.0000000000000E+00
 0.0000000000000E+00 0.0000000000000E+00 0.0000000000000E+00 8.6602540378444E-12
 0.0000000000000E+00 0.0000000000000E+00 0.0000000000000E+00 0.0000000000000E+00
 6.4085879880048E-11 0.0000000000000E+00 0.0000000000000E+00 0.0000000000000E+00
 7.3248421421125E-04 0.0000000000000E+00 0.0000000000000E+00 0.0000000000000E+00
 5.0000000000000E-12 0.0000000000000E+00 0.0000000000000E+00-7.2208271376859E-02
 0.0000000000000E+00 0.0000000000000E+00 0.0000000000000E+00 0.0000000000000E+00
 0.0000000000000E+00 0.0000000000000E+00 0.0000000000000E+00 7.4535599249993E-14
 0.0000000000000E+00 0.0000000000000E+00 0.0000000000000E+00 4.6325149058094E-04
 0.0000000000000E+00 2.0000000000000E-12 4.3000000000000E-11 3.0000000000000E-12
 1.3297653703000E-02 1.3297653703000E-02 0.0000000000000E+00-6.5457943500000E-03
-6.5457943470000E-03-2.0000000000000E-12 7.4777950597700E-01 7.4777950598400E-01
-6.0000000000000E-12 0.0000000000000E+00-1.1656254026600E-03-1.1656254026600E-03
 6.6583934790501E-03 0.0000000000000E+00 0.0000000000000E+00-9.2506893087562E-02
-9.2506893089294E-02-1.5706045855019E-01 0.0000000000000E+00 0.0000000000000E+00
-4.0564978846207E-04-4.0564978846207E-04 3.2360968934383E-03 0.0000000000000E+00
 6.9425709802570E-04-6.9425709802570E-04 0.0000000000000E+00 2.0000000000000E-12
 4.3000000000000E-11 3.0000000000000E-12-1.3297653703000E-02-1.3297653703000E-02
 0.0000000000000E+00 6.5457943500000E-03 6.5457943470000E-03-2.0000000000000E-12
-7.4777950597700E-01-7.4777950598400E-01-6.0000000000000E-12 0.0000000000000E+00
 1.1656254026600E-03 1.1656254026600E-03 6.6583934790501E-03 0.0000000000000E+00
 0.0000000000000E+00 9.2506893087562E-02 9.2506893089294E-02-1.5706045855019E-01
 0.0000000000000E+00 0.0000000000000E+00 4.0564978846207E-04 4.0564978846207E-04
 3.2360968934383E-03 0.0000000000000E+00-6.9425709802570E-04 6.9425709802570E-04
 0.0000000000000E+00-2.0000000000000E-12-4.3000000000000E-11-3.0000000000000E-12
 1.3297653703000E-02-1.3297653703000E-02 0.0000000000000E+00-6.5457943500000E-03
 6.5457943470000E-03-2.0000000000000E-12 7.4777950597700E-01-7.4777950598400E-01
-6.0000000000000E-12 0.0000000000000E+00 1.1656254026600E-03-1.1656254026600E-03
-6.6583934790501E-03 0.0000000000000E+00 0.0000000000000E+00 9.2506893087562E-02
-9.2506893089294E-02 1.5706045855019E-01 0.0000000000000E+00 0.0000000000000E+00
-4.0564978846207E-04 4.0564978846207E-04 3.2360968934383E-03 0.0000000000000E+00
 6.9425709802570E-04 6.9425709802570E-04-2.1410401725000E-02 2.4804789220100E-01
 4.2180642168790E+00 2.4781862626900E-01 1.2517006859000E-02 2.4208988851000E-02
-1.2517006860000E-02-1.5704518193900E-01-2.1145154736100E-01 1.5704518194200E-01
-2.4983355370100E-01-5.9487493307800E-01 2.4983355363100E-01 1.9261669155000E-03
-1.2939621790574E-02-1.4893394542050E-02 5.7785007447606E-03 1.4893394542050E-02
-1.2261817516500E-02 2.3287655273586E-02-6.4775554338084E-02-3.6785452537001E-02
 6.4775554345012E-02 7.3609969180000E-03 3.3488939144033E-03-8.5707767717149E-04
-6.0345787383482E-04-1.4925561739533E-04-1.5584373647540E-04-1.4284627960509E-04
 0.0000000000000E+00 0.0000000000000E+00 0.0000000000000E+00 0.0000000000000E+00
 0.0000000000000E+00 0.0000000000000E+00-7.4052983160000E-02 0.0000000000000E+00
 0.0000000000000E+00 7.5662571456000E-02 0.0000000000000E+00 0.0000000000000E+00
-4.2666817249980E+00 0.0000000000000E+00 0.0000000000000E+00-2.1730641217780E+00
 0.0000000000000E+00 0.0000000000000E+00-5.7752826806163E-02 0.0000000000000E+00
 0.0000000000000E+00 0.0000000000000E+00 0.0000000000000E+00 7.7615757583170E-01
 0.0000000000000E+00 0.0000000000000E+00 0.0000000000000E+00 0.0000000000000E+00
 6.6822262514160E+00 0.0000000000000E+00 0.0000000000000E+00 0.0000000000000E+00
 0.0000000000000E+00 0.0000000000000E+00 3.1085376880772E-03 0.0000000000000E+00
 0.0000000000000E+00 0.0000000000000E+00 5.1808961458477E-04 0.0000000000000E+00
 0.0000000000000E+00-1.3334269285851E-01 0.0000000000000E+00 0.0000000000000E+00
 0.0000000000000E+00-2.2223782141127E-02 0.0000000000000E+00-6.1232846479297E-03
 0.0000000000000E+00 0.0000000000000E+00 0.0000000000000E+00-1.0205474414386E-03
 0.0000000000000E+00 0.0000000000000E+00 0.0000000000000E+00 2.1410401725000E-02
-2.4804789220100E-01-4.2180642168790E+00-2.4781862626900E-01-1.2517006859000E-02
 2.4208988851000E-02-1.2517006860000E-02 1.5704518193900E-01-2.1145154736100E-01
 1.5704518194200E-01 2.4983355370100E-01-5.9487493307800E-01 2.4983355363100E-01
-1.9261669155000E-03-1.2939621790574E-02 1.4893394542050E-02-5.7785007447606E-03
 1.4893394542050E-02 1.2261817516500E-02 2.3287655273586E-02 6.4775554338084E-02
 3.6785452537001E-02 6.4775554345012E-02 7.3609969180000E-03-3.3488939144033E-03
-8.5707767717149E-04-6.0345787383482E-04 1.4925561739533E-04 1.5584373647540E-04
-1.4284627960509E-04-2.1410401725000E-02 2.4804789220100E-01 4.2180642168790E+00
 2.4781862626900E-01-1.2517006859000E-02 2.4208988851000E-02 1.2517006860000E-02
 1.5704518193900E-01-2.1145154736100E-01-1.5704518194200E-01 2.4983355370100E-01
-5.9487493307800E-01-2.4983355363100E-01 1.9261669155000E-03-1.2939621790574E-02
 1.4893394542050E-02 5.7785007447606E-03-1.4893394542050E-02-1.2261817516500E-02
 2.3287655273586E-02 6.4775554338084E-02-3.6785452537001E-02-6.4775554345012E-02
-7.3609969180000E-03-3.3488939144033E-03-8.5707767717149E-04 6.0345787383482E-04
-1.4925561739533E-04 1.5584373647540E-04-1.4284627960509E-04 2.1410401725000E-02
-2.4804789220100E-01-4.2180642168790E+00-2.4781862626900E-01 1.2517006859000E-02
 2.4208988851000E-02 1.2517006860000E-02-1.5704518193900E-01-2.1145154736100E-01
-1.5704518194200E-01-2.4983355370100E-01-5.9487493307800E-01-2.4983355363100E-01
-1.9261669155000E-03-1.2939621790574E-02-1.4893394542050E-02-5.7785007447606E-03
-1.4893394542050E-02 1.2261817516500E-02 2.3287655273586E-02-6.4775554338084E-02
 3.6785452537001E-02-6.4775554345012E-02-7.3609969180000E-03 3.3488939144033E-03
-8.5707767717149E-04 6.0345787383482E-04 1.4925561739533E-04-1.5584373647540E-04
-1.4284627960509E-04 2.1410401725000E-02-2.4804789220100E-01-4.2180642168510E+00
-2.4781862626800E-01-1.2517006859000E-02-1.2517006860000E-02 2.4208988852000E-02
 1.5704518194000E-01 1.5704518194100E-01-2.1145154736100E-01 2.4983355366600E-01
 2.4983355365200E-01-5.9487493306800E-01 3.8523338300000E-03 1.4893394542050E-02
 1.4893394542050E-02 0.0000000000000E+00-1.2939621790574E-02-2.4523635026500E-02
 6.4775554341548E-02 6.4775554339816E-02-1.7320508075689E-12 2.3287655273586E-02
 3.4283107100000E-03-3.3160454514787E-04-3.3160454514787E-04 0.0000000000000E+00
 1.4925561726623E-04 4.5757267340116E-04-4.5757267334845E-04 0.0000000000000E+00
 0.0000000000000E+00 0.0000000000000E+00 0.0000000000000E+00 0.0000000000000E+00
 0.0000000000000E+00 0.0000000000000E+00-7.4052983160000E-02 0.0000000000000E+00
 0.0000000000000E+00 7.5662571453000E-02 0.0000000000000E+00 0.0000000000000E+00
-4.2666817249590E+00 0.0000000000000E+00 0.0000000000000E+00-2.1730641217760E+00
 0.0000000000000E+00 0.0000000000000E+00 0.0000000000000E+00 0.0000000000000E+00
-5.7752826804431E-02 0.0000000000000E+00 0.0000000000000E+00 0.0000000000000E+00
 0.0000000000000E+00 7.7615757582824E-01 0.0000000000000E+00 0.0000000000000E+00
 0.0000000000000E+00 0.0000000000000E+00 6.6822262513917E+00-1.2434150751000E-02
 0.0000000000000E+00 0.0000000000000E+00 0.0000000000000E+00 0.0000000000000E+00
 0.0000000000000E+00 0.0000000000000E+00 5.3337077140400E-01 0.0000000000000E+00
 0.0000000000000E+00 6.4549722436790E-13 0.0000000000000E+00 0.0000000000000E+00
 0.0000000000000E+00 0.0000000000000E+00 0.0000000000000E+00 0.0000000000000E+00
 0.0000000000000E+00 4.0821897657779E-03 0.0000000000000E+00 0.0000000000000E+00
 0.0000000000000E+00-7.0429521227376E-15-2.1410401725000E-02 2.4804789220100E-01
 4.2180642168510E+00 2.4781862626800E-01 1.2517006859000E-02-1.2517006860000E-02
 2.4208988852000E-02-1.5704518194000E-01 1.5704518194100E-01-2.1145154736100E-01
-2.4983355366600E-01 2.4983355365200E-01-5.9487493306800E-01-3.8523338300000E-03
 1.4893394542050E-02-1.4893394542050E-02 0.0000000000000E+00-1.2939621790574E-02
 2.4523635026500E-02 6.4775554341548E-02-6.4775554339816E-02 1.7320508075689E-12
 2.3287655273586E-02 3.4283107100000E-03 3.3160454514787E-04-3.3160454514787E-04
 0.0000000000000E+00-1.4925561726623E-04-4.5757267340116E-04-4.5757267334845E-04
-2.1410401725000E-02 2.4804789220100E-01 4.2180642168510E+00 2.4781862626800E-01
-1.2517006859000E-02 1.2517006860000E-02 2.4208988852000E-02 1.5704518194000E-01
-1.5704518194100E-01-2.1145154736100E-01 2.4983355366600E-01-2.4983355365200E-01
-5.9487493306800E-01-3.8523338300000E-03-1.4893394542050E-02 1.4893394542050E-02
 0.0000000000000E+00-1.2939621790574E-02 2.4523635026500E-02-6.4775554341548E-02
 6.4775554339816E-02 1.7320508075689E-12 2.3287655273586E-02 3.4283107100000E-03
-3.3160454514787E-04 3.3160454514787E-04 0.0000000000000E+00-1.4925561726623E-04
 4.5757267340116E-04 4.5757267334845E-04 2.1410401725000E-02-2.4804789220100E-01
-4.2180642168510E+00-2.4781862626800E-01 1.2517006859000E-02 1.2517006860000E-02
 2.4208988852000E-02-1.5704518194000E-01-1.5704518194100E-01-2.1145154736100E-01
-2.4983355366600E-01-2.4983355365200E-01-5.9487493306800E-01 3.8523338300000E-03
-1.4893394542050E-02-1.4893394542050E-02 0.0000000000000E+00-1.2939621790574E-02
-2.4523635026500E-02-6.4775554341548E-02-6.4775554339816E-02-1.7320508075689E-12
 2.3287655273586E-02 3.4283107100000E-03 3.3160454514787E-04 3.3160454514787E-04
 0.0000000000000E+00 1.4925561726623E-04-4.5757267340116E-04 4.5757267334845E-04
 2.1410401725000E-02-2.4804789220100E-01-4.2180642168300E+00-2.4781862626500E-01
-2.4208988851000E-02-1.2517006858000E-02 1.2517006860000E-02 2.1145154736000E-01
 1.5704518193700E-01-1.5704518194000E-01 5.9487493307000E-01 2.4983355368700E-01
-2.4983355361400E-01-1.9261669155000E-03 1.4893394542050E-02 1.2939621790574E-02
 5.7785007456266E-03-1.4893394542050E-02 1.2261817517000E-02 6.4775554336352E-02
-2.3287655278782E-02-3.6785452537867E-02-6.4775554343280E-02-7.3609969180000E-03
 8.5707767717149E-04-3.3488939144033E-03-6.0345787383482E-04 1.4925561739533E-04
-1.4284627960509E-04-1.5584373647540E-04 0.0000000000000E+00 0.0000000000000E+00
 0.0000000000000E+00 0.0000000000000E+00 0.0000000000000E+00 7.4052983160000E-02
 0.0000000000000E+00 0.0000000000000E+00-7.5662571458000E-02 0.0000000000000E+00
 0.0000000000000E+00 4.2666817249220E+00 0.0000000000000E+00 0.0000000000000E+00
 2.1730641217630E+00 0.0000000000000E+00 0.0000000000000E+00 0.0000000000000E+00
 0.0000000000000E+00 5.7752826804431E-02 0.0000000000000E+00 0.0000000000000E+00
 0.0000000000000E+00 0.0000000000000E+00-7.7615757582131E-01 0.0000000000000E+00
 0.0000000000000E+00 0.0000000000000E+00 0.0000000000000E+00-6.6822262513935E+00
 0.0000000000000E+00 0.0000000000000E+00 0.0000000000000E+00-3.1085376880772E-03
 0.0000000000000E+00 0.0000000000000E+00 0.0000000000000E+00 5.1808961458477E-04
 0.0000000000000E+00 0.0000000000000E+00 1.3334269285891E-01 0.0000000000000E+00
 0.0000000000000E+00 0.0000000000000E+00-2.2223782141127E-02 0.0000000000000E+00
 0.0000000000000E+00 0.0000000000000E+00 6.1232846479297E-03 0.0000000000000E+00
 0.0000000000000E+00 0.0000000000000E+00-1.0205474414187E-03 0.0000000000000E+00
 0.0000000000000E+00 2.1410401725000E-02-2.4804789220100E-01-4.2180642168300E+00
-2.4781862626500E-01-2.4208988851000E-02 1.2517006858000E-02-1.2517006860000E-02
 2.1145154736000E-01-1.5704518193700E-01 1.5704518194000E-01 5.9487493307000E-01
-2.4983355368700E-01 2.4983355361400E-01-1.9261669155000E-03-1.4893394542050E-02
 1.2939621790574E-02 5.7785007456266E-03 1.4893394542050E-02 1.2261817517000E-02
-6.4775554336352E-02-2.3287655278782E-02-3.6785452537867E-02 6.4775554343280E-02
 7.3609969180000E-03 8.5707767717149E-04 3.3488939144033E-03 6.0345787383482E-04
 1.4925561739533E-04-1.4284627960509E-04 1.5584373647540E-04-2.1410401725000E-02
 2.4804789220100E-01 4.2180642168300E+00 2.4781862626500E-01-2.4208988851000E-02
 1.2517006858000E-02 1.2517006860000E-02 2.1145154736000E-01-1.5704518193700E-01
-1.5704518194000E-01 5.9487493307000E-01-2.4983355368700E-01-2.4983355361400E-01
 1.9261669155000E-03-1.4893394542050E-02 1.2939621790574E-02-5.7785007456266E-03
-1.4893394542050E-02-1.2261817517000E-02-6.4775554336352E-02-2.3287655278782E-02
 3.6785452537867E-02-6.4775554343280E-02-7.3609969180000E-03 8.5707767717149E-04
 3.3488939144033E-03-6.0345787383482E-04-1.4925561739533E-04-1.4284627960509E-04
 1.5584373647540E-04-2.1410401725000E-02 2.4804789220100E-01 4.2180642168300E+00
 2.4781862626500E-01-2.4208988851000E-02-1.2517006858000E-02-1.2517006860000E-02
 2.1145154736000E-01 1.5704518193700E-01 1.5704518194000E-01 5.9487493307000E-01
 2.4983355368700E-01 2.4983355361400E-01 1.9261669155000E-03 1.4893394542050E-02
 1.2939621790574E-02-5.7785007456266E-03 1.4893394542050E-02-1.2261817517000E-02
 6.4775554336352E-02-2.3287655278782E-02 3.6785452537867E-02 6.4775554343280E-02
 7.3609969180000E-03 8.5707767717149E-04-3.3488939144033E-03 6.0345787383482E-04
-1.4925561739533E-04-1.4284627960509E-04-1.5584373647540E-04-5.4546439790000E-03
 2.7445506978200E-01-2.3267888980050E+00-7.0194886286900E-01-8.3580458410000E-03
-8.3580458410000E-03 2.7077815727000E-02 3.6237821096000E-02 3.6237821096000E-02
-9.3653897531000E-02 1.1619671812850E+00 1.1619671812840E+00 7.0834375890400E-01
-5.6839612830000E-03 3.5317471850529E-03 3.5317471850529E-03 0.0000000000000E+00
 2.3222966168907E-02 7.4853863304000E-02 1.9097783573352E-02 1.9097783573352E-02
 0.0000000000000E+00-3.8625272332515E-01 6.3413841470000E-03-4.3396536300340E-03
-4.3396536300340E-03 0.0000000000000E+00-9.0087462186395E-04-9.4571324744902E-04
 9.4571324744902E-04 0.0000000000000E+00 0.0000000000000E+00 0.0000000000000E+00
 0.0000000000000E+00 0.0000000000000E+00 0.0000000000000E+00 0.0000000000000E+00
-6.5683509236000E-02 0.0000000000000E+00 0.0000000000000E+00-3.1934470459700E-01
 0.0000000000000E+00 0.0000000000000E+00-4.2877981005890E+00 0.0000000000000E+00
 0.0000000000000E+00-2.6124705810670E+00 0.0000000000000E+00 0.0000000000000E+00
 0.0000000000000E+00 0.0000000000000E+00 3.9197865948456E-02 0.0000000000000E+00
 0.0000000000000E+00 0.0000000000000E+00 0.0000000000000E+00 2.0054700124158E-01
 0.0000000000000E+00 0.0000000000000E+00 0.0000000000000E+00 0.0000000000000E+00
-1.2794623045761E+00 3.9269798453000E-02 0.0000000000000E+00 0.0000000000000E+00
 0.0000000000000E+00 0.0000000000000E+00 0.0000000000000E+00 0.0000000000000E+00
-3.8223587796300E-01 0.0000000000000E+00 0.0000000000000E+00 0.0000000000000E+00
 0.0000000000000E+00 0.0000000000000E+00 0.0000000000000E+00 0.0000000000000E+00
 0.0000000000000E+00 0.0000000000000E+00 0.0000000000000E+00 3.7911805913188E-03
 0.0000000000000E+00 0.0000000000000E+00 0.0000000000000E+00 0.0000000000000E+00
 5.4546439790000E-03-2.7445506978200E-01 2.3267888980050E+00 7.0194886286900E-01
 8.3580458410000E-03-8.3580458410000E-03 2.7077815727000E-02-3.6237821096000E-02
 3.6237821096000E-02-9.3653897531000E-02-1.1619671812850E+00 1.1619671812840E+00
 7.0834375890400E-01 5.6839612830000E-03 3.5317471850529E-03-3.5317471850529E-03
 0.0000000000000E+00 2.3222966168907E-02-7.4853863304000E-02 1.9097783573352E-02
-1.9097783573352E-02 0.0000000000000E+00-3.8625272332515E-01 6.3413841470000E-03
 4.3396536300340E-03-4.3396536300340E-03 0.0000000000000E+00 9.0087462186395E-04
 9.4571324744902E-04 9.4571324744902E-04 5.4546439790000E-03-2.7445506978200E-01
 2.3267888980050E+00 7.0194886286900E-01-8.3580458410000E-03 8.3580458410000E-03
 2.7077815727000E-02 3.6237821096000E-02-3.6237821096000E-02-9.3653897531000E-02
 1.1619671812850E+00-1.1619671812840E+00 7.0834375890400E-01 5.6839612830000E-03
-3.5317471850529E-03 3.5317471850529E-03 0.0000000000000E+00 2.3222966168907E-02
-7.4853863304000E-02-1.9097783573352E-02 1.9097783573352E-02 0.0000000000000E+00
-3.8625272332515E-01 6.3413841470000E-03-4.3396536300340E-03 4.3396536300340E-03
 0.0000000000000E+00 9.0087462186395E-04-9.4571324744902E-04-9.4571324744902E-04
-5.4546439790000E-03 2.7445506978200E-01-2.3267888980050E+00-7.0194886286900E-01
 8.3580458410000E-03 8.3580458410000E-03 2.7077815727000E-02-3.6237821096000E-02
-3.6237821096000E-02-9.3653897531000E-02-1.1619671812850E+00-1.1619671812840E+00
 7.0834375890400E-01-5.6839612830000E-03-3.5317471850529E-03-3.5317471850529E-03
 0.0000000000000E+00 2.3222966168907E-02 7.4853863304000E-02-1.9097783573352E-02
-1.9097783573352E-02 0.0000000000000E+00-3.8625272332515E-01 6.3413841470000E-03
 4.3396536300340E-03 4.3396536300340E-03 0.0000000000000E+00-9.0087462186395E-04
 9.4571324744902E-04-9.4571324744902E-04 5.4546439790000E-03-2.7445506978200E-01
 2.3267888980000E+00 7.0194886286900E-01 8.3580458410000E-03 2.7077815727000E-02
-8.3580458410000E-03-3.6237821095000E-02-9.3653897531000E-02 3.6237821094000E-02
-1.1619671812830E+00 7.0834375890400E-01 1.1619671812830E+00-2.8419806415000E-03
 2.3222966168907E-02-3.5317471850529E-03-8.5259419250106E-03 3.5317471850529E-03
 3.7426931651500E-02-3.8625272332342E-01-1.9097783573352E-02 1.1228079495570E-01
 1.9097783573352E-02-7.6762182670000E-03-8.1777627634561E-03-1.5853460368394E-03
 2.5034832787222E-03 9.0087462186395E-04-3.0602839187387E-04-2.6422433947673E-04
 0.0000000000000E+00 0.0000000000000E+00 0.0000000000000E+00 0.0000000000000E+00
 0.0000000000000E+00 0.0000000000000E+00-6.5683509236000E-02 0.0000000000000E+00
 0.0000000000000E+00-3.1934470459700E-01 0.0000000000000E+00 0.0000000000000E+00
-4.2877981005770E+00 0.0000000000000E+00 0.0000000000000E+00-2.6124705810670E+00
 0.0000000000000E+00 0.0000000000000E+00 3.9197865948456E-02 0.0000000000000E+00
 0.0000000000000E+00 0.0000000000000E+00 0.0000000000000E+00 2.0054700123985E-01
 0.0000000000000E+00 0.0000000000000E+00 0.0000000000000E+00 0.0000000000000E+00
-1.2794623045778E+00 0.0000000000000E+00 0.0000000000000E+00 0.0000000000000E+00
 0.0000000000000E+00 0.0000000000000E+00-9.8174496132718E-03 0.0000000000000E+00
 0.0000000000000E+00 0.0000000000000E+00-1.6362416022184E-03 0.0000000000000E+00
 0.0000000000000E+00 9.5558969490128E-02 0.0000000000000E+00 0.0000000000000E+00
 0.0000000000000E+00 1.5926494915161E-02 0.0000000000000E+00-5.6867708865396E-03
 0.0000000000000E+00 0.0000000000000E+00 0.0000000000000E+00-9.4779514781130E-04
 0.0000000000000E+00 0.0000000000000E+00 0.0000000000000E+00-5.4546439790000E-03
 2.7445506978200E-01-2.3267888980000E+00-7.0194886286900E-01-8.3580458410000E-03
 2.7077815727000E-02-8.3580458410000E-03 3.6237821095000E-02-9.3653897531000E-02
 3.6237821094000E-02 1.1619671812830E+00 7.0834375890400E-01 1.1619671812830E+00
 2.8419806415000E-03 2.3222966168907E-02 3.5317471850529E-03 8.5259419250106E-03
 3.5317471850529E-03-3.7426931651500E-02-3.8625272332342E-01 1.9097783573352E-02
-1.1228079495570E-01 1.9097783573352E-02-7.6762182670000E-03 8.1777627634561E-03
-1.5853460368394E-03 2.5034832787222E-03-9.0087462186395E-04 3.0602839187387E-04
-2.6422433947673E-04 5.4546439790000E-03-2.7445506978200E-01 2.3267888980000E+00
 7.0194886286900E-01-8.3580458410000E-03 2.7077815727000E-02 8.3580458410000E-03
 3.6237821095000E-02-9.3653897531000E-02-3.6237821094000E-02 1.1619671812830E+00
 7.0834375890400E-01-1.1619671812830E+00-2.8419806415000E-03 2.3222966168907E-02
 3.5317471850529E-03-8.5259419250106E-03-3.5317471850529E-03 3.7426931651500E-02
-3.8625272332342E-01 1.9097783573352E-02 1.1228079495570E-01-1.9097783573352E-02
 7.6762182670000E-03 8.1777627634561E-03-1.5853460368394E-03-2.5034832787222E-03
 9.0087462186395E-04 3.0602839187387E-04-2.6422433947673E-04-5.4546439790000E-03
 2.7445506978200E-01-2.3267888980000E+00-7.0194886286900E-01 8.3580458410000E-03
 2.7077815727000E-02 8.3580458410000E-03-3.6237821095000E-02-9.3653897531000E-02
-3.6237821094000E-02-1.1619671812830E+00 7.0834375890400E-01-1.1619671812830E+00
 2.8419806415000E-03 2.3222966168907E-02-3.5317471850529E-03 8.5259419250106E-03
-3.5317471850529E-03-3.7426931651500E-02-3.8625272332342E-01-1.9097783573352E-02
-1.1228079495570E-01-1.9097783573352E-02 7.6762182670000E-03-8.1777627634561E-03
-1.5853460368394E-03-2.5034832787222E-03-9.0087462186395E-04-3.0602839187387E-04
-2.6422433947673E-04-5.4546439790000E-03 2.7445506978200E-01-2.3267888979790E+00
-7.0194886286600E-01-2.7077815728000E-02-8.3580458410000E-03 8.3580458410000E-03
 9.3653897531000E-02 3.6237821095000E-02-3.6237821094000E-02-7.0834375891200E-01
 1.1619671812740E+00-1.1619671812740E+00 2.8419806415000E-03 3.5317471850529E-03
-2.3222966168907E-02-8.5259419250106E-03-3.5317471850529E-03-3.7426931651500E-02
 1.9097783571620E-02 3.8625272332168E-01 1.1228079495570E-01-1.9097783571620E-02
 7.6762182670000E-03 1.5853460368394E-03 8.1777627634561E-03 2.5034832787222E-03
-9.0087462186395E-04-2.6422433947673E-04-3.0602839187387E-04 0.0000000000000E+00
 0.0000000000000E+00 0.0000000000000E+00 0.0000000000000E+00 0.0000000000000E+00
 6.5683509237000E-02 0.0000000000000E+00 0.0000000000000E+00 3.1934470459600E-01
 0.0000000000000E+00 0.0000000000000E+00 4.2877981005400E+00 0.0000000000000E+00
 0.0000000000000E+00 2.6124705810660E+00 0.0000000000000E+00 0.0000000000000E+00
 0.0000000000000E+00 0.0000000000000E+00-3.9197865948456E-02 0.0000000000000E+00
 0.0000000000000E+00 0.0000000000000E+00 0.0000000000000E+00-2.0054700123465E-01
 0.0000000000000E+00 0.0000000000000E+00 0.0000000000000E+00 0.0000000000000E+00
 1.2794623045796E+00 0.0000000000000E+00 0.0000000000000E+00 0.0000000000000E+00
 9.8174496132718E-03 0.0000000000000E+00 0.0000000000000E+00 0.0000000000000E+00
-1.6362416021657E-03 0.0000000000000E+00 0.0000000000000E+00-9.5558969489720E-02
 0.0000000000000E+00 0.0000000000000E+00 0.0000000000000E+00 1.5926494915109E-02
 0.0000000000000E+00 0.0000000000000E+00 0.0000000000000E+00 5.6867708865396E-03
 0.0000000000000E+00 0.0000000000000E+00 0.0000000000000E+00-9.4779514781130E-04
 0.0000000000000E+00 0.0000000000000E+00-5.4546439790000E-03 2.7445506978200E-01
-2.3267888979790E+00-7.0194886286600E-01-2.7077815728000E-02 8.3580458410000E-03
-8.3580458410000E-03 9.3653897531000E-02-3.6237821095000E-02 3.6237821094000E-02
-7.0834375891200E-01-1.1619671812740E+00 1.1619671812740E+00 2.8419806415000E-03
-3.5317471850529E-03-2.3222966168907E-02-8.5259419250106E-03 3.5317471850529E-03
-3.7426931651500E-02-1.9097783571620E-02 3.8625272332168E-01 1.1228079495570E-01
 1.9097783571620E-02-7.6762182670000E-03 1.5853460368394E-03-8.1777627634561E-03
-2.5034832787222E-03-9.0087462186395E-04-2.6422433947673E-04 3.0602839187387E-04
 5.4546439790000E-03-2.7445506978200E-01 2.3267888979790E+00 7.0194886286600E-01
-2.7077815728000E-02 8.3580458410000E-03 8.3580458410000E-03 9.3653897531000E-02
-3.6237821095000E-02-3.6237821094000E-02-7.0834375891200E-01-1.1619671812740E+00
-1.1619671812740E+00-2.8419806415000E-03-3.5317471850529E-03-2.3222966168907E-02
 8.5259419250106E-03-3.5317471850529E-03 3.7426931651500E-02-1.9097783571620E-02
 3.8625272332168E-01-1.1228079495570E-01-1.9097783571620E-02 7.6762182670000E-03
 1.5853460368394E-03-8.1777627634561E-03 2.5034832787222E-03 9.0087462186395E-04
-2.6422433947673E-04 3.0602839187387E-04 5.4546439790000E-03-2.7445506978200E-01
 2.3267888979790E+00 7.0194886286600E-01-2.7077815728000E-02-8.3580458410000E-03
-8.3580458410000E-03 9.3653897531000E-02 3.6237821095000E-02 3.6237821094000E-02
-7.0834375891200E-01 1.1619671812740E+00 1.1619671812740E+00-2.8419806415000E-03
 3.5317471850529E-03-2.3222966168907E-02 8.5259419250106E-03 3.5317471850529E-03
 3.7426931651500E-02 1.9097783571620E-02 3.8625272332168E-01-1.1228079495570E-01
 1.9097783571620E-02-7.6762182670000E-03 1.5853460368394E-03 8.1777627634561E-03
-2.5034832787222E-03 9.0087462186395E-04-2.6422433947673E-04-3.0602839187387E-04
-3.8111716000000E-03 4.2147630093000E-02-7.8952946260820E+00-1.5189510124390E+00
-1.6099388950000E-02 8.1410769310000E-03 1.6099388950000E-02 1.3366464462000E-01
 1.8259612406000E-02-1.3366464462300E-01 2.2438853950750E+00 2.4737241950460E+00
-2.2438853950770E+00 7.7895752500000E-05-2.6444444817580E-02-1.3541710521715E-02
 2.3368725745876E-04 1.3541710521715E-02-3.9925289155000E-03 4.9316623300557E-01
 3.6049451450007E-01-1.1977586743324E-02-3.6049451449834E-01 1.5883207636000E-02
 3.5899790349840E-03 2.8836624541135E-03 1.5232914971806E-04-3.0230681762330E-03
-6.9988260562235E-04 4.8061040896044E-04 0.0000000000000E+00 0.0000000000000E+00
 0.0000000000000E+00 0.0000000000000E+00 0.0000000000000E+00 0.0000000000000E+00
 7.8852115882000E-02 0.0000000000000E+00 0.0000000000000E+00 4.4599215390600E-01
 0.0000000000000E+00 0.0000000000000E+00 1.0265007205886E+01 0.0000000000000E+00
 0.0000000000000E+00 2.7754332629800E+00 0.0000000000000E+00 0.0000000000000E+00
 6.0188491322218E-02 0.0000000000000E+00 0.0000000000000E+00 0.0000000000000E+00
 0.0000000000000E+00-1.3374678776280E+00 0.0000000000000E+00 0.0000000000000E+00
 0.0000000000000E+00 0.0000000000000E+00-6.2735242589250E+00 0.0000000000000E+00
 0.0000000000000E+00 0.0000000000000E+00 0.0000000000000E+00 0.0000000000000E+00
 9.6685035406969E-03 0.0000000000000E+00 0.0000000000000E+00 0.0000000000000E+00
 1.6114172568353E-03 0.0000000000000E+00 0.0000000000000E+00 2.9229164312258E-02
 0.0000000000000E+00 0.0000000000000E+00 0.0000000000000E+00 4.8715273857429E-03
 0.0000000000000E+00 4.3464210088586E-03 0.0000000000000E+00 0.0000000000000E+00
 0.0000000000000E+00 7.2440350139677E-04 0.0000000000000E+00 0.0000000000000E+00
 0.0000000000000E+00 3.8111716000000E-03-4.2147630093000E-02 7.8952946260820E+00
 1.5189510124390E+00 1.6099388950000E-02 8.1410769310000E-03 1.6099388950000E-02
-1.3366464462000E-01 1.8259612406000E-02-1.3366464462300E-01-2.2438853950750E+00
 2.4737241950460E+00-2.2438853950770E+00-7.7895752500000E-05-2.6444444817580E-02
 1.3541710521715E-02-2.3368725745876E-04 1.3541710521715E-02 3.9925289155000E-03
 4.9316623300557E-01-3.6049451450007E-01 1.1977586743324E-02-3.6049451449834E-01
 1.5883207636000E-02-3.5899790349840E-03 2.8836624541135E-03 1.5232914971806E-04
 3.0230681762330E-03 6.9988260562235E-04 4.8061040896044E-04-3.8111716000000E-03
 4.2147630093000E-02-7.8952946260820E+00-1.5189510124390E+00 1.6099388950000E-02
 8.1410769310000E-03-1.6099388950000E-02-1.3366464462000E-01 1.8259612406000E-02
 1.3366464462300E-01-2.2438853950750E+00 2.4737241950460E+00 2.2438853950770E+00
 7.7895752500000E-05-2.6444444817580E-02 1.3541710521715E-02 2.3368725745876E-04
-1.3541710521715E-02-3.9925289155000E-03 4.9316623300557E-01-3.6049451450007E-01
-1.1977586743324E-02 3.6049451449834E-01-1.5883207636000E-02-3.5899790349840E-03
 2.8836624541135E-03-1.5232914971806E-04-3.0230681762330E-03 6.9988260562235E-04
 4.8061040896044E-04 3.8111716000000E-03-4.2147630093000E-02 7.8952946260820E+00
 1.5189510124390E+00-1.6099388950000E-02 8.1410769310000E-03-1.6099388950000E-02
 1.3366464462000E-01 1.8259612406000E-02 1.3366464462300E-01 2.2438853950750E+00
 2.4737241950460E+00 2.2438853950770E+00-7.7895752500000E-05-2.6444444817580E-02
-1.3541710521715E-02-2.3368725745876E-04-1.3541710521715E-02 3.9925289155000E-03
 4.9316623300557E-01 3.6049451450007E-01 1.1977586743324E-02 3.6049451449834E-01
-1.5883207636000E-02 3.5899790349840E-03 2.8836624541135E-03-1.5232914971806E-04
 3.0230681762330E-03-6.9988260562235E-04 4.8061040896044E-04 3.8111716000000E-03
-4.2147630094000E-02 7.8952946260680E+00 1.5189510124440E+00-8.1410769300000E-03
 1.6099388950000E-02-1.6099388950000E-02-1.8259612406000E-02-1.3366464461800E-01
 1.3366464462100E-01-2.4737241950390E+00-2.2438853950720E+00 2.2438853950730E+00
-7.7895752500000E-05 1.3541710521715E-02 2.6444444817580E-02 2.3368725745876E-04
-1.3541710521715E-02 3.9925289150000E-03-3.6049451449834E-01-4.9316623300384E-01
-1.1977586743324E-02 3.6049451449661E-01-1.5883207636000E-02-2.8836624541135E-03
-3.5899790349840E-03 1.5232914971806E-04 3.0230681762330E-03 4.8061040896044E-04
-6.9988260562235E-04 0.0000000000000E+00 0.0000000000000E+00 0.0000000000000E+00
 0.0000000000000E+00 0.0000000000000E+00-7.8852115884000E-02 0.0000000000000E+00
 0.0000000000000E+00-4.4599215390800E-01 0.0000000000000E+00 0.0000000000000E+00
-1.0265007205855E+01 0.0000000000000E+00 0.0000000000000E+00-2.7754332629940E+00
 0.0000000000000E+00 0.0000000000000E+00 0.0000000000000E+00 0.0000000000000E+00
-6.0188491320486E-02 0.0000000000000E+00 0.0000000000000E+00 0.0000000000000E+00
 0.0000000000000E+00 1.3374678776193E+00 0.0000000000000E+00 0.0000000000000E+00
 0.0000000000000E+00 0.0000000000000E+00 6.2735242589215E+00 0.0000000000000E+00
 0.0000000000000E+00 0.0000000000000E+00-9.6685035406969E-03 0.0000000000000E+00
 0.0000000000000E+00 0.0000000000000E+00 1.6114172568353E-03 0.0000000000000E+00
 0.0000000000000E+00-2.9229164311850E-02 0.0000000000000E+00 0.0000000000000E+00
 0.0000000000000E+00 4.8715273857429E-03 0.0000000000000E+00 0.0000000000000E+00
 0.0000000000000E+00-4.3464210088586E-03 0.0000000000000E+00 0.0000000000000E+00
 0.0000000000000E+00 7.2440350137685E-04 0.0000000000000E+00 0.0000000000000E+00
 3.8111716000000E-03-4.2147630094000E-02 7.8952946260680E+00 1.5189510124440E+00
-8.1410769300000E-03-1.6099388950000E-02 1.6099388950000E-02-1.8259612406000E-02
 1.3366464461800E-01-1.3366464462100E-01-2.4737241950390E+00 2.2438853950720E+00
-2.2438853950730E+00-7.7895752500000E-05-1.3541710521715E-02 2.6444444817580E-02
 2.3368725745876E-04 1.3541710521715E-02 3.9925289150000E-03 3.6049451449834E-01
-4.9316623300384E-01-1.1977586743324E-02-3.6049451449661E-01 1.5883207636000E-02
-2.8836624541135E-03 3.5899790349840E-03-1.5232914971806E-04 3.0230681762330E-03
 4.8061040896044E-04 6.9988260562235E-04-3.8111716000000E-03 4.2147630094000E-02
-7.8952946260680E+00-1.5189510124440E+00-8.1410769300000E-03-1.6099388950000E-02
-1.6099388950000E-02-1.8259612406000E-02 1.3366464461800E-01 1.3366464462100E-01
-2.4737241950390E+00 2.2438853950720E+00 2.2438853950730E+00 7.7895752500000E-05
-1.3541710521715E-02 2.6444444817580E-02-2.3368725745876E-04-1.3541710521715E-02
-3.9925289150000E-03 3.6049451449834E-01-4.9316623300384E-01 1.1977586743324E-02
 3.6049451449661E-01-1.5883207636000E-02-2.8836624541135E-03 3.5899790349840E-03
 1.5232914971806E-04-3.0230681762330E-03 4.8061040896044E-04 6.9988260562235E-04
-3.8111716000000E-03 4.2147630094000E-02-7.8952946260680E+00-1.5189510124440E+00
-8.1410769300000E-03 1.6099388950000E-02 1.6099388950000E-02-1.8259612406000E-02
-1.3366464461800E-01-1.3366464462100E-01-2.4737241950390E+00-2.2438853950720E+00
-2.2438853950730E+00 7.7895752500000E-05 1.3541710521715E-02 2.6444444817580E-02
-2.3368725745876E-04 1.3541710521715E-02-3.9925289150000E-03-3.6049451449834E-01
-4.9316623300384E-01 1.1977586743324E-02-3.6049451449661E-01 1.5883207636000E-02
-2.8836624541135E-03-3.5899790349840E-03-1.5232914971806E-04-3.0230681762330E-03
 4.8061040896044E-04-6.9988260562235E-04 3.8111716000000E-03-4.2147630091000E-02
 7.8952946260810E+00 1.5189510124440E+00 1.6099388950000E-02 1.6099388950000E-02
 8.1410769300000E-03-1.3366464462200E-01-1.3366464462200E-01 1.8259612407000E-02
-2.2438853950740E+00-2.2438853950730E+00 2.4737241950430E+00 1.5579150450000E-04
 1.3541710519983E-02 1.3541710519983E-02 0.0000000000000E+00-2.6444444817580E-02
-7.9850578295000E-03-3.6049451449834E-01-3.6049451449834E-01 0.0000000000000E+00
 4.9316623300384E-01-1.1534649816000E-02-4.3516247832451E-03-4.3516247832451E-03
 0.0000000000000E+00 3.0230681763621E-03 6.2371803078639E-04-6.2371803078639E-04
 0.0000000000000E+00 0.0000000000000E+00 0.0000000000000E+00 0.0000000000000E+00
 0.0000000000000E+00 0.0000000000000E+00 0.0000000000000E+00 7.8852115882000E-02
 0.0000000000000E+00 0.0000000000000E+00 4.4599215391100E-01 0.0000000000000E+00
 0.0000000000000E+00 1.0265007205876E+01 0.0000000000000E+00 0.0000000000000E+00
 2.7754332629920E+00 0.0000000000000E+00 0.0000000000000E+00 0.0000000000000E+00
 0.0000000000000E+00 6.0188491320486E-02 0.0000000000000E+00 0.0000000000000E+00
 0.0000000000000E+00 0.0000000000000E+00-1.3374678776245E+00 0.0000000000000E+00
 0.0000000000000E+00 0.0000000000000E+00 0.0000000000000E+00-6.2735242589389E+00
-3.8674014164000E-02 0.0000000000000E+00 0.0000000000000E+00 0.0000000000000E+00
 0.0000000000000E+00 0.0000000000000E+00 0.0000000000000E+00-1.1691665725600E-01
 0.0000000000000E+00 0.0000000000000E+00 0.0000000000000E+00 0.0000000000000E+00
 0.0000000000000E+00 0.0000000000000E+00 0.0000000000000E+00 0.0000000000000E+00
 0.0000000000000E+00 0.0000000000000E+00-2.8976140057146E-03 0.0000000000000E+00
 0.0000000000000E+00 0.0000000000000E+00 0.0000000000000E+00-3.8111716000000E-03
 4.2147630091000E-02-7.8952946260810E+00-1.5189510124440E+00-1.6099388950000E-02
 1.6099388950000E-02 8.1410769300000E-03 1.3366464462200E-01-1.3366464462200E-01
 1.8259612407000E-02 2.2438853950740E+00-2.2438853950730E+00 2.4737241950430E+00
-1.5579150450000E-04 1.3541710519983E-02-1.3541710519983E-02 0.0000000000000E+00
-2.6444444817580E-02 7.9850578295000E-03-3.6049451449834E-01 3.6049451449834E-01
 0.0000000000000E+00 4.9316623300384E-01-1.1534649816000E-02 4.3516247832451E-03
-4.3516247832451E-03 0.0000000000000E+00-3.0230681763621E-03-6.2371803078639E-04
-6.2371803078639E-04-3.8111716000000E-03 4.2147630091000E-02-7.8952946260810E+00
-1.5189510124440E+00 1.6099388950000E-02-1.6099388950000E-02 8.1410769300000E-03
-1.3366464462200E-01 1.3366464462200E-01 1.8259612407000E-02-2.2438853950740E+00
 2.2438853950730E+00 2.4737241950430E+00-1.5579150450000E-04-1.3541710519983E-02
 1.3541710519983E-02 0.0000000000000E+00-2.6444444817580E-02 7.9850578295000E-03
 3.6049451449834E-01-3.6049451449834E-01 0.0000000000000E+00 4.9316623300384E-01
-1.1534649816000E-02-4.3516247832451E-03 4.3516247832451E-03 0.0000000000000E+00
-3.0230681763621E-03 6.2371803078639E-04 6.2371803078639E-04 3.8111716000000E-03
-4.2147630091000E-02 7.8952946260810E+00 1.5189510124440E+00-1.6099388950000E-02
-1.6099388950000E-02 8.1410769300000E-03 1.3366464462200E-01 1.3366464462200E-01
 1.8259612407000E-02 2.2438853950740E+00 2.2438853950730E+00 2.4737241950430E+00
 1.5579150450000E-04-1.3541710519983E-02-1.3541710519983E-02 0.0000000000000E+00
-2.6444444817580E-02-7.9850578295000E-03 3.6049451449834E-01 3.6049451449834E-01
 0.0000000000000E+00 4.9316623300384E-01-1.1534649816000E-02 4.3516247832451E-03
 4.3516247832451E-03 0.0000000000000E+00 3.0230681763621E-03-6.2371803078639E-04
 6.2371803078639E-04 3.5486870320000E-03-1.4276215709200E-01-7.6519326979520E+00
-1.6843250079550E+00-2.0343501204000E-02-2.0343501204000E-02 2.0343501205000E-02
 2.0375075370300E-01 2.0375075370000E-01-2.0375075371500E-01 2.1254713892850E+00
 2.1254713893600E+00-2.1254713889580E+00-1.0000000000000E-12-1.2395942626034E-02
-1.2395942627766E-02 0.0000000000000E+00 1.2395942632962E-02 1.3500000000000E-11
 4.0917318759647E-01 4.0917318760860E-01 3.4641016151378E-12-4.0917318766749E-01
 1.1473607311000E-02 2.8684018264215E-03 2.8684018264215E-03 1.2909944487358E-13
-3.1309585270679E-03-4.7806697138232E-04 4.7806697138232E-04-1.8832212065000E-02
 2.1926488176900E-01-2.0784966006400E+00 2.0608476066882E+01 1.4377368234481E+01
 0.0000000000000E+00 0.0000000000000E+00 0.0000000000000E+00 0.0000000000000E+00
 0.0000000000000E+00 0.0000000000000E+00 0.0000000000000E+00 0.0000000000000E+00
 0.0000000000000E+00 0.0000000000000E+00 0.0000000000000E+00 0.0000000000000E+00
-1.5000000000000E-12 0.0000000000000E+00 0.0000000000000E+00 0.0000000000000E+00
 0.0000000000000E+00 2.6500000000000E-11 0.0000000000000E+00 0.0000000000000E+00
 6.9282032302755E-12 0.0000000000000E+00 3.0550000000000E-10 0.0000000000000E+00
 0.0000000000000E+00 9.5262794416288E-11 0.0000000000000E+00 0.0000000000000E+00
 0.0000000000000E+00 0.0000000000000E+00 0.0000000000000E+00-1.2099881235712E-02
 0.0000000000000E+00 0.0000000000000E+00 0.0000000000000E+00 0.0000000000000E+00
 0.0000000000000E+00 0.0000000000000E+00-8.2376974084828E-02 0.0000000000000E+00
 0.0000000000000E+00-4.2762113207000E-02 0.0000000000000E+00 0.0000000000000E+00
 7.4535599249993E-14 0.0000000000000E+00 0.0000000000000E+00 0.0000000000000E+00
-2.5453638808705E-04 0.0000000000000E+00 3.5486870320000E-03-1.4276215709200E-01
-7.6519326979520E+00-1.6843250079550E+00-2.0343501204000E-02 2.0343501204000E-02
-2.0343501205000E-02 2.0375075370300E-01-2.0375075370000E-01 2.0375075371500E-01
 2.1254713892850E+00-2.1254713893600E+00 2.1254713889580E+00-1.0000000000000E-12
 1.2395942626034E-02-1.2395942627766E-02 0.0000000000000E+00-1.2395942632962E-02
 1.3500000000000E-11-4.0917318759647E-01 4.0917318760860E-01 3.4641016151378E-12
 4.0917318766749E-01-1.1473607311000E-02 2.8684018264215E-03-2.8684018264215E-03
-1.2909944487358E-13-3.1309585270679E-03-4.7806697138232E-04-4.7806697138232E-04
 3.5486870320000E-03-1.4276215709200E-01-7.6519326979520E+00-1.6843250079550E+00
 2.0343501204000E-02-2.0343501204000E-02-2.0343501205000E-02-2.0375075370300E-01
 2.0375075370000E-01 2.0375075371500E-01-2.1254713892850E+00 2.1254713893600E+00
 2.1254713889580E+00-1.0000000000000E-12-1.2395942626034E-02 1.2395942627766E-02
 0.0000000000000E+00-1.2395942632962E-02 1.3500000000000E-11 4.0917318759647E-01
-4.0917318760860E-01 3.4641016151378E-12 4.0917318766749E-01-1.1473607311000E-02
-2.8684018264215E-03 2.8684018264215E-03-1.2909944487358E-13-3.1309585270679E-03
 4.7806697138232E-04 4.7806697138232E-04 3.5486870320000E-03-1.4276215709200E-01
-7.6519326979520E+00-1.6843250079550E+00 2.0343501204000E-02 2.0343501204000E-02
 2.0343501205000E-02-2.0375075370300E-01-2.0375075370000E-01-2.0375075371500E-01
-2.1254713892850E+00-2.1254713893600E+00-2.1254713889580E+00-1.0000000000000E-12
 1.2395942626034E-02 1.2395942627766E-02 0.0000000000000E+00 1.2395942632962E-02
 1.3500000000000E-11-4.0917318759647E-01-4.0917318760860E-01 3.4641016151378E-12
-4.0917318766749E-01 1.1473607311000E-02-2.8684018264215E-03-2.8684018264215E-03
 1.2909944487358E-13-3.1309585270679E-03 4.7806697138232E-04-4.7806697138232E-04
 1.0000000000000E-12 4.0000000000000E-12 7.2800000000000E-10 1.7600000000000E-10
 7.3033616060000E-03 6.7257609150000E-03 1.4029122518000E-02-5.4327938678000E-02
-5.0031306986000E-02-1.0435924562800E-01 1.1663329139270E+00 1.0740911855550E+00
 2.2404241001080E+00-9.7427124820000E-03 1.7941074742269E-02 1.9481833819507E-02
 4.0112255481418E-04 3.7422908556580E-02 1.1014688359500E-01-1.6868825465640E-01
-1.8317500994057E-01-4.5349177054598E-03-3.5186326448438E-01 2.5779952900000E-03
-7.5391443423712E-03-7.7130836018660E-03-8.0189709388791E-05 2.5819888974716E-13
-6.6444325592674E-04 6.8891318566800E-04 1.0000000000000E-12-2.4000000000000E-11
 1.7000000000000E-10-1.9080000000000E-09-1.4470000000000E-09 0.0000000000000E+00
 0.0000000000000E+00 0.0000000000000E+00 0.0000000000000E+00 0.0000000000000E+00
 0.0000000000000E+00 0.0000000000000E+00 0.0000000000000E+00 0.0000000000000E+00
 0.0000000000000E+00 0.0000000000000E+00 0.0000000000000E+00-4.8647818940000E-03
 0.0000000000000E+00 0.0000000000000E+00 2.0029060116714E-04 0.0000000000000E+00
 1.8545957151550E-01 0.0000000000000E+00 0.0000000000000E+00-7.6356576505762E-03
 0.0000000000000E+00 2.8183155163200E+00 0.0000000000000E+00 0.0000000000000E+00
-1.1603441256212E-01 0.0000000000000E+00 0.0000000000000E+00 0.0000000000000E+00
 0.0000000000000E+00 0.0000000000000E+00 9.0369611411506E-13 0.0000000000000E+00
 0.0000000000000E+00 0.0000000000000E+00 0.0000000000000E+00 0.0000000000000E+00
 0.0000000000000E+00 5.4221766846904E-12 0.0000000000000E+00 0.0000000000000E+00
-2.2489293202000E-02 0.0000000000000E+00 0.0000000000000E+00-6.1727934282660E-05
 0.0000000000000E+00 0.0000000000000E+00 0.0000000000000E+00 1.8741077670650E-04
 0.0000000000000E+00 1.0000000000000E-12 4.0000000000000E-12 7.2800000000000E-10
 1.7600000000000E-10 7.3033616060000E-03-6.7257609150000E-03-1.4029122518000E-02
-5.4327938678000E-02 5.0031306986000E-02 1.0435924562800E-01 1.1663329139270E+00
-1.0740911855550E+00-2.2404241001080E+00-9.7427124820000E-03-1.7941074742269E-02
 1.9481833819507E-02 4.0112255481418E-04-3.7422908556580E-02 1.1014688359500E-01
 1.6868825465640E-01-1.8317500994057E-01-4.5349177054598E-03 3.5186326448438E-01
-2.5779952900000E-03-7.5391443423712E-03 7.7130836018660E-03 8.0189709388791E-05
 2.5819888974716E-13-6.6444325592674E-04-6.8891318566800E-04 1.0000000000000E-12
 4.0000000000000E-12 7.2800000000000E-10 1.7600000000000E-10-7.3033616060000E-03
 6.7257609150000E-03-1.4029122518000E-02 5.4327938678000E-02-5.0031306986000E-02
 1.0435924562800E-01-1.1663329139270E+00 1.0740911855550E+00-2.2404241001080E+00
-9.7427124820000E-03 1.7941074742269E-02-1.9481833819507E-02 4.0112255481418E-04
-3.7422908556580E-02 1.1014688359500E-01-1.6868825465640E-01 1.8317500994057E-01
-4.5349177054598E-03 3.5186326448438E-01-2.5779952900000E-03 7.5391443423712E-03
-7.7130836018660E-03 8.0189709388791E-05 2.5819888974716E-13 6.6444325592674E-04
 6.8891318566800E-04 1.0000000000000E-12 4.0000000000000E-12 7.2800000000000E-10
 1.7600000000000E-10-7.3033616060000E-03-6.7257609150000E-03 1.4029122518000E-02
 5.4327938678000E-02 5.0031306986000E-02-1.0435924562800E-01-1.1663329139270E+00
-1.0740911855550E+00 2.2404241001080E+00-9.7427124820000E-03-1.7941074742269E-02
-1.9481833819507E-02 4.0112255481418E-04 3.7422908556580E-02 1.1014688359500E-01
 1.6868825465640E-01 1.8317500994057E-01-4.5349177054598E-03-3.5186326448438E-01
 2.5779952900000E-03 7.5391443423712E-03 7.7130836018660E-03-8.0189709388791E-05
 2.5819888974716E-13 6.6444325592674E-04-6.8891318566800E-04 0.0000000000000E+00
-3.0000000000000E-12-1.6200000000000E-10-3.8000000000000E-11 1.1982837537000E-02
-1.2316315452000E-02-3.3347791400000E-04-8.9137427111000E-02 9.1618088582000E-02
 2.4806614600000E-03 1.9136362924510E+00-1.9668920790660E+00-5.3255786751000E-02
 2.3158821500000E-04-3.2853968327795E-02 3.1964410659933E-02 1.6874873022359E-02
-8.8955766786231E-04-2.6182359580000E-03 3.0890449176949E-01-3.0054055968927E-01
-1.9077999867845E-01 8.3639320542414E-03-6.1279990000000E-05 3.8400116296517E-03
-3.4774600045157E-03-3.3735105359527E-03 0.0000000000000E+00 5.3079912409630E-04
 4.9862929427773E-04 0.0000000000000E+00 5.0000000000000E-12-4.3000000000000E-11
 4.3100000000000E-10 3.1500000000000E-10 0.0000000000000E+00 0.0000000000000E+00
 0.0000000000000E+00 0.0000000000000E+00 0.0000000000000E+00 0.0000000000000E+00
 0.0000000000000E+00 0.0000000000000E+00 0.0000000000000E+00 0.0000000000000E+00
 0.0000000000000E+00 0.0000000000000E+00 1.1563783250000E-04 0.0000000000000E+00
 0.0000000000000E+00 8.4260494072831E-03 0.0000000000000E+00-4.4084490000000E-03
 0.0000000000000E+00 0.0000000000000E+00-3.2122540060354E-01 0.0000000000000E+00
-6.6992499328500E-02 0.0000000000000E+00 0.0000000000000E+00-4.8814656660130E+00
 0.0000000000000E+00 0.0000000000000E+00 0.0000000000000E+00 0.0000000000000E+00
 0.0000000000000E+00-2.5819888974716E-13 0.0000000000000E+00 0.0000000000000E+00
 0.0000000000000E+00 0.0000000000000E+00 0.0000000000000E+00 0.0000000000000E+00
-1.6782927833565E-12 0.0000000000000E+00 0.0000000000000E+00 5.3457959200000E-04
 0.0000000000000E+00 0.0000000000000E+00-2.5968398969066E-03 0.0000000000000E+00
 0.0000000000000E+00 0.0000000000000E+00-4.4548299379974E-06 0.0000000000000E+00
 0.0000000000000E+00-3.0000000000000E-12-1.6200000000000E-10-3.8000000000000E-11
 1.1982837537000E-02 1.2316315452000E-02 3.3347791400000E-04-8.9137427111000E-02
-9.1618088582000E-02-2.4806614600000E-03 1.9136362924510E+00 1.9668920790660E+00
 5.3255786751000E-02 2.3158821500000E-04 3.2853968327795E-02 3.1964410659933E-02
 1.6874873022359E-02 8.8955766786231E-04-2.6182359580000E-03-3.0890449176949E-01
-3.0054055968927E-01-1.9077999867845E-01-8.3639320542414E-03 6.1279990000000E-05
 3.8400116296517E-03 3.4774600045157E-03 3.3735105359527E-03 0.0000000000000E+00
 5.3079912409630E-04-4.9862929427773E-04 0.0000000000000E+00-3.0000000000000E-12
-1.6200000000000E-10-3.8000000000000E-11-1.1982837537000E-02-1.2316315452000E-02
 3.3347791400000E-04 8.9137427111000E-02 9.1618088582000E-02-2.4806614600000E-03
-1.9136362924510E+00-1.9668920790660E+00 5.3255786751000E-02 2.3158821500000E-04
-3.2853968327795E-02-3.1964410659933E-02 1.6874873022359E-02 8.8955766786231E-04
-2.6182359580000E-03 3.0890449176949E-01 3.0054055968927E-01-1.9077999867845E-01
-8.3639320542414E-03 6.1279990000000E-05-3.8400116296517E-03-3.4774600045157E-03
 3.3735105359527E-03 0.0000000000000E+00-5.3079912409630E-04 4.9862929427773E-04
 0.0000000000000E+00-3.0000000000000E-12-1.6200000000000E-10-3.8000000000000E-11
-1.1982837537000E-02 1.2316315452000E-02-3.3347791400000E-04 8.9137427111000E-02
-9.1618088582000E-02 2.4806614600000E-03-1.9136362924510E+00 1.9668920790660E+00
-5.3255786751000E-02 2.3158821500000E-04 3.2853968327795E-02-3.1964410659933E-02
 1.6874873022359E-02-8.8955766786231E-04-2.6182359580000E-03-3.0890449176949E-01
 3.0054055968927E-01-1.9077999867845E-01 8.3639320542414E-03-6.1279990000000E-05
-3.8400116296517E-03 3.4774600045157E-03-3.3735105359527E-03 0.0000000000000E+00
-5.3079912409630E-04-4.9862929427773E-04-3.0737690242000E-02-7.4691793090700E-01
 3.2921025244100E+00-6.7940996231200E-01 4.5392066960000E-02 4.5392066960000E-02
-1.8110425215000E-02-2.4617720518400E-01-2.4617720518400E-01 1.0058059463200E-01
-5.9429307125200E-01-5.9429307125200E-01 1.0035036783820E+00 1.7546176860000E-03
-3.7270660027929E-03-3.7270660027929E-03 0.0000000000000E+00-2.3897208461279E-02
 5.7955958375000E-03-2.7683250369024E-01-2.7683250369024E-01 0.0000000000000E+00
 4.4812182219668E-01-8.3648799410000E-03-9.9267174188581E-03-9.9267174188581E-03
 0.0000000000000E+00 4.6264328773957E-03 7.3054023927076E-04-7.3054023927076E-04
 0.0000000000000E+00 0.0000000000000E+00 0.0000000000000E+00 0.0000000000000E+00
 0.0000000000000E+00 0.0000000000000E+00 0.0000000000000E+00-1.2560664341200E-01
 0.0000000000000E+00 0.0000000000000E+00 5.6756494132900E-01 0.0000000000000E+00
 0.0000000000000E+00 2.8975402910020E+00 0.0000000000000E+00 0.0000000000000E+00
-4.8639355303200E-01 0.0000000000000E+00 0.0000000000000E+00 0.0000000000000E+00
 0.0000000000000E+00-7.8716455616778E-03 0.0000000000000E+00 0.0000000000000E+00
 0.0000000000000E+00 0.0000000000000E+00-1.7224879791463E+00 0.0000000000000E+00
 0.0000000000000E+00 0.0000000000000E+00 0.0000000000000E+00-5.4255874462945E-01
-6.9857945500000E-02 0.0000000000000E+00 0.0000000000000E+00 0.0000000000000E+00
 0.0000000000000E+00 0.0000000000000E+00 0.0000000000000E+00-3.2180527433000E-02
 0.0000000000000E+00 0.0000000000000E+00 0.0000000000000E+00 0.0000000000000E+00
 0.0000000000000E+00 0.0000000000000E+00 0.0000000000000E+00 0.0000000000000E+00
 0.0000000000000E+00 0.0000000000000E+00 1.1519942135422E-03 0.0000000000000E+00
 0.0000000000000E+00 0.0000000000000E+00 0.0000000000000E+00 3.0737690242000E-02
 7.4691793090700E-01-3.2921025244100E+00 6.7940996231200E-01-4.5392066960000E-02
 4.5392066960000E-02-1.8110425215000E-02 2.4617720518400E-01-2.4617720518400E-01
 1.0058059463200E-01 5.9429307125200E-01-5.9429307125200E-01 1.0035036783820E+00
-1.7546176860000E-03-3.7270660027929E-03 3.7270660027929E-03 0.0000000000000E+00
-2.3897208461279E-02-5.7955958375000E-03-2.7683250369024E-01 2.7683250369024E-01
 0.0000000000000E+00 4.4812182219668E-01-8.3648799410000E-03 9.9267174188581E-03
-9.9267174188581E-03 0.0000000000000E+00-4.6264328773957E-03-7.3054023927076E-04
-7.3054023927076E-04 3.0737690242000E-02 7.4691793090700E-01-3.2921025244100E+00
 6.7940996231200E-01 4.5392066960000E-02-4.5392066960000E-02-1.8110425215000E-02
-2.4617720518400E-01 2.4617720518400E-01 1.0058059463200E-01-5.9429307125200E-01
 5.9429307125200E-01 1.0035036783820E+00-1.7546176860000E-03 3.7270660027929E-03
-3.7270660027929E-03 0.0000000000000E+00-2.3897208461279E-02-5.7955958375000E-03
 2.7683250369024E-01-2.7683250369024E-01 0.0000000000000E+00 4.4812182219668E-01
-8.3648799410000E-03-9.9267174188581E-03 9.9267174188581E-03 0.0000000000000E+00
-4.6264328773957E-03 7.3054023927076E-04 7.3054023927076E-04-3.0737690242000E-02
-7.4691793090700E-01 3.2921025244100E+00-6.7940996231200E-01-4.5392066960000E-02
-4.5392066960000E-02-1.8110425215000E-02 2.4617720518400E-01 2.4617720518400E-01
 1.0058059463200E-01 5.9429307125200E-01 5.9429307125200E-01 1.0035036783820E+00
 1.7546176860000E-03 3.7270660027929E-03 3.7270660027929E-03 0.0000000000000E+00
-2.3897208461279E-02 5.7955958375000E-03 2.7683250369024E-01 2.7683250369024E-01
 0.0000000000000E+00 4.4812182219668E-01-8.3648799410000E-03 9.9267174188581E-03
 9.9267174188581E-03 0.0000000000000E+00 4.6264328773957E-03-7.3054023927076E-04
 7.3054023927076E-04 3.0737690241000E-02 7.4691793090900E-01-3.2921025243910E+00
 6.7940996231500E-01-4.5392066960000E-02-1.8110425214000E-02 4.5392066960000E-02
 2.4617720518100E-01 1.0058059463000E-01-2.4617720518300E-01 5.9429307124700E-01
 1.0035036783770E+00-5.9429307124800E-01 8.7730884300000E-04-2.3897208461279E-02
 3.7270660027929E-03 2.6319265289905E-03-3.7270660027929E-03 2.8977979185000E-03
 4.4812182219495E-01 2.7683250368851E-01 8.6933937573891E-03-2.7683250368678E-01
 2.5848179717000E-02 2.9973724399669E-03 2.0912199853426E-03 1.3858689957332E-03
-4.6264328772666E-03-1.4234747371700E-03 3.4853666416334E-04 0.0000000000000E+00
 0.0000000000000E+00 0.0000000000000E+00 0.0000000000000E+00 0.0000000000000E+00
 0.0000000000000E+00-1.2560664341200E-01 0.0000000000000E+00 0.0000000000000E+00
 5.6756494132400E-01 0.0000000000000E+00 0.0000000000000E+00 2.8975402909770E+00
 0.0000000000000E+00 0.0000000000000E+00-4.8639355303800E-01 0.0000000000000E+00
 0.0000000000000E+00-7.8716455616778E-03 0.0000000000000E+00 0.0000000000000E+00
 0.0000000000000E+00 0.0000000000000E+00-1.7224879791359E+00 0.0000000000000E+00
 0.0000000000000E+00 0.0000000000000E+00 0.0000000000000E+00-5.4255874461560E-01
 0.0000000000000E+00 0.0000000000000E+00 0.0000000000000E+00 0.0000000000000E+00
 0.0000000000000E+00 1.7464486374780E-02 0.0000000000000E+00 0.0000000000000E+00
 0.0000000000000E+00 2.9107477291679E-03 0.0000000000000E+00 0.0000000000000E+00
 8.0451318565674E-03 0.0000000000000E+00 0.0000000000000E+00 0.0000000000000E+00
 1.3408553097899E-03 0.0000000000000E+00-1.7279913202527E-03 0.0000000000000E+00
 0.0000000000000E+00 0.0000000000000E+00-2.8799855342460E-04 0.0000000000000E+00
 0.0000000000000E+00 0.0000000000000E+00-3.0737690241000E-02-7.4691793090900E-01
 3.2921025243910E+00-6.7940996231500E-01 4.5392066960000E-02-1.8110425214000E-02
 4.5392066960000E-02-2.4617720518100E-01 1.0058059463000E-01-2.4617720518300E-01
-5.9429307124700E-01 1.0035036783770E+00-5.9429307124800E-01-8.7730884300000E-04
-2.3897208461279E-02-3.7270660027929E-03-2.6319265289905E-03-3.7270660027929E-03
-2.8977979185000E-03 4.4812182219495E-01-2.7683250368851E-01-8.6933937573891E-03
-2.7683250368678E-01 2.5848179717000E-02-2.9973724399669E-03 2.0912199853426E-03
 1.3858689957332E-03 4.6264328772666E-03 1.4234747371700E-03 3.4853666416334E-04
 3.0737690241000E-02 7.4691793090900E-01-3.2921025243910E+00 6.7940996231500E-01
 4.5392066960000E-02-1.8110425214000E-02-4.5392066960000E-02-2.4617720518100E-01
 1.0058059463000E-01 2.4617720518300E-01-5.9429307124700E-01 1.0035036783770E+00
 5.9429307124800E-01 8.7730884300000E-04-2.3897208461279E-02-3.7270660027929E-03
 2.6319265289905E-03 3.7270660027929E-03 2.8977979185000E-03 4.4812182219495E-01
-2.7683250368851E-01 8.6933937573891E-03 2.7683250368678E-01-2.5848179717000E-02
-2.9973724399669E-03 2.0912199853426E-03-1.3858689957332E-03-4.6264328772666E-03
 1.4234747371700E-03 3.4853666416334E-04-3.0737690241000E-02-7.4691793090900E-01
 3.2921025243910E+00-6.7940996231500E-01-4.5392066960000E-02-1.8110425214000E-02
-4.5392066960000E-02 2.4617720518100E-01 1.0058059463000E-01 2.4617720518300E-01
 5.9429307124700E-01 1.0035036783770E+00 5.9429307124800E-01-8.7730884300000E-04
-2.3897208461279E-02 3.7270660027929E-03-2.6319265289905E-03 3.7270660027929E-03
-2.8977979185000E-03 4.4812182219495E-01 2.7683250368851E-01-8.6933937573891E-03
 2.7683250368678E-01-2.5848179717000E-02 2.9973724399669E-03 2.0912199853426E-03
-1.3858689957332E-03 4.6264328772666E-03-1.4234747371700E-03 3.4853666416334E-04
-3.0737690241000E-02-7.4691793091000E-01 3.2921025243920E+00-6.7940996231200E-01
 1.8110425214000E-02 4.5392066960000E-02-4.5392066960000E-02-1.0058059462900E-01
-2.4617720518000E-01 2.4617720518200E-01-1.0035036783790E+00-5.9429307124700E-01
 5.9429307124900E-01-8.7730884300000E-04-3.7270660027929E-03 2.3897208461279E-02
 2.6319265289905E-03 3.7270660027929E-03-2.8977979185000E-03-2.7683250368851E-01
-4.4812182219495E-01 8.6933937573891E-03 2.7683250368678E-01-2.5848179717000E-02
-2.0912199853426E-03-2.9973724399669E-03 1.3858689957332E-03 4.6264328772666E-03
 3.4853666416334E-04-1.4234747371700E-03 0.0000000000000E+00 0.0000000000000E+00
 0.0000000000000E+00 0.0000000000000E+00 0.0000000000000E+00 1.2560664341100E-01
 0.0000000000000E+00 0.0000000000000E+00-5.6756494132600E-01 0.0000000000000E+00
 0.0000000000000E+00-2.8975402909720E+00 0.0000000000000E+00 0.0000000000000E+00
 4.8639355303500E-01 0.0000000000000E+00 0.0000000000000E+00 0.0000000000000E+00
 0.0000000000000E+00 7.8716455616778E-03 0.0000000000000E+00 0.0000000000000E+00
 0.0000000000000E+00 0.0000000000000E+00 1.7224879791359E+00 0.0000000000000E+00
 0.0000000000000E+00 0.0000000000000E+00 0.0000000000000E+00 5.4255874461733E-01
 0.0000000000000E+00 0.0000000000000E+00 0.0000000000000E+00-1.7464486374780E-02
 0.0000000000000E+00 0.0000000000000E+00 0.0000000000000E+00 2.9107477291679E-03
 0.0000000000000E+00 0.0000000000000E+00-8.0451318565674E-03 0.0000000000000E+00
 0.0000000000000E+00 0.0000000000000E+00 1.3408553097899E-03 0.0000000000000E+00
 0.0000000000000E+00 0.0000000000000E+00 1.7279913202527E-03 0.0000000000000E+00
 0.0000000000000E+00 0.0000000000000E+00-2.8799855342460E-04 0.0000000000000E+00
 0.0000000000000E+00-3.0737690241000E-02-7.4691793091000E-01 3.2921025243920E+00
-6.7940996231200E-01 1.8110425214000E-02-4.5392066960000E-02 4.5392066960000E-02
-1.0058059462900E-01 2.4617720518000E-01-2.4617720518200E-01-1.0035036783790E+00
 5.9429307124700E-01-5.9429307124900E-01-8.7730884300000E-04 3.7270660027929E-03
 2.3897208461279E-02 2.6319265289905E-03-3.7270660027929E-03-2.8977979185000E-03
 2.7683250368851E-01-4.4812182219495E-01 8.6933937573891E-03-2.7683250368678E-01
 2.5848179717000E-02-2.0912199853426E-03 2.9973724399669E-03-1.3858689957332E-03
 4.6264328772666E-03 3.4853666416334E-04 1.4234747371700E-03 3.0737690241000E-02
 7.4691793091000E-01-3.2921025243920E+00 6.7940996231200E-01 1.8110425214000E-02
-4.5392066960000E-02-4.5392066960000E-02-1.0058059462900E-01 2.4617720518000E-01
 2.4617720518200E-01-1.0035036783790E+00 5.9429307124700E-01 5.9429307124900E-01
 8.7730884300000E-04 3.7270660027929E-03 2.3897208461279E-02-2.6319265289905E-03
 3.7270660027929E-03 2.8977979185000E-03 2.7683250368851E-01-4.4812182219495E-01
-8.6933937573891E-03 2.7683250368678E-01-2.5848179717000E-02-2.0912199853426E-03
 2.9973724399669E-03 1.3858689957332E-03-4.6264328772666E-03 3.4853666416334E-04
 1.4234747371700E-03 3.0737690241000E-02 7.4691793091000E-01-3.2921025243920E+00
 6.7940996231200E-01 1.8110425214000E-02 4.5392066960000E-02 4.5392066960000E-02
-1.0058059462900E-01-2.4617720518000E-01-2.4617720518200E-01-1.0035036783790E+00
-5.9429307124700E-01-5.9429307124900E-01 8.7730884300000E-04-3.7270660027929E-03
 2.3897208461279E-02-2.6319265289905E-03-3.7270660027929E-03 2.8977979185000E-03
-2.7683250368851E-01-4.4812182219495E-01-8.6933937573891E-03-2.7683250368678E-01
 2.5848179717000E-02-2.0912199853426E-03-2.9973724399669E-03-1.3858689957332E-03
-4.6264328772666E-03 3.4853666416334E-04-1.4234747371700E-03 7.1127217856000E-02
 3.3925720279000E-02-5.7674844704390E+00-6.6893146573600E-01-4.4863257387000E-02
-4.4863257387000E-02 4.4863257386000E-02 4.6521711913400E-01 4.6521711913400E-01
-4.6521711912900E-01 9.2160526893400E-01 9.2160526893200E-01-9.2160526894700E-01
 0.0000000000000E+00 2.0847731483514E-02 2.0847731483514E-02 0.0000000000000E+00
-2.0847731483514E-02 2.0000000000000E-12 2.4160145104425E-01 2.4160145104425E-01
 0.0000000000000E+00-2.4160145105117E-01 9.5119997840000E-03 2.3779999451566E-03
 2.3779999451566E-03 0.0000000000000E+00-1.0140190941812E-03-3.9633332432715E-04
 3.9633332432715E-04-5.9157040670000E-02-1.4282332915400E-01-2.5014348828220E+00
 1.3613617118790E+01 9.2481357810790E+00 0.0000000000000E+00 0.0000000000000E+00
 0.0000000000000E+00 0.0000000000000E+00 0.0000000000000E+00 0.0000000000000E+00
 0.0000000000000E+00 0.0000000000000E+00 0.0000000000000E+00 0.0000000000000E+00
 0.0000000000000E+00 0.0000000000000E+00-1.0000000000000E-12 0.0000000000000E+00
 0.0000000000000E+00 0.0000000000000E+00 0.0000000000000E+00 7.0000000000000E-12
 0.0000000000000E+00 0.0000000000000E+00 0.0000000000000E+00 0.0000000000000E+00
-1.2500000000000E-11 0.0000000000000E+00 0.0000000000000E+00-1.7320508075689E-12
 0.0000000000000E+00 0.0000000000000E+00 0.0000000000000E+00 0.0000000000000E+00
 0.0000000000000E+00-1.1355362719947E-02 0.0000000000000E+00 0.0000000000000E+00
 0.0000000000000E+00 0.0000000000000E+00 0.0000000000000E+00 0.0000000000000E+00
-1.8330642373784E-01 0.0000000000000E+00 0.0000000000000E+00-1.1059848049300E-01
 0.0000000000000E+00 0.0000000000000E+00 0.0000000000000E+00 0.0000000000000E+00
 0.0000000000000E+00 0.0000000000000E+00-6.5832428863354E-04 0.0000000000000E+00
 7.1127217856000E-02 3.3925720279000E-02-5.7674844704390E+00-6.6893146573600E-01
-4.4863257387000E-02 4.4863257387000E-02-4.4863257386000E-02 4.6521711913400E-01
-4.6521711913400E-01 4.6521711912900E-01 9.2160526893400E-01-9.2160526893200E-01
 9.2160526894700E-01 0.0000000000000E+00-2.0847731483514E-02 2.0847731483514E-02
 0.0000000000000E+00 2.0847731483514E-02 2.0000000000000E-12-2.4160145104425E-01
 2.4160145104425E-01 0.0000000000000E+00 2.4160145105117E-01-9.5119997840000E-03
 2.3779999451566E-03-2.3779999451566E-03 0.0000000000000E+00-1.0140190941812E-03
-3.9633332432715E-04-3.9633332432715E-04 7.1127217856000E-02 3.3925720279000E-02
-5.7674844704390E+00-6.6893146573600E-01 4.4863257387000E-02-4.4863257387000E-02
-4.4863257386000E-02-4.6521711913400E-01 4.6521711913400E-01 4.6521711912900E-01
-9.2160526893400E-01 9.2160526893200E-01 9.2160526894700E-01 0.0000000000000E+00
 2.0847731483514E-02-2.0847731483514E-02 0.0000000000000E+00 2.0847731483514E-02
 2.0000000000000E-12 2.4160145104425E-01-2.4160145104425E-01 0.0000000000000E+00
 2.4160145105117E-01-9.5119997840000E-03-2.3779999451566E-03 2.3779999451566E-03
 0.0000000000000E+00-1.0140190941812E-03 3.9633332432715E-04 3.9633332432715E-04
 7.1127217856000E-02 3.3925720279000E-02-5.7674844704390E+00-6.6893146573600E-01
 4.4863257387000E-02 4.4863257387000E-02 4.4863257386000E-02-4.6521711913400E-01
-4.6521711913400E-01-4.6521711912900E-01-9.2160526893400E-01-9.2160526893200E-01
-9.2160526894700E-01 0.0000000000000E+00-2.0847731483514E-02-2.0847731483514E-02
 0.0000000000000E+00-2.0847731483514E-02 2.0000000000000E-12-2.4160145104425E-01
-2.4160145104425E-01 0.0000000000000E+00-2.4160145105117E-01 9.5119997840000E-03
-2.3779999451566E-03-2.3779999451566E-03 0.0000000000000E+00-1.0140190941812E-03
 3.9633332432715E-04-3.9633332432715E-04 0.0000000000000E+00 3.0000000000000E-12
-1.0000000000000E-12-1.0000000000000E-12 2.3841017410000E-02 2.2827818990000E-02
 4.6668836399000E-02-1.5768027810200E-01-1.5097916271300E-01-3.0865944081200E-01
-2.6900526006800E-01-2.5757304223000E-01-5.2657830229800E-01 1.0352777083500E-02
-1.0482400265431E-02-1.0947655023824E-02-2.2476277993625E-04-2.1430055289255E-02
-9.0515489425000E-02 9.0743095842903E-02 9.4770671205886E-02 1.9651261522619E-03
 1.8551376705052E-01 5.8336466910000E-03-2.6525772435435E-03-2.6487247738495E-03
-1.1124083980942E-05 0.0000000000000E+00-6.6581144023299E-05 7.4639278245446E-05
 0.0000000000000E+00 0.0000000000000E+00 3.0000000000000E-12-1.4000000000000E-11
 1.3000000000000E-11 0.0000000000000E+00 0.0000000000000E+00 0.0000000000000E+00
 0.0000000000000E+00 0.0000000000000E+00 0.0000000000000E+00 0.0000000000000E+00
 0.0000000000000E+00 0.0000000000000E+00 0.0000000000000E+00 0.0000000000000E+00
 0.0000000000000E+00-6.9468025555000E-03 0.0000000000000E+00 0.0000000000000E+00
 1.5081776028652E-04 0.0000000000000E+00 3.3332822347350E-01 0.0000000000000E+00
 0.0000000000000E+00-7.2366841663804E-03 0.0000000000000E+00-1.1415193997690E+00
 0.0000000000000E+00 0.0000000000000E+00 2.4782826007137E-02 0.0000000000000E+00
 0.0000000000000E+00 0.0000000000000E+00 0.0000000000000E+00 0.0000000000000E+00
 0.0000000000000E+00 0.0000000000000E+00 0.0000000000000E+00 0.0000000000000E+00
 0.0000000000000E+00 0.0000000000000E+00 0.0000000000000E+00 1.2909944487358E-13
 0.0000000000000E+00 0.0000000000000E+00 3.1927891777000E-02 0.0000000000000E+00
 0.0000000000000E+00 4.6211122175068E-05 0.0000000000000E+00 0.0000000000000E+00
 0.0000000000000E+00-2.6606576480284E-04 0.0000000000000E+00 0.0000000000000E+00
 3.0000000000000E-12-1.0000000000000E-12-1.0000000000000E-12 2.3841017410000E-02
-2.2827818990000E-02-4.6668836399000E-02-1.5768027810200E-01 1.5097916271300E-01
 3.0865944081200E-01-2.6900526006800E-01 2.5757304223000E-01 5.2657830229800E-01
 1.0352777083500E-02 1.0482400265431E-02-1.0947655023824E-02-2.2476277993625E-04
 2.1430055289255E-02-9.0515489425000E-02-9.0743095842903E-02 9.4770671205886E-02
 1.9651261522619E-03-1.8551376705052E-01-5.8336466910000E-03-2.6525772435435E-03
 2.6487247738495E-03 1.1124083980942E-05 0.0000000000000E+00-6.6581144023299E-05
-7.4639278245446E-05 0.0000000000000E+00 3.0000000000000E-12-1.0000000000000E-12
-1.0000000000000E-12-2.3841017410000E-02 2.2827818990000E-02-4.6668836399000E-02
 1.5768027810200E-01-1.5097916271300E-01 3.0865944081200E-01 2.6900526006800E-01
-2.5757304223000E-01 5.2657830229800E-01 1.0352777083500E-02-1.0482400265431E-02
 1.0947655023824E-02-2.2476277993625E-04 2.1430055289255E-02-9.0515489425000E-02
 9.0743095842903E-02-9.4770671205886E-02 1.9651261522619E-03-1.8551376705052E-01
-5.8336466910000E-03 2.6525772435435E-03-2.6487247738495E-03 1.1124083980942E-05
 0.0000000000000E+00 6.6581144023299E-05 7.4639278245446E-05 0.0000000000000E+00
 3.0000000000000E-12-1.0000000000000E-12-1.0000000000000E-12-2.3841017410000E-02
-2.2827818990000E-02 4.6668836399000E-02 1.5768027810200E-01 1.5097916271300E-01
-3.0865944081200E-01 2.6900526006800E-01 2.5757304223000E-01-5.2657830229800E-01
 1.0352777083500E-02 1.0482400265431E-02 1.0947655023824E-02-2.2476277993625E-04
-2.1430055289255E-02-9.0515489425000E-02-9.0743095842903E-02-9.4770671205886E-02
 1.9651261522619E-03 1.8551376705052E-01 5.8336466910000E-03 2.6525772435435E-03
 2.6487247738495E-03-1.1124083980942E-05 0.0000000000000E+00 6.6581144023299E-05
-7.4639278245446E-05 0.0000000000000E+00 0.0000000000000E+00 2.0000000000000E-12
 1.0000000000000E-12 4.0123912697000E-02-4.0708883077000E-02-5.8497038100000E-04
-2.6537247147400E-01 2.6924136224800E-01 3.8688907740000E-03-4.5272998984700E-01
 4.5933038389300E-01 6.6003940470000E-03-1.2976685150000E-04 1.8693279764377E-02
-1.8424664805181E-02-1.7931535908057E-02 2.6861495919570E-04 1.1345661130000E-03
-1.6182229587446E-01 1.5949697415445E-01 1.5677742655520E-01-2.3253217200096E-03
-7.3121826000000E-05-1.2045009368554E-04 1.8689924681204E-04-8.8747751003521E-04
 0.0000000000000E+00 3.2232334518629E-04 3.2055321826042E-04 0.0000000000000E+00
 0.0000000000000E+00 0.0000000000000E+00-3.0000000000000E-12-5.0000000000000E-12
 0.0000000000000E+00 0.0000000000000E+00 0.0000000000000E+00 0.0000000000000E+00
 0.0000000000000E+00 0.0000000000000E+00 0.0000000000000E+00 0.0000000000000E+00
 0.0000000000000E+00 0.0000000000000E+00 0.0000000000000E+00 0.0000000000000E+00
 8.7074674500000E-05 0.0000000000000E+00 0.0000000000000E+00 1.2032214976275E-02
 0.0000000000000E+00-4.1781015515000E-03 0.0000000000000E+00 0.0000000000000E+00
-5.7734141865797E-01 0.0000000000000E+00 1.4308371266500E-02 0.0000000000000E+00
 0.0000000000000E+00 1.9771695982237E+00 0.0000000000000E+00 0.0000000000000E+00
 0.0000000000000E+00 0.0000000000000E+00 0.0000000000000E+00 0.0000000000000E+00
 0.0000000000000E+00 0.0000000000000E+00 0.0000000000000E+00 0.0000000000000E+00
 0.0000000000000E+00 0.0000000000000E+00 0.0000000000000E+00 0.0000000000000E+00
 0.0000000000000E+00-4.0020005700000E-04 0.0000000000000E+00 0.0000000000000E+00
 3.6867153822924E-03 0.0000000000000E+00 0.0000000000000E+00 0.0000000000000E+00
 3.3350004800526E-06 0.0000000000000E+00 0.0000000000000E+00 0.0000000000000E+00
 2.0000000000000E-12 1.0000000000000E-12 4.0123912697000E-02 4.0708883077000E-02
 5.8497038100000E-04-2.6537247147400E-01-2.6924136224800E-01-3.8688907740000E-03
-4.5272998984700E-01-4.5933038389300E-01-6.6003940470000E-03-1.2976685150000E-04
-1.8693279764377E-02-1.8424664805181E-02-1.7931535908057E-02-2.6861495919570E-04
 1.1345661130000E-03 1.6182229587446E-01 1.5949697415445E-01 1.5677742655520E-01
 2.3253217200096E-03 7.3121826000000E-05-1.2045009368554E-04-1.8689924681204E-04
 8.8747751003521E-04 0.0000000000000E+00 3.2232334518629E-04-3.2055321826042E-04
 0.0000000000000E+00 0.0000000000000E+00 2.0000000000000E-12 1.0000000000000E-12
-4.0123912697000E-02-4.0708883077000E-02 5.8497038100000E-04 2.6537247147400E-01
 2.6924136224800E-01-3.8688907740000E-03 4.5272998984700E-01 4.5933038389300E-01
-6.6003940470000E-03-1.2976685150000E-04 1.8693279764377E-02 1.8424664805181E-02
-1.7931535908057E-02-2.6861495919570E-04 1.1345661130000E-03-1.6182229587446E-01
-1.5949697415445E-01 1.5677742655520E-01 2.3253217200096E-03 7.3121826000000E-05
 1.2045009368554E-04 1.8689924681204E-04 8.8747751003521E-04 0.0000000000000E+00
-3.2232334518629E-04 3.2055321826042E-04 0.0000000000000E+00 0.0000000000000E+00
 2.0000000000000E-12 1.0000000000000E-12-4.0123912697000E-02 4.0708883077000E-02
-5.8497038100000E-04 2.6537247147400E-01-2.6924136224800E-01 3.8688907740000E-03
 4.5272998984700E-01-4.5933038389300E-01 6.6003940470000E-03-1.2976685150000E-04
-1.8693279764377E-02 1.8424664805181E-02-1.7931535908057E-02 2.6861495919570E-04
 1.1345661130000E-03 1.6182229587446E-01-1.5949697415445E-01 1.5677742655520E-01
-2.3253217200096E-03-7.3121826000000E-05 1.2045009368554E-04-1.8689924681204E-04
-8.8747751003521E-04 0.0000000000000E+00-3.2232334518629E-04-3.2055321826042E-04
-5.2134282805000E-02 4.6456782308100E-01 7.5110396144470E+00 5.4622553809800E-01
 2.4701284195000E-02 3.9674809111000E-02-2.4701284196000E-02-4.1730749694300E-01
-5.4409381055300E-01 4.1730749695000E-01-1.5462083369080E+00-8.7464789001600E-01
 1.5462083369280E+00 2.7002621250000E-04-3.6847755335527E-02-3.1632787372966E-02
 8.1007863676320E-04 3.1632787372966E-02 2.2366388766000E-02-2.0306400824851E-01
-1.6578304361813E-01 6.7099166284057E-02 1.6578304360427E-01 1.1049960710000E-02
-2.1303264409962E-03-3.7456863789824E-03 1.9571266469355E-03-2.4391954239232E-04
-9.4969669135255E-04-6.2428106299228E-04 0.0000000000000E+00 0.0000000000000E+00
 0.0000000000000E+00 0.0000000000000E+00 0.0000000000000E+00 0.0000000000000E+00
 1.8652660687600E-01 0.0000000000000E+00 0.0000000000000E+00 1.2019768144590E+00
 0.0000000000000E+00 0.0000000000000E+00-1.2379870800563E+01 0.0000000000000E+00
 0.0000000000000E+00-2.5378852015540E+00 0.0000000000000E+00 0.0000000000000E+00
-2.2446471803832E-01 0.0000000000000E+00 0.0000000000000E+00 0.0000000000000E+00
 0.0000000000000E+00 1.4414349543477E+00 0.0000000000000E+00 0.0000000000000E+00
 0.0000000000000E+00 0.0000000000000E+00 6.7765662299761E+00 0.0000000000000E+00
 0.0000000000000E+00 0.0000000000000E+00 0.0000000000000E+00 0.0000000000000E+00
-4.4454376014768E-03 0.0000000000000E+00 0.0000000000000E+00 0.0000000000000E+00
-7.4090626702756E-04 0.0000000000000E+00 0.0000000000000E+00-1.9509319099292E-01
 0.0000000000000E+00 0.0000000000000E+00 0.0000000000000E+00-3.2515531834795E-02
 0.0000000000000E+00-2.3833156461026E-02 0.0000000000000E+00 0.0000000000000E+00
 0.0000000000000E+00-3.9721927432309E-03 0.0000000000000E+00 0.0000000000000E+00
 0.0000000000000E+00 5.2134282805000E-02-4.6456782308100E-01-7.5110396144470E+00
-5.4622553809800E-01-2.4701284195000E-02 3.9674809111000E-02-2.4701284196000E-02
 4.1730749694300E-01-5.4409381055300E-01 4.1730749695000E-01 1.5462083369080E+00
-8.7464789001600E-01 1.5462083369280E+00-2.7002621250000E-04-3.6847755335527E-02
 3.1632787372966E-02-8.1007863676320E-04 3.1632787372966E-02-2.2366388766000E-02
-2.0306400824851E-01 1.6578304361813E-01-6.7099166284057E-02 1.6578304360427E-01
 1.1049960710000E-02 2.1303264409962E-03-3.7456863789824E-03 1.9571266469355E-03
 2.4391954239232E-04 9.4969669135255E-04-6.2428106299228E-04-5.2134282805000E-02
 4.6456782308100E-01 7.5110396144470E+00 5.4622553809800E-01-2.4701284195000E-02
 3.9674809111000E-02 2.4701284196000E-02 4.1730749694300E-01-5.4409381055300E-01
-4.1730749695000E-01 1.5462083369080E+00-8.7464789001600E-01-1.5462083369280E+00
 2.7002621250000E-04-3.6847755335527E-02 3.1632787372966E-02 8.1007863676320E-04
-3.1632787372966E-02 2.2366388766000E-02-2.0306400824851E-01 1.6578304361813E-01
 6.7099166284057E-02-1.6578304360427E-01-1.1049960710000E-02 2.1303264409962E-03
-3.7456863789824E-03-1.9571266469355E-03-2.4391954239232E-04 9.4969669135255E-04
-6.2428106299228E-04 5.2134282805000E-02-4.6456782308100E-01-7.5110396144470E+00
-5.4622553809800E-01 2.4701284195000E-02 3.9674809111000E-02 2.4701284196000E-02
-4.1730749694300E-01-5.4409381055300E-01-4.1730749695000E-01-1.5462083369080E+00
-8.7464789001600E-01-1.5462083369280E+00-2.7002621250000E-04-3.6847755335527E-02
-3.1632787372966E-02-8.1007863676320E-04-3.1632787372966E-02-2.2366388766000E-02
-2.0306400824851E-01-1.6578304361813E-01-6.7099166284057E-02-1.6578304360427E-01
-1.1049960710000E-02-2.1303264409962E-03-3.7456863789824E-03-1.9571266469355E-03
 2.4391954239232E-04-9.4969669135255E-04-6.2428106299228E-04 5.2134282805000E-02
-4.6456782308300E-01-7.5110396144680E+00-5.4622553810200E-01-2.4701284196000E-02
-2.4701284196000E-02 3.9674809111000E-02 4.1730749695000E-01 4.1730749695000E-01
-5.4409381055500E-01 1.5462083369240E+00 1.5462083369250E+00-8.7464789001900E-01
 5.4005242450000E-04 3.1632787372966E-02 3.1632787372966E-02 0.0000000000000E+00
-3.6847755335527E-02 4.4732777526000E-02 1.6578304361293E-01 1.6578304361293E-01
 0.0000000000000E+00-2.0306400825370E-01 1.4982745514000E-02-7.6553067953222E-03
-7.6553067953222E-03 0.0000000000000E+00 2.4391954226322E-04-2.8866632264187E-05
 2.8866632264187E-05 0.0000000000000E+00 0.0000000000000E+00 0.0000000000000E+00
 0.0000000000000E+00 0.0000000000000E+00 0.0000000000000E+00 0.0000000000000E+00
 1.8652660687700E-01 0.0000000000000E+00 0.0000000000000E+00 1.2019768144490E+00
 0.0000000000000E+00 0.0000000000000E+00-1.2379870800595E+01 0.0000000000000E+00
 0.0000000000000E+00-2.5378852015620E+00 0.0000000000000E+00 0.0000000000000E+00
 0.0000000000000E+00 0.0000000000000E+00-2.2446471803659E-01 0.0000000000000E+00
 0.0000000000000E+00 0.0000000000000E+00 0.0000000000000E+00 1.4414349543547E+00
 0.0000000000000E+00 0.0000000000000E+00 0.0000000000000E+00 0.0000000000000E+00
 6.7765662299830E+00 1.7781750408000E-02 0.0000000000000E+00 0.0000000000000E+00
 0.0000000000000E+00 0.0000000000000E+00 0.0000000000000E+00 0.0000000000000E+00
 7.8037276400800E-01 0.0000000000000E+00 0.0000000000000E+00-1.2909944487358E-13
 0.0000000000000E+00 0.0000000000000E+00 0.0000000000000E+00 0.0000000000000E+00
 0.0000000000000E+00 0.0000000000000E+00 0.0000000000000E+00 1.5888770973274E-02
 0.0000000000000E+00 0.0000000000000E+00 0.0000000000000E+00 0.0000000000000E+00
-5.2134282805000E-02 4.6456782308300E-01 7.5110396144680E+00 5.4622553810200E-01
 2.4701284196000E-02-2.4701284196000E-02 3.9674809111000E-02-4.1730749695000E-01
 4.1730749695000E-01-5.4409381055500E-01-1.5462083369240E+00 1.5462083369250E+00
-8.7464789001900E-01-5.4005242450000E-04 3.1632787372966E-02-3.1632787372966E-02
 0.0000000000000E+00-3.6847755335527E-02-4.4732777526000E-02 1.6578304361293E-01
-1.6578304361293E-01 0.0000000000000E+00-2.0306400825370E-01 1.4982745514000E-02
 7.6553067953222E-03-7.6553067953222E-03 0.0000000000000E+00-2.4391954226322E-04
 2.8866632264187E-05 2.8866632264187E-05-5.2134282805000E-02 4.6456782308300E-01
 7.5110396144680E+00 5.4622553810200E-01-2.4701284196000E-02 2.4701284196000E-02
 3.9674809111000E-02 4.1730749695000E-01-4.1730749695000E-01-5.4409381055500E-01
 1.5462083369240E+00-1.5462083369250E+00-8.7464789001900E-01-5.4005242450000E-04
-3.1632787372966E-02 3.1632787372966E-02 0.0000000000000E+00-3.6847755335527E-02
-4.4732777526000E-02-1.6578304361293E-01 1.6578304361293E-01 0.0000000000000E+00
-2.0306400825370E-01 1.4982745514000E-02-7.6553067953222E-03 7.6553067953222E-03
 0.0000000000000E+00-2.4391954226322E-04-2.8866632264187E-05-2.8866632264187E-05
 5.2134282805000E-02-4.6456782308300E-01-7.5110396144680E+00-5.4622553810200E-01
 2.4701284196000E-02 2.4701284196000E-02 3.9674809111000E-02-4.1730749695000E-01
-4.1730749695000E-01-5.4409381055500E-01-1.5462083369240E+00-1.5462083369250E+00
-8.7464789001900E-01 5.4005242450000E-04-3.1632787372966E-02-3.1632787372966E-02
 0.0000000000000E+00-3.6847755335527E-02 4.4732777526000E-02-1.6578304361293E-01
-1.6578304361293E-01 0.0000000000000E+00-2.0306400825370E-01 1.4982745514000E-02
 7.6553067953222E-03 7.6553067953222E-03 0.0000000000000E+00 2.4391954226322E-04
 2.8866632264187E-05-2.8866632264187E-05 5.2134282805000E-02-4.6456782307900E-01
-7.5110396144350E+00-5.4622553809900E-01-3.9674809111000E-02-2.4701284195000E-02
 2.4701284196000E-02 5.4409381055400E-01 4.1730749694200E-01-4.1730749694900E-01
 8.7464789001600E-01 1.5462083369010E+00-1.5462083369210E+00-2.7002621250000E-04
 3.1632787372966E-02 3.6847755335527E-02 8.1007863676320E-04-3.1632787372966E-02
-2.2366388765500E-02 1.6578304361639E-01 2.0306400824504E-01 6.7099166282325E-02
-1.6578304360254E-01-1.1049960710000E-02 3.7456863789824E-03 2.1303264405880E-03
 1.9571266469355E-03 2.4391954239232E-04-6.2428106299228E-04-9.4969669135255E-04
 0.0000000000000E+00 0.0000000000000E+00 0.0000000000000E+00 0.0000000000000E+00
 0.0000000000000E+00-1.8652660687500E-01 0.0000000000000E+00 0.0000000000000E+00
-1.2019768144580E+00 0.0000000000000E+00 0.0000000000000E+00 1.2379870800523E+01
 0.0000000000000E+00 0.0000000000000E+00 2.5378852015570E+00 0.0000000000000E+00
 0.0000000000000E+00 0.0000000000000E+00 0.0000000000000E+00 2.2446471803832E-01
 0.0000000000000E+00 0.0000000000000E+00 0.0000000000000E+00 0.0000000000000E+00
-1.4414349543408E+00 0.0000000000000E+00 0.0000000000000E+00 0.0000000000000E+00
 0.0000000000000E+00-6.7765662299864E+00 0.0000000000000E+00 0.0000000000000E+00
 0.0000000000000E+00 4.4454376010685E-03 0.0000000000000E+00 0.0000000000000E+00
 0.0000000000000E+00-7.4090626697486E-04 0.0000000000000E+00 0.0000000000000E+00
 1.9509319099374E-01 0.0000000000000E+00 0.0000000000000E+00 0.0000000000000E+00
-3.2515531835059E-02 0.0000000000000E+00 0.0000000000000E+00 0.0000000000000E+00
 2.3833156461026E-02 0.0000000000000E+00 0.0000000000000E+00 0.0000000000000E+00
-3.9721927431910E-03 0.0000000000000E+00 0.0000000000000E+00 5.2134282805000E-02
-4.6456782307900E-01-7.5110396144350E+00-5.4622553809900E-01-3.9674809111000E-02
 2.4701284195000E-02-2.4701284196000E-02 5.4409381055400E-01-4.1730749694200E-01
 4.1730749694900E-01 8.7464789001600E-01-1.5462083369010E+00 1.5462083369210E+00
-2.7002621250000E-04-3.1632787372966E-02 3.6847755335527E-02 8.1007863676320E-04
 3.1632787372966E-02-2.2366388765500E-02-1.6578304361639E-01 2.0306400824504E-01
 6.7099166282325E-02 1.6578304360254E-01 1.1049960710000E-02 3.7456863789824E-03
-2.1303264405880E-03-1.9571266469355E-03 2.4391954239232E-04-6.2428106299228E-04
 9.4969669135255E-04-5.2134282805000E-02 4.6456782307900E-01 7.5110396144350E+00
 5.4622553809900E-01-3.9674809111000E-02 2.4701284195000E-02 2.4701284196000E-02
 5.4409381055400E-01-4.1730749694200E-01-4.1730749694900E-01 8.7464789001600E-01
-1.5462083369010E+00-1.5462083369210E+00 2.7002621250000E-04-3.1632787372966E-02
 3.6847755335527E-02-8.1007863676320E-04-3.1632787372966E-02 2.2366388765500E-02
-1.6578304361639E-01 2.0306400824504E-01-6.7099166282325E-02-1.6578304360254E-01
-1.1049960710000E-02 3.7456863789824E-03-2.1303264405880E-03 1.9571266469355E-03
-2.4391954239232E-04-6.2428106299228E-04 9.4969669135255E-04-5.2134282805000E-02
 4.6456782307900E-01 7.5110396144350E+00 5.4622553809900E-01-3.9674809111000E-02
-2.4701284195000E-02-2.4701284196000E-02 5.4409381055400E-01 4.1730749694200E-01
 4.1730749694900E-01 8.7464789001600E-01 1.5462083369010E+00 1.5462083369210E+00
 2.7002621250000E-04 3.1632787372966E-02 3.6847755335527E-02-8.1007863676320E-04
 3.1632787372966E-02 2.2366388765500E-02 1.6578304361639E-01 2.0306400824504E-01
-6.7099166282325E-02 1.6578304360254E-01 1.1049960710000E-02 3.7456863789824E-03
 2.1303264405880E-03-1.9571266469355E-03-2.4391954239232E-04-6.2428106299228E-04
-9.4969669135255E-04 0.0000000000000E+00-1.0000000000000E-12 9.4000000000000E-11
 9.0000000000000E-12 1.1530967810000E-02 0.0000000000000E+00 1.1530967810000E-02
-1.0861316523800E-01-3.0000000000000E-12-1.0861316523100E-01-7.5730349011100E-01
-9.0000000000000E-12-7.5730349006300E-01-1.5047644840000E-03 0.0000000000000E+00
-8.9199299451761E-03 1.5047644841656E-03-8.9199299451761E-03-1.9284165162300E-01
-5.1961524227066E-12 4.4631478291624E-01 1.9284165162731E-01 4.4631478291797E-01
-3.2600309991000E-02 1.7505326459657E-02 2.0497078887113E-02 3.7420995849859E-03
 0.0000000000000E+00-4.2282135342140E-04-2.0497078887611E-03 0.0000000000000E+00
 0.0000000000000E+00 0.0000000000000E+00 0.0000000000000E+00 0.0000000000000E+00
 0.0000000000000E+00 3.0000000000000E-12 0.0000000000000E+00 0.0000000000000E+00
 1.5000000000000E-11 0.0000000000000E+00 0.0000000000000E+00-1.6000000000000E-10
 0.0000000000000E+00 0.0000000000000E+00-3.4000000000000E-11 0.0000000000000E+00
 0.0000000000000E+00 0.0000000000000E+00 0.0000000000000E+00 0.0000000000000E+00
 0.0000000000000E+00 0.0000000000000E+00 1.7320508075689E-12 0.0000000000000E+00
 0.0000000000000E+00 0.0000000000000E+00 0.0000000000000E+00 6.2353829072480E-11
 0.0000000000000E+00 0.0000000000000E+00 0.0000000000000E+00 0.0000000000000E+00
 0.0000000000000E+00 5.3826447805489E-03 0.0000000000000E+00 0.0000000000000E+00
 0.0000000000000E+00-5.3826447809226E-04 0.0000000000000E+00 0.0000000000000E+00
-7.0660352860935E-01 0.0000000000000E+00 0.0000000000000E+00 0.0000000000000E+00
 7.0660352861120E-02 0.0000000000000E+00 6.8779891947698E-02 0.0000000000000E+00
 0.0000000000000E+00 0.0000000000000E+00-1.6376164750086E-03 0.0000000000000E+00
 0.0000000000000E+00 0.0000000000000E+00 0.0000000000000E+00 1.0000000000000E-12
-9.4000000000000E-11-9.0000000000000E-12-1.1530967810000E-02 0.0000000000000E+00
 1.1530967810000E-02 1.0861316523800E-01-3.0000000000000E-12-1.0861316523100E-01
 7.5730349011100E-01-9.0000000000000E-12-7.5730349006300E-01 1.5047644840000E-03
 0.0000000000000E+00 8.9199299451761E-03-1.5047644841656E-03-8.9199299451761E-03
 1.9284165162300E-01-5.1961524227066E-12-4.4631478291624E-01-1.9284165162731E-01
 4.4631478291797E-01-3.2600309991000E-02-1.7505326459657E-02 2.0497078887113E-02
 3.7420995849859E-03 0.0000000000000E+00 4.2282135342140E-04-2.0497078887611E-03
 0.0000000000000E+00-1.0000000000000E-12 9.4000000000000E-11 9.0000000000000E-12
-1.1530967810000E-02 0.0000000000000E+00-1.1530967810000E-02 1.0861316523800E-01
-3.0000000000000E-12 1.0861316523100E-01 7.5730349011100E-01-9.0000000000000E-12
 7.5730349006300E-01-1.5047644840000E-03 0.0000000000000E+00 8.9199299451761E-03
 1.5047644841656E-03 8.9199299451761E-03-1.9284165162300E-01-5.1961524227066E-12
-4.4631478291624E-01 1.9284165162731E-01-4.4631478291797E-01 3.2600309991000E-02
-1.7505326459657E-02 2.0497078887113E-02-3.7420995849859E-03 0.0000000000000E+00
 4.2282135342140E-04-2.0497078887611E-03 0.0000000000000E+00 1.0000000000000E-12
-9.4000000000000E-11-9.0000000000000E-12 1.1530967810000E-02 0.0000000000000E+00
-1.1530967810000E-02-1.0861316523800E-01-3.0000000000000E-12 1.0861316523100E-01
-7.5730349011100E-01-9.0000000000000E-12 7.5730349006300E-01 1.5047644840000E-03
 0.0000000000000E+00-8.9199299451761E-03-1.5047644841656E-03 8.9199299451761E-03
 1.9284165162300E-01-5.1961524227066E-12 4.4631478291624E-01-1.9284165162731E-01
-4.4631478291797E-01 3.2600309991000E-02 1.7505326459657E-02 2.0497078887113E-02
-3.7420995849859E-03 0.0000000000000E+00-4.2282135342140E-04-2.0497078887611E-03
 0.0000000000000E+00 1.0000000000000E-12-9.6000000000000E-11-9.0000000000000E-12
 0.0000000000000E+00-1.1530967810000E-02-1.1530967810000E-02 3.0000000000000E-12
 1.0861316523800E-01 1.0861316523100E-01 9.0000000000000E-12 7.5730349011100E-01
 7.5730349006200E-01 1.5047644840000E-03 8.9199299451761E-03 0.0000000000000E+00
 1.5047644841656E-03 8.9199299451761E-03 1.9284165162300E-01-4.4631478291624E-01
 6.9282032302755E-12 1.9284165162731E-01-4.4631478291797E-01 3.2600309991000E-02
-2.0497078887113E-02-1.7505326459657E-02 3.7420995849859E-03 0.0000000000000E+00
-2.0497078887611E-03-4.2282135342140E-04 0.0000000000000E+00 0.0000000000000E+00
 0.0000000000000E+00 0.0000000000000E+00 0.0000000000000E+00-3.0000000000000E-12
 0.0000000000000E+00 0.0000000000000E+00-1.5000000000000E-11 0.0000000000000E+00
 0.0000000000000E+00 1.6400000000000E-10 0.0000000000000E+00 0.0000000000000E+00
 3.5000000000000E-11 0.0000000000000E+00 0.0000000000000E+00 0.0000000000000E+00
 0.0000000000000E+00 0.0000000000000E+00 0.0000000000000E+00 0.0000000000000E+00
 0.0000000000000E+00 0.0000000000000E+00-3.4641016151378E-12 0.0000000000000E+00
 0.0000000000000E+00 0.0000000000000E+00 0.0000000000000E+00-6.4085879880048E-11
 0.0000000000000E+00 0.0000000000000E+00 0.0000000000000E+00-5.3826447805489E-03
 0.0000000000000E+00 0.0000000000000E+00 0.0000000000000E+00-5.3826447809226E-04
 0.0000000000000E+00 0.0000000000000E+00 7.0660352860935E-01 0.0000000000000E+00
 0.0000000000000E+00 0.0000000000000E+00 7.0660352861067E-02 0.0000000000000E+00
 0.0000000000000E+00 0.0000000000000E+00-6.8779891947698E-02 0.0000000000000E+00
 0.0000000000000E+00 0.0000000000000E+00-1.6376164750086E-03 0.0000000000000E+00
 0.0000000000000E+00 0.0000000000000E+00 1.0000000000000E-12-9.6000000000000E-11
-9.0000000000000E-12 0.0000000000000E+00 1.1530967810000E-02 1.1530967810000E-02
 3.0000000000000E-12-1.0861316523800E-01-1.0861316523100E-01 9.0000000000000E-12
-7.5730349011100E-01-7.5730349006200E-01 1.5047644840000E-03-8.9199299451761E-03
 0.0000000000000E+00 1.5047644841656E-03-8.9199299451761E-03 1.9284165162300E-01
 4.4631478291624E-01 6.9282032302755E-12 1.9284165162731E-01 4.4631478291797E-01
-3.2600309991000E-02-2.0497078887113E-02 1.7505326459657E-02-3.7420995849859E-03
 0.0000000000000E+00-2.0497078887611E-03 4.2282135342140E-04 0.0000000000000E+00
-1.0000000000000E-12 9.6000000000000E-11 9.0000000000000E-12 0.0000000000000E+00
 1.1530967810000E-02-1.1530967810000E-02 3.0000000000000E-12-1.0861316523800E-01
 1.0861316523100E-01 9.0000000000000E-12-7.5730349011100E-01 7.5730349006200E-01
-1.5047644840000E-03-8.9199299451761E-03 0.0000000000000E+00-1.5047644841656E-03
 8.9199299451761E-03-1.9284165162300E-01 4.4631478291624E-01 6.9282032302755E-12
-1.9284165162731E-01-4.4631478291797E-01 3.2600309991000E-02-2.0497078887113E-02
 1.7505326459657E-02 3.7420995849859E-03 0.0000000000000E+00-2.0497078887611E-03
 4.2282135342140E-04 0.0000000000000E+00-1.0000000000000E-12 9.6000000000000E-11
 9.0000000000000E-12 0.0000000000000E+00-1.1530967810000E-02 1.1530967810000E-02
 3.0000000000000E-12 1.0861316523800E-01-1.0861316523100E-01 9.0000000000000E-12
 7.5730349011100E-01-7.5730349006200E-01-1.5047644840000E-03 8.9199299451761E-03
 0.0000000000000E+00-1.5047644841656E-03-8.9199299451761E-03-1.9284165162300E-01
-4.4631478291624E-01 6.9282032302755E-12-1.9284165162731E-01 4.4631478291797E-01
-3.2600309991000E-02-2.0497078887113E-02-1.7505326459657E-02-3.7420995849859E-03
 0.0000000000000E+00-2.0497078887611E-03-4.2282135342140E-04 0.0000000000000E+00
 0.0000000000000E+00-3.0000000000000E-12 0.0000000000000E+00-1.1530967810000E-02
 1.1530967810000E-02 0.0000000000000E+00 1.0861316523500E-01-1.0861316523500E-01
 0.0000000000000E+00 7.5730349008700E-01-7.5730349008600E-01 0.0000000000000E+00
 0.0000000000000E+00-8.9199299451761E-03 8.9199299451761E-03-3.0095289683312E-03
 0.0000000000000E+00 0.0000000000000E+00 4.4631478291624E-01-4.4631478291624E-01
-3.8568330324769E-01 0.0000000000000E+00 0.0000000000000E+00 1.2051714642601E-03
-1.2051714642601E-03-8.1988315550323E-03 0.0000000000000E+00 2.2938711458522E-03
 2.2938711458522E-03 0.0000000000000E+00 0.0000000000000E+00 0.0000000000000E+00
 0.0000000000000E+00 0.0000000000000E+00 0.0000000000000E+00 0.0000000000000E+00
 0.0000000000000E+00 0.0000000000000E+00 0.0000000000000E+00 1.0000000000000E-12
 0.0000000000000E+00 0.0000000000000E+00-5.0000000000000E-12 0.0000000000000E+00
 0.0000000000000E+00-1.0000000000000E-12 0.0000000000000E+00 0.0000000000000E+00
 0.0000000000000E+00 0.0000000000000E+00 0.0000000000000E+00 0.0000000000000E+00
 0.0000000000000E+00 0.0000000000000E+00 0.0000000000000E+00 0.0000000000000E+00
 0.0000000000000E+00 0.0000000000000E+00 0.0000000000000E+00 0.0000000000000E+00
 3.4641016151378E-12 0.0000000000000E+00 0.0000000000000E+00 0.0000000000000E+00
-2.1530579122334E-03 0.0000000000000E+00 0.0000000000000E+00 0.0000000000000E+00
 1.0000000000000E-12 0.0000000000000E+00 0.0000000000000E+00 2.8264141144396E-01
 0.0000000000000E+00 0.0000000000000E+00 0.0000000000000E+00 0.0000000000000E+00
 0.0000000000000E+00 0.0000000000000E+00 0.0000000000000E+00 0.0000000000000E+00
 0.0000000000000E+00 0.0000000000000E+00 0.0000000000000E+00-1.6376164749560E-03
 0.0000000000000E+00 0.0000000000000E+00 3.0000000000000E-12 0.0000000000000E+00
 1.1530967810000E-02 1.1530967810000E-02 0.0000000000000E+00-1.0861316523500E-01
-1.0861316523500E-01 0.0000000000000E+00-7.5730349008700E-01-7.5730349008600E-01
 0.0000000000000E+00 0.0000000000000E+00-8.9199299451761E-03-8.9199299451761E-03
 3.0095289683312E-03 0.0000000000000E+00 0.0000000000000E+00 4.4631478291624E-01
 4.4631478291624E-01 3.8568330324769E-01 0.0000000000000E+00 0.0000000000000E+00
-1.2051714642601E-03-1.2051714642601E-03-8.1988315550323E-03 0.0000000000000E+00
-2.2938711458522E-03 2.2938711458522E-03 0.0000000000000E+00 0.0000000000000E+00
 3.0000000000000E-12 0.0000000000000E+00-1.1530967810000E-02-1.1530967810000E-02
 0.0000000000000E+00 1.0861316523500E-01 1.0861316523500E-01 0.0000000000000E+00
 7.5730349008700E-01 7.5730349008600E-01 0.0000000000000E+00 0.0000000000000E+00
 8.9199299451761E-03 8.9199299451761E-03 3.0095289683312E-03 0.0000000000000E+00
 0.0000000000000E+00-4.4631478291624E-01-4.4631478291624E-01 3.8568330324769E-01
 0.0000000000000E+00 0.0000000000000E+00 1.2051714642601E-03 1.2051714642601E-03
-8.1988315550323E-03 0.0000000000000E+00 2.2938711458522E-03-2.2938711458522E-03
 0.0000000000000E+00 0.0000000000000E+00-3.0000000000000E-12 0.0000000000000E+00
 1.1530967810000E-02-1.1530967810000E-02 0.0000000000000E+00-1.0861316523500E-01
 1.0861316523500E-01 0.0000000000000E+00-7.5730349008700E-01 7.5730349008600E-01
 0.0000000000000E+00 0.0000000000000E+00 8.9199299451761E-03-8.9199299451761E-03
-3.0095289683312E-03 0.0000000000000E+00 0.0000000000000E+00-4.4631478291624E-01
 4.4631478291624E-01-3.8568330324769E-01 0.0000000000000E+00 0.0000000000000E+00
-1.2051714642601E-03 1.2051714642601E-03-8.1988315550323E-03 0.0000000000000E+00
-2.2938711458522E-03-2.2938711458522E-03 1.1138576652000E-02-4.5776936253800E-01
 2.8694915205500E+00 4.2816071087600E-01 1.4171566007000E-02 1.4171566007000E-02
 1.5675178588000E-02-4.2408326060000E-03-4.2408326060000E-03-1.7195498038300E-01
-1.4846960675450E+00-1.4846960675440E+00 1.9215747816300E-01 1.3236128378500E-02
 2.1165906462904E-02 2.1165906462904E-02 0.0000000000000E+00-1.6819204213120E-03
-1.9771487155550E-01-2.0465814141535E-01-2.0465814141535E-01 0.0000000000000E+00
 4.7668604556865E-01-9.1232880510000E-03 7.0540976617306E-03 7.0540976617306E-03
 0.0000000000000E+00 2.5092443810833E-03 1.9612437961366E-03-1.9612437961366E-03
 0.0000000000000E+00 0.0000000000000E+00 0.0000000000000E+00 0.0000000000000E+00
 0.0000000000000E+00 0.0000000000000E+00 0.0000000000000E+00-1.1769283333200E-01
 0.0000000000000E+00 0.0000000000000E+00-1.3814099532600E-01 0.0000000000000E+00
 0.0000000000000E+00 6.0442734529250E+00 0.0000000000000E+00 0.0000000000000E+00
 8.9794496839900E-01 0.0000000000000E+00 0.0000000000000E+00 0.0000000000000E+00
 0.0000000000000E+00-1.1369465167503E-01 0.0000000000000E+00 0.0000000000000E+00
 0.0000000000000E+00 0.0000000000000E+00-6.1637956156061E-01 0.0000000000000E+00
 0.0000000000000E+00 0.0000000000000E+00 0.0000000000000E+00 1.8764891483478E+00
-9.3187919683000E-02 0.0000000000000E+00 0.0000000000000E+00 0.0000000000000E+00
 0.0000000000000E+00 0.0000000000000E+00 0.0000000000000E+00 1.3613864673510E+00
 0.0000000000000E+00 0.0000000000000E+00-1.2909944487358E-13 0.0000000000000E+00
 0.0000000000000E+00 0.0000000000000E+00 0.0000000000000E+00 0.0000000000000E+00
 0.0000000000000E+00 0.0000000000000E+00-7.1074117445228E-03 0.0000000000000E+00
 0.0000000000000E+00 0.0000000000000E+00 0.0000000000000E+00-1.1138576652000E-02
 4.5776936253800E-01-2.8694915205500E+00-4.2816071087600E-01-1.4171566007000E-02
 1.4171566007000E-02 1.5675178588000E-02 4.2408326060000E-03-4.2408326060000E-03
-1.7195498038300E-01 1.4846960675450E+00-1.4846960675440E+00 1.9215747816300E-01
-1.3236128378500E-02 2.1165906462904E-02-2.1165906462904E-02 0.0000000000000E+00
-1.6819204213120E-03 1.9771487155550E-01-2.0465814141535E-01 2.0465814141535E-01
 0.0000000000000E+00 4.7668604556865E-01-9.1232880510000E-03-7.0540976617306E-03
 7.0540976617306E-03 0.0000000000000E+00-2.5092443810833E-03-1.9612437961366E-03
-1.9612437961366E-03-1.1138576652000E-02 4.5776936253800E-01-2.8694915205500E+00
-4.2816071087600E-01 1.4171566007000E-02-1.4171566007000E-02 1.5675178588000E-02
-4.2408326060000E-03 4.2408326060000E-03-1.7195498038300E-01-1.4846960675450E+00
 1.4846960675440E+00 1.9215747816300E-01-1.3236128378500E-02-2.1165906462904E-02
 2.1165906462904E-02 0.0000000000000E+00-1.6819204213120E-03 1.9771487155550E-01
 2.0465814141535E-01-2.0465814141535E-01 0.0000000000000E+00 4.7668604556865E-01
-9.1232880510000E-03 7.0540976617306E-03-7.0540976617306E-03 0.0000000000000E+00
-2.5092443810833E-03 1.9612437961366E-03 1.9612437961366E-03 1.1138576652000E-02
-4.5776936253800E-01 2.8694915205500E+00 4.2816071087600E-01-1.4171566007000E-02
-1.4171566007000E-02 1.5675178588000E-02 4.2408326060000E-03 4.2408326060000E-03
-1.7195498038300E-01 1.4846960675450E+00 1.4846960675440E+00 1.9215747816300E-01
 1.3236128378500E-02-2.1165906462904E-02-2.1165906462904E-02 0.0000000000000E+00
-1.6819204213120E-03-1.9771487155550E-01 2.0465814141535E-01 2.0465814141535E-01
 0.0000000000000E+00 4.7668604556865E-01-9.1232880510000E-03-7.0540976617306E-03
-7.0540976617306E-03 0.0000000000000E+00 2.5092443810833E-03-1.9612437961366E-03
 1.9612437961366E-03-1.1138576652000E-02 4.5776936253700E-01-2.8694915205550E+00
-4.2816071087700E-01-1.4171566007000E-02 1.5675178587000E-02 1.4171566007000E-02
 4.2408326070000E-03-1.7195498038100E-01-4.2408326040000E-03 1.4846960675430E+00
 1.9215747816500E-01-1.4846960675480E+00 6.6180641890000E-03-1.6819204213120E-03
-2.1165906462904E-02 1.9854192567693E-02 2.1165906462904E-02-9.8857435777500E-02
 4.7668604556692E-01 2.0465814141881E-01-2.9657230733231E-01-2.0465814141708E-01
 1.8837510449000E-02 1.6472852886150E-02 2.2808220126091E-03-4.7053901096284E-03
-2.5092443810833E-03 3.9145125866886E-04 3.8013700213872E-04 0.0000000000000E+00
 0.0000000000000E+00 0.0000000000000E+00 0.0000000000000E+00 0.0000000000000E+00
 0.0000000000000E+00-1.1769283333200E-01 0.0000000000000E+00 0.0000000000000E+00
-1.3814099532800E-01 0.0000000000000E+00 0.0000000000000E+00 6.0442734529280E+00
 0.0000000000000E+00 0.0000000000000E+00 8.9794496840000E-01 0.0000000000000E+00
 0.0000000000000E+00-1.1369465167503E-01 0.0000000000000E+00 0.0000000000000E+00
 0.0000000000000E+00 0.0000000000000E+00-6.1637956156407E-01 0.0000000000000E+00
 0.0000000000000E+00 0.0000000000000E+00 0.0000000000000E+00 1.8764891483408E+00
 0.0000000000000E+00 0.0000000000000E+00 0.0000000000000E+00 0.0000000000000E+00
 0.0000000000000E+00 2.3296979920871E-02 0.0000000000000E+00 0.0000000000000E+00
 0.0000000000000E+00 3.8828299867506E-03 0.0000000000000E+00 0.0000000000000E+00
-3.4034661683896E-01 0.0000000000000E+00 0.0000000000000E+00 0.0000000000000E+00
-5.6724436139314E-02 0.0000000000000E+00 1.0661117616473E-02 0.0000000000000E+00
 0.0000000000000E+00 0.0000000000000E+00 1.7768529361025E-03 0.0000000000000E+00
 0.0000000000000E+00 0.0000000000000E+00 1.1138576652000E-02-4.5776936253700E-01
 2.8694915205550E+00 4.2816071087700E-01 1.4171566007000E-02 1.5675178587000E-02
 1.4171566007000E-02-4.2408326070000E-03-1.7195498038100E-01-4.2408326040000E-03
-1.4846960675430E+00 1.9215747816500E-01-1.4846960675480E+00-6.6180641890000E-03
-1.6819204213120E-03 2.1165906462904E-02-1.9854192567693E-02 2.1165906462904E-02
 9.8857435777500E-02 4.7668604556692E-01-2.0465814141881E-01 2.9657230733231E-01
-2.0465814141708E-01 1.8837510449000E-02-1.6472852886150E-02 2.2808220126091E-03
-4.7053901096284E-03 2.5092443810833E-03-3.9145125866886E-04 3.8013700213872E-04
-1.1138576652000E-02 4.5776936253700E-01-2.8694915205550E+00-4.2816071087700E-01
 1.4171566007000E-02 1.5675178587000E-02-1.4171566007000E-02-4.2408326070000E-03
-1.7195498038100E-01 4.2408326040000E-03-1.4846960675430E+00 1.9215747816500E-01
 1.4846960675480E+00 6.6180641890000E-03-1.6819204213120E-03 2.1165906462904E-02
 1.9854192567693E-02-2.1165906462904E-02-9.8857435777500E-02 4.7668604556692E-01
-2.0465814141881E-01-2.9657230733231E-01 2.0465814141708E-01-1.8837510449000E-02
-1.6472852886150E-02 2.2808220126091E-03 4.7053901096284E-03-2.5092443810833E-03
-3.9145125866886E-04 3.8013700213872E-04 1.1138576652000E-02-4.5776936253700E-01
 2.8694915205550E+00 4.2816071087700E-01-1.4171566007000E-02 1.5675178587000E-02
-1.4171566007000E-02 4.2408326070000E-03-1.7195498038100E-01 4.2408326040000E-03
 1.4846960675430E+00 1.9215747816500E-01 1.4846960675480E+00-6.6180641890000E-03
-1.6819204213120E-03-2.1165906462904E-02-1.9854192567693E-02-2.1165906462904E-02
 9.8857435777500E-02 4.7668604556692E-01 2.0465814141881E-01 2.9657230733231E-01
 2.0465814141708E-01-1.8837510449000E-02 1.6472852886150E-02 2.2808220126091E-03
 4.7053901096284E-03 2.5092443810833E-03 3.9145125866886E-04 3.8013700213872E-04
 1.1138576652000E-02-4.5776936253700E-01 2.8694915205860E+00 4.2816071088000E-01
-1.5675178587000E-02 1.4171566007000E-02-1.4171566007000E-02 1.7195498037900E-01
-4.2408326080000E-03 4.2408326060000E-03-1.9215747816800E-01-1.4846960675490E+00
 1.4846960675540E+00-6.6180641890000E-03 2.1165906462904E-02 1.6819204213120E-03
 1.9854192567693E-02-2.1165906462904E-02 9.8857435777500E-02-2.0465814141881E-01
-4.7668604556692E-01-2.9657230733231E-01 2.0465814141708E-01-1.8837510449000E-02
-2.2808220126091E-03-1.6472852886150E-02-4.7053901096284E-03 2.5092443810833E-03
 3.8013700213872E-04 3.9145125866886E-04 0.0000000000000E+00 0.0000000000000E+00
 0.0000000000000E+00 0.0000000000000E+00 0.0000000000000E+00 1.1769283333300E-01
 0.0000000000000E+00 0.0000000000000E+00 1.3814099533300E-01 0.0000000000000E+00
 0.0000000000000E+00-6.0442734529760E+00 0.0000000000000E+00 0.0000000000000E+00
-8.9794496841300E-01 0.0000000000000E+00 0.0000000000000E+00 0.0000000000000E+00
 0.0000000000000E+00 1.1369465167330E-01 0.0000000000000E+00 0.0000000000000E+00
 0.0000000000000E+00 0.0000000000000E+00 6.1637956156754E-01 0.0000000000000E+00
 0.0000000000000E+00 0.0000000000000E+00 0.0000000000000E+00-1.8764891483131E+00
 0.0000000000000E+00 0.0000000000000E+00 0.0000000000000E+00-2.3296979920871E-02
 0.0000000000000E+00 0.0000000000000E+00 0.0000000000000E+00 3.8828299867506E-03
 0.0000000000000E+00 0.0000000000000E+00 3.4034661683815E-01 0.0000000000000E+00
 0.0000000000000E+00 0.0000000000000E+00-5.6724436139208E-02 0.0000000000000E+00
 0.0000000000000E+00 0.0000000000000E+00-1.0661117616789E-02 0.0000000000000E+00
 0.0000000000000E+00 0.0000000000000E+00 1.7768529361224E-03 0.0000000000000E+00
 0.0000000000000E+00 1.1138576652000E-02-4.5776936253700E-01 2.8694915205860E+00
 4.2816071088000E-01-1.5675178587000E-02-1.4171566007000E-02 1.4171566007000E-02
 1.7195498037900E-01 4.2408326080000E-03-4.2408326060000E-03-1.9215747816800E-01
 1.4846960675490E+00-1.4846960675540E+00-6.6180641890000E-03-2.1165906462904E-02
 1.6819204213120E-03 1.9854192567693E-02 2.1165906462904E-02 9.8857435777500E-02
 2.0465814141881E-01-4.7668604556692E-01-2.9657230733231E-01-2.0465814141708E-01
 1.8837510449000E-02-2.2808220126091E-03 1.6472852886150E-02 4.7053901096284E-03
 2.5092443810833E-03 3.8013700213872E-04-3.9145125866886E-04-1.1138576652000E-02
 4.5776936253700E-01-2.8694915205860E+00-4.2816071088000E-01-1.5675178587000E-02
-1.4171566007000E-02-1.4171566007000E-02 1.7195498037900E-01 4.2408326080000E-03
 4.2408326060000E-03-1.9215747816800E-01 1.4846960675490E+00 1.4846960675540E+00
 6.6180641890000E-03-2.1165906462904E-02 1.6819204213120E-03-1.9854192567693E-02
-2.1165906462904E-02-9.8857435777500E-02 2.0465814141881E-01-4.7668604556692E-01
 2.9657230733231E-01 2.0465814141708E-01-1.8837510449000E-02-2.2808220126091E-03
 1.6472852886150E-02-4.7053901096284E-03-2.5092443810833E-03 3.8013700213872E-04
-3.9145125866886E-04-1.1138576652000E-02 4.5776936253700E-01-2.8694915205860E+00
-4.2816071088000E-01-1.5675178587000E-02 1.4171566007000E-02 1.4171566007000E-02
 1.7195498037900E-01-4.2408326080000E-03-4.2408326060000E-03-1.9215747816800E-01
-1.4846960675490E+00-1.4846960675540E+00 6.6180641890000E-03 2.1165906462904E-02
 1.6819204213120E-03-1.9854192567693E-02 2.1165906462904E-02-9.8857435777500E-02
-2.0465814141881E-01-4.7668604556692E-01 2.9657230733231E-01-2.0465814141708E-01
 1.8837510449000E-02-2.2808220126091E-03-1.6472852886150E-02 4.7053901096284E-03
-2.5092443810833E-03 3.8013700213872E-04 3.9145125866886E-04-6.3413408370000E-03
 1.1998887088490E+00-3.9269724940360E+00-2.5289755682300E-01-4.2724302740000E-02
-4.2724302740000E-02 4.2724302740000E-02 5.6892224413000E-02 5.6892224413000E-02
-5.6892224414000E-02 1.0725906897560E+00 1.0725906897560E+00-1.0725906897530E+00
 0.0000000000000E+00-2.1079760033857E-02-2.1079760033857E-02 0.0000000000000E+00
 2.1079760033857E-02-5.0000000000000E-13 4.0120492349666E-01 4.0120492349666E-01
 0.0000000000000E+00-4.0120492350012E-01 2.2927846160000E-02 5.7319615403031E-03
 5.7319615403031E-03 0.0000000000000E+00-3.7478351004824E-03-9.5532692333932E-04
 9.5532692333932E-04-5.7219040085000E-02-3.7754655188300E-01-1.5837656147560E+00
 1.1014650605299E+01 3.4579036243580E+00 0.0000000000000E+00 0.0000000000000E+00
 0.0000000000000E+00 0.0000000000000E+00 0.0000000000000E+00 0.0000000000000E+00
 0.0000000000000E+00 0.0000000000000E+00 0.0000000000000E+00 0.0000000000000E+00
 0.0000000000000E+00 0.0000000000000E+00 0.0000000000000E+00 0.0000000000000E+00
 0.0000000000000E+00 0.0000000000000E+00 0.0000000000000E+00-5.0000000000000E-13
 0.0000000000000E+00 0.0000000000000E+00 0.0000000000000E+00 0.0000000000000E+00
 2.5000000000000E-12 0.0000000000000E+00 0.0000000000000E+00 8.6602540378444E-13
 0.0000000000000E+00 0.0000000000000E+00 0.0000000000000E+00 0.0000000000000E+00
 0.0000000000000E+00-2.8993016851456E-02 0.0000000000000E+00 0.0000000000000E+00
 0.0000000000000E+00 0.0000000000000E+00 0.0000000000000E+00 0.0000000000000E+00
 2.0475750465324E-01 0.0000000000000E+00 0.0000000000000E+00 7.6343791059000E-02
 0.0000000000000E+00 0.0000000000000E+00 0.0000000000000E+00 0.0000000000000E+00
 0.0000000000000E+00 0.0000000000000E+00 4.5442732772779E-04 0.0000000000000E+00
-6.3413408370000E-03 1.1998887088490E+00-3.9269724940360E+00-2.5289755682300E-01
-4.2724302740000E-02 4.2724302740000E-02-4.2724302740000E-02 5.6892224413000E-02
-5.6892224413000E-02 5.6892224414000E-02 1.0725906897560E+00-1.0725906897560E+00
 1.0725906897530E+00 0.0000000000000E+00 2.1079760033857E-02-2.1079760033857E-02
 0.0000000000000E+00-2.1079760033857E-02-5.0000000000000E-13-4.0120492349666E-01
 4.0120492349666E-01 0.0000000000000E+00 4.0120492350012E-01-2.2927846160000E-02
 5.7319615403031E-03-5.7319615403031E-03 0.0000000000000E+00-3.7478351004824E-03
-9.5532692333932E-04-9.5532692333932E-04-6.3413408370000E-03 1.1998887088490E+00
-3.9269724940360E+00-2.5289755682300E-01 4.2724302740000E-02-4.2724302740000E-02
-4.2724302740000E-02-5.6892224413000E-02 5.6892224413000E-02 5.6892224414000E-02
-1.0725906897560E+00 1.0725906897560E+00 1.0725906897530E+00 0.0000000000000E+00
-2.1079760033857E-02 2.1079760033857E-02 0.0000000000000E+00-2.1079760033857E-02
-5.0000000000000E-13 4.0120492349666E-01-4.0120492349666E-01 0.0000000000000E+00
 4.0120492350012E-01-2.2927846160000E-02-5.7319615403031E-03 5.7319615403031E-03
 0.0000000000000E+00-3.7478351004824E-03 9.5532692333932E-04 9.5532692333932E-04
-6.3413408370000E-03 1.1998887088490E+00-3.9269724940360E+00-2.5289755682300E-01
 4.2724302740000E-02 4.2724302740000E-02 4.2724302740000E-02-5.6892224413000E-02
-5.6892224413000E-02-5.6892224414000E-02-1.0725906897560E+00-1.0725906897560E+00
-1.0725906897530E+00 0.0000000000000E+00 2.1079760033857E-02 2.1079760033857E-02
 0.0000000000000E+00 2.1079760033857E-02-5.0000000000000E-13-4.0120492349666E-01
-4.0120492349666E-01 0.0000000000000E+00-4.0120492350012E-01 2.2927846160000E-02
-5.7319615403031E-03-5.7319615403031E-03 0.0000000000000E+00-3.7478351004824E-03
 9.5532692333932E-04-9.5532692333932E-04 0.0000000000000E+00-1.0000000000000E-12
 3.0000000000000E-12 0.0000000000000E+00-2.3874503424000E-02 0.0000000000000E+00
-2.3874503424000E-02 1.9126016341800E-01 0.0000000000000E+00 1.9126016341800E-01
-3.4021405153200E-01 0.0000000000000E+00-3.4021405153100E-01 2.6369005236000E-02
 0.0000000000000E+00 4.0324402934250E-02-2.6369005235537E-02 4.0324402934250E-02
-2.4340300460800E-01 0.0000000000000E+00-2.7865694161850E-01 2.4340300460801E-01
-2.7865694161850E-01-3.5375878600000E-03 1.2805870370520E-03 8.4538590275832E-03
 1.5847602884764E-04 0.0000000000000E+00-1.0778048692342E-04-8.4538590275392E-04
 0.0000000000000E+00 0.0000000000000E+00 0.0000000000000E+00 0.0000000000000E+00
 0.0000000000000E+00 0.0000000000000E+00 0.0000000000000E+00 0.0000000000000E+00
 0.0000000000000E+00 1.0000000000000E-12 0.0000000000000E+00 0.0000000000000E+00
-4.0000000000000E-12 0.0000000000000E+00 0.0000000000000E+00-2.0000000000000E-12
 0.0000000000000E+00 0.0000000000000E+00 0.0000000000000E+00 0.0000000000000E+00
 0.0000000000000E+00 0.0000000000000E+00 0.0000000000000E+00-3.4641016151378E-12
 0.0000000000000E+00 0.0000000000000E+00 0.0000000000000E+00 0.0000000000000E+00
 3.4641016151378E-12 0.0000000000000E+00 0.0000000000000E+00 0.0000000000000E+00
 0.0000000000000E+00 0.0000000000000E+00-1.1533514118291E-02 0.0000000000000E+00
 0.0000000000000E+00 0.0000000000000E+00 1.1533514118447E-03 0.0000000000000E+00
 0.0000000000000E+00-1.4637865971939E-01 0.0000000000000E+00 0.0000000000000E+00
 0.0000000000000E+00 1.4637865971907E-02 0.0000000000000E+00 6.1040850710662E-03
 0.0000000000000E+00 0.0000000000000E+00 0.0000000000000E+00-1.4533535883990E-04
 0.0000000000000E+00 0.0000000000000E+00 0.0000000000000E+00 0.0000000000000E+00
 1.0000000000000E-12-3.0000000000000E-12 0.0000000000000E+00 2.3874503424000E-02
 0.0000000000000E+00-2.3874503424000E-02-1.9126016341800E-01 0.0000000000000E+00
 1.9126016341800E-01 3.4021405153200E-01 0.0000000000000E+00-3.4021405153100E-01
-2.6369005236000E-02 0.0000000000000E+00-4.0324402934250E-02 2.6369005235537E-02
 4.0324402934250E-02 2.4340300460800E-01 0.0000000000000E+00 2.7865694161850E-01
-2.4340300460801E-01-2.7865694161850E-01-3.5375878600000E-03-1.2805870370520E-03
 8.4538590275832E-03 1.5847602884764E-04 0.0000000000000E+00 1.0778048692342E-04
-8.4538590275392E-04 0.0000000000000E+00-1.0000000000000E-12 3.0000000000000E-12
 0.0000000000000E+00 2.3874503424000E-02 0.0000000000000E+00 2.3874503424000E-02
-1.9126016341800E-01 0.0000000000000E+00-1.9126016341800E-01 3.4021405153200E-01
 0.0000000000000E+00 3.4021405153100E-01 2.6369005236000E-02 0.0000000000000E+00
-4.0324402934250E-02-2.6369005235537E-02-4.0324402934250E-02-2.4340300460800E-01
 0.0000000000000E+00 2.7865694161850E-01 2.4340300460801E-01 2.7865694161850E-01
 3.5375878600000E-03-1.2805870370520E-03 8.4538590275832E-03-1.5847602884764E-04
 0.0000000000000E+00 1.0778048692342E-04-8.4538590275392E-04 0.0000000000000E+00
 1.0000000000000E-12-3.0000000000000E-12 0.0000000000000E+00-2.3874503424000E-02
 0.0000000000000E+00 2.3874503424000E-02 1.9126016341800E-01 0.0000000000000E+00
-1.9126016341800E-01-3.4021405153200E-01 0.0000000000000E+00 3.4021405153100E-01
-2.6369005236000E-02 0.0000000000000E+00 4.0324402934250E-02 2.6369005235537E-02
-4.0324402934250E-02 2.4340300460800E-01 0.0000000000000E+00-2.7865694161850E-01
-2.4340300460801E-01 2.7865694161850E-01 3.5375878600000E-03 1.2805870370520E-03
 8.4538590275832E-03-1.5847602884764E-04 0.0000000000000E+00-1.0778048692342E-04
-8.4538590275392E-04 0.0000000000000E+00 0.0000000000000E+00-2.0000000000000E-12
 0.0000000000000E+00 0.0000000000000E+00 2.3874503424000E-02 2.3874503424000E-02
 0.0000000000000E+00-1.9126016341800E-01-1.9126016341800E-01 0.0000000000000E+00
 3.4021405153200E-01 3.4021405153200E-01-2.6369005236000E-02-4.0324402934250E-02
 0.0000000000000E+00-2.6369005235537E-02-4.0324402934250E-02 2.4340300460800E-01
 2.7865694161850E-01 0.0000000000000E+00 2.4340300460801E-01 2.7865694161850E-01
 3.5375878600000E-03-8.4538590275832E-03-1.2805870370520E-03 1.5847602884764E-04
 0.0000000000000E+00-8.4538590275392E-04-1.0778048692342E-04 0.0000000000000E+00
 0.0000000000000E+00 0.0000000000000E+00 0.0000000000000E+00 0.0000000000000E+00
 0.0000000000000E+00 0.0000000000000E+00 0.0000000000000E+00-1.0000000000000E-12
 0.0000000000000E+00 0.0000000000000E+00 3.0000000000000E-12 0.0000000000000E+00
 0.0000000000000E+00 1.0000000000000E-12 0.0000000000000E+00 0.0000000000000E+00
 0.0000000000000E+00 0.0000000000000E+00 0.0000000000000E+00 0.0000000000000E+00
 0.0000000000000E+00 0.0000000000000E+00 0.0000000000000E+00 3.4641016151378E-12
 0.0000000000000E+00 0.0000000000000E+00 0.0000000000000E+00 0.0000000000000E+00
-3.4641016151378E-12 0.0000000000000E+00 0.0000000000000E+00 0.0000000000000E+00
 1.1533514118291E-02 0.0000000000000E+00 0.0000000000000E+00 0.0000000000000E+00
 1.1533514118447E-03 0.0000000000000E+00 0.0000000000000E+00 1.4637865971939E-01
 0.0000000000000E+00 0.0000000000000E+00 0.0000000000000E+00 1.4637865971907E-02
 0.0000000000000E+00 0.0000000000000E+00 0.0000000000000E+00-6.1040850710662E-03
 0.0000000000000E+00 0.0000000000000E+00 0.0000000000000E+00-1.4533535883990E-04
 0.0000000000000E+00 0.0000000000000E+00 0.0000000000000E+00 0.0000000000000E+00
-2.0000000000000E-12 0.0000000000000E+00 0.0000000000000E+00-2.3874503424000E-02
-2.3874503424000E-02 0.0000000000000E+00 1.9126016341800E-01 1.9126016341800E-01
 0.0000000000000E+00-3.4021405153200E-01-3.4021405153200E-01-2.6369005236000E-02
 4.0324402934250E-02 0.0000000000000E+00-2.6369005235537E-02 4.0324402934250E-02
 2.4340300460800E-01-2.7865694161850E-01 0.0000000000000E+00 2.4340300460801E-01
-2.7865694161850E-01-3.5375878600000E-03-8.4538590275832E-03 1.2805870370520E-03
-1.5847602884764E-04 0.0000000000000E+00-8.4538590275392E-04 1.0778048692342E-04
 0.0000000000000E+00 0.0000000000000E+00 2.0000000000000E-12 0.0000000000000E+00
 0.0000000000000E+00-2.3874503424000E-02 2.3874503424000E-02 0.0000000000000E+00
 1.9126016341800E-01-1.9126016341800E-01 0.0000000000000E+00-3.4021405153200E-01
 3.4021405153200E-01 2.6369005236000E-02 4.0324402934250E-02 0.0000000000000E+00
 2.6369005235537E-02-4.0324402934250E-02-2.4340300460800E-01-2.7865694161850E-01
 0.0000000000000E+00-2.4340300460801E-01 2.7865694161850E-01 3.5375878600000E-03
-8.4538590275832E-03 1.2805870370520E-03 1.5847602884764E-04 0.0000000000000E+00
-8.4538590275392E-04 1.0778048692342E-04 0.0000000000000E+00 0.0000000000000E+00
 2.0000000000000E-12 0.0000000000000E+00 0.0000000000000E+00 2.3874503424000E-02
-2.3874503424000E-02 0.0000000000000E+00-1.9126016341800E-01 1.9126016341800E-01
 0.0000000000000E+00 3.4021405153200E-01-3.4021405153200E-01 2.6369005236000E-02
-4.0324402934250E-02 0.0000000000000E+00 2.6369005235537E-02 4.0324402934250E-02
-2.4340300460800E-01 2.7865694161850E-01 0.0000000000000E+00-2.4340300460801E-01
-2.7865694161850E-01-3.5375878600000E-03-8.4538590275832E-03-1.2805870370520E-03
-1.5847602884764E-04 0.0000000000000E+00-8.4538590275392E-04-1.0778048692342E-04
 0.0000000000000E+00 0.0000000000000E+00 0.0000000000000E+00 0.0000000000000E+00
 2.3874503424000E-02-2.3874503424000E-02 0.0000000000000E+00-1.9126016341800E-01
 1.9126016341800E-01 0.0000000000000E+00 3.4021405153200E-01-3.4021405153200E-01
 0.0000000000000E+00 0.0000000000000E+00 4.0324402934250E-02-4.0324402934250E-02
 5.2738010471940E-02 0.0000000000000E+00 0.0000000000000E+00-2.7865694161850E-01
 2.7865694161850E-01-4.8680600921603E-01 0.0000000000000E+00 0.0000000000000E+00
-4.8820689268992E-04 4.8820689268992E-04-3.3815436110317E-03 0.0000000000000E+00
 1.8701850139513E-04 1.8701850139513E-04 0.0000000000000E+00 0.0000000000000E+00
 0.0000000000000E+00 0.0000000000000E+00 0.0000000000000E+00 0.0000000000000E+00
 0.0000000000000E+00 0.0000000000000E+00 0.0000000000000E+00 0.0000000000000E+00
 0.0000000000000E+00 0.0000000000000E+00 0.0000000000000E+00-1.0000000000000E-12
 0.0000000000000E+00 0.0000000000000E+00 0.0000000000000E+00 0.0000000000000E+00
 0.0000000000000E+00 0.0000000000000E+00 0.0000000000000E+00 0.0000000000000E+00
 0.0000000000000E+00 0.0000000000000E+00 0.0000000000000E+00 0.0000000000000E+00
 0.0000000000000E+00 0.0000000000000E+00 0.0000000000000E+00 0.0000000000000E+00
 0.0000000000000E+00 0.0000000000000E+00 0.0000000000000E+00 0.0000000000000E+00
 0.0000000000000E+00 4.6134056473537E-03 0.0000000000000E+00 0.0000000000000E+00
 0.0000000000000E+00 0.0000000000000E+00 0.0000000000000E+00 0.0000000000000E+00
 5.8551463887796E-02 0.0000000000000E+00 0.0000000000000E+00 0.0000000000000E+00
 0.0000000000000E+00 0.0000000000000E+00 0.0000000000000E+00 0.0000000000000E+00
 0.0000000000000E+00 0.0000000000000E+00 0.0000000000000E+00 0.0000000000000E+00
-1.4533535883388E-04 0.0000000000000E+00 0.0000000000000E+00 0.0000000000000E+00
 0.0000000000000E+00-2.3874503424000E-02-2.3874503424000E-02 0.0000000000000E+00
 1.9126016341800E-01 1.9126016341800E-01 0.0000000000000E+00-3.4021405153200E-01
-3.4021405153200E-01 0.0000000000000E+00 0.0000000000000E+00 4.0324402934250E-02
 4.0324402934250E-02-5.2738010471940E-02 0.0000000000000E+00 0.0000000000000E+00
-2.7865694161850E-01-2.7865694161850E-01 4.8680600921603E-01 0.0000000000000E+00
 0.0000000000000E+00 4.8820689268992E-04 4.8820689268992E-04-3.3815436110317E-03
 0.0000000000000E+00-1.8701850139513E-04 1.8701850139513E-04 0.0000000000000E+00
 0.0000000000000E+00 0.0000000000000E+00 0.0000000000000E+00 2.3874503424000E-02
 2.3874503424000E-02 0.0000000000000E+00-1.9126016341800E-01-1.9126016341800E-01
 0.0000000000000E+00 3.4021405153200E-01 3.4021405153200E-01 0.0000000000000E+00
 0.0000000000000E+00-4.0324402934250E-02-4.0324402934250E-02-5.2738010471940E-02
 0.0000000000000E+00 0.0000000000000E+00 2.7865694161850E-01 2.7865694161850E-01
 4.8680600921603E-01 0.0000000000000E+00 0.0000000000000E+00-4.8820689268992E-04
-4.8820689268992E-04-3.3815436110317E-03 0.0000000000000E+00 1.8701850139513E-04
-1.8701850139513E-04 0.0000000000000E+00 0.0000000000000E+00 0.0000000000000E+00
 0.0000000000000E+00-2.3874503424000E-02 2.3874503424000E-02 0.0000000000000E+00
 1.9126016341800E-01-1.9126016341800E-01 0.0000000000000E+00-3.4021405153200E-01
 3.4021405153200E-01 0.0000000000000E+00 0.0000000000000E+00-4.0324402934250E-02
 4.0324402934250E-02 5.2738010471940E-02 0.0000000000000E+00 0.0000000000000E+00
 2.7865694161850E-01-2.7865694161850E-01-4.8680600921603E-01 0.0000000000000E+00
 0.0000000000000E+00 4.8820689268992E-04-4.8820689268992E-04-3.3815436110317E-03
 0.0000000000000E+00-1.8701850139513E-04-1.8701850139513E-04 0.0000000000000E+00
-1.2000000000000E-11-1.2000000000000E-11 0.0000000000000E+00 2.4083973520000E-03
 2.1997433250000E-03 4.6081406770000E-03-2.9867603556000E-02-2.7279992449000E-02
-5.7147596014000E-02 4.3240328064100E-01 3.9494156967400E-01 8.2734485030700E-01
 1.9314341819500E-02 4.2338196830340E-02 4.6354135931320E-02-8.7454256877494E-04
 8.8692332761660E-02-2.0769885776150E-01-3.4735664506486E-01-3.8030474483226E-01
 9.4044878321805E-03-7.2766138990405E-01-1.7926315155000E-02 3.1550226518683E-03
 2.9770098158135E-03 9.9642155801651E-06 0.0000000000000E+00-3.0909802333675E-04
 2.7278640694086E-04 0.0000000000000E+00 0.0000000000000E+00-1.7000000000000E-11
 7.3000000000000E-11 5.0000000000000E-12 0.0000000000000E+00 0.0000000000000E+00
 0.0000000000000E+00 0.0000000000000E+00 0.0000000000000E+00 0.0000000000000E+00
 0.0000000000000E+00 0.0000000000000E+00 0.0000000000000E+00 0.0000000000000E+00
 0.0000000000000E+00 0.0000000000000E+00 1.2038966596000E-02 0.0000000000000E+00
 0.0000000000000E+00-5.4511765785049E-04 0.0000000000000E+00-1.7311843354750E-01
 0.0000000000000E+00 0.0000000000000E+00 7.8387056116771E-03 0.0000000000000E+00
 1.3206652669470E+00 0.0000000000000E+00 0.0000000000000E+00-5.9798982849631E-02
 0.0000000000000E+00 0.0000000000000E+00 0.0000000000000E+00 0.0000000000000E+00
 0.0000000000000E+00 0.0000000000000E+00 0.0000000000000E+00 0.0000000000000E+00
 0.0000000000000E+00 0.0000000000000E+00 0.0000000000000E+00 0.0000000000000E+00
-1.8073922282301E-12 0.0000000000000E+00 0.0000000000000E+00 7.3266010788000E-02
 0.0000000000000E+00 0.0000000000000E+00 2.2116292608702E-04 0.0000000000000E+00
 0.0000000000000E+00 0.0000000000000E+00-6.1055008991937E-04 0.0000000000000E+00
 0.0000000000000E+00-1.2000000000000E-11-1.2000000000000E-11 0.0000000000000E+00
 2.4083973520000E-03-2.1997433250000E-03-4.6081406770000E-03-2.9867603556000E-02
 2.7279992449000E-02 5.7147596014000E-02 4.3240328064100E-01-3.9494156967400E-01
-8.2734485030700E-01 1.9314341819500E-02-4.2338196830340E-02 4.6354135931320E-02
-8.7454256877494E-04-8.8692332761660E-02-2.0769885776150E-01 3.4735664506486E-01
-3.8030474483226E-01 9.4044878321805E-03 7.2766138990405E-01 1.7926315155000E-02
 3.1550226518683E-03-2.9770098158135E-03-9.9642155801651E-06 0.0000000000000E+00
-3.0909802333675E-04-2.7278640694086E-04 0.0000000000000E+00-1.2000000000000E-11
-1.2000000000000E-11 0.0000000000000E+00-2.4083973520000E-03 2.1997433250000E-03
-4.6081406770000E-03 2.9867603556000E-02-2.7279992449000E-02 5.7147596014000E-02
-4.3240328064100E-01 3.9494156967400E-01-8.2734485030700E-01 1.9314341819500E-02
 4.2338196830340E-02-4.6354135931320E-02-8.7454256877494E-04-8.8692332761660E-02
-2.0769885776150E-01-3.4735664506486E-01 3.8030474483226E-01 9.4044878321805E-03
 7.2766138990405E-01 1.7926315155000E-02-3.1550226518683E-03 2.9770098158135E-03
-9.9642155801651E-06 0.0000000000000E+00 3.0909802333675E-04 2.7278640694086E-04
 0.0000000000000E+00-1.2000000000000E-11-1.2000000000000E-11 0.0000000000000E+00
-2.4083973520000E-03-2.1997433250000E-03 4.6081406770000E-03 2.9867603556000E-02
 2.7279992449000E-02-5.7147596014000E-02-4.3240328064100E-01-3.9494156967400E-01
 8.2734485030700E-01 1.9314341819500E-02-4.2338196830340E-02-4.6354135931320E-02
-8.7454256877494E-04 8.8692332761660E-02-2.0769885776150E-01 3.4735664506486E-01
 3.8030474483226E-01 9.4044878321805E-03-7.2766138990405E-01-1.7926315155000E-02
-3.1550226518683E-03-2.9770098158135E-03 9.9642155801651E-06 0.0000000000000E+00
 3.0909802333675E-04-2.7278640694086E-04 0.0000000000000E+00 1.0000000000000E-12
 0.0000000000000E+00 0.0000000000000E+00 3.9305336620000E-03-4.0510001200000E-03
-1.2046645800000E-04-4.8744290926000E-02 5.0238248895000E-02 1.4939579690000E-03
 7.0568739360100E-01-7.2731592251200E-01-2.1628528911000E-02-5.0491738750000E-04
-7.7969115052435E-02 7.5650511531423E-02-3.3453421346126E-02-2.3186035210115E-03
 5.4296835815000E-03 6.3968454614109E-01-6.2066195187190E-01 3.5974497431867E-01
 1.9022594270919E-02 4.6863146100000E-04 3.3245640501222E-03-3.4848682343536E-03
 3.8115595034654E-04 0.0000000000000E+00-6.8689883435189E-04-7.0211051329643E-04
 0.0000000000000E+00 0.0000000000000E+00 1.0000000000000E-12-3.0000000000000E-12
 3.0000000000000E-12 0.0000000000000E+00 0.0000000000000E+00 0.0000000000000E+00
 0.0000000000000E+00 0.0000000000000E+00 0.0000000000000E+00 0.0000000000000E+00
 0.0000000000000E+00 0.0000000000000E+00 0.0000000000000E+00 0.0000000000000E+00
 0.0000000000000E+00-3.1472382650000E-04 0.0000000000000E+00 0.0000000000000E+00
-2.0852101815763E-02 0.0000000000000E+00 4.5256787950000E-03 0.0000000000000E+00
 0.0000000000000E+00 2.9984992263447E-01 0.0000000000000E+00-3.4524958845500E-02
 0.0000000000000E+00 0.0000000000000E+00-2.2874593421403E+00 0.0000000000000E+00
 0.0000000000000E+00 0.0000000000000E+00 0.0000000000000E+00 0.0000000000000E+00
 0.0000000000000E+00 0.0000000000000E+00 0.0000000000000E+00 0.0000000000000E+00
 0.0000000000000E+00 0.0000000000000E+00 0.0000000000000E+00 1.2909944487358E-13
 0.0000000000000E+00 0.0000000000000E+00-1.9153271240000E-03 0.0000000000000E+00
 0.0000000000000E+00 8.4600302104047E-03 0.0000000000000E+00 0.0000000000000E+00
 0.0000000000000E+00 1.5961059364809E-05 0.0000000000000E+00 0.0000000000000E+00
 1.0000000000000E-12 0.0000000000000E+00 0.0000000000000E+00 3.9305336620000E-03
 4.0510001200000E-03 1.2046645800000E-04-4.8744290926000E-02-5.0238248895000E-02
-1.4939579690000E-03 7.0568739360100E-01 7.2731592251200E-01 2.1628528911000E-02
-5.0491738750000E-04 7.7969115052435E-02 7.5650511531423E-02-3.3453421346126E-02
 2.3186035210115E-03 5.4296835815000E-03-6.3968454614109E-01-6.2066195187190E-01
 3.5974497431867E-01-1.9022594270919E-02-4.6863146100000E-04 3.3245640501222E-03
 3.4848682343536E-03-3.8115595034654E-04 0.0000000000000E+00-6.8689883435189E-04
 7.0211051329643E-04 0.0000000000000E+00 1.0000000000000E-12 0.0000000000000E+00
 0.0000000000000E+00-3.9305336620000E-03-4.0510001200000E-03 1.2046645800000E-04
 4.8744290926000E-02 5.0238248895000E-02-1.4939579690000E-03-7.0568739360100E-01
-7.2731592251200E-01 2.1628528911000E-02-5.0491738750000E-04-7.7969115052435E-02
-7.5650511531423E-02-3.3453421346126E-02 2.3186035210115E-03 5.4296835815000E-03
 6.3968454614109E-01 6.2066195187190E-01 3.5974497431867E-01-1.9022594270919E-02
-4.6863146100000E-04-3.3245640501222E-03-3.4848682343536E-03-3.8115595034654E-04
 0.0000000000000E+00 6.8689883435189E-04-7.0211051329643E-04 0.0000000000000E+00
 1.0000000000000E-12 0.0000000000000E+00 0.0000000000000E+00-3.9305336620000E-03
 4.0510001200000E-03-1.2046645800000E-04 4.8744290926000E-02-5.0238248895000E-02
 1.4939579690000E-03-7.0568739360100E-01 7.2731592251200E-01-2.1628528911000E-02
-5.0491738750000E-04 7.7969115052435E-02-7.5650511531423E-02-3.3453421346126E-02
-2.3186035210115E-03 5.4296835815000E-03-6.3968454614109E-01 6.2066195187190E-01
 3.5974497431867E-01 1.9022594270919E-02 4.6863146100000E-04-3.3245640501222E-03
 3.4848682343536E-03 3.8115595034654E-04 0.0000000000000E+00 6.8689883435189E-04
 7.0211051329643E-04 2.3384093205000E-02-5.2935017149200E-01-5.4463440316070E+00
-5.3821635440100E-01-1.8956720394000E-02 3.3443558099000E-02 1.8956720395000E-02
 2.0793360256800E-01-2.8246442762900E-01-2.0793360257300E-01 1.2656747514260E+00
 2.3022257298980E+00-1.2656747514270E+00-5.0031325565000E-03-7.4931214374806E-03
-3.6985345921761E-02-1.5009397669743E-02 3.6985345921761E-02 6.6770653493500E-02
 3.5895239883388E-01 7.6420119303536E-01 2.0031196048514E-01-7.6420119303363E-01
 1.7123144472000E-02-5.1840663282680E-03 2.5917543221825E-03 3.7859409785117E-03
-3.9219789813644E-03-1.6599495976013E-03 4.3195905360840E-04 0.0000000000000E+00
 0.0000000000000E+00 0.0000000000000E+00 0.0000000000000E+00 0.0000000000000E+00
 0.0000000000000E+00-1.1865388906700E-01 0.0000000000000E+00 0.0000000000000E+00
-9.7301863356000E-02 0.0000000000000E+00 0.0000000000000E+00 7.3334079349100E+00
 0.0000000000000E+00 0.0000000000000E+00 6.6345323894400E-01 0.0000000000000E+00
 0.0000000000000E+00 7.9901333411951E-02 0.0000000000000E+00 0.0000000000000E+00
 0.0000000000000E+00 0.0000000000000E+00-2.6813914001494E+00 0.0000000000000E+00
 0.0000000000000E+00 0.0000000000000E+00 0.0000000000000E+00-5.1169121736613E+00
 0.0000000000000E+00 0.0000000000000E+00 0.0000000000000E+00 0.0000000000000E+00
 0.0000000000000E+00 9.8963596832443E-03 0.0000000000000E+00 0.0000000000000E+00
 0.0000000000000E+00 1.6493932805768E-03 0.0000000000000E+00 0.0000000000000E+00
 2.2210758571776E-01 0.0000000000000E+00 0.0000000000000E+00 0.0000000000000E+00
 3.7017930953371E-02 0.0000000000000E+00-3.2643668830935E-03 0.0000000000000E+00
 0.0000000000000E+00 0.0000000000000E+00-5.4406114727668E-04 0.0000000000000E+00
 0.0000000000000E+00 0.0000000000000E+00-2.3384093205000E-02 5.2935017149200E-01
 5.4463440316070E+00 5.3821635440100E-01 1.8956720394000E-02 3.3443558099000E-02
 1.8956720395000E-02-2.0793360256800E-01-2.8246442762900E-01-2.0793360257300E-01
-1.2656747514260E+00 2.3022257298980E+00-1.2656747514270E+00 5.0031325565000E-03
-7.4931214374806E-03 3.6985345921761E-02 1.5009397669743E-02 3.6985345921761E-02
-6.6770653493500E-02 3.5895239883388E-01-7.6420119303536E-01-2.0031196048514E-01
-7.6420119303363E-01 1.7123144472000E-02 5.1840663282680E-03 2.5917543221825E-03
 3.7859409785117E-03 3.9219789813644E-03 1.6599495976013E-03 4.3195905360840E-04
 2.3384093205000E-02-5.2935017149200E-01-5.4463440316070E+00-5.3821635440100E-01
 1.8956720394000E-02 3.3443558099000E-02-1.8956720395000E-02-2.0793360256800E-01
-2.8246442762900E-01 2.0793360257300E-01-1.2656747514260E+00 2.3022257298980E+00
 1.2656747514270E+00-5.0031325565000E-03-7.4931214374806E-03 3.6985345921761E-02
-1.5009397669743E-02-3.6985345921761E-02 6.6770653493500E-02 3.5895239883388E-01
-7.6420119303536E-01 2.0031196048514E-01 7.6420119303363E-01-1.7123144472000E-02
 5.1840663282680E-03 2.5917543221825E-03-3.7859409785117E-03-3.9219789813644E-03
 1.6599495976013E-03 4.3195905360840E-04-2.3384093205000E-02 5.2935017149200E-01
 5.4463440316070E+00 5.3821635440100E-01-1.8956720394000E-02 3.3443558099000E-02
-1.8956720395000E-02 2.0793360256800E-01-2.8246442762900E-01 2.0793360257300E-01
 1.2656747514260E+00 2.3022257298980E+00 1.2656747514270E+00 5.0031325565000E-03
-7.4931214374806E-03-3.6985345921761E-02 1.5009397669743E-02-3.6985345921761E-02
-6.6770653493500E-02 3.5895239883388E-01 7.6420119303536E-01-2.0031196048514E-01
 7.6420119303363E-01-1.7123144472000E-02-5.1840663282680E-03 2.5917543221825E-03
-3.7859409785117E-03 3.9219789813644E-03-1.6599495976013E-03 4.3195905360840E-04
-2.3384093206000E-02 5.2935017149100E-01 5.4463440316040E+00 5.3821635439800E-01
-3.3443558099000E-02 1.8956720394000E-02-1.8956720395000E-02 2.8246442762900E-01
-2.0793360257000E-01 2.0793360257500E-01-2.3022257299010E+00-1.2656747514220E+00
 1.2656747514230E+00 5.0031325565000E-03 3.6985345921761E-02 7.4931214357486E-03
-1.5009397669743E-02-3.6985345921761E-02-6.6770653494000E-02-7.6420119303710E-01
-3.5895239882348E-01 2.0031196048601E-01 7.6420119303536E-01-1.7123144472000E-02
-2.5917543221825E-03 5.1840663282680E-03 3.7859409785117E-03 3.9219789813644E-03
 4.3195905360840E-04-1.6599495976013E-03 0.0000000000000E+00 0.0000000000000E+00
 0.0000000000000E+00 0.0000000000000E+00 0.0000000000000E+00 1.1865388906700E-01
 0.0000000000000E+00 0.0000000000000E+00 9.7301863360000E-02 0.0000000000000E+00
 0.0000000000000E+00-7.3334079348970E+00 0.0000000000000E+00 0.0000000000000E+00
-6.6345323893700E-01 0.0000000000000E+00 0.0000000000000E+00 0.0000000000000E+00
 0.0000000000000E+00-7.9901333411951E-02 0.0000000000000E+00 0.0000000000000E+00
 0.0000000000000E+00 0.0000000000000E+00 2.6813914001581E+00 0.0000000000000E+00
 0.0000000000000E+00 0.0000000000000E+00 0.0000000000000E+00 5.1169121736578E+00
 0.0000000000000E+00 0.0000000000000E+00 0.0000000000000E+00-9.8963596832443E-03
 0.0000000000000E+00 0.0000000000000E+00 0.0000000000000E+00 1.6493932805768E-03
 0.0000000000000E+00 0.0000000000000E+00-2.2210758571899E-01 0.0000000000000E+00
 0.0000000000000E+00 0.0000000000000E+00 3.7017930953634E-02 0.0000000000000E+00
 0.0000000000000E+00 0.0000000000000E+00 3.2643668830935E-03 0.0000000000000E+00
 0.0000000000000E+00 0.0000000000000E+00-5.4406114729660E-04 0.0000000000000E+00
 0.0000000000000E+00-2.3384093206000E-02 5.2935017149100E-01 5.4463440316040E+00
 5.3821635439800E-01-3.3443558099000E-02-1.8956720394000E-02 1.8956720395000E-02
 2.8246442762900E-01 2.0793360257000E-01-2.0793360257500E-01-2.3022257299010E+00
 1.2656747514220E+00-1.2656747514230E+00 5.0031325565000E-03-3.6985345921761E-02
 7.4931214357486E-03-1.5009397669743E-02 3.6985345921761E-02-6.6770653494000E-02
 7.6420119303710E-01-3.5895239882348E-01 2.0031196048601E-01-7.6420119303536E-01
 1.7123144472000E-02-2.5917543221825E-03-5.1840663282680E-03-3.7859409785117E-03
 3.9219789813644E-03 4.3195905360840E-04 1.6599495976013E-03 2.3384093206000E-02
-5.2935017149100E-01-5.4463440316040E+00-5.3821635439800E-01-3.3443558099000E-02
-1.8956720394000E-02-1.8956720395000E-02 2.8246442762900E-01 2.0793360257000E-01
 2.0793360257500E-01-2.3022257299010E+00 1.2656747514220E+00 1.2656747514230E+00
-5.0031325565000E-03-3.6985345921761E-02 7.4931214357486E-03 1.5009397669743E-02
-3.6985345921761E-02 6.6770653494000E-02 7.6420119303710E-01-3.5895239882348E-01
-2.0031196048601E-01 7.6420119303536E-01-1.7123144472000E-02-2.5917543221825E-03
-5.1840663282680E-03 3.7859409785117E-03-3.9219789813644E-03 4.3195905360840E-04
 1.6599495976013E-03 2.3384093206000E-02-5.2935017149100E-01-5.4463440316040E+00
-5.3821635439800E-01-3.3443558099000E-02 1.8956720394000E-02 1.8956720395000E-02
 2.8246442762900E-01-2.0793360257000E-01-2.0793360257500E-01-2.3022257299010E+00
-1.2656747514220E+00-1.2656747514230E+00-5.0031325565000E-03 3.6985345921761E-02
 7.4931214357486E-03 1.5009397669743E-02 3.6985345921761E-02 6.6770653494000E-02
-7.6420119303710E-01-3.5895239882348E-01-2.0031196048601E-01-7.6420119303536E-01
 1.7123144472000E-02-2.5917543221825E-03 5.1840663282680E-03-3.7859409785117E-03
-3.9219789813644E-03 4.3195905360840E-04-1.6599495976013E-03-2.3384093206000E-02
 5.2935017149500E-01 5.4463440316030E+00 5.3821635439400E-01 1.8956720395000E-02
 1.8956720395000E-02 3.3443558099000E-02-2.0793360257700E-01-2.0793360257600E-01
-2.8246442762700E-01-1.2656747514200E+00-1.2656747514200E+00 2.3022257299040E+00
-1.0006265113500E-02 3.6985345921761E-02 3.6985345921761E-02 0.0000000000000E+00
-7.4931214357486E-03 1.3354130699050E-01-7.6420119304056E-01-7.6420119304056E-01
 0.0000000000000E+00 3.5895239881829E-01-1.0367017288000E-02-1.3745638564195E-02
-1.3745638564195E-02 0.0000000000000E+00 3.9219789814935E-03-2.3302089164453E-04
 2.3302089164453E-04 0.0000000000000E+00 0.0000000000000E+00 0.0000000000000E+00
 0.0000000000000E+00 0.0000000000000E+00 0.0000000000000E+00 0.0000000000000E+00
-1.1865388906700E-01 0.0000000000000E+00 0.0000000000000E+00-9.7301863352000E-02
 0.0000000000000E+00 0.0000000000000E+00 7.3334079348890E+00 0.0000000000000E+00
 0.0000000000000E+00 6.6345323892800E-01 0.0000000000000E+00 0.0000000000000E+00
 0.0000000000000E+00 0.0000000000000E+00 7.9901333413683E-02 0.0000000000000E+00
 0.0000000000000E+00 0.0000000000000E+00 0.0000000000000E+00-2.6813914001754E+00
 0.0000000000000E+00 0.0000000000000E+00 0.0000000000000E+00 0.0000000000000E+00
-5.1169121736543E+00-3.9585438734000E-02 0.0000000000000E+00 0.0000000000000E+00
 0.0000000000000E+00 0.0000000000000E+00 0.0000000000000E+00 0.0000000000000E+00
-8.8843034288900E-01 0.0000000000000E+00 0.0000000000000E+00 0.0000000000000E+00
 0.0000000000000E+00 0.0000000000000E+00 0.0000000000000E+00 0.0000000000000E+00
 0.0000000000000E+00 0.0000000000000E+00 0.0000000000000E+00 2.1762445889985E-03
 0.0000000000000E+00 0.0000000000000E+00 0.0000000000000E+00 0.0000000000000E+00
 2.3384093206000E-02-5.2935017149500E-01-5.4463440316030E+00-5.3821635439400E-01
-1.8956720395000E-02 1.8956720395000E-02 3.3443558099000E-02 2.0793360257700E-01
-2.0793360257600E-01-2.8246442762700E-01 1.2656747514200E+00-1.2656747514200E+00
 2.3022257299040E+00 1.0006265113500E-02 3.6985345921761E-02-3.6985345921761E-02
 0.0000000000000E+00-7.4931214357486E-03-1.3354130699050E-01-7.6420119304056E-01
 7.6420119304056E-01 0.0000000000000E+00 3.5895239881829E-01-1.0367017288000E-02
 1.3745638564195E-02-1.3745638564195E-02 0.0000000000000E+00-3.9219789814935E-03
 2.3302089164453E-04 2.3302089164453E-04 2.3384093206000E-02-5.2935017149500E-01
-5.4463440316030E+00-5.3821635439400E-01 1.8956720395000E-02-1.8956720395000E-02
 3.3443558099000E-02-2.0793360257700E-01 2.0793360257600E-01-2.8246442762700E-01
-1.2656747514200E+00 1.2656747514200E+00 2.3022257299040E+00 1.0006265113500E-02
-3.6985345921761E-02 3.6985345921761E-02 0.0000000000000E+00-7.4931214357486E-03
-1.3354130699050E-01 7.6420119304056E-01-7.6420119304056E-01 0.0000000000000E+00
 3.5895239881829E-01-1.0367017288000E-02-1.3745638564195E-02 1.3745638564195E-02
 0.0000000000000E+00-3.9219789814935E-03-2.3302089164453E-04-2.3302089164453E-04
-2.3384093206000E-02 5.2935017149500E-01 5.4463440316030E+00 5.3821635439400E-01
-1.8956720395000E-02-1.8956720395000E-02 3.3443558099000E-02 2.0793360257700E-01
 2.0793360257600E-01-2.8246442762700E-01 1.2656747514200E+00 1.2656747514200E+00
 2.3022257299040E+00-1.0006265113500E-02-3.6985345921761E-02-3.6985345921761E-02
 0.0000000000000E+00-7.4931214357486E-03 1.3354130699050E-01 7.6420119304056E-01
 7.6420119304056E-01 0.0000000000000E+00 3.5895239881829E-01-1.0367017288000E-02
 1.3745638564195E-02 1.3745638564195E-02 0.0000000000000E+00 3.9219789814935E-03
 2.3302089164453E-04-2.3302089164453E-04 7.1827842470000E-03-1.1262093613300E-01
 2.4853610915180E+00 8.0807495916900E-01-1.4126338804000E-02 1.8809361516000E-02
 1.4126338804000E-02 2.5402040433500E-01-8.3358236208000E-02-2.5402040433800E-01
-9.9587701276900E-01-3.8665348897000E-02 9.9587701276900E-01-5.4571606100000E-04
 1.2591516184627E-01-1.8777090041400E-03-1.6371481827257E-03 1.8777090058720E-03
 3.9276267591000E-02-1.2833315487823E+00 1.3305746896910E-01 1.1782880277511E-01
-1.3305746896737E-01-2.5695580460000E-03-9.5892371369196E-03-2.8585384264742E-03
 3.5787390502396E-03-8.4199309124149E-04-7.8761984393048E-04-4.7642307114374E-04
 0.0000000000000E+00 0.0000000000000E+00 0.0000000000000E+00 0.0000000000000E+00
 0.0000000000000E+00 0.0000000000000E+00 8.7722839317000E-02 0.0000000000000E+00
 0.0000000000000E+00-7.9496793336000E-02 0.0000000000000E+00 0.0000000000000E+00
-4.3116702686060E+00 0.0000000000000E+00 0.0000000000000E+00-1.8936194676370E+00
 0.0000000000000E+00 0.0000000000000E+00 1.6351859803324E-01 0.0000000000000E+00
 0.0000000000000E+00 0.0000000000000E+00 0.0000000000000E+00-8.5698866315674E-01
 0.0000000000000E+00 0.0000000000000E+00 0.0000000000000E+00 0.0000000000000E+00
 2.1022076903672E+00 0.0000000000000E+00 0.0000000000000E+00 0.0000000000000E+00
 0.0000000000000E+00 0.0000000000000E+00 1.7412458895026E-03 0.0000000000000E+00
 0.0000000000000E+00 0.0000000000000E+00 2.9020764829080E-04 0.0000000000000E+00
 0.0000000000000E+00 1.7044152237626E-01 0.0000000000000E+00 0.0000000000000E+00
 0.0000000000000E+00 2.8406920396279E-02 0.0000000000000E+00-4.3989324711162E-03
 0.0000000000000E+00 0.0000000000000E+00 0.0000000000000E+00-7.3315541191133E-04
 0.0000000000000E+00 0.0000000000000E+00 0.0000000000000E+00-7.1827842470000E-03
 1.1262093613300E-01-2.4853610915180E+00-8.0807495916900E-01 1.4126338804000E-02
 1.8809361516000E-02 1.4126338804000E-02-2.5402040433500E-01-8.3358236208000E-02
-2.5402040433800E-01 9.9587701276900E-01-3.8665348897000E-02 9.9587701276900E-01
 5.4571606100000E-04 1.2591516184627E-01 1.8777090041400E-03 1.6371481827257E-03
 1.8777090058720E-03-3.9276267591000E-02-1.2833315487823E+00-1.3305746896910E-01
-1.1782880277511E-01-1.3305746896737E-01-2.5695580460000E-03 9.5892371369196E-03
-2.8585384264742E-03 3.5787390502396E-03 8.4199309124149E-04 7.8761984393048E-04
-4.7642307114374E-04 7.1827842470000E-03-1.1262093613300E-01 2.4853610915180E+00
 8.0807495916900E-01 1.4126338804000E-02 1.8809361516000E-02-1.4126338804000E-02
-2.5402040433500E-01-8.3358236208000E-02 2.5402040433800E-01 9.9587701276900E-01
-3.8665348897000E-02-9.9587701276900E-01-5.4571606100000E-04 1.2591516184627E-01
 1.8777090041400E-03-1.6371481827257E-03-1.8777090058720E-03 3.9276267591000E-02
-1.2833315487823E+00-1.3305746896910E-01 1.1782880277511E-01 1.3305746896737E-01
 2.5695580460000E-03 9.5892371369196E-03-2.8585384264742E-03-3.5787390502396E-03
-8.4199309124149E-04 7.8761984393048E-04-4.7642307114374E-04-7.1827842470000E-03
 1.1262093613300E-01-2.4853610915180E+00-8.0807495916900E-01-1.4126338804000E-02
 1.8809361516000E-02-1.4126338804000E-02 2.5402040433500E-01-8.3358236208000E-02
 2.5402040433800E-01-9.9587701276900E-01-3.8665348897000E-02-9.9587701276900E-01
 5.4571606100000E-04 1.2591516184627E-01-1.8777090041400E-03 1.6371481827257E-03
-1.8777090058720E-03-3.9276267591000E-02-1.2833315487823E+00 1.3305746896910E-01
-1.1782880277511E-01 1.3305746896737E-01 2.5695580460000E-03-9.5892371369196E-03
-2.8585384264742E-03-3.5787390502396E-03 8.4199309124149E-04-7.8761984393048E-04
-4.7642307114374E-04-7.1827842470000E-03 1.1262093612600E-01-2.4853610916090E+00
-8.0807495917900E-01 1.4126338804000E-02 1.4126338804000E-02 1.8809361515000E-02
-2.5402040433300E-01-2.5402040433300E-01-8.3358236203000E-02 9.9587701279000E-01
 9.9587701279000E-01-3.8665348931000E-02-1.0914321215000E-03 1.8777090041400E-03
 1.8777090041400E-03 0.0000000000000E+00 1.2591516184627E-01 7.8552535182000E-02
-1.3305746896044E-01-1.3305746895871E-01 0.0000000000000E+00-1.2833315487875E+00
 1.1434153707000E-02-8.3044581137487E-03-8.3044581137487E-03 0.0000000000000E+00
 8.4199309124149E-04-1.0017496811664E-03 1.0017496811664E-03 0.0000000000000E+00
 0.0000000000000E+00 0.0000000000000E+00 0.0000000000000E+00 0.0000000000000E+00
 0.0000000000000E+00 0.0000000000000E+00 8.7722839319000E-02 0.0000000000000E+00
 0.0000000000000E+00-7.9496793331000E-02 0.0000000000000E+00 0.0000000000000E+00
-4.3116702687360E+00 0.0000000000000E+00 0.0000000000000E+00-1.8936194676520E+00
 0.0000000000000E+00 0.0000000000000E+00 0.0000000000000E+00 0.0000000000000E+00
 1.6351859803324E-01 0.0000000000000E+00 0.0000000000000E+00 0.0000000000000E+00
 0.0000000000000E+00-8.5698866312210E-01 0.0000000000000E+00 0.0000000000000E+00
 0.0000000000000E+00 0.0000000000000E+00 2.1022076904503E+00-6.9649835590000E-03
 0.0000000000000E+00 0.0000000000000E+00 0.0000000000000E+00 0.0000000000000E+00
 0.0000000000000E+00 0.0000000000000E+00-6.8176608949600E-01 0.0000000000000E+00
 0.0000000000000E+00 0.0000000000000E+00 0.0000000000000E+00 0.0000000000000E+00
 0.0000000000000E+00 0.0000000000000E+00 0.0000000000000E+00 0.0000000000000E+00
 0.0000000000000E+00 2.9326216476055E-03 0.0000000000000E+00 0.0000000000000E+00
 0.0000000000000E+00 0.0000000000000E+00 7.1827842470000E-03-1.1262093612600E-01
 2.4853610916090E+00 8.0807495917900E-01-1.4126338804000E-02 1.4126338804000E-02
 1.8809361515000E-02 2.5402040433300E-01-2.5402040433300E-01-8.3358236203000E-02
-9.9587701279000E-01 9.9587701279000E-01-3.8665348931000E-02 1.0914321215000E-03
 1.8777090041400E-03-1.8777090041400E-03 0.0000000000000E+00 1.2591516184627E-01
-7.8552535182000E-02-1.3305746896044E-01 1.3305746895871E-01 0.0000000000000E+00
-1.2833315487875E+00 1.1434153707000E-02 8.3044581137487E-03-8.3044581137487E-03
 0.0000000000000E+00-8.4199309124149E-04 1.0017496811664E-03 1.0017496811664E-03
 7.1827842470000E-03-1.1262093612600E-01 2.4853610916090E+00 8.0807495917900E-01
 1.4126338804000E-02-1.4126338804000E-02 1.8809361515000E-02-2.5402040433300E-01
 2.5402040433300E-01-8.3358236203000E-02 9.9587701279000E-01-9.9587701279000E-01
-3.8665348931000E-02 1.0914321215000E-03-1.8777090041400E-03 1.8777090041400E-03
 0.0000000000000E+00 1.2591516184627E-01-7.8552535182000E-02 1.3305746896044E-01
-1.3305746895871E-01 0.0000000000000E+00-1.2833315487875E+00 1.1434153707000E-02
-8.3044581137487E-03 8.3044581137487E-03 0.0000000000000E+00-8.4199309124149E-04
-1.0017496811664E-03-1.0017496811664E-03-7.1827842470000E-03 1.1262093612600E-01
-2.4853610916090E+00-8.0807495917900E-01-1.4126338804000E-02-1.4126338804000E-02
 1.8809361515000E-02 2.5402040433300E-01 2.5402040433300E-01-8.3358236203000E-02
-9.9587701279000E-01-9.9587701279000E-01-3.8665348931000E-02-1.0914321215000E-03
-1.8777090041400E-03-1.8777090041400E-03 0.0000000000000E+00 1.2591516184627E-01
 7.8552535182000E-02 1.3305746896044E-01 1.3305746895871E-01 0.0000000000000E+00
-1.2833315487875E+00 1.1434153707000E-02 8.3044581137487E-03 8.3044581137487E-03
 0.0000000000000E+00 8.4199309124149E-04 1.0017496811664E-03-1.0017496811664E-03
-7.1827842470000E-03 1.1262093613000E-01-2.4853610915760E+00-8.0807495917600E-01
-1.8809361516000E-02 1.4126338804000E-02-1.4126338804000E-02 8.3358236206000E-02
-2.5402040433400E-01 2.5402040433600E-01 3.8665348919000E-02 9.9587701278300E-01
-9.9587701278200E-01 5.4571606100000E-04 1.8777090041400E-03-1.2591516184627E-01
-1.6371481827257E-03-1.8777090041400E-03-3.9276267590500E-02-1.3305746896217E-01
 1.2833315487840E+00 1.1782880277338E-01 1.3305746896044E-01 2.5695580460000E-03
 2.8585384264742E-03 9.5892371369196E-03 3.5787390502396E-03 8.4199309124149E-04
-4.7642307114374E-04-7.8761984393048E-04 0.0000000000000E+00 0.0000000000000E+00
 0.0000000000000E+00 0.0000000000000E+00 0.0000000000000E+00-8.7722839319000E-02
 0.0000000000000E+00 0.0000000000000E+00 7.9496793334000E-02 0.0000000000000E+00
 0.0000000000000E+00 4.3116702686820E+00 0.0000000000000E+00 0.0000000000000E+00
 1.8936194676480E+00 0.0000000000000E+00 0.0000000000000E+00 0.0000000000000E+00
 0.0000000000000E+00-1.6351859803324E-01 0.0000000000000E+00 0.0000000000000E+00
 0.0000000000000E+00 0.0000000000000E+00 8.5698866313422E-01 0.0000000000000E+00
 0.0000000000000E+00 0.0000000000000E+00 0.0000000000000E+00-2.1022076904192E+00
 0.0000000000000E+00 0.0000000000000E+00 0.0000000000000E+00-1.7412458895026E-03
 0.0000000000000E+00 0.0000000000000E+00 0.0000000000000E+00 2.9020764829080E-04
 0.0000000000000E+00 0.0000000000000E+00-1.7044152237422E-01 0.0000000000000E+00
 0.0000000000000E+00 0.0000000000000E+00 2.8406920395910E-02 0.0000000000000E+00
 0.0000000000000E+00 0.0000000000000E+00 4.3989324711162E-03 0.0000000000000E+00
 0.0000000000000E+00 0.0000000000000E+00-7.3315541189141E-04 0.0000000000000E+00
 0.0000000000000E+00-7.1827842470000E-03 1.1262093613000E-01-2.4853610915760E+00
-8.0807495917600E-01-1.8809361516000E-02-1.4126338804000E-02 1.4126338804000E-02
 8.3358236206000E-02 2.5402040433400E-01-2.5402040433600E-01 3.8665348919000E-02
-9.9587701278300E-01 9.9587701278200E-01 5.4571606100000E-04-1.8777090041400E-03
-1.2591516184627E-01-1.6371481827257E-03 1.8777090041400E-03-3.9276267590500E-02
 1.3305746896217E-01 1.2833315487840E+00 1.1782880277338E-01-1.3305746896044E-01
-2.5695580460000E-03 2.8585384264742E-03-9.5892371369196E-03-3.5787390502396E-03
 8.4199309124149E-04-4.7642307114374E-04 7.8761984393048E-04 7.1827842470000E-03
-1.1262093613000E-01 2.4853610915760E+00 8.0807495917600E-01-1.8809361516000E-02
-1.4126338804000E-02-1.4126338804000E-02 8.3358236206000E-02 2.5402040433400E-01
 2.5402040433600E-01 3.8665348919000E-02-9.9587701278300E-01-9.9587701278200E-01
-5.4571606100000E-04-1.8777090041400E-03-1.2591516184627E-01 1.6371481827257E-03
-1.8777090041400E-03 3.9276267590500E-02 1.3305746896217E-01 1.2833315487840E+00
-1.1782880277338E-01 1.3305746896044E-01 2.5695580460000E-03 2.8585384264742E-03
-9.5892371369196E-03 3.5787390502396E-03-8.4199309124149E-04-4.7642307114374E-04
 7.8761984393048E-04 7.1827842470000E-03-1.1262093613000E-01 2.4853610915760E+00
 8.0807495917600E-01-1.8809361516000E-02 1.4126338804000E-02 1.4126338804000E-02
 8.3358236206000E-02-2.5402040433400E-01-2.5402040433600E-01 3.8665348919000E-02
 9.9587701278300E-01 9.9587701278200E-01-5.4571606100000E-04 1.8777090041400E-03
-1.2591516184627E-01 1.6371481827257E-03 1.8777090041400E-03 3.9276267590500E-02
-1.3305746896217E-01 1.2833315487840E+00-1.1782880277338E-01-1.3305746896044E-01
-2.5695580460000E-03 2.8585384264742E-03 9.5892371369196E-03-3.5787390502396E-03
-8.4199309124149E-04-4.7642307114374E-04-7.8761984393048E-04-3.0000000000000E-12
 7.1000000000000E-11 3.1900000000000E-10 4.1000000000000E-11-1.7009905029000E-02
-1.6669336138000E-02-3.3679241170000E-02 1.8323371763800E-01 1.7956504906200E-01
 3.6279876675700E-01-9.0659711861300E-01-8.8844541377200E-01-1.7950425321120E+00
 2.3220963997500E-02-3.2502097848398E-02-3.3166143694498E-02-2.3481342476948E-04
-6.5668241546359E-02-3.3694616462050E-01 4.4555023263618E-01 4.5465320755360E-01
 3.4072436828706E-03 9.0020344032315E-01-1.3332189472000E-02 1.8812916497311E-02
 1.8895080281255E-02 4.6347197871578E-05 2.5819888974716E-13 1.4323914392637E-03
-1.4495956072232E-03 8.0000000000000E-12 2.2000000000000E-11 2.2000000000000E-10
-1.2240000000000E-09-3.8200000000000E-10 0.0000000000000E+00 0.0000000000000E+00
 0.0000000000000E+00 0.0000000000000E+00 0.0000000000000E+00 0.0000000000000E+00
 0.0000000000000E+00 0.0000000000000E+00 0.0000000000000E+00 0.0000000000000E+00
 0.0000000000000E+00 0.0000000000000E+00 6.7461818614000E-02 0.0000000000000E+00
 0.0000000000000E+00-6.8218273207497E-04 0.0000000000000E+00-4.6671768926350E-01
 0.0000000000000E+00 0.0000000000000E+00 4.7195103110016E-03 0.0000000000000E+00
-1.9051677143585E+00 0.0000000000000E+00 0.0000000000000E+00 1.9265305085268E-02
 0.0000000000000E+00 0.0000000000000E+00 0.0000000000000E+00 0.0000000000000E+00
 0.0000000000000E+00 6.4549722436790E-13 0.0000000000000E+00 0.0000000000000E+00
 0.0000000000000E+00 0.0000000000000E+00 0.0000000000000E+00 0.0000000000000E+00
 1.3297242821979E-11 0.0000000000000E+00 0.0000000000000E+00 7.5552448079000E-02
 0.0000000000000E+00 0.0000000000000E+00 5.0933082377640E-05 0.0000000000000E+00
 0.0000000000000E+00 0.0000000000000E+00-6.2960373389468E-04 0.0000000000000E+00
-3.0000000000000E-12 7.1000000000000E-11 3.1900000000000E-10 4.1000000000000E-11
-1.7009905029000E-02 1.6669336138000E-02 3.3679241170000E-02 1.8323371763800E-01
-1.7956504906200E-01-3.6279876675700E-01-9.0659711861300E-01 8.8844541377200E-01
 1.7950425321120E+00 2.3220963997500E-02 3.2502097848398E-02-3.3166143694498E-02
-2.3481342476948E-04 6.5668241546359E-02-3.3694616462050E-01-4.4555023263618E-01
 4.5465320755360E-01 3.4072436828706E-03-9.0020344032315E-01 1.3332189472000E-02
 1.8812916497311E-02-1.8895080281255E-02-4.6347197871578E-05 2.5819888974716E-13
 1.4323914392637E-03 1.4495956072232E-03-3.0000000000000E-12 7.1000000000000E-11
 3.1900000000000E-10 4.1000000000000E-11 1.7009905029000E-02-1.6669336138000E-02
 3.3679241170000E-02-1.8323371763800E-01 1.7956504906200E-01-3.6279876675700E-01
 9.0659711861300E-01-8.8844541377200E-01 1.7950425321120E+00 2.3220963997500E-02
-3.2502097848398E-02 3.3166143694498E-02-2.3481342476948E-04 6.5668241546359E-02
-3.3694616462050E-01 4.4555023263618E-01-4.5465320755360E-01 3.4072436828706E-03
-9.0020344032315E-01 1.3332189472000E-02-1.8812916497311E-02 1.8895080281255E-02
-4.6347197871578E-05 2.5819888974716E-13-1.4323914392637E-03-1.4495956072232E-03
-3.0000000000000E-12 7.1000000000000E-11 3.1900000000000E-10 4.1000000000000E-11
 1.7009905029000E-02 1.6669336138000E-02-3.3679241170000E-02-1.8323371763800E-01
-1.7956504906200E-01 3.6279876675700E-01 9.0659711861300E-01 8.8844541377200E-01
-1.7950425321120E+00 2.3220963997500E-02 3.2502097848398E-02 3.3166143694498E-02
-2.3481342476948E-04-6.5668241546359E-02-3.3694616462050E-01-4.4555023263618E-01
-4.5465320755360E-01 3.4072436828706E-03 9.0020344032315E-01-1.3332189472000E-02
-1.8812916497311E-02-1.8895080281255E-02 4.6347197871578E-05 2.5819888974716E-13
-1.4323914392637E-03 1.4495956072232E-03 0.0000000000000E+00 4.0000000000000E-12
 2.4000000000000E-11 3.0000000000000E-12 2.9068764663000E-02-2.9265392204000E-02
-1.9662754100000E-04-3.1313389506700E-01 3.1525200185500E-01 2.1181067910000E-03
 1.5493124879130E+00-1.5597923796040E+00-1.0479891669000E-02 1.3556959400000E-04
-5.7062058923505E-02 5.6678671876140E-02 4.0219889444398E-02-3.8338704909705E-04
-1.9671730575000E-03 7.8222685035532E-01-7.7697124534407E-01-5.8360787653298E-01
 5.2556050233752E-03-7.7836541000000E-05 7.1467636496854E-03-6.9266152605816E-03
-7.9385545180843E-03 0.0000000000000E+00 1.4818161315676E-03 1.4649903953785E-03
 0.0000000000000E+00 2.0000000000000E-12 1.5000000000000E-11-9.0000000000000E-11
-2.9000000000000E-11 0.0000000000000E+00 0.0000000000000E+00 0.0000000000000E+00
 0.0000000000000E+00 0.0000000000000E+00 0.0000000000000E+00 0.0000000000000E+00
 0.0000000000000E+00 0.0000000000000E+00 0.0000000000000E+00 0.0000000000000E+00
 0.0000000000000E+00 3.9385838400000E-04 0.0000000000000E+00 0.0000000000000E+00
 1.1684729740871E-01 0.0000000000000E+00-2.7248105485000E-03 0.0000000000000E+00
 0.0000000000000E+00-8.0837875057561E-01 0.0000000000000E+00-1.1122829077000E-02
 0.0000000000000E+00 0.0000000000000E+00-3.2998472782053E+00 0.0000000000000E+00
 0.0000000000000E+00 0.0000000000000E+00 0.0000000000000E+00 0.0000000000000E+00
 0.0000000000000E+00 0.0000000000000E+00 0.0000000000000E+00 0.0000000000000E+00
 0.0000000000000E+00 0.0000000000000E+00 0.0000000000000E+00 9.0369611411506E-13
 0.0000000000000E+00 0.0000000000000E+00 4.4109343300000E-04 0.0000000000000E+00
 0.0000000000000E+00-8.7240452462952E-03 0.0000000000000E+00 0.0000000000000E+00
 0.0000000000000E+00-3.6757785992771E-06 0.0000000000000E+00 0.0000000000000E+00
 4.0000000000000E-12 2.4000000000000E-11 3.0000000000000E-12 2.9068764663000E-02
 2.9265392204000E-02 1.9662754100000E-04-3.1313389506700E-01-3.1525200185500E-01
-2.1181067910000E-03 1.5493124879130E+00 1.5597923796040E+00 1.0479891669000E-02
 1.3556959400000E-04 5.7062058923505E-02 5.6678671876140E-02 4.0219889444398E-02
 3.8338704909705E-04-1.9671730575000E-03-7.8222685035532E-01-7.7697124534407E-01
-5.8360787653298E-01-5.2556050233752E-03 7.7836541000000E-05 7.1467636496854E-03
 6.9266152605816E-03 7.9385545180843E-03 0.0000000000000E+00 1.4818161315676E-03
-1.4649903953785E-03 0.0000000000000E+00 4.0000000000000E-12 2.4000000000000E-11
 3.0000000000000E-12-2.9068764663000E-02-2.9265392204000E-02 1.9662754100000E-04
 3.1313389506700E-01 3.1525200185500E-01-2.1181067910000E-03-1.5493124879130E+00
-1.5597923796040E+00 1.0479891669000E-02 1.3556959400000E-04-5.7062058923505E-02
-5.6678671876140E-02 4.0219889444398E-02 3.8338704909705E-04-1.9671730575000E-03
 7.8222685035532E-01 7.7697124534407E-01-5.8360787653298E-01-5.2556050233752E-03
 7.7836541000000E-05-7.1467636496854E-03-6.9266152605816E-03 7.9385545180843E-03
 0.0000000000000E+00-1.4818161315676E-03 1.4649903953785E-03 0.0000000000000E+00
 4.0000000000000E-12 2.4000000000000E-11 3.0000000000000E-12-2.9068764663000E-02
 2.9265392204000E-02-1.9662754100000E-04 3.1313389506700E-01-3.1525200185500E-01
 2.1181067910000E-03-1.5493124879130E+00 1.5597923796040E+00-1.0479891669000E-02
 1.3556959400000E-04 5.7062058923505E-02-5.6678671876140E-02 4.0219889444398E-02
-3.8338704909705E-04-1.9671730575000E-03-7.8222685035532E-01 7.7697124534407E-01
-5.8360787653298E-01 5.2556050233752E-03-7.7836541000000E-05-7.1467636496854E-03
 6.9266152605816E-03-7.9385545180843E-03 0.0000000000000E+00-1.4818161315676E-03
-1.4649903953785E-03-5.7515099329000E-02 8.3125797169000E-01 5.9137374871100E+00
 9.4113451031400E-01 3.1514877920000E-03 3.1514877920000E-03-3.1514877890000E-03
-1.3522557174800E-01-1.3522557175000E-01 1.3522557172000E-01-1.7942748672670E+00
-1.7942748672530E+00 1.7942748673830E+00-1.0000000000000E-12 4.3579661283116E-02
 4.3579661283116E-02 0.0000000000000E+00-4.3579661279652E-02 1.3500000000000E-11
-8.9676730879976E-01-8.9676730879284E-01 2.5980762113533E-12 8.9676730873741E-01
-8.4201039740000E-03-2.1050259941654E-03-2.1050259941654E-03 0.0000000000000E+00
 4.7088466184237E-03 3.5083766556653E-04-3.5083766556653E-04 1.0680866492000E-01
 3.6433524318600E-01 3.2669315880140E+00-2.0991347585113E+01-8.0451600731820E+00
 0.0000000000000E+00 0.0000000000000E+00 0.0000000000000E+00 0.0000000000000E+00
 0.0000000000000E+00 0.0000000000000E+00 0.0000000000000E+00 0.0000000000000E+00
 0.0000000000000E+00 0.0000000000000E+00 0.0000000000000E+00 0.0000000000000E+00
-2.5000000000000E-12 0.0000000000000E+00 0.0000000000000E+00-8.6602540378444E-13
 0.0000000000000E+00 1.5000000000000E-11 0.0000000000000E+00 0.0000000000000E+00
 2.5980762113533E-12 0.0000000000000E+00 8.8500000000000E-11 0.0000000000000E+00
 0.0000000000000E+00 1.4722431864335E-11 0.0000000000000E+00 0.0000000000000E+00
 0.0000000000000E+00 0.0000000000000E+00 0.0000000000000E+00 9.7119404410384E-03
 0.0000000000000E+00 0.0000000000000E+00 0.0000000000000E+00 0.0000000000000E+00
 0.0000000000000E+00 0.0000000000000E+00 1.8721732316240E-01 0.0000000000000E+00
 0.0000000000000E+00 5.1940273508000E-02 0.0000000000000E+00 0.0000000000000E+00
 0.0000000000000E+00 0.0000000000000E+00 0.0000000000000E+00 0.0000000000000E+00
 3.0916829472535E-04 0.0000000000000E+00-5.7515099329000E-02 8.3125797169000E-01
 5.9137374871100E+00 9.4113451031400E-01 3.1514877920000E-03-3.1514877920000E-03
 3.1514877890000E-03-1.3522557174800E-01 1.3522557175000E-01-1.3522557172000E-01
-1.7942748672670E+00 1.7942748672530E+00-1.7942748673830E+00-1.0000000000000E-12
-4.3579661283116E-02 4.3579661283116E-02 0.0000000000000E+00 4.3579661279652E-02
 1.3500000000000E-11 8.9676730879976E-01-8.9676730879284E-01 2.5980762113533E-12
-8.9676730873741E-01 8.4201039740000E-03-2.1050259941654E-03 2.1050259941654E-03
 0.0000000000000E+00 4.7088466184237E-03 3.5083766556653E-04 3.5083766556653E-04
-5.7515099329000E-02 8.3125797169000E-01 5.9137374871100E+00 9.4113451031400E-01
-3.1514877920000E-03 3.1514877920000E-03 3.1514877890000E-03 1.3522557174800E-01
-1.3522557175000E-01-1.3522557172000E-01 1.7942748672670E+00-1.7942748672530E+00
-1.7942748673830E+00-1.0000000000000E-12 4.3579661283116E-02-4.3579661283116E-02
 0.0000000000000E+00 4.3579661279652E-02 1.3500000000000E-11-8.9676730879976E-01
 8.9676730879284E-01 2.5980762113533E-12-8.9676730873741E-01 8.4201039740000E-03
 2.1050259941654E-03-2.1050259941654E-03 0.0000000000000E+00 4.7088466184237E-03
-3.5083766556653E-04-3.5083766556653E-04-5.7515099329000E-02 8.3125797169000E-01
 5.9137374871100E+00 9.4113451031400E-01-3.1514877920000E-03-3.1514877920000E-03
-3.1514877890000E-03 1.3522557174800E-01 1.3522557175000E-01 1.3522557172000E-01
 1.7942748672670E+00 1.7942748672530E+00 1.7942748673830E+00-1.0000000000000E-12
-4.3579661283116E-02-4.3579661283116E-02 0.0000000000000E+00-4.3579661279652E-02
 1.3500000000000E-11 8.9676730879976E-01 8.9676730879284E-01 2.5980762113533E-12
 8.9676730873741E-01-8.4201039740000E-03 2.1050259941654E-03 2.1050259941654E-03
 0.0000000000000E+00 4.7088466184237E-03-3.5083766556653E-04 3.5083766556653E-04
 0.0000000000000E+00 0.0000000000000E+00-1.0000000000000E-12 0.0000000000000E+00
 1.4418575104000E-02 0.0000000000000E+00 1.4418575104000E-02-6.3981451162000E-02
-2.0000000000000E-12-6.3981451162000E-02 5.5314986025200E-01-1.0000000000000E-12
 5.5314986025100E-01-1.5874604447500E-02 0.0000000000000E+00 6.9616271781453E-02
 1.5874604447426E-02 6.9616271781453E-02 2.4907245328600E-01 0.0000000000000E+00
-8.9318396479630E-01-2.4907245328705E-01-8.9318396479457E-01 1.6361225768000E-02
-4.2709891265407E-03-6.8818244826968E-03-7.2273073875750E-05 0.0000000000000E+00
 6.6364947189834E-04 6.8818244828554E-04 0.0000000000000E+00 0.0000000000000E+00
 0.0000000000000E+00 0.0000000000000E+00 0.0000000000000E+00 0.0000000000000E+00
 0.0000000000000E+00 0.0000000000000E+00 0.0000000000000E+00-1.0000000000000E-12
 0.0000000000000E+00 0.0000000000000E+00 5.0000000000000E-12 0.0000000000000E+00
 0.0000000000000E+00 1.0000000000000E-12 0.0000000000000E+00 0.0000000000000E+00
 0.0000000000000E+00 0.0000000000000E+00 0.0000000000000E+00 0.0000000000000E+00
 0.0000000000000E+00 6.9282032302755E-12 0.0000000000000E+00 0.0000000000000E+00
 0.0000000000000E+00 0.0000000000000E+00-1.7320508075689E-12 0.0000000000000E+00
 0.0000000000000E+00 0.0000000000000E+00 0.0000000000000E+00 0.0000000000000E+00
 2.3051084679312E-02 0.0000000000000E+00 0.0000000000000E+00 0.0000000000000E+00
-2.3051084679616E-03 0.0000000000000E+00 0.0000000000000E+00 1.2570859043816E-01
 0.0000000000000E+00 0.0000000000000E+00 0.0000000000000E+00-1.2570859043800E-02
 0.0000000000000E+00-5.1132073643840E-02 0.0000000000000E+00 0.0000000000000E+00
 0.0000000000000E+00 1.2174303248591E-03 0.0000000000000E+00 0.0000000000000E+00
 0.0000000000000E+00 0.0000000000000E+00 0.0000000000000E+00 1.0000000000000E-12
 0.0000000000000E+00-1.4418575104000E-02 0.0000000000000E+00 1.4418575104000E-02
 6.3981451162000E-02-2.0000000000000E-12-6.3981451162000E-02-5.5314986025200E-01
-1.0000000000000E-12 5.5314986025100E-01 1.5874604447500E-02 0.0000000000000E+00
-6.9616271781453E-02-1.5874604447426E-02 6.9616271781453E-02-2.4907245328600E-01
 0.0000000000000E+00 8.9318396479630E-01 2.4907245328705E-01-8.9318396479457E-01
 1.6361225768000E-02 4.2709891265407E-03-6.8818244826968E-03-7.2273073875750E-05
 0.0000000000000E+00-6.6364947189834E-04 6.8818244828554E-04 0.0000000000000E+00
 0.0000000000000E+00-1.0000000000000E-12 0.0000000000000E+00-1.4418575104000E-02
 0.0000000000000E+00-1.4418575104000E-02 6.3981451162000E-02-2.0000000000000E-12
 6.3981451162000E-02-5.5314986025200E-01-1.0000000000000E-12-5.5314986025100E-01
-1.5874604447500E-02 0.0000000000000E+00-6.9616271781453E-02 1.5874604447426E-02
-6.9616271781453E-02 2.4907245328600E-01 0.0000000000000E+00 8.9318396479630E-01
-2.4907245328705E-01 8.9318396479457E-01-1.6361225768000E-02 4.2709891265407E-03
-6.8818244826968E-03 7.2273073875750E-05 0.0000000000000E+00-6.6364947189834E-04
 6.8818244828554E-04 0.0000000000000E+00 0.0000000000000E+00 1.0000000000000E-12
 0.0000000000000E+00 1.4418575104000E-02 0.0000000000000E+00-1.4418575104000E-02
-6.3981451162000E-02-2.0000000000000E-12 6.3981451162000E-02 5.5314986025200E-01
-1.0000000000000E-12-5.5314986025100E-01 1.5874604447500E-02 0.0000000000000E+00
 6.9616271781453E-02-1.5874604447426E-02-6.9616271781453E-02-2.4907245328600E-01
 0.0000000000000E+00-8.9318396479630E-01 2.4907245328705E-01 8.9318396479457E-01
-1.6361225768000E-02-4.2709891265407E-03-6.8818244826968E-03 7.2273073875750E-05
 0.0000000000000E+00 6.6364947189834E-04 6.8818244828554E-04 0.0000000000000E+00
 0.0000000000000E+00 1.0000000000000E-12 0.0000000000000E+00 0.0000000000000E+00
-1.4418575104000E-02-1.4418575104000E-02 2.0000000000000E-12 6.3981451162000E-02
 6.3981451162000E-02 1.0000000000000E-12-5.5314986025200E-01-5.5314986025100E-01
 1.5874604447000E-02-6.9616271781453E-02 0.0000000000000E+00 1.5874604447426E-02
-6.9616271781453E-02-2.4907245328600E-01 8.9318396479630E-01 0.0000000000000E+00
-2.4907245328792E-01 8.9318396479457E-01-1.6361225768000E-02 6.8818244826968E-03
 4.2709891265407E-03-7.2273073875750E-05 0.0000000000000E+00 6.8818244828554E-04
 6.6364947189834E-04 0.0000000000000E+00 0.0000000000000E+00 0.0000000000000E+00
 0.0000000000000E+00 0.0000000000000E+00 0.0000000000000E+00 0.0000000000000E+00
 0.0000000000000E+00 1.0000000000000E-12 0.0000000000000E+00 0.0000000000000E+00
-6.0000000000000E-12 0.0000000000000E+00 0.0000000000000E+00 0.0000000000000E+00
 0.0000000000000E+00 0.0000000000000E+00 0.0000000000000E+00 0.0000000000000E+00
 0.0000000000000E+00 0.0000000000000E+00 0.0000000000000E+00 0.0000000000000E+00
 0.0000000000000E+00-6.9282032302755E-12 0.0000000000000E+00 0.0000000000000E+00
 0.0000000000000E+00 0.0000000000000E+00 0.0000000000000E+00 0.0000000000000E+00
 0.0000000000000E+00 0.0000000000000E+00-2.3051084679312E-02 0.0000000000000E+00
 0.0000000000000E+00 0.0000000000000E+00-2.3051084679616E-03 0.0000000000000E+00
 0.0000000000000E+00-1.2570859043816E-01 0.0000000000000E+00 0.0000000000000E+00
 0.0000000000000E+00-1.2570859043800E-02 0.0000000000000E+00 0.0000000000000E+00
 0.0000000000000E+00 5.1132073643840E-02 0.0000000000000E+00 0.0000000000000E+00
 0.0000000000000E+00 1.2174303248591E-03 0.0000000000000E+00 0.0000000000000E+00
 0.0000000000000E+00 0.0000000000000E+00 1.0000000000000E-12 0.0000000000000E+00
 0.0000000000000E+00 1.4418575104000E-02 1.4418575104000E-02 2.0000000000000E-12
-6.3981451162000E-02-6.3981451162000E-02 1.0000000000000E-12 5.5314986025200E-01
 5.5314986025100E-01 1.5874604447000E-02 6.9616271781453E-02 0.0000000000000E+00
 1.5874604447426E-02 6.9616271781453E-02-2.4907245328600E-01-8.9318396479630E-01
 0.0000000000000E+00-2.4907245328792E-01-8.9318396479457E-01 1.6361225768000E-02
 6.8818244826968E-03-4.2709891265407E-03 7.2273073875750E-05 0.0000000000000E+00
 6.8818244828554E-04-6.6364947189834E-04 0.0000000000000E+00 0.0000000000000E+00
-1.0000000000000E-12 0.0000000000000E+00 0.0000000000000E+00 1.4418575104000E-02
-1.4418575104000E-02 2.0000000000000E-12-6.3981451162000E-02 6.3981451162000E-02
 1.0000000000000E-12 5.5314986025200E-01-5.5314986025100E-01-1.5874604447000E-02
 6.9616271781453E-02 0.0000000000000E+00-1.5874604447426E-02-6.9616271781453E-02
 2.4907245328600E-01-8.9318396479630E-01 0.0000000000000E+00 2.4907245328792E-01
 8.9318396479457E-01-1.6361225768000E-02 6.8818244826968E-03-4.2709891265407E-03
-7.2273073875750E-05 0.0000000000000E+00 6.8818244828554E-04-6.6364947189834E-04
 0.0000000000000E+00 0.0000000000000E+00-1.0000000000000E-12 0.0000000000000E+00
 0.0000000000000E+00-1.4418575104000E-02 1.4418575104000E-02 2.0000000000000E-12
 6.3981451162000E-02-6.3981451162000E-02 1.0000000000000E-12-5.5314986025200E-01
 5.5314986025100E-01-1.5874604447000E-02-6.9616271781453E-02 0.0000000000000E+00
-1.5874604447426E-02 6.9616271781453E-02 2.4907245328600E-01 8.9318396479630E-01
 0.0000000000000E+00 2.4907245328792E-01-8.9318396479457E-01 1.6361225768000E-02
 6.8818244826968E-03 4.2709891265407E-03 7.2273073875750E-05 0.0000000000000E+00
 6.8818244828554E-04 6.6364947189834E-04 0.0000000000000E+00 0.0000000000000E+00
 0.0000000000000E+00 0.0000000000000E+00-1.4418575104000E-02 1.4418575104000E-02
 0.0000000000000E+00 6.3981451163000E-02-6.3981451163000E-02 0.0000000000000E+00
-5.5314986025100E-01 5.5314986025100E-01 0.0000000000000E+00 0.0000000000000E+00
 6.9616271781453E-02-6.9616271781453E-02-3.1749208894851E-02 0.0000000000000E+00
 0.0000000000000E+00-8.9318396479457E-01 8.9318396479457E-01 4.9814490657237E-01
 0.0000000000000E+00 0.0000000000000E+00 3.9096237574438E-03-3.9096237574438E-03
 2.7527297931554E-03 0.0000000000000E+00-6.9978600879158E-04-6.9978600879158E-04
 0.0000000000000E+00 0.0000000000000E+00 0.0000000000000E+00 0.0000000000000E+00
 0.0000000000000E+00 0.0000000000000E+00 0.0000000000000E+00 0.0000000000000E+00
 0.0000000000000E+00 0.0000000000000E+00 0.0000000000000E+00 0.0000000000000E+00
 0.0000000000000E+00-1.0000000000000E-12 0.0000000000000E+00 0.0000000000000E+00
 0.0000000000000E+00 0.0000000000000E+00 0.0000000000000E+00 0.0000000000000E+00
 0.0000000000000E+00 0.0000000000000E+00 0.0000000000000E+00 0.0000000000000E+00
 0.0000000000000E+00 0.0000000000000E+00 0.0000000000000E+00 0.0000000000000E+00
 0.0000000000000E+00 0.0000000000000E+00 0.0000000000000E+00 0.0000000000000E+00
 0.0000000000000E+00 0.0000000000000E+00 0.0000000000000E+00-9.2204338717256E-03
 0.0000000000000E+00 0.0000000000000E+00 0.0000000000000E+00 0.0000000000000E+00
 0.0000000000000E+00 0.0000000000000E+00-5.0283436175037E-02 0.0000000000000E+00
 0.0000000000000E+00 0.0000000000000E+00 0.0000000000000E+00 0.0000000000000E+00
 0.0000000000000E+00 0.0000000000000E+00 0.0000000000000E+00 0.0000000000000E+00
 0.0000000000000E+00 0.0000000000000E+00 1.2174303248552E-03 0.0000000000000E+00
 0.0000000000000E+00 0.0000000000000E+00 0.0000000000000E+00 1.4418575104000E-02
 1.4418575104000E-02 0.0000000000000E+00-6.3981451163000E-02-6.3981451163000E-02
 0.0000000000000E+00 5.5314986025100E-01 5.5314986025100E-01 0.0000000000000E+00
 0.0000000000000E+00 6.9616271781453E-02 6.9616271781453E-02 3.1749208894851E-02
 0.0000000000000E+00 0.0000000000000E+00-8.9318396479457E-01-8.9318396479457E-01
-4.9814490657237E-01 0.0000000000000E+00 0.0000000000000E+00-3.9096237574438E-03
-3.9096237574438E-03 2.7527297931554E-03 0.0000000000000E+00 6.9978600879158E-04
-6.9978600879158E-04 0.0000000000000E+00 0.0000000000000E+00 0.0000000000000E+00
 0.0000000000000E+00-1.4418575104000E-02-1.4418575104000E-02 0.0000000000000E+00
 6.3981451163000E-02 6.3981451163000E-02 0.0000000000000E+00-5.5314986025100E-01
-5.5314986025100E-01 0.0000000000000E+00 0.0000000000000E+00-6.9616271781453E-02
-6.9616271781453E-02 3.1749208894851E-02 0.0000000000000E+00 0.0000000000000E+00
 8.9318396479457E-01 8.9318396479457E-01-4.9814490657237E-01 0.0000000000000E+00
 0.0000000000000E+00 3.9096237574438E-03 3.9096237574438E-03 2.7527297931554E-03
 0.0000000000000E+00-6.9978600879158E-04 6.9978600879158E-04 0.0000000000000E+00
 0.0000000000000E+00 0.0000000000000E+00 0.0000000000000E+00 1.4418575104000E-02
-1.4418575104000E-02 0.0000000000000E+00-6.3981451163000E-02 6.3981451163000E-02
 0.0000000000000E+00 5.5314986025100E-01-5.5314986025100E-01 0.0000000000000E+00
 0.0000000000000E+00-6.9616271781453E-02 6.9616271781453E-02-3.1749208894851E-02
 0.0000000000000E+00 0.0000000000000E+00 8.9318396479457E-01-8.9318396479457E-01
 4.9814490657237E-01 0.0000000000000E+00 0.0000000000000E+00-3.9096237574438E-03
 3.9096237574438E-03 2.7527297931554E-03 0.0000000000000E+00 6.9978600879158E-04
 6.9978600879158E-04-1.9947332270000E-02 7.6907175826700E-01 1.3706773032350E+00
 2.3292959107600E-01-1.0831659849000E-02-1.0831659849000E-02 5.5093141960000E-03
-5.9284562010000E-02-5.9284562010000E-02 1.2603625965400E-01-5.7699947986400E-01
-5.7699947986400E-01-4.8732986235900E-01 3.7850043930000E-02-1.5346504548160E-02
-1.5346504548160E-02 0.0000000000000E+00 4.3298107509481E-02-4.6320856392450E-01
 1.0785306459180E-01 1.0785306459180E-01 0.0000000000000E+00-1.7824023006076E-01
-1.9496658708000E-02 9.2352657440797E-03 9.2352657440797E-03 0.0000000000000E+00
-4.2676652511779E-03 1.7936276410649E-04-1.7936276410649E-04 0.0000000000000E+00
 0.0000000000000E+00 0.0000000000000E+00 0.0000000000000E+00 0.0000000000000E+00
 0.0000000000000E+00 0.0000000000000E+00 6.5213011077000E-02 0.0000000000000E+00
 0.0000000000000E+00-4.2475886238400E-01 0.0000000000000E+00 0.0000000000000E+00
 5.2738507177100E+00 0.0000000000000E+00 0.0000000000000E+00 7.3095833694800E-01
 0.0000000000000E+00 0.0000000000000E+00 0.0000000000000E+00 0.0000000000000E+00
 1.9866997838417E-03 0.0000000000000E+00 0.0000000000000E+00 0.0000000000000E+00
 0.0000000000000E+00 3.9490383864377E-01 0.0000000000000E+00 0.0000000000000E+00
 0.0000000000000E+00 0.0000000000000E+00-5.2135688004873E-01 1.0745720646700E-01
 0.0000000000000E+00 0.0000000000000E+00 0.0000000000000E+00 0.0000000000000E+00
 0.0000000000000E+00 0.0000000000000E+00-1.2448253171380E+00 0.0000000000000E+00
 0.0000000000000E+00-1.2909944487358E-13 0.0000000000000E+00 0.0000000000000E+00
 0.0000000000000E+00 0.0000000000000E+00 0.0000000000000E+00 0.0000000000000E+00
 0.0000000000000E+00-1.5661478823044E-02 0.0000000000000E+00 0.0000000000000E+00
 0.0000000000000E+00 0.0000000000000E+00 1.9947332270000E-02-7.6907175826700E-01
-1.3706773032350E+00-2.3292959107600E-01 1.0831659849000E-02-1.0831659849000E-02
 5.5093141960000E-03 5.9284562010000E-02-5.9284562010000E-02 1.2603625965400E-01
 5.7699947986400E-01-5.7699947986400E-01-4.8732986235900E-01-3.7850043930000E-02
-1.5346504548160E-02 1.5346504548160E-02 0.0000000000000E+00 4.3298107509481E-02
 4.6320856392450E-01 1.0785306459180E-01-1.0785306459180E-01 0.0000000000000E+00
-1.7824023006076E-01-1.9496658708000E-02-9.2352657440797E-03 9.2352657440797E-03
 0.0000000000000E+00 4.2676652511779E-03-1.7936276410649E-04-1.7936276410649E-04
 1.9947332270000E-02-7.6907175826700E-01-1.3706773032350E+00-2.3292959107600E-01
-1.0831659849000E-02 1.0831659849000E-02 5.5093141960000E-03-5.9284562010000E-02
 5.9284562010000E-02 1.2603625965400E-01-5.7699947986400E-01 5.7699947986400E-01
-4.8732986235900E-01-3.7850043930000E-02 1.5346504548160E-02-1.5346504548160E-02
 0.0000000000000E+00 4.3298107509481E-02 4.6320856392450E-01-1.0785306459180E-01
 1.0785306459180E-01 0.0000000000000E+00-1.7824023006076E-01-1.9496658708000E-02
 9.2352657440797E-03-9.2352657440797E-03 0.0000000000000E+00 4.2676652511779E-03
 1.7936276410649E-04 1.7936276410649E-04-1.9947332270000E-02 7.6907175826700E-01
 1.3706773032350E+00 2.3292959107600E-01 1.0831659849000E-02 1.0831659849000E-02
 5.5093141960000E-03 5.9284562010000E-02 5.9284562010000E-02 1.2603625965400E-01
 5.7699947986400E-01 5.7699947986400E-01-4.8732986235900E-01 3.7850043930000E-02
 1.5346504548160E-02 1.5346504548160E-02 0.0000000000000E+00 4.3298107509481E-02
-4.6320856392450E-01-1.0785306459180E-01-1.0785306459180E-01 0.0000000000000E+00
-1.7824023006076E-01-1.9496658708000E-02-9.2352657440797E-03-9.2352657440797E-03
 0.0000000000000E+00-4.2676652511779E-03-1.7936276410649E-04 1.7936276410649E-04
 1.9947332270000E-02-7.6907175826500E-01-1.3706773032350E+00-2.3292959107800E-01
 1.0831659849000E-02 5.5093141960000E-03-1.0831659849000E-02 5.9284562010000E-02
 1.2603625965700E-01-5.9284562008000E-02 5.7699947986500E-01-4.8732986235600E-01
-5.7699947986500E-01 1.8925021965000E-02 4.3298107509481E-02 1.5346504548160E-02
 5.6775065894590E-02-1.5346504548160E-02-2.3160428196200E-01-1.7824023006249E-01
-1.0785306458660E-01-6.9481284588653E-01 1.0785306458833E-01-1.1162457155000E-02
 3.6540371664632E-03 4.8741646770214E-03-2.5778605820179E-03 4.2676652511779E-03
 1.1095675269746E-03 8.1236077949689E-04 0.0000000000000E+00 0.0000000000000E+00
 0.0000000000000E+00 0.0000000000000E+00 0.0000000000000E+00 0.0000000000000E+00
 6.5213011077000E-02 0.0000000000000E+00 0.0000000000000E+00-4.2475886238200E-01
 0.0000000000000E+00 0.0000000000000E+00 5.2738507176980E+00 0.0000000000000E+00
 0.0000000000000E+00 7.3095833694900E-01 0.0000000000000E+00 0.0000000000000E+00
 1.9866997838417E-03 0.0000000000000E+00 0.0000000000000E+00 0.0000000000000E+00
 0.0000000000000E+00 3.9490383863685E-01 0.0000000000000E+00 0.0000000000000E+00
 0.0000000000000E+00 0.0000000000000E+00-5.2135688004354E-01 0.0000000000000E+00
 0.0000000000000E+00 0.0000000000000E+00 0.0000000000000E+00 0.0000000000000E+00
-2.6864301616643E-02 0.0000000000000E+00 0.0000000000000E+00 0.0000000000000E+00
-4.4773836027562E-03 0.0000000000000E+00 0.0000000000000E+00 3.1120632928630E-01
 0.0000000000000E+00 0.0000000000000E+00 0.0000000000000E+00 5.1867721547449E-02
 0.0000000000000E+00 2.3492218234576E-02 0.0000000000000E+00 0.0000000000000E+00
 0.0000000000000E+00 3.9153697057259E-03 0.0000000000000E+00 0.0000000000000E+00
 0.0000000000000E+00-1.9947332270000E-02 7.6907175826500E-01 1.3706773032350E+00
 2.3292959107800E-01-1.0831659849000E-02 5.5093141960000E-03-1.0831659849000E-02
-5.9284562010000E-02 1.2603625965700E-01-5.9284562008000E-02-5.7699947986500E-01
-4.8732986235600E-01-5.7699947986500E-01-1.8925021965000E-02 4.3298107509481E-02
-1.5346504548160E-02-5.6775065894590E-02-1.5346504548160E-02 2.3160428196200E-01
-1.7824023006249E-01 1.0785306458660E-01 6.9481284588653E-01 1.0785306458833E-01
-1.1162457155000E-02-3.6540371664632E-03 4.8741646770214E-03-2.5778605820179E-03
-4.2676652511779E-03-1.1095675269746E-03 8.1236077949689E-04 1.9947332270000E-02
-7.6907175826500E-01-1.3706773032350E+00-2.3292959107800E-01-1.0831659849000E-02
 5.5093141960000E-03 1.0831659849000E-02-5.9284562010000E-02 1.2603625965700E-01
 5.9284562008000E-02-5.7699947986500E-01-4.8732986235600E-01 5.7699947986500E-01
 1.8925021965000E-02 4.3298107509481E-02-1.5346504548160E-02 5.6775065894590E-02
 1.5346504548160E-02-2.3160428196200E-01-1.7824023006249E-01 1.0785306458660E-01
-6.9481284588653E-01-1.0785306458833E-01 1.1162457155000E-02-3.6540371664632E-03
 4.8741646770214E-03 2.5778605820179E-03 4.2676652511779E-03-1.1095675269746E-03
 8.1236077949689E-04-1.9947332270000E-02 7.6907175826500E-01 1.3706773032350E+00
 2.3292959107800E-01 1.0831659849000E-02 5.5093141960000E-03 1.0831659849000E-02
 5.9284562010000E-02 1.2603625965700E-01 5.9284562008000E-02 5.7699947986500E-01
-4.8732986235600E-01 5.7699947986500E-01-1.8925021965000E-02 4.3298107509481E-02
 1.5346504548160E-02-5.6775065894590E-02 1.5346504548160E-02 2.3160428196200E-01
-1.7824023006249E-01-1.0785306458660E-01 6.9481284588653E-01-1.0785306458833E-01
 1.1162457155000E-02 3.6540371664632E-03 4.8741646770214E-03 2.5778605820179E-03
-4.2676652511779E-03 1.1095675269746E-03 8.1236077949689E-04-1.9947332270000E-02
 7.6907175826400E-01 1.3706773032370E+00 2.3292959107900E-01-5.5093141960000E-03
-1.0831659849000E-02 1.0831659849000E-02-1.2603625965600E-01-5.9284562008000E-02
 5.9284562007000E-02 4.8732986235500E-01-5.7699947986600E-01 5.7699947986600E-01
-1.8925021965000E-02-1.5346504548160E-02-4.3298107509481E-02 5.6775065894590E-02
 1.5346504548160E-02 2.3160428196200E-01 1.0785306458487E-01 1.7824023006249E-01
-6.9481284588567E-01-1.0785306458660E-01 1.1162457155000E-02-4.8741646770214E-03
-3.6540371664632E-03-2.5778605820179E-03-4.2676652511779E-03 8.1236077949689E-04
 1.1095675269746E-03 0.0000000000000E+00 0.0000000000000E+00 0.0000000000000E+00
 0.0000000000000E+00 0.0000000000000E+00-6.5213011077000E-02 0.0000000000000E+00
 0.0000000000000E+00 4.2475886238200E-01 0.0000000000000E+00 0.0000000000000E+00
-5.2738507176960E+00 0.0000000000000E+00 0.0000000000000E+00-7.3095833695100E-01
 0.0000000000000E+00 0.0000000000000E+00 0.0000000000000E+00 0.0000000000000E+00
-1.9866997838417E-03 0.0000000000000E+00 0.0000000000000E+00 0.0000000000000E+00
 0.0000000000000E+00-3.9490383863858E-01 0.0000000000000E+00 0.0000000000000E+00
 0.0000000000000E+00 0.0000000000000E+00 5.2135688004527E-01 0.0000000000000E+00
 0.0000000000000E+00 0.0000000000000E+00 2.6864301616643E-02 0.0000000000000E+00
 0.0000000000000E+00 0.0000000000000E+00-4.4773836027562E-03 0.0000000000000E+00
 0.0000000000000E+00-3.1120632928589E-01 0.0000000000000E+00 0.0000000000000E+00
 0.0000000000000E+00 5.1867721547502E-02 0.0000000000000E+00 0.0000000000000E+00
 0.0000000000000E+00-2.3492218234260E-02 0.0000000000000E+00 0.0000000000000E+00
 0.0000000000000E+00 3.9153697057259E-03 0.0000000000000E+00 0.0000000000000E+00
-1.9947332270000E-02 7.6907175826400E-01 1.3706773032370E+00 2.3292959107900E-01
-5.5093141960000E-03 1.0831659849000E-02-1.0831659849000E-02-1.2603625965600E-01
 5.9284562008000E-02-5.9284562007000E-02 4.8732986235500E-01 5.7699947986600E-01
-5.7699947986600E-01-1.8925021965000E-02 1.5346504548160E-02-4.3298107509481E-02
 5.6775065894590E-02-1.5346504548160E-02 2.3160428196200E-01-1.0785306458487E-01
 1.7824023006249E-01-6.9481284588567E-01 1.0785306458660E-01-1.1162457155000E-02
-4.8741646770214E-03 3.6540371664632E-03 2.5778605820179E-03-4.2676652511779E-03
 8.1236077949689E-04-1.1095675269746E-03 1.9947332270000E-02-7.6907175826400E-01
-1.3706773032370E+00-2.3292959107900E-01-5.5093141960000E-03 1.0831659849000E-02
 1.0831659849000E-02-1.2603625965600E-01 5.9284562008000E-02 5.9284562007000E-02
 4.8732986235500E-01 5.7699947986600E-01 5.7699947986600E-01 1.8925021965000E-02
 1.5346504548160E-02-4.3298107509481E-02-5.6775065894590E-02 1.5346504548160E-02
-2.3160428196200E-01-1.0785306458487E-01 1.7824023006249E-01 6.9481284588567E-01
-1.0785306458660E-01 1.1162457155000E-02-4.8741646770214E-03 3.6540371664632E-03
-2.5778605820179E-03 4.2676652511779E-03 8.1236077949689E-04-1.1095675269746E-03
 1.9947332270000E-02-7.6907175826400E-01-1.3706773032370E+00-2.3292959107900E-01
-5.5093141960000E-03-1.0831659849000E-02-1.0831659849000E-02-1.2603625965600E-01
-5.9284562008000E-02-5.9284562007000E-02 4.8732986235500E-01-5.7699947986600E-01
-5.7699947986600E-01 1.8925021965000E-02-1.5346504548160E-02-4.3298107509481E-02
-5.6775065894590E-02-1.5346504548160E-02-2.3160428196200E-01 1.0785306458487E-01
 1.7824023006249E-01 6.9481284588567E-01 1.0785306458660E-01-1.1162457155000E-02
-4.8741646770214E-03-3.6540371664632E-03 2.5778605820179E-03 4.2676652511779E-03
 8.1236077949689E-04 1.1095675269746E-03-2.5569256074000E-02 2.6976473548970E+00
 7.1785519186080E+00 5.6042616116900E-01 6.7256882117000E-02 6.7256882117000E-02
-6.7256882114000E-02-1.1888349718880E+00-1.1888349718880E+00 1.1888349718670E+00
-1.3518036025140E+00-1.3518036025130E+00 1.3518036025280E+00 0.0000000000000E+00
-8.7979126062063E-02-8.7979126062063E-02 0.0000000000000E+00 8.7979126060331E-02
-3.0000000000000E-12-2.3595932462838E-01-2.3595932462838E-01 0.0000000000000E+00
 2.3595932463704E-01-9.8280290600000E-03-2.4570072635461E-03-2.4570072635461E-03
 0.0000000000000E+00 7.6420733192626E-03 4.0950121083434E-04-4.0950121083434E-04
 4.9281385934000E-01 8.2450760538800E-01 8.0336656061580E+00-2.9570865912723E+01
-7.8640987819650E+00 0.0000000000000E+00 0.0000000000000E+00 0.0000000000000E+00
 0.0000000000000E+00 0.0000000000000E+00 0.0000000000000E+00 0.0000000000000E+00
 0.0000000000000E+00 0.0000000000000E+00 0.0000000000000E+00 0.0000000000000E+00
 0.0000000000000E+00 1.0000000000000E-12 0.0000000000000E+00 0.0000000000000E+00
 0.0000000000000E+00 0.0000000000000E+00-1.9000000000000E-11 0.0000000000000E+00
 0.0000000000000E+00 0.0000000000000E+00 0.0000000000000E+00 1.1000000000000E-11
 0.0000000000000E+00 0.0000000000000E+00 0.0000000000000E+00 0.0000000000000E+00
 0.0000000000000E+00 0.0000000000000E+00 0.0000000000000E+00 0.0000000000000E+00
 1.2758953753801E-02 0.0000000000000E+00 0.0000000000000E+00 0.0000000000000E+00
 0.0000000000000E+00 0.0000000000000E+00 0.0000000000000E+00 4.6850666303738E-01
 0.0000000000000E+00 0.0000000000000E+00 2.8262362921000E-01 0.0000000000000E+00
 0.0000000000000E+00 0.0000000000000E+00 0.0000000000000E+00 0.0000000000000E+00
 0.0000000000000E+00 1.6822835071697E-03 0.0000000000000E+00-2.5569256074000E-02
 2.6976473548970E+00 7.1785519186080E+00 5.6042616116900E-01 6.7256882117000E-02
-6.7256882117000E-02 6.7256882114000E-02-1.1888349718880E+00 1.1888349718880E+00
-1.1888349718670E+00-1.3518036025140E+00 1.3518036025130E+00-1.3518036025280E+00
 0.0000000000000E+00 8.7979126062063E-02-8.7979126062063E-02 0.0000000000000E+00
-8.7979126060331E-02-3.0000000000000E-12 2.3595932462838E-01-2.3595932462838E-01
 0.0000000000000E+00-2.3595932463704E-01 9.8280290600000E-03-2.4570072635461E-03
 2.4570072635461E-03 0.0000000000000E+00 7.6420733192626E-03 4.0950121083434E-04
 4.0950121083434E-04-2.5569256074000E-02 2.6976473548970E+00 7.1785519186080E+00
 5.6042616116900E-01-6.7256882117000E-02 6.7256882117000E-02 6.7256882114000E-02
 1.1888349718880E+00-1.1888349718880E+00-1.1888349718670E+00 1.3518036025140E+00
-1.3518036025130E+00-1.3518036025280E+00 0.0000000000000E+00-8.7979126062063E-02
 8.7979126062063E-02 0.0000000000000E+00-8.7979126060331E-02-3.0000000000000E-12
-2.3595932462838E-01 2.3595932462838E-01 0.0000000000000E+00-2.3595932463704E-01
 9.8280290600000E-03 2.4570072635461E-03-2.4570072635461E-03 0.0000000000000E+00
 7.6420733192626E-03-4.0950121083434E-04-4.0950121083434E-04-2.5569256074000E-02
 2.6976473548970E+00 7.1785519186080E+00 5.6042616116900E-01-6.7256882117000E-02
-6.7256882117000E-02-6.7256882114000E-02 1.1888349718880E+00 1.1888349718880E+00
 1.1888349718670E+00 1.3518036025140E+00 1.3518036025130E+00 1.3518036025280E+00
 0.0000000000000E+00 8.7979126062063E-02 8.7979126062063E-02 0.0000000000000E+00
 8.7979126060331E-02-3.0000000000000E-12 2.3595932462838E-01 2.3595932462838E-01
 0.0000000000000E+00 2.3595932463704E-01-9.8280290600000E-03 2.4570072635461E-03
 2.4570072635461E-03 0.0000000000000E+00 7.6420733192626E-03-4.0950121083434E-04
 4.0950121083434E-04 7.4342435640000E-03 8.8965384673400E-01 9.2196603166200E-01
-9.9780730037000E-02 1.3696918470000E-02 1.3696918470000E-02 2.0320568194000E-02
-2.8804694840000E-01-2.8804694839800E-01-7.7975704983000E-02 1.9520054588300E-01
 1.9520054588400E-01-7.2216840029400E-01-4.8020674945000E-03-1.1740297290437E-01
-1.1740297290437E-01 0.0000000000000E+00 2.2544291463256E-02-6.6268734666000E-02
 1.2991791016411E+00 1.2991791016428E+00 8.6602540378444E-13 2.2150516221202E-02
-2.5564760441000E-02 1.2903525261178E-02 1.2903525261178E-02 0.0000000000000E+00
-4.5469856948248E-03-1.9447990644416E-04 1.9447990644416E-04 0.0000000000000E+00
 0.0000000000000E+00 0.0000000000000E+00 0.0000000000000E+00 0.0000000000000E+00
 0.0000000000000E+00 0.0000000000000E+00 6.2690744349000E-02 0.0000000000000E+00
 0.0000000000000E+00-1.7490884978090E+00 0.0000000000000E+00 0.0000000000000E+00
 4.8898916657290E+00 0.0000000000000E+00 0.0000000000000E+00 5.1797447627100E-01
 0.0000000000000E+00 0.0000000000000E+00 0.0000000000000E+00 0.0000000000000E+00
 3.2061744729039E-02 0.0000000000000E+00 0.0000000000000E+00 0.0000000000000E+00
 0.0000000000000E+00-2.6468105048689E-01 0.0000000000000E+00 0.0000000000000E+00
 0.0000000000000E+00 0.0000000000000E+00-2.9170267450709E+00 5.0732207453000E-02
 0.0000000000000E+00 0.0000000000000E+00 0.0000000000000E+00 0.0000000000000E+00
 0.0000000000000E+00 0.0000000000000E+00 2.0091896730000E-01 0.0000000000000E+00
 0.0000000000000E+00-5.1639777949432E-13 0.0000000000000E+00 0.0000000000000E+00
 0.0000000000000E+00 0.0000000000000E+00 0.0000000000000E+00 0.0000000000000E+00
 0.0000000000000E+00-1.5165758291966E-02 0.0000000000000E+00 0.0000000000000E+00
 0.0000000000000E+00 0.0000000000000E+00-7.4342435640000E-03-8.8965384673400E-01
-9.2196603166200E-01 9.9780730037000E-02-1.3696918470000E-02 1.3696918470000E-02
 2.0320568194000E-02 2.8804694840000E-01-2.8804694839800E-01-7.7975704983000E-02
-1.9520054588300E-01 1.9520054588400E-01-7.2216840029400E-01 4.8020674945000E-03
-1.1740297290437E-01 1.1740297290437E-01 0.0000000000000E+00 2.2544291463256E-02
 6.6268734666000E-02 1.2991791016411E+00-1.2991791016428E+00-8.6602540378444E-13
 2.2150516221202E-02-2.5564760441000E-02-1.2903525261178E-02 1.2903525261178E-02
 0.0000000000000E+00 4.5469856948248E-03 1.9447990644416E-04 1.9447990644416E-04
-7.4342435640000E-03-8.8965384673400E-01-9.2196603166200E-01 9.9780730037000E-02
 1.3696918470000E-02-1.3696918470000E-02 2.0320568194000E-02-2.8804694840000E-01
 2.8804694839800E-01-7.7975704983000E-02 1.9520054588300E-01-1.9520054588400E-01
-7.2216840029400E-01 4.8020674945000E-03 1.1740297290437E-01-1.1740297290437E-01
 0.0000000000000E+00 2.2544291463256E-02 6.6268734666000E-02-1.2991791016411E+00
 1.2991791016428E+00-8.6602540378444E-13 2.2150516221202E-02-2.5564760441000E-02
 1.2903525261178E-02-1.2903525261178E-02 0.0000000000000E+00 4.5469856948248E-03
-1.9447990644416E-04-1.9447990644416E-04 7.4342435640000E-03 8.8965384673400E-01
 9.2196603166200E-01-9.9780730037000E-02-1.3696918470000E-02-1.3696918470000E-02
 2.0320568194000E-02 2.8804694840000E-01 2.8804694839800E-01-7.7975704983000E-02
-1.9520054588300E-01-1.9520054588400E-01-7.2216840029400E-01-4.8020674945000E-03
 1.1740297290437E-01 1.1740297290437E-01 0.0000000000000E+00 2.2544291463256E-02
-6.6268734666000E-02-1.2991791016411E+00-1.2991791016428E+00 8.6602540378444E-13
 2.2150516221202E-02-2.5564760441000E-02-1.2903525261178E-02-1.2903525261178E-02
 0.0000000000000E+00-4.5469856948248E-03 1.9447990644416E-04-1.9447990644416E-04
-7.4342435650000E-03-8.8965384673600E-01-9.2196603165400E-01 9.9780730036000E-02
-1.3696918469000E-02 2.0320568193000E-02 1.3696918470000E-02 2.8804694839400E-01
-7.7975704980000E-02-2.8804694839600E-01-1.9520054588600E-01-7.2216840029700E-01
 1.9520054588500E-01-2.4010337470000E-03 2.2544291463256E-02 1.1740297290264E-01
-7.2031012418808E-03-1.1740297290264E-01-3.3134367333500E-02 2.2150516214274E-02
-1.2991791016411E+00-9.9403101998296E-02 1.2991791016428E+00-2.2272486489000E-02
 1.7672820164911E-03 6.3911901105624E-03-2.9341614554393E-03 4.5469856949539E-03
 1.6615606342382E-03 1.0651983516803E-03 0.0000000000000E+00 0.0000000000000E+00
 0.0000000000000E+00 0.0000000000000E+00 0.0000000000000E+00 0.0000000000000E+00
 6.2690744349000E-02 0.0000000000000E+00 0.0000000000000E+00-1.7490884978180E+00
 0.0000000000000E+00 0.0000000000000E+00 4.8898916657170E+00 0.0000000000000E+00
 0.0000000000000E+00 5.1797447627300E-01 0.0000000000000E+00 0.0000000000000E+00
 3.2061744729039E-02 0.0000000000000E+00 0.0000000000000E+00 0.0000000000000E+00
 0.0000000000000E+00-2.6468105048862E-01 0.0000000000000E+00 0.0000000000000E+00
 0.0000000000000E+00 0.0000000000000E+00-2.9170267450709E+00 0.0000000000000E+00
 0.0000000000000E+00 0.0000000000000E+00 0.0000000000000E+00 0.0000000000000E+00
-1.2683051863569E-02 0.0000000000000E+00 0.0000000000000E+00 0.0000000000000E+00
-2.1138419772129E-03 0.0000000000000E+00 0.0000000000000E+00-5.0229741823373E-02
 0.0000000000000E+00 0.0000000000000E+00 0.0000000000000E+00-8.3716236370139E-03
 0.0000000000000E+00 2.2748637437855E-02 0.0000000000000E+00 0.0000000000000E+00
 0.0000000000000E+00 3.7914395729420E-03 0.0000000000000E+00 0.0000000000000E+00
 0.0000000000000E+00 7.4342435650000E-03 8.8965384673600E-01 9.2196603165400E-01
-9.9780730036000E-02 1.3696918469000E-02 2.0320568193000E-02 1.3696918470000E-02
-2.8804694839400E-01-7.7975704980000E-02-2.8804694839600E-01 1.9520054588600E-01
-7.2216840029700E-01 1.9520054588500E-01 2.4010337470000E-03 2.2544291463256E-02
-1.1740297290264E-01 7.2031012418808E-03-1.1740297290264E-01 3.3134367333500E-02
 2.2150516214274E-02 1.2991791016411E+00 9.9403101998296E-02 1.2991791016428E+00
-2.2272486489000E-02-1.7672820164911E-03 6.3911901105624E-03-2.9341614554393E-03
-4.5469856949539E-03-1.6615606342382E-03 1.0651983516803E-03-7.4342435650000E-03
-8.8965384673600E-01-9.2196603165400E-01 9.9780730036000E-02 1.3696918469000E-02
 2.0320568193000E-02-1.3696918470000E-02-2.8804694839400E-01-7.7975704980000E-02
 2.8804694839600E-01 1.9520054588600E-01-7.2216840029700E-01-1.9520054588500E-01
-2.4010337470000E-03 2.2544291463256E-02-1.1740297290264E-01-7.2031012418808E-03
 1.1740297290264E-01-3.3134367333500E-02 2.2150516214274E-02 1.2991791016411E+00
-9.9403101998296E-02-1.2991791016428E+00 2.2272486489000E-02-1.7672820164911E-03
 6.3911901105624E-03 2.9341614554393E-03 4.5469856949539E-03-1.6615606342382E-03
 1.0651983516803E-03 7.4342435650000E-03 8.8965384673600E-01 9.2196603165400E-01
-9.9780730036000E-02-1.3696918469000E-02 2.0320568193000E-02-1.3696918470000E-02
 2.8804694839400E-01-7.7975704980000E-02 2.8804694839600E-01-1.9520054588600E-01
-7.2216840029700E-01-1.9520054588500E-01 2.4010337470000E-03 2.2544291463256E-02
 1.1740297290264E-01 7.2031012418808E-03 1.1740297290264E-01 3.3134367333500E-02
 2.2150516214274E-02-1.2991791016411E+00 9.9403101998296E-02-1.2991791016428E+00
 2.2272486489000E-02 1.7672820164911E-03 6.3911901105624E-03 2.9341614554393E-03
-4.5469856949539E-03 1.6615606342382E-03 1.0651983516803E-03 7.4342435650000E-03
 8.8965384673500E-01 9.2196603164500E-01-9.9780730034000E-02-2.0320568193000E-02
 1.3696918469000E-02-1.3696918469000E-02 7.7975704981000E-02-2.8804694839000E-01
 2.8804694839500E-01 7.2216840029900E-01 1.9520054588900E-01-1.9520054588700E-01
 2.4010337470000E-03-1.1740297290264E-01-2.2544291463256E-02-7.2031012418808E-03
 1.1740297290264E-01 3.3134367334000E-02 1.2991791016428E+00-2.2150516210809E-02
-9.9403101998296E-02-1.2991791016445E+00 2.2272486489000E-02-6.3911901105624E-03
-1.7672820164911E-03-2.9341614554393E-03-4.5469856949539E-03 1.0651983516803E-03
 1.6615606342382E-03 0.0000000000000E+00 0.0000000000000E+00 0.0000000000000E+00
 0.0000000000000E+00 0.0000000000000E+00-6.2690744349000E-02 0.0000000000000E+00
 0.0000000000000E+00 1.7490884978230E+00 0.0000000000000E+00 0.0000000000000E+00
-4.8898916657040E+00 0.0000000000000E+00 0.0000000000000E+00-5.1797447627500E-01
 0.0000000000000E+00 0.0000000000000E+00 0.0000000000000E+00 0.0000000000000E+00
-3.2061744729039E-02 0.0000000000000E+00 0.0000000000000E+00 0.0000000000000E+00
 0.0000000000000E+00 2.6468105047996E-01 0.0000000000000E+00 0.0000000000000E+00
 0.0000000000000E+00 0.0000000000000E+00 2.9170267450691E+00 0.0000000000000E+00
 0.0000000000000E+00 0.0000000000000E+00 1.2683051863569E-02 0.0000000000000E+00
 0.0000000000000E+00 0.0000000000000E+00-2.1138419772657E-03 0.0000000000000E+00
 0.0000000000000E+00 5.0229741824190E-02 0.0000000000000E+00 0.0000000000000E+00
 0.0000000000000E+00-8.3716236367504E-03 0.0000000000000E+00 0.0000000000000E+00
 0.0000000000000E+00-2.2748637437855E-02 0.0000000000000E+00 0.0000000000000E+00
 0.0000000000000E+00 3.7914395729221E-03 0.0000000000000E+00 0.0000000000000E+00
 7.4342435650000E-03 8.8965384673500E-01 9.2196603164500E-01-9.9780730034000E-02
-2.0320568193000E-02-1.3696918469000E-02 1.3696918469000E-02 7.7975704981000E-02
 2.8804694839000E-01-2.8804694839500E-01 7.2216840029900E-01-1.9520054588900E-01
 1.9520054588700E-01 2.4010337470000E-03 1.1740297290264E-01-2.2544291463256E-02
-7.2031012418808E-03-1.1740297290264E-01 3.3134367334000E-02-1.2991791016428E+00
-2.2150516210809E-02-9.9403101998296E-02 1.2991791016445E+00-2.2272486489000E-02
-6.3911901105624E-03 1.7672820164911E-03 2.9341614554393E-03-4.5469856949539E-03
 1.0651983516803E-03-1.6615606342382E-03-7.4342435650000E-03-8.8965384673500E-01
-9.2196603164500E-01 9.9780730034000E-02-2.0320568193000E-02-1.3696918469000E-02
-1.3696918469000E-02 7.7975704981000E-02 2.8804694839000E-01 2.8804694839500E-01
 7.2216840029900E-01-1.9520054588900E-01-1.9520054588700E-01-2.4010337470000E-03
 1.1740297290264E-01-2.2544291463256E-02 7.2031012418808E-03 1.1740297290264E-01
-3.3134367334000E-02-1.2991791016428E+00-2.2150516210809E-02 9.9403101998296E-02
-1.2991791016445E+00 2.2272486489000E-02-6.3911901105624E-03 1.7672820164911E-03
-2.9341614554393E-03 4.5469856949539E-03 1.0651983516803E-03-1.6615606342382E-03
-7.4342435650000E-03-8.8965384673500E-01-9.2196603164500E-01 9.9780730034000E-02
-2.0320568193000E-02 1.3696918469000E-02 1.3696918469000E-02 7.7975704981000E-02
-2.8804694839000E-01-2.8804694839500E-01 7.2216840029900E-01 1.9520054588900E-01
 1.9520054588700E-01-2.4010337470000E-03-1.1740297290264E-01-2.2544291463256E-02
 7.2031012418808E-03-1.1740297290264E-01-3.3134367334000E-02 1.2991791016428E+00
-2.2150516210809E-02 9.9403101998296E-02 1.2991791016445E+00-2.2272486489000E-02
-6.3911901105624E-03-1.7672820164911E-03 2.9341614554393E-03 4.5469856949539E-03
 1.0651983516803E-03 1.6615606342382E-03 0.0000000000000E+00-1.0000000000000E-12
 2.0000000000000E-12 0.0000000000000E+00 1.1172373181800E-01-1.1172373181800E-01
 0.0000000000000E+00-1.0948619728790E+00 1.0948619728790E+00 0.0000000000000E+00
-4.9787432682500E-01 4.9787432682300E-01 1.0000000000000E-12 0.0000000000000E+00
-3.0507535269227E-02 3.0507535269227E-02-3.0881830926529E-02 0.0000000000000E+00
 0.0000000000000E+00-3.6767507408103E-01 3.6767507407757E-01 1.0196022715963E+00
 1.7320508075689E-12 0.0000000000000E+00-1.3238360942535E-02 1.3238360942126E-02
 5.8826318950765E-03 0.0000000000000E+00-2.7144163110510E-03-2.7144163110510E-03
 0.0000000000000E+00 0.0000000000000E+00 0.0000000000000E+00 0.0000000000000E+00
 0.0000000000000E+00 0.0000000000000E+00 0.0000000000000E+00 0.0000000000000E+00
 0.0000000000000E+00 0.0000000000000E+00 3.0000000000000E-12 0.0000000000000E+00
 0.0000000000000E+00 0.0000000000000E+00 0.0000000000000E+00 0.0000000000000E+00
 0.0000000000000E+00 0.0000000000000E+00 0.0000000000000E+00 0.0000000000000E+00
 0.0000000000000E+00 0.0000000000000E+00 0.0000000000000E+00 0.0000000000000E+00
 0.0000000000000E+00 0.0000000000000E+00-1.7320508075689E-12 0.0000000000000E+00
 0.0000000000000E+00 0.0000000000000E+00 0.0000000000000E+00 1.7320508075689E-12
 0.0000000000000E+00 0.0000000000000E+00 0.0000000000000E+00 8.6969903320096E-03
 0.0000000000000E+00 0.0000000000000E+00 0.0000000000000E+00 0.0000000000000E+00
 0.0000000000000E+00 0.0000000000000E+00-4.5417349943629E-01 0.0000000000000E+00
 0.0000000000000E+00 0.0000000000000E+00 0.0000000000000E+00 0.0000000000000E+00
 0.0000000000000E+00 0.0000000000000E+00 0.0000000000000E+00 0.0000000000000E+00
 0.0000000000000E+00 0.0000000000000E+00 1.9324354095850E-03 0.0000000000000E+00
 1.0000000000000E-12-2.0000000000000E-12 0.0000000000000E+00-1.1172373181800E-01
-1.1172373181800E-01 0.0000000000000E+00 1.0948619728790E+00 1.0948619728790E+00
 0.0000000000000E+00 4.9787432682500E-01 4.9787432682300E-01 1.0000000000000E-12
 0.0000000000000E+00-3.0507535269227E-02-3.0507535269227E-02 3.0881830926529E-02
 0.0000000000000E+00 0.0000000000000E+00-3.6767507408103E-01-3.6767507407757E-01
-1.0196022715963E+00 1.7320508075689E-12 0.0000000000000E+00 1.3238360942535E-02
 1.3238360942126E-02 5.8826318950765E-03 0.0000000000000E+00 2.7144163110510E-03
-2.7144163110510E-03 0.0000000000000E+00 1.0000000000000E-12-2.0000000000000E-12
 0.0000000000000E+00 1.1172373181800E-01 1.1172373181800E-01 0.0000000000000E+00
-1.0948619728790E+00-1.0948619728790E+00 0.0000000000000E+00-4.9787432682500E-01
-4.9787432682300E-01 1.0000000000000E-12 0.0000000000000E+00 3.0507535269227E-02
 3.0507535269227E-02 3.0881830926529E-02 0.0000000000000E+00 0.0000000000000E+00
 3.6767507408103E-01 3.6767507407757E-01-1.0196022715963E+00 1.7320508075689E-12
 0.0000000000000E+00-1.3238360942535E-02-1.3238360942126E-02 5.8826318950765E-03
 0.0000000000000E+00-2.7144163110510E-03 2.7144163110510E-03 0.0000000000000E+00
-1.0000000000000E-12 2.0000000000000E-12 0.0000000000000E+00-1.1172373181800E-01
 1.1172373181800E-01 0.0000000000000E+00 1.0948619728790E+00-1.0948619728790E+00
 0.0000000000000E+00 4.9787432682500E-01-4.9787432682300E-01 1.0000000000000E-12
 0.0000000000000E+00 3.0507535269227E-02-3.0507535269227E-02-3.0881830926529E-02
 0.0000000000000E+00 0.0000000000000E+00 3.6767507408103E-01-3.6767507407757E-01
 1.0196022715963E+00 1.7320508075689E-12 0.0000000000000E+00 1.3238360942535E-02
-1.3238360942126E-02 5.8826318950765E-03 0.0000000000000E+00 2.7144163110510E-03
 2.7144163110510E-03 0.0000000000000E+00-9.0000000000000E-12-2.7000000000000E-11
 0.0000000000000E+00 1.1172373181700E-01-1.0000000000000E-12 1.1172373181800E-01
-1.0948619728740E+00 1.1000000000000E-11-1.0948619728830E+00-4.9787432681700E-01
 6.0000000000000E-12-4.9787432682900E-01 1.5440915463000E-02 0.0000000000000E+00
 3.0507535269227E-02-1.5440915462831E-02 3.0507535267495E-02-5.0980113579750E-01
 1.7320508075689E-12 3.6767507408623E-01 5.0980113579947E-01 3.6767507406891E-01
-2.0858703253000E-02 2.3667712568222E-02 1.4706579737325E-02 7.3812147022253E-03
 0.0000000000000E+00 9.7619103988978E-04-1.4706579737590E-03 0.0000000000000E+00
 0.0000000000000E+00 0.0000000000000E+00 0.0000000000000E+00 0.0000000000000E+00
 0.0000000000000E+00 1.0000000000000E-12 0.0000000000000E+00 0.0000000000000E+00
 1.0000000000000E-11 0.0000000000000E+00 0.0000000000000E+00 3.6000000000000E-11
 0.0000000000000E+00 0.0000000000000E+00 3.0000000000000E-12 0.0000000000000E+00
 0.0000000000000E+00 3.4641016151378E-12 0.0000000000000E+00 0.0000000000000E+00
 0.0000000000000E+00 0.0000000000000E+00-4.8497422611929E-11 0.0000000000000E+00
 0.0000000000000E+00 0.0000000000000E+00 0.0000000000000E+00-1.2124355652982E-11
 0.0000000000000E+00 0.0000000000000E+00 0.0000000000000E+00 0.0000000000000E+00
 0.0000000000000E+00 2.1742475830287E-02 0.0000000000000E+00 0.0000000000000E+00
 0.0000000000000E+00-2.1742475829802E-03 0.0000000000000E+00 0.0000000000000E+00
-1.1354337485883E+00 0.0000000000000E+00 0.0000000000000E+00 0.0000000000000E+00
 1.1354337485950E-01 0.0000000000000E+00 8.1162287201983E-02 0.0000000000000E+00
 0.0000000000000E+00 0.0000000000000E+00-1.9324354095944E-03 0.0000000000000E+00
 0.0000000000000E+00 0.0000000000000E+00 0.0000000000000E+00 9.0000000000000E-12
 2.7000000000000E-11 0.0000000000000E+00-1.1172373181700E-01-1.0000000000000E-12
 1.1172373181800E-01 1.0948619728740E+00 1.1000000000000E-11-1.0948619728830E+00
 4.9787432681700E-01 6.0000000000000E-12-4.9787432682900E-01-1.5440915463000E-02
 0.0000000000000E+00-3.0507535269227E-02 1.5440915462831E-02 3.0507535267495E-02
 5.0980113579750E-01 1.7320508075689E-12-3.6767507408623E-01-5.0980113579947E-01
 3.6767507406891E-01-2.0858703253000E-02-2.3667712568222E-02 1.4706579737325E-02
 7.3812147022253E-03 0.0000000000000E+00-9.7619103988978E-04-1.4706579737590E-03
 0.0000000000000E+00-9.0000000000000E-12-2.7000000000000E-11 0.0000000000000E+00
-1.1172373181700E-01-1.0000000000000E-12-1.1172373181800E-01 1.0948619728740E+00
 1.1000000000000E-11 1.0948619728830E+00 4.9787432681700E-01 6.0000000000000E-12
 4.9787432682900E-01 1.5440915463000E-02 0.0000000000000E+00-3.0507535269227E-02
-1.5440915462831E-02-3.0507535267495E-02-5.0980113579750E-01 1.7320508075689E-12
-3.6767507408623E-01 5.0980113579947E-01-3.6767507406891E-01 2.0858703253000E-02
-2.3667712568222E-02 1.4706579737325E-02-7.3812147022253E-03 0.0000000000000E+00
-9.7619103988978E-04-1.4706579737590E-03 0.0000000000000E+00 9.0000000000000E-12
 2.7000000000000E-11 0.0000000000000E+00 1.1172373181700E-01-1.0000000000000E-12
-1.1172373181800E-01-1.0948619728740E+00 1.1000000000000E-11 1.0948619728830E+00
-4.9787432681700E-01 6.0000000000000E-12 4.9787432682900E-01-1.5440915463000E-02
 0.0000000000000E+00 3.0507535269227E-02 1.5440915462831E-02-3.0507535267495E-02
 5.0980113579750E-01 1.7320508075689E-12 3.6767507408623E-01-5.0980113579947E-01
-3.6767507406891E-01 2.0858703253000E-02 2.3667712568222E-02 1.4706579737325E-02
-7.3812147022253E-03 0.0000000000000E+00 9.7619103988978E-04-1.4706579737590E-03
 0.0000000000000E+00 8.0000000000000E-12 3.0000000000000E-11 0.0000000000000E+00
 1.0000000000000E-12-1.1172373181700E-01-1.1172373181800E-01-1.1000000000000E-11
 1.0948619728740E+00 1.0948619728840E+00-8.0000000000000E-12 4.9787432681600E-01
 4.9787432683100E-01-1.5440915463000E-02-3.0507535269227E-02 0.0000000000000E+00
-1.5440915462831E-02-3.0507535269227E-02 5.0980113579750E-01-3.6767507408796E-01
-3.4641016151378E-12 5.0980113579947E-01-3.6767507406718E-01 2.0858703253000E-02
-1.4706579737325E-02-2.3667712568222E-02 7.3812147022253E-03 0.0000000000000E+00
-1.4706579737590E-03 9.7619103988978E-04 0.0000000000000E+00 0.0000000000000E+00
 0.0000000000000E+00 0.0000000000000E+00 0.0000000000000E+00-1.0000000000000E-12
 0.0000000000000E+00 0.0000000000000E+00-1.4000000000000E-11 0.0000000000000E+00
 0.0000000000000E+00-3.6000000000000E-11 0.0000000000000E+00 0.0000000000000E+00
-3.0000000000000E-12 0.0000000000000E+00 0.0000000000000E+00 0.0000000000000E+00
 0.0000000000000E+00-3.4641016151378E-12 0.0000000000000E+00 0.0000000000000E+00
 0.0000000000000E+00 0.0000000000000E+00 5.1961524227066E-11 0.0000000000000E+00
 0.0000000000000E+00 0.0000000000000E+00 0.0000000000000E+00 1.0392304845413E-11
 0.0000000000000E+00 0.0000000000000E+00 0.0000000000000E+00-2.1742475830287E-02
 0.0000000000000E+00 0.0000000000000E+00 0.0000000000000E+00-2.1742475829802E-03
 0.0000000000000E+00 0.0000000000000E+00 1.1354337485888E+00 0.0000000000000E+00
 0.0000000000000E+00 0.0000000000000E+00 1.1354337485945E-01 0.0000000000000E+00
 0.0000000000000E+00 0.0000000000000E+00-8.1162287201983E-02 0.0000000000000E+00
 0.0000000000000E+00 0.0000000000000E+00-1.9324354095944E-03 0.0000000000000E+00
 0.0000000000000E+00 0.0000000000000E+00 8.0000000000000E-12 3.0000000000000E-11
 0.0000000000000E+00 1.0000000000000E-12 1.1172373181700E-01 1.1172373181800E-01
-1.1000000000000E-11-1.0948619728740E+00-1.0948619728840E+00-8.0000000000000E-12
-4.9787432681600E-01-4.9787432683100E-01-1.5440915463000E-02 3.0507535269227E-02
 0.0000000000000E+00-1.5440915462831E-02 3.0507535269227E-02 5.0980113579750E-01
 3.6767507408796E-01-3.4641016151378E-12 5.0980113579947E-01 3.6767507406718E-01
-2.0858703253000E-02-1.4706579737325E-02 2.3667712568222E-02-7.3812147022253E-03
 0.0000000000000E+00-1.4706579737590E-03-9.7619103988978E-04 0.0000000000000E+00
-8.0000000000000E-12-3.0000000000000E-11 0.0000000000000E+00 1.0000000000000E-12
 1.1172373181700E-01-1.1172373181800E-01-1.1000000000000E-11-1.0948619728740E+00
 1.0948619728840E+00-8.0000000000000E-12-4.9787432681600E-01 4.9787432683100E-01
 1.5440915463000E-02 3.0507535269227E-02 0.0000000000000E+00 1.5440915462831E-02
-3.0507535269227E-02-5.0980113579750E-01 3.6767507408796E-01-3.4641016151378E-12
-5.0980113579947E-01-3.6767507406718E-01 2.0858703253000E-02-1.4706579737325E-02
 2.3667712568222E-02 7.3812147022253E-03 0.0000000000000E+00-1.4706579737590E-03
-9.7619103988978E-04 0.0000000000000E+00-8.0000000000000E-12-3.0000000000000E-11
 0.0000000000000E+00 1.0000000000000E-12-1.1172373181700E-01 1.1172373181800E-01
-1.1000000000000E-11 1.0948619728740E+00-1.0948619728840E+00-8.0000000000000E-12
 4.9787432681600E-01-4.9787432683100E-01 1.5440915463000E-02-3.0507535269227E-02
 0.0000000000000E+00 1.5440915462831E-02 3.0507535269227E-02-5.0980113579750E-01
-3.6767507408796E-01-3.4641016151378E-12-5.0980113579947E-01 3.6767507406718E-01
-2.0858703253000E-02-1.4706579737325E-02-2.3667712568222E-02-7.3812147022253E-03
 0.0000000000000E+00-1.4706579737590E-03 9.7619103988978E-04 4.4748926953000E-02
 8.0207906026000E-02 7.0872104550560E+00 1.4404062027700E-01 1.0073781523100E-01
 1.0073781523100E-01-2.0814946827000E-02-1.0017329470440E+00-1.0017329470460E+00
 2.2257570563200E-01-1.9083808324910E+00-1.9083808324920E+00 1.2311717830060E+00
 1.1971518160000E-02-1.2113686569882E-02-1.2113686569882E-02 0.0000000000000E+00
-7.6102415226499E-02-1.9493722752600E-01-6.0180789766962E-01-6.0180789766962E-01
-8.6602540378444E-13 1.7158832359817E+00-2.7921908922000E-02-5.3046834636818E-03
-5.3046834636818E-03 0.0000000000000E+00 6.7983512683532E-03 1.5369219438101E-03
-1.5369219438101E-03 0.0000000000000E+00 0.0000000000000E+00 0.0000000000000E+00
 0.0000000000000E+00 0.0000000000000E+00 0.0000000000000E+00 0.0000000000000E+00
 9.1917050375000E-02 0.0000000000000E+00 0.0000000000000E+00 1.4967962783190E+00
 0.0000000000000E+00 0.0000000000000E+00 1.1420206643751E+01 0.0000000000000E+00
 0.0000000000000E+00 1.2048635196300E+00 0.0000000000000E+00 0.0000000000000E+00
 0.0000000000000E+00 0.0000000000000E+00 1.3886442993528E-01 0.0000000000000E+00
 0.0000000000000E+00 0.0000000000000E+00 0.0000000000000E+00-2.3287357202936E+00
 0.0000000000000E+00 0.0000000000000E+00 0.0000000000000E+00 0.0000000000000E+00
-2.7874001339513E+00-1.3977671961200E-01 0.0000000000000E+00 0.0000000000000E+00
 0.0000000000000E+00 0.0000000000000E+00 0.0000000000000E+00 0.0000000000000E+00
 8.1399537730100E-01 0.0000000000000E+00 0.0000000000000E+00 2.5819888974716E-13
 0.0000000000000E+00 0.0000000000000E+00 0.0000000000000E+00 0.0000000000000E+00
 0.0000000000000E+00 0.0000000000000E+00 0.0000000000000E+00-1.4079668736951E-02
 0.0000000000000E+00 0.0000000000000E+00 0.0000000000000E+00 0.0000000000000E+00
-4.4748926953000E-02-8.0207906026000E-02-7.0872104550560E+00-1.4404062027700E-01
-1.0073781523100E-01 1.0073781523100E-01-2.0814946827000E-02 1.0017329470440E+00
-1.0017329470460E+00 2.2257570563200E-01 1.9083808324910E+00-1.9083808324920E+00
 1.2311717830060E+00-1.1971518160000E-02-1.2113686569882E-02 1.2113686569882E-02
 0.0000000000000E+00-7.6102415226499E-02 1.9493722752600E-01-6.0180789766962E-01
 6.0180789766962E-01 8.6602540378444E-13 1.7158832359817E+00-2.7921908922000E-02
 5.3046834636818E-03-5.3046834636818E-03 0.0000000000000E+00-6.7983512683532E-03
-1.5369219438101E-03-1.5369219438101E-03-4.4748926953000E-02-8.0207906026000E-02
-7.0872104550560E+00-1.4404062027700E-01 1.0073781523100E-01-1.0073781523100E-01
-2.0814946827000E-02-1.0017329470440E+00 1.0017329470460E+00 2.2257570563200E-01
-1.9083808324910E+00 1.9083808324920E+00 1.2311717830060E+00-1.1971518160000E-02
 1.2113686569882E-02-1.2113686569882E-02 0.0000000000000E+00-7.6102415226499E-02
 1.9493722752600E-01 6.0180789766962E-01-6.0180789766962E-01 8.6602540378444E-13
 1.7158832359817E+00-2.7921908922000E-02-5.3046834636818E-03 5.3046834636818E-03
 0.0000000000000E+00-6.7983512683532E-03 1.5369219438101E-03 1.5369219438101E-03
 4.4748926953000E-02 8.0207906026000E-02 7.0872104550560E+00 1.4404062027700E-01
-1.0073781523100E-01-1.0073781523100E-01-2.0814946827000E-02 1.0017329470440E+00
 1.0017329470460E+00 2.2257570563200E-01 1.9083808324910E+00 1.9083808324920E+00
 1.2311717830060E+00 1.1971518160000E-02 1.2113686569882E-02 1.2113686569882E-02
 0.0000000000000E+00-7.6102415226499E-02-1.9493722752600E-01 6.0180789766962E-01
 6.0180789766962E-01-8.6602540378444E-13 1.7158832359817E+00-2.7921908922000E-02
 5.3046834636818E-03 5.3046834636818E-03 0.0000000000000E+00 6.7983512683532E-03
-1.5369219438101E-03 1.5369219438101E-03-4.4748926953000E-02-8.0207906014000E-02
-7.0872104550280E+00-1.4404062027700E-01-1.0073781523000E-01-2.0814946826000E-02
 1.0073781522900E-01 1.0017329470400E+00 2.2257570562100E-01-1.0017329470350E+00
 1.9083808324870E+00 1.2311717829960E+00-1.9083808324840E+00 5.9857590800000E-03
-7.6102415228231E-02 1.2113686569882E-02 1.7957277240993E-02-1.2113686569882E-02
-9.7468613762500E-02 1.7158832359765E+00 6.0180789765577E-01-2.9240584129190E-01
-6.0180789765750E-01 3.1010854351000E-02 1.0200743711876E-02 6.9804772305648E-03
-9.7921204959834E-04-6.7983512679659E-03-1.0473159189075E-03 1.1634128716802E-03
 0.0000000000000E+00 0.0000000000000E+00 0.0000000000000E+00 0.0000000000000E+00
 0.0000000000000E+00 0.0000000000000E+00 9.1917050377000E-02 0.0000000000000E+00
 0.0000000000000E+00 1.4967962782890E+00 0.0000000000000E+00 0.0000000000000E+00
 1.1420206643725E+01 0.0000000000000E+00 0.0000000000000E+00 1.2048635196270E+00
 0.0000000000000E+00 0.0000000000000E+00 1.3886442993528E-01 0.0000000000000E+00
 0.0000000000000E+00 0.0000000000000E+00 0.0000000000000E+00-2.3287357202434E+00
 0.0000000000000E+00 0.0000000000000E+00 0.0000000000000E+00 0.0000000000000E+00
-2.7874001339357E+00 0.0000000000000E+00 0.0000000000000E+00 0.0000000000000E+00
 0.0000000000000E+00 0.0000000000000E+00 3.4944179902033E-02 0.0000000000000E+00
 0.0000000000000E+00 0.0000000000000E+00 5.8240299837721E-03 0.0000000000000E+00
 0.0000000000000E+00-2.0349884432528E-01 0.0000000000000E+00 0.0000000000000E+00
 0.0000000000000E+00-3.3916474055008E-02 0.0000000000000E+00 2.1119503105064E-02
 0.0000000000000E+00 0.0000000000000E+00 0.0000000000000E+00 3.5199171841436E-03
 0.0000000000000E+00 0.0000000000000E+00 0.0000000000000E+00 4.4748926953000E-02
 8.0207906014000E-02 7.0872104550280E+00 1.4404062027700E-01 1.0073781523000E-01
-2.0814946826000E-02 1.0073781522900E-01-1.0017329470400E+00 2.2257570562100E-01
-1.0017329470350E+00-1.9083808324870E+00 1.2311717829960E+00-1.9083808324840E+00
-5.9857590800000E-03-7.6102415228231E-02-1.2113686569882E-02-1.7957277240993E-02
-1.2113686569882E-02 9.7468613762500E-02 1.7158832359765E+00-6.0180789765577E-01
 2.9240584129190E-01-6.0180789765750E-01 3.1010854351000E-02-1.0200743711876E-02
 6.9804772305648E-03-9.7921204959834E-04 6.7983512679659E-03 1.0473159189075E-03
 1.1634128716802E-03-4.4748926953000E-02-8.0207906014000E-02-7.0872104550280E+00
-1.4404062027700E-01 1.0073781523000E-01-2.0814946826000E-02-1.0073781522900E-01
-1.0017329470400E+00 2.2257570562100E-01 1.0017329470350E+00-1.9083808324870E+00
 1.2311717829960E+00 1.9083808324840E+00 5.9857590800000E-03-7.6102415228231E-02
-1.2113686569882E-02 1.7957277240993E-02 1.2113686569882E-02-9.7468613762500E-02
 1.7158832359765E+00-6.0180789765577E-01-2.9240584129190E-01 6.0180789765750E-01
-3.1010854351000E-02-1.0200743711876E-02 6.9804772305648E-03 9.7921204959834E-04
-6.7983512679659E-03 1.0473159189075E-03 1.1634128716802E-03 4.4748926953000E-02
 8.0207906014000E-02 7.0872104550280E+00 1.4404062027700E-01-1.0073781523000E-01
-2.0814946826000E-02-1.0073781522900E-01 1.0017329470400E+00 2.2257570562100E-01
 1.0017329470350E+00 1.9083808324870E+00 1.2311717829960E+00 1.9083808324840E+00
-5.9857590800000E-03-7.6102415228231E-02 1.2113686569882E-02-1.7957277240993E-02
 1.2113686569882E-02 9.7468613762500E-02 1.7158832359765E+00 6.0180789765577E-01
 2.9240584129190E-01 6.0180789765750E-01-3.1010854351000E-02 1.0200743711876E-02
 6.9804772305648E-03 9.7921204959834E-04 6.7983512679659E-03-1.0473159189075E-03
 1.1634128716802E-03 4.4748926953000E-02 8.0207906015000E-02 7.0872104550460E+00
 1.4404062027900E-01 2.0814946825000E-02 1.0073781523000E-01-1.0073781522900E-01
-2.2257570561900E-01-1.0017329470410E+00 1.0017329470350E+00-1.2311717829960E+00
-1.9083808324910E+00 1.9083808324880E+00-5.9857590800000E-03-1.2113686569882E-02
 7.6102415228231E-02 1.7957277240993E-02 1.2113686571614E-02 9.7468613762500E-02
-6.0180789765230E-01-1.7158832359782E+00-2.9240584129364E-01 6.0180789765404E-01
-3.1010854351000E-02-6.9804772305648E-03-1.0200743711876E-02-9.7921204959834E-04
 6.7983512679659E-03 1.1634128716802E-03-1.0473159189075E-03 0.0000000000000E+00
 0.0000000000000E+00 0.0000000000000E+00 0.0000000000000E+00 0.0000000000000E+00
-9.1917050376000E-02 0.0000000000000E+00 0.0000000000000E+00-1.4967962782820E+00
 0.0000000000000E+00 0.0000000000000E+00-1.1420206643764E+01 0.0000000000000E+00
 0.0000000000000E+00-1.2048635196370E+00 0.0000000000000E+00 0.0000000000000E+00
 0.0000000000000E+00 0.0000000000000E+00-1.3886442993528E-01 0.0000000000000E+00
 0.0000000000000E+00 0.0000000000000E+00 0.0000000000000E+00 2.3287357202382E+00
 0.0000000000000E+00 0.0000000000000E+00 0.0000000000000E+00 0.0000000000000E+00
 2.7874001339531E+00 0.0000000000000E+00 0.0000000000000E+00 0.0000000000000E+00
-3.4944179902033E-02 0.0000000000000E+00 0.0000000000000E+00 0.0000000000000E+00
 5.8240299837721E-03 0.0000000000000E+00 0.0000000000000E+00 2.0349884432487E-01
 0.0000000000000E+00 0.0000000000000E+00 0.0000000000000E+00-3.3916474055166E-02
 0.0000000000000E+00 0.0000000000000E+00 0.0000000000000E+00-2.1119503105064E-02
 0.0000000000000E+00 0.0000000000000E+00 0.0000000000000E+00 3.5199171841436E-03
 0.0000000000000E+00 0.0000000000000E+00 4.4748926953000E-02 8.0207906015000E-02
 7.0872104550460E+00 1.4404062027900E-01 2.0814946825000E-02-1.0073781523000E-01
 1.0073781522900E-01-2.2257570561900E-01 1.0017329470410E+00-1.0017329470350E+00
-1.2311717829960E+00 1.9083808324910E+00-1.9083808324880E+00-5.9857590800000E-03
 1.2113686569882E-02 7.6102415228231E-02 1.7957277240993E-02-1.2113686571614E-02
 9.7468613762500E-02 6.0180789765230E-01-1.7158832359782E+00-2.9240584129364E-01
-6.0180789765404E-01 3.1010854351000E-02-6.9804772305648E-03 1.0200743711876E-02
 9.7921204959834E-04 6.7983512679659E-03 1.1634128716802E-03 1.0473159189075E-03
-4.4748926953000E-02-8.0207906015000E-02-7.0872104550460E+00-1.4404062027900E-01
 2.0814946825000E-02-1.0073781523000E-01-1.0073781522900E-01-2.2257570561900E-01
 1.0017329470410E+00 1.0017329470350E+00-1.2311717829960E+00 1.9083808324910E+00
 1.9083808324880E+00 5.9857590800000E-03 1.2113686569882E-02 7.6102415228231E-02
-1.7957277240993E-02 1.2113686571614E-02-9.7468613762500E-02 6.0180789765230E-01
-1.7158832359782E+00 2.9240584129364E-01 6.0180789765404E-01-3.1010854351000E-02
-6.9804772305648E-03 1.0200743711876E-02-9.7921204959834E-04-6.7983512679659E-03
 1.1634128716802E-03 1.0473159189075E-03-4.4748926953000E-02-8.0207906015000E-02
-7.0872104550460E+00-1.4404062027900E-01 2.0814946825000E-02 1.0073781523000E-01
 1.0073781522900E-01-2.2257570561900E-01-1.0017329470410E+00-1.0017329470350E+00
-1.2311717829960E+00-1.9083808324910E+00-1.9083808324880E+00 5.9857590800000E-03
-1.2113686569882E-02 7.6102415228231E-02-1.7957277240993E-02-1.2113686571614E-02
-9.7468613762500E-02-6.0180789765230E-01-1.7158832359782E+00 2.9240584129364E-01
-6.0180789765404E-01 3.1010854351000E-02-6.9804772305648E-03-1.0200743711876E-02
 9.7921204959834E-04-6.7983512679659E-03 1.1634128716802E-03-1.0473159189075E-03
 5.7734336836000E-02-9.0757005620000E-02 4.7657295719870E+00 4.6226334724100E-01
 5.8468866857000E-02 5.8468866857000E-02-5.8468866854000E-02-5.7946304637100E-01
-5.7946304637100E-01 5.7946304634500E-01-1.2411352013900E+00-1.2411352013890E+00
 1.2411352013500E+00 5.0000000000000E-13 7.7514067770013E-02 7.7514067770013E-02
 0.0000000000000E+00-7.7514067773477E-02-9.5000000000000E-12-1.1360683049609E+00
-1.1360683049609E+00 0.0000000000000E+00 1.1360683050042E+00-1.0939095176000E-02
-2.7347737926792E-03-2.7347737926792E-03 0.0000000000000E+00-4.6137227651645E-03
 4.5579563231330E-04-4.5579563231330E-04-5.1963764093900E-01-1.0774180873630E+00
-1.4678470506560E+00-1.3550328709567E+01-5.2698883766090E+00 0.0000000000000E+00
 0.0000000000000E+00 0.0000000000000E+00 0.0000000000000E+00 0.0000000000000E+00
 0.0000000000000E+00 0.0000000000000E+00 0.0000000000000E+00 0.0000000000000E+00
 0.0000000000000E+00 0.0000000000000E+00 0.0000000000000E+00 1.0000000000000E-12
 0.0000000000000E+00 0.0000000000000E+00 0.0000000000000E+00 0.0000000000000E+00
-3.5500000000000E-11 0.0000000000000E+00 0.0000000000000E+00 0.0000000000000E+00
 0.0000000000000E+00-3.2500000000000E-11 0.0000000000000E+00 0.0000000000000E+00
 0.0000000000000E+00 0.0000000000000E+00 0.0000000000000E+00 0.0000000000000E+00
 0.0000000000000E+00 0.0000000000000E+00 1.1370284324905E-02 0.0000000000000E+00
 0.0000000000000E+00 0.0000000000000E+00 0.0000000000000E+00 0.0000000000000E+00
 0.0000000000000E+00 1.5437409754821E-02 0.0000000000000E+00 0.0000000000000E+00
 6.9333638399000E-02 0.0000000000000E+00 0.0000000000000E+00 0.0000000000000E+00
 0.0000000000000E+00 0.0000000000000E+00 0.0000000000000E+00 4.1270022852517E-04
 0.0000000000000E+00 5.7734336836000E-02-9.0757005620000E-02 4.7657295719870E+00
 4.6226334724100E-01 5.8468866857000E-02-5.8468866857000E-02 5.8468866854000E-02
-5.7946304637100E-01 5.7946304637100E-01-5.7946304634500E-01-1.2411352013900E+00
 1.2411352013890E+00-1.2411352013500E+00 5.0000000000000E-13-7.7514067770013E-02
 7.7514067770013E-02 0.0000000000000E+00 7.7514067773477E-02-9.5000000000000E-12
 1.1360683049609E+00-1.1360683049609E+00 0.0000000000000E+00-1.1360683050042E+00
 1.0939095176000E-02-2.7347737926792E-03 2.7347737926792E-03 0.0000000000000E+00
-4.6137227651645E-03 4.5579563231330E-04 4.5579563231330E-04 5.7734336836000E-02
-9.0757005620000E-02 4.7657295719870E+00 4.6226334724100E-01-5.8468866857000E-02
 5.8468866857000E-02 5.8468866854000E-02 5.7946304637100E-01-5.7946304637100E-01
-5.7946304634500E-01 1.2411352013900E+00-1.2411352013890E+00-1.2411352013500E+00
 5.0000000000000E-13 7.7514067770013E-02-7.7514067770013E-02 0.0000000000000E+00
 7.7514067773477E-02-9.5000000000000E-12-1.1360683049609E+00 1.1360683049609E+00
 0.0000000000000E+00-1.1360683050042E+00 1.0939095176000E-02 2.7347737926792E-03
-2.7347737926792E-03 0.0000000000000E+00-4.6137227651645E-03-4.5579563231330E-04
-4.5579563231330E-04 5.7734336836000E-02-9.0757005620000E-02 4.7657295719870E+00
 4.6226334724100E-01-5.8468866857000E-02-5.8468866857000E-02-5.8468866854000E-02
 5.7946304637100E-01 5.7946304637100E-01 5.7946304634500E-01 1.2411352013900E+00
 1.2411352013890E+00 1.2411352013500E+00 5.0000000000000E-13-7.7514067770013E-02
-7.7514067770013E-02 0.0000000000000E+00-7.7514067773477E-02-9.5000000000000E-12
 1.1360683049609E+00 1.1360683049609E+00 0.0000000000000E+00 1.1360683050042E+00
-1.0939095176000E-02 2.7347737926792E-03 2.7347737926792E-03 0.0000000000000E+00
-4.6137227651645E-03-4.5579563231330E-04 4.5579563231330E-04 8.5840569070000E-03
-1.6145160223030E+00-4.3792404352630E+00-1.2211285142400E-01-4.4117524319000E-02
-4.4117524319000E-02 1.3173387921800E-01 5.5851462997300E-01 5.5851462997300E-01
-1.5056530460250E+00 6.6194734446600E-01 6.6194734446600E-01-1.3490326286720E+00
 2.0020587506000E-02-4.8050693072230E-03-4.8050693072230E-03 0.0000000000000E+00
-8.2917156271866E-02-2.5584550463900E-01 1.1304117326386E+00 1.1304117326386E+00
 0.0000000000000E+00 2.2459760268928E-01 2.1856800990000E-02 6.8539818370189E-03
 6.8539818370189E-03 0.0000000000000E+00-2.8411026416561E-03 5.2577775257032E-04
-5.2577775257032E-04 0.0000000000000E+00 0.0000000000000E+00 0.0000000000000E+00
 0.0000000000000E+00 0.0000000000000E+00 0.0000000000000E+00 0.0000000000000E+00
-1.5872607361500E-01 0.0000000000000E+00 0.0000000000000E+00-9.0273654556200E-01
 0.0000000000000E+00 0.0000000000000E+00-5.3484344921430E+00 0.0000000000000E+00
 0.0000000000000E+00-7.1881536725800E-01 0.0000000000000E+00 0.0000000000000E+00
 0.0000000000000E+00 0.0000000000000E+00-2.1200393560880E-01 0.0000000000000E+00
 0.0000000000000E+00 0.0000000000000E+00 0.0000000000000E+00 7.1929264480000E+00
 0.0000000000000E+00 0.0000000000000E+00 0.0000000000000E+00 0.0000000000000E+00
 4.4800798265870E+00 1.4941848974000E-02 0.0000000000000E+00 0.0000000000000E+00
 0.0000000000000E+00 0.0000000000000E+00 0.0000000000000E+00 0.0000000000000E+00
 2.2890615714440E+00 0.0000000000000E+00 0.0000000000000E+00 0.0000000000000E+00
 0.0000000000000E+00 0.0000000000000E+00 0.0000000000000E+00 0.0000000000000E+00
 0.0000000000000E+00 0.0000000000000E+00 0.0000000000000E+00 1.0300236013436E-02
 0.0000000000000E+00 0.0000000000000E+00 0.0000000000000E+00 0.0000000000000E+00
-8.5840569070000E-03 1.6145160223030E+00 4.3792404352630E+00 1.2211285142400E-01
 4.4117524319000E-02-4.4117524319000E-02 1.3173387921800E-01-5.5851462997300E-01
 5.5851462997300E-01-1.5056530460250E+00-6.6194734446600E-01 6.6194734446600E-01
-1.3490326286720E+00-2.0020587506000E-02-4.8050693072230E-03 4.8050693072230E-03
 0.0000000000000E+00-8.2917156271866E-02 2.5584550463900E-01 1.1304117326386E+00
-1.1304117326386E+00 0.0000000000000E+00 2.2459760268928E-01 2.1856800990000E-02
-6.8539818370189E-03 6.8539818370189E-03 0.0000000000000E+00 2.8411026416561E-03
-5.2577775257032E-04-5.2577775257032E-04-8.5840569070000E-03 1.6145160223030E+00
 4.3792404352630E+00 1.2211285142400E-01-4.4117524319000E-02 4.4117524319000E-02
 1.3173387921800E-01 5.5851462997300E-01-5.5851462997300E-01-1.5056530460250E+00
 6.6194734446600E-01-6.6194734446600E-01-1.3490326286720E+00-2.0020587506000E-02
 4.8050693072230E-03-4.8050693072230E-03 0.0000000000000E+00-8.2917156271866E-02
 2.5584550463900E-01-1.1304117326386E+00 1.1304117326386E+00 0.0000000000000E+00
 2.2459760268928E-01 2.1856800990000E-02 6.8539818370189E-03-6.8539818370189E-03
 0.0000000000000E+00 2.8411026416561E-03 5.2577775257032E-04 5.2577775257032E-04
 8.5840569070000E-03-1.6145160223030E+00-4.3792404352630E+00-1.2211285142400E-01
 4.4117524319000E-02 4.4117524319000E-02 1.3173387921800E-01-5.5851462997300E-01
-5.5851462997300E-01-1.5056530460250E+00-6.6194734446600E-01-6.6194734446600E-01
-1.3490326286720E+00 2.0020587506000E-02 4.8050693072230E-03 4.8050693072230E-03
 0.0000000000000E+00-8.2917156271866E-02-2.5584550463900E-01-1.1304117326386E+00
-1.1304117326386E+00 0.0000000000000E+00 2.2459760268928E-01 2.1856800990000E-02
-6.8539818370189E-03-6.8539818370189E-03 0.0000000000000E+00-2.8411026416561E-03
-5.2577775257032E-04 5.2577775257032E-04-8.5840569070000E-03 1.6145160222970E+00
 4.3792404353110E+00 1.2211285142600E-01 4.4117524318000E-02 1.3173387921700E-01
-4.4117524319000E-02-5.5851462997400E-01-1.5056530460190E+00 5.5851462997600E-01
-6.6194734447800E-01-1.3490326286790E+00 6.6194734447800E-01 1.0010293753000E-02
-8.2917156270134E-02 4.8050693072230E-03 3.0030881259199E-02-4.8050693089550E-03
-1.2792275231900E-01 2.2459760268062E-01-1.1304117326386E+00-3.8376825695603E-01
 1.1304117326334E+00-2.3943064650000E-03 5.6568286031098E-03-5.4642002480044E-03
-2.5021620883007E-03 2.8411026412688E-03 7.2530329137655E-04-9.1070004102043E-04
 0.0000000000000E+00 0.0000000000000E+00 0.0000000000000E+00 0.0000000000000E+00
 0.0000000000000E+00 0.0000000000000E+00-1.5872607361900E-01 0.0000000000000E+00
 0.0000000000000E+00-9.0273654554600E-01 0.0000000000000E+00 0.0000000000000E+00
-5.3484344922300E+00 0.0000000000000E+00 0.0000000000000E+00-7.1881536726900E-01
 0.0000000000000E+00 0.0000000000000E+00-2.1200393561053E-01 0.0000000000000E+00
 0.0000000000000E+00 0.0000000000000E+00 0.0000000000000E+00 7.1929264479914E+00
 0.0000000000000E+00 0.0000000000000E+00 0.0000000000000E+00 0.0000000000000E+00
 4.4800798266112E+00 0.0000000000000E+00 0.0000000000000E+00 0.0000000000000E+00
 0.0000000000000E+00 0.0000000000000E+00-3.7354622418641E-03 0.0000000000000E+00
 0.0000000000000E+00 0.0000000000000E+00-6.2257704058215E-04 0.0000000000000E+00
 0.0000000000000E+00-5.7226539285863E-01 0.0000000000000E+00 0.0000000000000E+00
 0.0000000000000E+00-9.5377565476210E-02 0.0000000000000E+00-1.5450354021854E-02
 0.0000000000000E+00 0.0000000000000E+00 0.0000000000000E+00-2.5750590032867E-03
 0.0000000000000E+00 0.0000000000000E+00 0.0000000000000E+00 8.5840569070000E-03
-1.6145160222970E+00-4.3792404353110E+00-1.2211285142600E-01-4.4117524318000E-02
 1.3173387921700E-01-4.4117524319000E-02 5.5851462997400E-01-1.5056530460190E+00
 5.5851462997600E-01 6.6194734447800E-01-1.3490326286790E+00 6.6194734447800E-01
-1.0010293753000E-02-8.2917156270134E-02-4.8050693072230E-03-3.0030881259199E-02
-4.8050693089550E-03 1.2792275231900E-01 2.2459760268062E-01 1.1304117326386E+00
 3.8376825695603E-01 1.1304117326334E+00-2.3943064650000E-03-5.6568286031098E-03
-5.4642002480044E-03-2.5021620883007E-03-2.8411026412688E-03-7.2530329137655E-04
-9.1070004102043E-04-8.5840569070000E-03 1.6145160222970E+00 4.3792404353110E+00
 1.2211285142600E-01-4.4117524318000E-02 1.3173387921700E-01 4.4117524319000E-02
 5.5851462997400E-01-1.5056530460190E+00-5.5851462997600E-01 6.6194734447800E-01
-1.3490326286790E+00-6.6194734447800E-01 1.0010293753000E-02-8.2917156270134E-02
-4.8050693072230E-03 3.0030881259199E-02 4.8050693089550E-03-1.2792275231900E-01
 2.2459760268062E-01 1.1304117326386E+00-3.8376825695603E-01-1.1304117326334E+00
 2.3943064650000E-03-5.6568286031098E-03-5.4642002480044E-03 2.5021620883007E-03
 2.8411026412688E-03-7.2530329137655E-04-9.1070004102043E-04 8.5840569070000E-03
-1.6145160222970E+00-4.3792404353110E+00-1.2211285142600E-01 4.4117524318000E-02
 1.3173387921700E-01 4.4117524319000E-02-5.5851462997400E-01-1.5056530460190E+00
-5.5851462997600E-01-6.6194734447800E-01-1.3490326286790E+00-6.6194734447800E-01
-1.0010293753000E-02-8.2917156270134E-02 4.8050693072230E-03-3.0030881259199E-02
 4.8050693089550E-03 1.2792275231900E-01 2.2459760268062E-01-1.1304117326386E+00
 3.8376825695603E-01-1.1304117326334E+00 2.3943064650000E-03 5.6568286031098E-03
-5.4642002480044E-03 2.5021620883007E-03-2.8411026412688E-03 7.2530329137655E-04
-9.1070004102043E-04 8.5840569070000E-03-1.6145160222970E+00-4.3792404353290E+00
-1.2211285142800E-01-1.3173387921700E-01-4.4117524318000E-02 4.4117524319000E-02
 1.5056530460200E+00 5.5851462997600E-01-5.5851462997700E-01 1.3490326286820E+00
 6.6194734448300E-01-6.6194734448300E-01-1.0010293753000E-02-4.8050693072230E-03
 8.2917156270134E-02 3.0030881259199E-02 4.8050693089550E-03 1.2792275231900E-01
 1.1304117326386E+00-2.2459760267715E-01-3.8376825695603E-01-1.1304117326334E+00
 2.3943064650000E-03 5.4642002480044E-03-5.6568286031098E-03-2.5021620883007E-03
-2.8411026412688E-03-9.1070004102043E-04 7.2530329137655E-04 0.0000000000000E+00
 0.0000000000000E+00 0.0000000000000E+00 0.0000000000000E+00 0.0000000000000E+00
 1.5872607361900E-01 0.0000000000000E+00 0.0000000000000E+00 9.0273654554800E-01
 0.0000000000000E+00 0.0000000000000E+00 5.3484344922590E+00 0.0000000000000E+00
 0.0000000000000E+00 7.1881536727400E-01 0.0000000000000E+00 0.0000000000000E+00
 0.0000000000000E+00 0.0000000000000E+00 2.1200393561053E-01 0.0000000000000E+00
 0.0000000000000E+00 0.0000000000000E+00 0.0000000000000E+00-7.1929264479966E+00
 0.0000000000000E+00 0.0000000000000E+00 0.0000000000000E+00 0.0000000000000E+00
-4.4800798266233E+00 0.0000000000000E+00 0.0000000000000E+00 0.0000000000000E+00
 3.7354622418641E-03 0.0000000000000E+00 0.0000000000000E+00 0.0000000000000E+00
-6.2257704063485E-04 0.0000000000000E+00 0.0000000000000E+00 5.7226539285863E-01
 0.0000000000000E+00 0.0000000000000E+00 0.0000000000000E+00-9.5377565476158E-02
 0.0000000000000E+00 0.0000000000000E+00 0.0000000000000E+00 1.5450354021854E-02
 0.0000000000000E+00 0.0000000000000E+00 0.0000000000000E+00-2.5750590032867E-03
 0.0000000000000E+00 0.0000000000000E+00 8.5840569070000E-03-1.6145160222970E+00
-4.3792404353290E+00-1.2211285142800E-01-1.3173387921700E-01 4.4117524318000E-02
-4.4117524319000E-02 1.5056530460200E+00-5.5851462997600E-01 5.5851462997700E-01
 1.3490326286820E+00-6.6194734448300E-01 6.6194734448300E-01-1.0010293753000E-02
 4.8050693072230E-03 8.2917156270134E-02 3.0030881259199E-02-4.8050693089550E-03
 1.2792275231900E-01-1.1304117326386E+00-2.2459760267715E-01-3.8376825695603E-01
 1.1304117326334E+00-2.3943064650000E-03 5.4642002480044E-03 5.6568286031098E-03
 2.5021620883007E-03-2.8411026412688E-03-9.1070004102043E-04-7.2530329137655E-04
-8.5840569070000E-03 1.6145160222970E+00 4.3792404353290E+00 1.2211285142800E-01
-1.3173387921700E-01 4.4117524318000E-02 4.4117524319000E-02 1.5056530460200E+00
-5.5851462997600E-01-5.5851462997700E-01 1.3490326286820E+00-6.6194734448300E-01
-6.6194734448300E-01 1.0010293753000E-02 4.8050693072230E-03 8.2917156270134E-02
-3.0030881259199E-02 4.8050693089550E-03-1.2792275231900E-01-1.1304117326386E+00
-2.2459760267715E-01 3.8376825695603E-01-1.1304117326334E+00 2.3943064650000E-03
 5.4642002480044E-03 5.6568286031098E-03-2.5021620883007E-03 2.8411026412688E-03
-9.1070004102043E-04-7.2530329137655E-04-8.5840569070000E-03 1.6145160222970E+00
 4.3792404353290E+00 1.2211285142800E-01-1.3173387921700E-01-4.4117524318000E-02
-4.4117524319000E-02 1.5056530460200E+00 5.5851462997600E-01 5.5851462997700E-01
 1.3490326286820E+00 6.6194734448300E-01 6.6194734448300E-01 1.0010293753000E-02
-4.8050693072230E-03 8.2917156270134E-02-3.0030881259199E-02-4.8050693089550E-03
-1.2792275231900E-01 1.1304117326386E+00-2.2459760267715E-01 3.8376825695603E-01
 1.1304117326334E+00-2.3943064650000E-03 5.4642002480044E-03-5.6568286031098E-03
 2.5021620883007E-03 2.8411026412688E-03-9.1070004102043E-04 7.2530329137655E-04
-2.0000000000000E-12-1.0000000000000E-11-1.4600000000000E-10-1.6000000000000E-11
 3.5005746070000E-02 3.6885317594000E-02 7.1891063668000E-02-3.1546378060700E-01
-3.3240204947700E-01-6.4786583013300E-01-7.2576413507600E-01-7.6473275465100E-01
-1.4904968898310E+00 3.1226395110000E-02-5.6764776448447E-02-5.3872203892200E-02
 8.1640526757109E-04-1.1063698033718E-01-4.1846447305300E-01 7.0163313827425E-01
 6.6587989679404E-01-1.0940635279111E-02 1.3675130349990E+00-2.8057629540000E-02
 6.3425161818998E-03 6.4753294614649E-03-2.0230566851450E-05 0.0000000000000E+00
-2.7655074020923E-04 3.1217333140425E-04 6.0000000000000E-12 1.3000000000000E-11
-2.4000000000000E-11 4.5200000000000E-10 1.7900000000000E-10 0.0000000000000E+00
 0.0000000000000E+00 0.0000000000000E+00 0.0000000000000E+00 0.0000000000000E+00
 0.0000000000000E+00 0.0000000000000E+00 0.0000000000000E+00 0.0000000000000E+00
 0.0000000000000E+00 0.0000000000000E+00 0.0000000000000E+00 5.2109744150000E-04
 0.0000000000000E+00 0.0000000000000E+00 1.3623945323591E-05 0.0000000000000E+00
-1.4203768121180E+00 0.0000000000000E+00 0.0000000000000E+00-3.7135349978434E-02
 0.0000000000000E+00-1.8700573071950E+00 0.0000000000000E+00 0.0000000000000E+00
-4.8892119324065E-02 0.0000000000000E+00 0.0000000000000E+00 0.0000000000000E+00
 0.0000000000000E+00 0.0000000000000E+00-1.2909944487358E-13 0.0000000000000E+00
 0.0000000000000E+00 0.0000000000000E+00 0.0000000000000E+00 0.0000000000000E+00
 0.0000000000000E+00-2.8401877872188E-12 0.0000000000000E+00 0.0000000000000E+00
 7.5537100953000E-02 0.0000000000000E+00 0.0000000000000E+00-1.3165974251635E-04
 0.0000000000000E+00 0.0000000000000E+00 0.0000000000000E+00-6.2947584130036E-04
 0.0000000000000E+00-2.0000000000000E-12-1.0000000000000E-11-1.4600000000000E-10
-1.6000000000000E-11 3.5005746070000E-02-3.6885317594000E-02-7.1891063668000E-02
-3.1546378060700E-01 3.3240204947700E-01 6.4786583013300E-01-7.2576413507600E-01
 7.6473275465100E-01 1.4904968898310E+00 3.1226395110000E-02 5.6764776448447E-02
-5.3872203892200E-02 8.1640526757109E-04 1.1063698033718E-01-4.1846447305300E-01
-7.0163313827425E-01 6.6587989679404E-01-1.0940635279111E-02-1.3675130349990E+00
 2.8057629540000E-02 6.3425161818998E-03-6.4753294614649E-03 2.0230566851450E-05
 0.0000000000000E+00-2.7655074020923E-04-3.1217333140425E-04-2.0000000000000E-12
-1.0000000000000E-11-1.4600000000000E-10-1.6000000000000E-11-3.5005746070000E-02
 3.6885317594000E-02-7.1891063668000E-02 3.1546378060700E-01-3.3240204947700E-01
 6.4786583013300E-01 7.2576413507600E-01-7.6473275465100E-01 1.4904968898310E+00
 3.1226395110000E-02-5.6764776448447E-02 5.3872203892200E-02 8.1640526757109E-04
 1.1063698033718E-01-4.1846447305300E-01 7.0163313827425E-01-6.6587989679404E-01
-1.0940635279111E-02-1.3675130349990E+00 2.8057629540000E-02-6.3425161818998E-03
 6.4753294614649E-03 2.0230566851450E-05 0.0000000000000E+00 2.7655074020923E-04
 3.1217333140425E-04-2.0000000000000E-12-1.0000000000000E-11-1.4600000000000E-10
-1.6000000000000E-11-3.5005746070000E-02-3.6885317594000E-02 7.1891063668000E-02
 3.1546378060700E-01 3.3240204947700E-01-6.4786583013300E-01 7.2576413507600E-01
 7.6473275465100E-01-1.4904968898310E+00 3.1226395110000E-02 5.6764776448447E-02
 5.3872203892200E-02 8.1640526757109E-04-1.1063698033718E-01-4.1846447305300E-01
-7.0163313827425E-01-6.6587989679404E-01-1.0940635279111E-02 1.3675130349990E+00
-2.8057629540000E-02-6.3425161818998E-03-6.4753294614649E-03-2.0230566851450E-05
 0.0000000000000E+00 2.7655074020923E-04-3.1217333140425E-04 0.0000000000000E+00
 0.0000000000000E+00 0.0000000000000E+00 0.0000000000000E+00 6.2802073002000E-02
-6.1716901877000E-02 1.0851711250000E-03-5.6595792416400E-01 5.5617861007200E-01
-9.7793140920000E-03-1.3020574423240E+00 1.2795588993220E+00-2.2498543002000E-02
 4.7135180100000E-04 9.4979421798779E-02-9.6649449342636E-02-5.4085702867740E-02
-1.6700275438571E-03-6.3165787235000E-03-1.1739799565320E+00 1.1946221001249E+00
 7.2480172848427E-01 2.0642143592880E-02-4.2352036400000E-04 4.4960871754811E-03
-4.3026061603447E-03 1.3402466558714E-03 0.0000000000000E+00-1.1844166246091E-03
-1.1755300351990E-03 0.0000000000000E+00 0.0000000000000E+00 1.0000000000000E-12
 0.0000000000000E+00-2.0000000000000E-12 0.0000000000000E+00 0.0000000000000E+00
 0.0000000000000E+00 0.0000000000000E+00 0.0000000000000E+00 0.0000000000000E+00
 0.0000000000000E+00 0.0000000000000E+00 0.0000000000000E+00 0.0000000000000E+00
 0.0000000000000E+00 0.0000000000000E+00 7.8657885000000E-06 0.0000000000000E+00
 0.0000000000000E+00-9.0256724090805E-04 0.0000000000000E+00-2.1440104306500E-02
 0.0000000000000E+00 0.0000000000000E+00 2.4601648044525E+00 0.0000000000000E+00
-2.8227878253000E-02 0.0000000000000E+00 0.0000000000000E+00 3.2390342691237E+00
 0.0000000000000E+00 0.0000000000000E+00 0.0000000000000E+00 0.0000000000000E+00
 0.0000000000000E+00 0.0000000000000E+00 0.0000000000000E+00 0.0000000000000E+00
 0.0000000000000E+00 0.0000000000000E+00 0.0000000000000E+00 0.0000000000000E+00
 0.0000000000000E+00 0.0000000000000E+00 0.0000000000000E+00 1.1402068170000E-03
 0.0000000000000E+00 0.0000000000000E+00 8.7222731136768E-03 0.0000000000000E+00
 0.0000000000000E+00 0.0000000000000E+00-9.5017234699205E-06 0.0000000000000E+00
 0.0000000000000E+00 0.0000000000000E+00 0.0000000000000E+00 0.0000000000000E+00
 6.2802073002000E-02 6.1716901877000E-02-1.0851711250000E-03-5.6595792416400E-01
-5.5617861007200E-01 9.7793140920000E-03-1.3020574423240E+00-1.2795588993220E+00
 2.2498543002000E-02 4.7135180100000E-04-9.4979421798779E-02-9.6649449342636E-02
-5.4085702867740E-02 1.6700275438571E-03-6.3165787235000E-03 1.1739799565320E+00
 1.1946221001249E+00 7.2480172848427E-01-2.0642143592880E-02 4.2352036400000E-04
 4.4960871754811E-03 4.3026061603447E-03-1.3402466558714E-03 0.0000000000000E+00
-1.1844166246091E-03 1.1755300351990E-03 0.0000000000000E+00 0.0000000000000E+00
 0.0000000000000E+00 0.0000000000000E+00-6.2802073002000E-02-6.1716901877000E-02
-1.0851711250000E-03 5.6595792416400E-01 5.5617861007200E-01 9.7793140920000E-03
 1.3020574423240E+00 1.2795588993220E+00 2.2498543002000E-02 4.7135180100000E-04
 9.4979421798779E-02 9.6649449342636E-02-5.4085702867740E-02 1.6700275438571E-03
-6.3165787235000E-03-1.1739799565320E+00-1.1946221001249E+00 7.2480172848427E-01
-2.0642143592880E-02 4.2352036400000E-04-4.4960871754811E-03-4.3026061603447E-03
-1.3402466558714E-03 0.0000000000000E+00 1.1844166246091E-03-1.1755300351990E-03
 0.0000000000000E+00 0.0000000000000E+00 0.0000000000000E+00 0.0000000000000E+00
-6.2802073002000E-02 6.1716901877000E-02 1.0851711250000E-03 5.6595792416400E-01
-5.5617861007200E-01-9.7793140920000E-03 1.3020574423240E+00-1.2795588993220E+00
-2.2498543002000E-02 4.7135180100000E-04-9.4979421798779E-02 9.6649449342636E-02
-5.4085702867740E-02-1.6700275438571E-03-6.3165787235000E-03 1.1739799565320E+00
-1.1946221001249E+00 7.2480172848427E-01 2.0642143592880E-02-4.2352036400000E-04
-4.4960871754811E-03 4.3026061603447E-03 1.3402466558714E-03 0.0000000000000E+00
 1.1844166246091E-03 1.1755300351990E-03 1.0000000000000E-12-6.0000000000000E-12
 1.2000000000000E-11 2.0000000000000E-12-2.9719084014000E-02-3.0691478736000E-02
-6.0410562750000E-02 1.0810061729800E-01 1.1163761963800E-01 2.1973823693700E-01
 3.5175086350000E-03 3.6325998950000E-03 7.1501085400000E-03-3.7301310089500E-02
-1.8769936998922E-02-1.8175251163784E-02-6.0041812916544E-04-3.6945188164439E-02
 1.0713461961400E-01 3.6482155277357E-02 3.5326295191007E-02 1.7244854859035E-03
 7.1808450477024E-02-1.4537052073300E-01-1.3193532185720E-03-5.2945109928341E-04
 8.1966127820008E-05 1.2909944487358E-13-4.8996211063289E-03 4.9766273743323E-03
-2.0000000000000E-12-4.0000000000000E-12-1.2000000000000E-11-1.4000000000000E-11
-2.0000000000000E-11 0.0000000000000E+00 0.0000000000000E+00 0.0000000000000E+00
 0.0000000000000E+00 0.0000000000000E+00 0.0000000000000E+00 0.0000000000000E+00
 0.0000000000000E+00 0.0000000000000E+00 0.0000000000000E+00 0.0000000000000E+00
 0.0000000000000E+00 1.3017325772550E-01 0.0000000000000E+00 0.0000000000000E+00
 2.0953254359749E-03 0.0000000000000E+00 1.3770388945950E-01 0.0000000000000E+00
 0.0000000000000E+00 2.2165417638000E-03 0.0000000000000E+00 5.3521030061000E-02
 0.0000000000000E+00 0.0000000000000E+00 8.6149780392089E-04 0.0000000000000E+00
 0.0000000000000E+00 0.0000000000000E+00 0.0000000000000E+00 0.0000000000000E+00
 3.8729833462074E-13 0.0000000000000E+00 0.0000000000000E+00 0.0000000000000E+00
 0.0000000000000E+00 0.0000000000000E+00 0.0000000000000E+00-7.7459666924148E-13
 0.0000000000000E+00 0.0000000000000E+00-4.9470272134600E-01 0.0000000000000E+00
 0.0000000000000E+00 5.3086336034706E-04 0.0000000000000E+00 0.0000000000000E+00
 0.0000000000000E+00 4.1225226778489E-03 0.0000000000000E+00 1.0000000000000E-12
-6.0000000000000E-12 1.2000000000000E-11 2.0000000000000E-12-2.9719084014000E-02
 3.0691478736000E-02 6.0410562750000E-02 1.0810061729800E-01-1.1163761963800E-01
-2.1973823693700E-01 3.5175086350000E-03-3.6325998950000E-03-7.1501085400000E-03
-3.7301310089500E-02 1.8769936998922E-02-1.8175251163784E-02-6.0041812916544E-04
 3.6945188164439E-02 1.0713461961400E-01-3.6482155277357E-02 3.5326295191007E-02
 1.7244854859035E-03-7.1808450477024E-02 1.4537052073300E-01-1.3193532185720E-03
 5.2945109928341E-04-8.1966127820008E-05 1.2909944487358E-13-4.8996211063289E-03
-4.9766273743323E-03 1.0000000000000E-12-6.0000000000000E-12 1.2000000000000E-11
 2.0000000000000E-12 2.9719084014000E-02-3.0691478736000E-02 6.0410562750000E-02
-1.0810061729800E-01 1.1163761963800E-01-2.1973823693700E-01-3.5175086350000E-03
 3.6325998950000E-03-7.1501085400000E-03-3.7301310089500E-02-1.8769936998922E-02
 1.8175251163784E-02-6.0041812916544E-04 3.6945188164439E-02 1.0713461961400E-01
 3.6482155277357E-02-3.5326295191007E-02 1.7244854859035E-03-7.1808450477024E-02
 1.4537052073300E-01 1.3193532185720E-03-5.2945109928341E-04-8.1966127820008E-05
 1.2909944487358E-13 4.8996211063289E-03 4.9766273743323E-03 1.0000000000000E-12
-6.0000000000000E-12 1.2000000000000E-11 2.0000000000000E-12 2.9719084014000E-02
 3.0691478736000E-02-6.0410562750000E-02-1.0810061729800E-01-1.1163761963800E-01
 2.1973823693700E-01-3.5175086350000E-03-3.6325998950000E-03 7.1501085400000E-03
-3.7301310089500E-02 1.8769936998922E-02 1.8175251163784E-02-6.0041812916544E-04
-3.6945188164439E-02 1.0713461961400E-01-3.6482155277357E-02-3.5326295191007E-02
 1.7244854859035E-03 7.1808450477024E-02-1.4537052073300E-01 1.3193532185720E-03
 5.2945109928341E-04 8.1966127820008E-05 1.2909944487358E-13 4.8996211063289E-03
-4.9766273743323E-03 0.0000000000000E+00 0.0000000000000E+00-1.0000000000000E-12
 0.0000000000000E+00 5.2597788175000E-02-5.2036375821000E-02 5.6141235400000E-04
-1.9131993999500E-01 1.8927785074200E-01-2.0420892530000E-03-6.2253996180000E-03
 6.1589516480000E-03-6.6447970000000E-05 3.4665156850000E-04-3.1823800482139E-02
 3.2167142509637E-02-6.4607764263896E-02 3.4334202749786E-04-9.9563215950000E-04
 6.1854274252137E-02-6.2521610383357E-02 1.8556260441928E-01-6.6733613122029E-04
 1.3509691450000E-03-4.2489967744769E-02 4.2507149203121E-02 8.8199339958305E-03
 0.0000000000000E+00 4.1890064581261E-03 4.0972237026176E-03 0.0000000000000E+00
 0.0000000000000E+00 0.0000000000000E+00 1.0000000000000E-12 1.0000000000000E-12
 0.0000000000000E+00 0.0000000000000E+00 0.0000000000000E+00 0.0000000000000E+00
 0.0000000000000E+00 0.0000000000000E+00 0.0000000000000E+00 0.0000000000000E+00
 0.0000000000000E+00 0.0000000000000E+00 0.0000000000000E+00 0.0000000000000E+00
-1.2097367045000E-03 0.0000000000000E+00 0.0000000000000E+00 2.2546669616992E-01
 0.0000000000000E+00-1.2797209840000E-03 0.0000000000000E+00 0.0000000000000E+00
 2.3851013293418E-01 0.0000000000000E+00-4.9738598900000E-04 0.0000000000000E+00
 0.0000000000000E+00 9.2701143341671E-02 0.0000000000000E+00 0.0000000000000E+00
 0.0000000000000E+00 0.0000000000000E+00 0.0000000000000E+00 0.0000000000000E+00
 0.0000000000000E+00 0.0000000000000E+00 0.0000000000000E+00 0.0000000000000E+00
 0.0000000000000E+00 0.0000000000000E+00 0.0000000000000E+00 0.0000000000000E+00
 0.0000000000000E+00 4.5974115600000E-03 0.0000000000000E+00 0.0000000000000E+00
 5.7123349867246E-02 0.0000000000000E+00 0.0000000000000E+00 0.0000000000000E+00
-3.8311763000416E-05 0.0000000000000E+00 0.0000000000000E+00 0.0000000000000E+00
-1.0000000000000E-12 0.0000000000000E+00 5.2597788175000E-02 5.2036375821000E-02
-5.6141235400000E-04-1.9131993999500E-01-1.8927785074200E-01 2.0420892530000E-03
-6.2253996180000E-03-6.1589516480000E-03 6.6447970000000E-05 3.4665156850000E-04
 3.1823800482139E-02 3.2167142509637E-02-6.4607764263896E-02-3.4334202749786E-04
-9.9563215950000E-04-6.1854274252137E-02-6.2521610383357E-02 1.8556260441928E-01
 6.6733613122029E-04-1.3509691450000E-03-4.2489967744769E-02-4.2507149203121E-02
-8.8199339958305E-03 0.0000000000000E+00 4.1890064581261E-03-4.0972237026176E-03
 0.0000000000000E+00 0.0000000000000E+00-1.0000000000000E-12 0.0000000000000E+00
-5.2597788175000E-02-5.2036375821000E-02-5.6141235400000E-04 1.9131993999500E-01
 1.8927785074200E-01 2.0420892530000E-03 6.2253996180000E-03 6.1589516480000E-03
 6.6447970000000E-05 3.4665156850000E-04-3.1823800482139E-02-3.2167142509637E-02
-6.4607764263896E-02-3.4334202749786E-04-9.9563215950000E-04 6.1854274252137E-02
 6.2521610383357E-02 1.8556260441928E-01 6.6733613122029E-04-1.3509691450000E-03
 4.2489967744769E-02 4.2507149203121E-02-8.8199339958305E-03 0.0000000000000E+00
-4.1890064581261E-03 4.0972237026176E-03 0.0000000000000E+00 0.0000000000000E+00
-1.0000000000000E-12 0.0000000000000E+00-5.2597788175000E-02 5.2036375821000E-02
 5.6141235400000E-04 1.9131993999500E-01-1.8927785074200E-01-2.0420892530000E-03
 6.2253996180000E-03-6.1589516480000E-03-6.6447970000000E-05 3.4665156850000E-04
 3.1823800482139E-02-3.2167142509637E-02-6.4607764263896E-02 3.4334202749786E-04
-9.9563215950000E-04-6.1854274252137E-02 6.2521610383357E-02 1.8556260441928E-01
-6.6733613122029E-04 1.3509691450000E-03 4.2489967744769E-02-4.2507149203121E-02
 8.8199339958305E-03 0.0000000000000E+00-4.1890064581261E-03-4.0972237026176E-03
 1.5283119678000E-01-3.0618803464200E-01-2.5877799770420E+00-3.9250476872000E-01
 1.5565076247000E-02 1.5565076247000E-02-4.6332812924000E-02 2.3766658621600E-01
 2.3766658621600E-01 5.7610710412700E-01 8.6129561792500E-01 8.6129561792400E-01
 1.6789241149300E-01 1.1756857324000E-02 1.5640682022500E-02 1.5640682022500E-02
 0.0000000000000E+00-1.4315584510597E-01 2.4901734783100E-01-5.5509599522459E-01
-5.5509599522459E-01 0.0000000000000E+00-6.1658288096005E-01-5.3948994174000E-02
-8.8212225806869E-02-8.8212225806869E-02 0.0000000000000E+00-5.4299870295321E-03
-9.1412320706190E-04 9.1412320711461E-04 0.0000000000000E+00 0.0000000000000E+00
 0.0000000000000E+00 0.0000000000000E+00 0.0000000000000E+00 0.0000000000000E+00
 0.0000000000000E+00-6.1896054142400E-01 0.0000000000000E+00 0.0000000000000E+00
 1.3167776984130E+00 0.0000000000000E+00 0.0000000000000E+00-7.3094763313420E+00
 0.0000000000000E+00 0.0000000000000E+00-1.0878974890080E+00 0.0000000000000E+00
 0.0000000000000E+00 0.0000000000000E+00 0.0000000000000E+00 1.3271056991373E-01
 0.0000000000000E+00 0.0000000000000E+00 0.0000000000000E+00 0.0000000000000E+00
-1.6962418254842E+00 0.0000000000000E+00 0.0000000000000E+00 0.0000000000000E+00
 0.0000000000000E+00 1.6395787304017E+00 3.1152336680300E-01 0.0000000000000E+00
 0.0000000000000E+00 0.0000000000000E+00 0.0000000000000E+00 0.0000000000000E+00
 0.0000000000000E+00-1.0063625537080E+00 0.0000000000000E+00 0.0000000000000E+00
 1.2909944487358E-13 0.0000000000000E+00 0.0000000000000E+00 0.0000000000000E+00
 0.0000000000000E+00 0.0000000000000E+00 0.0000000000000E+00 0.0000000000000E+00
 7.5058138492206E-02 0.0000000000000E+00 0.0000000000000E+00 0.0000000000000E+00
 0.0000000000000E+00-1.5283119678000E-01 3.0618803464200E-01 2.5877799770420E+00
 3.9250476872000E-01-1.5565076247000E-02 1.5565076247000E-02-4.6332812924000E-02
-2.3766658621600E-01 2.3766658621600E-01 5.7610710412700E-01-8.6129561792500E-01
 8.6129561792400E-01 1.6789241149300E-01-1.1756857324000E-02 1.5640682022500E-02
-1.5640682022500E-02 0.0000000000000E+00-1.4315584510597E-01-2.4901734783100E-01
-5.5509599522459E-01 5.5509599522459E-01 0.0000000000000E+00-6.1658288096005E-01
-5.3948994174000E-02 8.8212225806869E-02-8.8212225806869E-02 0.0000000000000E+00
 5.4299870295321E-03 9.1412320706190E-04 9.1412320711461E-04-1.5283119678000E-01
 3.0618803464200E-01 2.5877799770420E+00 3.9250476872000E-01 1.5565076247000E-02
-1.5565076247000E-02-4.6332812924000E-02 2.3766658621600E-01-2.3766658621600E-01
 5.7610710412700E-01 8.6129561792500E-01-8.6129561792400E-01 1.6789241149300E-01
-1.1756857324000E-02-1.5640682022500E-02 1.5640682022500E-02 0.0000000000000E+00
-1.4315584510597E-01-2.4901734783100E-01 5.5509599522459E-01-5.5509599522459E-01
 0.0000000000000E+00-6.1658288096005E-01-5.3948994174000E-02-8.8212225806869E-02
 8.8212225806869E-02 0.0000000000000E+00 5.4299870295321E-03-9.1412320706190E-04
-9.1412320711461E-04 1.5283119678000E-01-3.0618803464200E-01-2.5877799770420E+00
-3.9250476872000E-01-1.5565076247000E-02-1.5565076247000E-02-4.6332812924000E-02
-2.3766658621600E-01-2.3766658621600E-01 5.7610710412700E-01-8.6129561792500E-01
-8.6129561792400E-01 1.6789241149300E-01 1.1756857324000E-02-1.5640682022500E-02
-1.5640682022500E-02 0.0000000000000E+00-1.4315584510597E-01 2.4901734783100E-01
 5.5509599522459E-01 5.5509599522459E-01 0.0000000000000E+00-6.1658288096005E-01
-5.3948994174000E-02 8.8212225806869E-02 8.8212225806869E-02 0.0000000000000E+00
-5.4299870295321E-03 9.1412320706190E-04-9.1412320711461E-04-1.5283119678200E-01
 3.0618803464700E-01 2.5877799770370E+00 3.9250476871900E-01-1.5565076247000E-02
-4.6332812922000E-02 1.5565076248000E-02-2.3766658624200E-01 5.7610710412200E-01
 2.3766658618400E-01-8.6129561793900E-01 1.6789241149400E-01 8.6129561790200E-01
 5.8784286585000E-03-1.4315584510424E-01-1.5640682020768E-02 1.7635285989026E-02
 1.5640682025965E-02 1.2450867390500E-01-6.1658288094966E-01 5.5509599524191E-01
 3.7352602175486E-01-5.5509599520727E-01 1.1860649059700E-01-2.8908980497931E-02
 1.3487248548942E-02 2.3424241262705E-02 5.4299870296612E-03-1.0797997424220E-02
 2.2478747568153E-03 0.0000000000000E+00 0.0000000000000E+00 0.0000000000000E+00
 0.0000000000000E+00 0.0000000000000E+00 0.0000000000000E+00-6.1896054142700E-01
 0.0000000000000E+00 0.0000000000000E+00 1.3167776984340E+00 0.0000000000000E+00
 0.0000000000000E+00-7.3094763313370E+00 0.0000000000000E+00 0.0000000000000E+00
-1.0878974890070E+00 0.0000000000000E+00 0.0000000000000E+00 1.3271056991200E-01
 0.0000000000000E+00 0.0000000000000E+00 0.0000000000000E+00 0.0000000000000E+00
-1.6962418254721E+00 0.0000000000000E+00 0.0000000000000E+00 0.0000000000000E+00
 0.0000000000000E+00 1.6395787304121E+00 0.0000000000000E+00 0.0000000000000E+00
 0.0000000000000E+00 0.0000000000000E+00 0.0000000000000E+00-7.7880841690418E-02
 0.0000000000000E+00 0.0000000000000E+00 0.0000000000000E+00-1.2980140284439E-02
 0.0000000000000E+00 0.0000000000000E+00 2.5159063838650E-01 0.0000000000000E+00
 0.0000000000000E+00 0.0000000000000E+00 4.1931773074160E-02 0.0000000000000E+00
-1.1258720772231E-01 0.0000000000000E+00 0.0000000000000E+00 0.0000000000000E+00
-1.8764534623324E-02 0.0000000000000E+00 0.0000000000000E+00 0.0000000000000E+00
 1.5283119678200E-01-3.0618803464700E-01-2.5877799770370E+00-3.9250476871900E-01
 1.5565076247000E-02-4.6332812922000E-02 1.5565076248000E-02 2.3766658624200E-01
 5.7610710412200E-01 2.3766658618400E-01 8.6129561793900E-01 1.6789241149400E-01
 8.6129561790200E-01-5.8784286585000E-03-1.4315584510424E-01 1.5640682020768E-02
-1.7635285989026E-02 1.5640682025965E-02-1.2450867390500E-01-6.1658288094966E-01
-5.5509599524191E-01-3.7352602175486E-01-5.5509599520727E-01 1.1860649059700E-01
 2.8908980497931E-02 1.3487248548942E-02 2.3424241262705E-02-5.4299870296612E-03
 1.0797997424220E-02 2.2478747568153E-03-1.5283119678200E-01 3.0618803464700E-01
 2.5877799770370E+00 3.9250476871900E-01 1.5565076247000E-02-4.6332812922000E-02
-1.5565076248000E-02 2.3766658624200E-01 5.7610710412200E-01-2.3766658618400E-01
 8.6129561793900E-01 1.6789241149400E-01-8.6129561790200E-01 5.8784286585000E-03
-1.4315584510424E-01 1.5640682020768E-02 1.7635285989026E-02-1.5640682025965E-02
 1.2450867390500E-01-6.1658288094966E-01-5.5509599524191E-01 3.7352602175486E-01
 5.5509599520727E-01-1.1860649059700E-01 2.8908980497931E-02 1.3487248548942E-02
-2.3424241262705E-02 5.4299870296612E-03 1.0797997424220E-02 2.2478747568153E-03
 1.5283119678200E-01-3.0618803464700E-01-2.5877799770370E+00-3.9250476871900E-01
-1.5565076247000E-02-4.6332812922000E-02-1.5565076248000E-02-2.3766658624200E-01
 5.7610710412200E-01-2.3766658618400E-01-8.6129561793900E-01 1.6789241149400E-01
-8.6129561790200E-01-5.8784286585000E-03-1.4315584510424E-01-1.5640682020768E-02
-1.7635285989026E-02-1.5640682025965E-02-1.2450867390500E-01-6.1658288094966E-01
 5.5509599524191E-01-3.7352602175486E-01 5.5509599520727E-01-1.1860649059700E-01
-2.8908980497931E-02 1.3487248548942E-02-2.3424241262705E-02-5.4299870296612E-03
-1.0797997424220E-02 2.2478747568153E-03 1.5283119678100E-01-3.0618803464700E-01
-2.5877799770460E+00-3.9250476872000E-01 4.6332812922000E-02 1.5565076247000E-02
-1.5565076248000E-02-5.7610710412100E-01 2.3766658624200E-01-2.3766658618500E-01
-1.6789241149200E-01 8.6129561794100E-01-8.6129561790500E-01-5.8784286585000E-03
 1.5640682020768E-02 1.4315584510424E-01 1.7635285989026E-02-1.5640682024233E-02
-1.2450867390500E-01-5.5509599524018E-01 6.1658288094966E-01 3.7352602175486E-01
 5.5509599520727E-01-1.1860649059700E-01-1.3487248548942E-02 2.8908980497931E-02
 2.3424241262705E-02-5.4299870296612E-03 2.2478747568153E-03-1.0797997424220E-02
 0.0000000000000E+00 0.0000000000000E+00 0.0000000000000E+00 0.0000000000000E+00
 0.0000000000000E+00 6.1896054142700E-01 0.0000000000000E+00 0.0000000000000E+00
-1.3167776984330E+00 0.0000000000000E+00 0.0000000000000E+00 7.3094763313490E+00
 0.0000000000000E+00 0.0000000000000E+00 1.0878974890100E+00 0.0000000000000E+00
 0.0000000000000E+00 0.0000000000000E+00 0.0000000000000E+00-1.3271056991200E-01
 0.0000000000000E+00 0.0000000000000E+00 0.0000000000000E+00 0.0000000000000E+00
 1.6962418254686E+00 0.0000000000000E+00 0.0000000000000E+00 0.0000000000000E+00
 0.0000000000000E+00-1.6395787304190E+00 0.0000000000000E+00 0.0000000000000E+00
 0.0000000000000E+00 7.7880841690826E-02 0.0000000000000E+00 0.0000000000000E+00
 0.0000000000000E+00-1.2980140284439E-02 0.0000000000000E+00 0.0000000000000E+00
-2.5159063838732E-01 0.0000000000000E+00 0.0000000000000E+00 0.0000000000000E+00
 4.1931773074107E-02 0.0000000000000E+00 0.0000000000000E+00 0.0000000000000E+00
 1.1258720772263E-01 0.0000000000000E+00 0.0000000000000E+00 0.0000000000000E+00
-1.8764534623304E-02 0.0000000000000E+00 0.0000000000000E+00 1.5283119678100E-01
-3.0618803464700E-01-2.5877799770460E+00-3.9250476872000E-01 4.6332812922000E-02
-1.5565076247000E-02 1.5565076248000E-02-5.7610710412100E-01-2.3766658624200E-01
 2.3766658618500E-01-1.6789241149200E-01-8.6129561794100E-01 8.6129561790500E-01
-5.8784286585000E-03-1.5640682020768E-02 1.4315584510424E-01 1.7635285989026E-02
 1.5640682024233E-02-1.2450867390500E-01 5.5509599524018E-01 6.1658288094966E-01
 3.7352602175486E-01-5.5509599520727E-01 1.1860649059700E-01-1.3487248548942E-02
-2.8908980497931E-02-2.3424241262705E-02-5.4299870296612E-03 2.2478747568153E-03
 1.0797997424220E-02-1.5283119678100E-01 3.0618803464700E-01 2.5877799770460E+00
 3.9250476872000E-01 4.6332812922000E-02-1.5565076247000E-02-1.5565076248000E-02
-5.7610710412100E-01-2.3766658624200E-01-2.3766658618500E-01-1.6789241149200E-01
-8.6129561794100E-01-8.6129561790500E-01 5.8784286585000E-03-1.5640682020768E-02
 1.4315584510424E-01-1.7635285989026E-02-1.5640682024233E-02 1.2450867390500E-01
 5.5509599524018E-01 6.1658288094966E-01-3.7352602175486E-01 5.5509599520727E-01
-1.1860649059700E-01-1.3487248548942E-02-2.8908980497931E-02 2.3424241262705E-02
 5.4299870296612E-03 2.2478747568153E-03 1.0797997424220E-02-1.5283119678100E-01
 3.0618803464700E-01 2.5877799770460E+00 3.9250476872000E-01 4.6332812922000E-02
 1.5565076247000E-02 1.5565076248000E-02-5.7610710412100E-01 2.3766658624200E-01
 2.3766658618500E-01-1.6789241149200E-01 8.6129561794100E-01 8.6129561790500E-01
 5.8784286585000E-03 1.5640682020768E-02 1.4315584510424E-01-1.7635285989026E-02
 1.5640682024233E-02 1.2450867390500E-01-5.5509599524018E-01 6.1658288094966E-01
-3.7352602175486E-01-5.5509599520727E-01 1.1860649059700E-01-1.3487248548942E-02
 2.8908980497931E-02-2.3424241262705E-02 5.4299870296612E-03 2.2478747568153E-03
-1.0797997424220E-02-1.2000000000000E-11 2.8000000000000E-11 1.4500000000000E-10
 2.4000000000000E-11 4.1319137800000E-03-2.0000000000000E-12 4.1319137820000E-03
 4.1504269868200E-01 3.8000000000000E-11 4.1504269871100E-01 2.8313693941400E-01
 1.9000000000000E-11 2.8313693951300E-01 5.0951517310500E-02-1.0392304845413E-11
-2.5574303376917E-02-5.0951517309050E-02-2.5574303369988E-02 1.4873030092250E-01
-3.4641016151378E-11-2.3550679621722E-01-1.4873030088914E-01-2.3550679630036E-01
 1.5728948822800E-01-7.5269810338340E-02-6.5730939890387E-02-1.4378975311638E-02
 2.5819888974716E-13 2.9589848469647E-03 6.5730939892840E-03 0.0000000000000E+00
 0.0000000000000E+00 0.0000000000000E+00 0.0000000000000E+00 0.0000000000000E+00
 0.0000000000000E+00-4.0000000000000E-11 0.0000000000000E+00 0.0000000000000E+00
 9.6000000000000E-11 0.0000000000000E+00 0.0000000000000E+00-4.6200000000000E-10
 0.0000000000000E+00 0.0000000000000E+00-6.5000000000000E-11 0.0000000000000E+00
 0.0000000000000E+00-3.4641016151378E-12 0.0000000000000E+00 0.0000000000000E+00
 0.0000000000000E+00 0.0000000000000E+00-1.0392304845413E-10 0.0000000000000E+00
 0.0000000000000E+00 0.0000000000000E+00 0.0000000000000E+00 9.6994845223857E-11
 0.0000000000000E+00 0.0000000000000E+00 0.0000000000000E+00 0.0000000000000E+00
 0.0000000000000E+00-1.6559063054256E-01 0.0000000000000E+00 0.0000000000000E+00
 0.0000000000000E+00 1.6559063053056E-02 0.0000000000000E+00 0.0000000000000E+00
 5.4836666372434E-01 0.0000000000000E+00 0.0000000000000E+00 0.0000000000000E+00
-5.4836666368327E-02 0.0000000000000E+00-2.1887195301982E-01 0.0000000000000E+00
 0.0000000000000E+00 0.0000000000000E+00 5.2112369752046E-03 0.0000000000000E+00
 0.0000000000000E+00 0.0000000000000E+00 1.2000000000000E-11-2.8000000000000E-11
-1.4500000000000E-10-2.4000000000000E-11-4.1319137800000E-03-2.0000000000000E-12
 4.1319137820000E-03-4.1504269868200E-01 3.8000000000000E-11 4.1504269871100E-01
-2.8313693941400E-01 1.9000000000000E-11 2.8313693951300E-01-5.0951517310500E-02
-1.0392304845413E-11 2.5574303376917E-02 5.0951517309050E-02-2.5574303369988E-02
-1.4873030092250E-01-3.4641016151378E-11 2.3550679621722E-01 1.4873030088914E-01
-2.3550679630036E-01 1.5728948822800E-01 7.5269810338340E-02-6.5730939890387E-02
-1.4378975311638E-02-2.5819888974716E-13-2.9589848469647E-03 6.5730939892840E-03
-1.2000000000000E-11 2.8000000000000E-11 1.4500000000000E-10 2.4000000000000E-11
-4.1319137800000E-03-2.0000000000000E-12-4.1319137820000E-03-4.1504269868200E-01
 3.8000000000000E-11-4.1504269871100E-01-2.8313693941400E-01 1.9000000000000E-11
-2.8313693951300E-01 5.0951517310500E-02-1.0392304845413E-11 2.5574303376917E-02
-5.0951517309050E-02 2.5574303369988E-02 1.4873030092250E-01-3.4641016151378E-11
 2.3550679621722E-01-1.4873030088914E-01 2.3550679630036E-01-1.5728948822800E-01
 7.5269810338340E-02-6.5730939890387E-02 1.4378975311638E-02 2.5819888974716E-13
-2.9589848469647E-03 6.5730939892840E-03 1.2000000000000E-11-2.8000000000000E-11
-1.4500000000000E-10-2.4000000000000E-11 4.1319137800000E-03-2.0000000000000E-12
-4.1319137820000E-03 4.1504269868200E-01 3.8000000000000E-11-4.1504269871100E-01
 2.8313693941400E-01 1.9000000000000E-11-2.8313693951300E-01-5.0951517310500E-02
-1.0392304845413E-11-2.5574303376917E-02 5.0951517309050E-02 2.5574303369988E-02
-1.4873030092250E-01-3.4641016151378E-11-2.3550679621722E-01 1.4873030088914E-01
 2.3550679630036E-01-1.5728948822800E-01-7.5269810338340E-02-6.5730939890387E-02
 1.4378975311638E-02-2.5819888974716E-13 2.9589848469647E-03 6.5730939892840E-03
 1.2000000000000E-11-2.8000000000000E-11-1.4100000000000E-10-2.3000000000000E-11
 2.0000000000000E-12-4.1319137800000E-03-4.1319137820000E-03-3.7000000000000E-11
-4.1504269868300E-01-4.1504269871100E-01-1.9000000000000E-11-2.8313693941500E-01
-2.8313693951200E-01-5.0951517310500E-02 2.5574303376917E-02 1.0392304845413E-11
-5.0951517309050E-02 2.5574303369988E-02-1.4873030092250E-01 2.3550679621722E-01
 3.2908965343809E-11-1.4873030089001E-01 2.3550679630036E-01-1.5728948822800E-01
 6.5730939890387E-02 7.5269810338340E-02-1.4378975311638E-02-2.5819888974716E-13
 6.5730939892840E-03 2.9589848469647E-03 0.0000000000000E+00 0.0000000000000E+00
 0.0000000000000E+00 0.0000000000000E+00 0.0000000000000E+00 3.9000000000000E-11
 0.0000000000000E+00 0.0000000000000E+00-9.4000000000000E-11 0.0000000000000E+00
 0.0000000000000E+00 4.5300000000000E-10 0.0000000000000E+00 0.0000000000000E+00
 6.3000000000000E-11 0.0000000000000E+00 0.0000000000000E+00 0.0000000000000E+00
 0.0000000000000E+00 3.4641016151378E-12 0.0000000000000E+00 0.0000000000000E+00
 0.0000000000000E+00 0.0000000000000E+00 1.0219099764656E-10 0.0000000000000E+00
 0.0000000000000E+00 0.0000000000000E+00 0.0000000000000E+00-9.3530743608719E-11
 0.0000000000000E+00 0.0000000000000E+00 0.0000000000000E+00 1.6559063054256E-01
 0.0000000000000E+00 0.0000000000000E+00 0.0000000000000E+00 1.6559063053056E-02
 0.0000000000000E+00 0.0000000000000E+00-5.4836666372393E-01 0.0000000000000E+00
 0.0000000000000E+00 0.0000000000000E+00-5.4836666368380E-02 0.0000000000000E+00
 0.0000000000000E+00 0.0000000000000E+00 2.1887195301982E-01 0.0000000000000E+00
 0.0000000000000E+00 0.0000000000000E+00 5.2112369752245E-03 0.0000000000000E+00
 0.0000000000000E+00 1.2000000000000E-11-2.8000000000000E-11-1.4100000000000E-10
-2.3000000000000E-11 2.0000000000000E-12 4.1319137800000E-03 4.1319137820000E-03
-3.7000000000000E-11 4.1504269868300E-01 4.1504269871100E-01-1.9000000000000E-11
 2.8313693941500E-01 2.8313693951200E-01-5.0951517310500E-02-2.5574303376917E-02
 1.0392304845413E-11-5.0951517309050E-02-2.5574303369988E-02-1.4873030092250E-01
-2.3550679621722E-01 3.2908965343809E-11-1.4873030089001E-01-2.3550679630036E-01
 1.5728948822800E-01 6.5730939890387E-02-7.5269810338340E-02 1.4378975311638E-02
-2.5819888974716E-13 6.5730939892840E-03-2.9589848469647E-03-1.2000000000000E-11
 2.8000000000000E-11 1.4100000000000E-10 2.3000000000000E-11 2.0000000000000E-12
 4.1319137800000E-03-4.1319137820000E-03-3.7000000000000E-11 4.1504269868300E-01
-4.1504269871100E-01-1.9000000000000E-11 2.8313693941500E-01-2.8313693951200E-01
 5.0951517310500E-02-2.5574303376917E-02 1.0392304845413E-11 5.0951517309050E-02
 2.5574303369988E-02 1.4873030092250E-01-2.3550679621722E-01 3.2908965343809E-11
 1.4873030089001E-01 2.3550679630036E-01-1.5728948822800E-01 6.5730939890387E-02
-7.5269810338340E-02-1.4378975311638E-02 2.5819888974716E-13 6.5730939892840E-03
-2.9589848469647E-03-1.2000000000000E-11 2.8000000000000E-11 1.4100000000000E-10
 2.3000000000000E-11 2.0000000000000E-12-4.1319137800000E-03 4.1319137820000E-03
-3.7000000000000E-11-4.1504269868300E-01 4.1504269871100E-01-1.9000000000000E-11
-2.8313693941500E-01 2.8313693951200E-01 5.0951517310500E-02 2.5574303376917E-02
 1.0392304845413E-11 5.0951517309050E-02-2.5574303369988E-02 1.4873030092250E-01
 2.3550679621722E-01 3.2908965343809E-11 1.4873030089001E-01-2.3550679630036E-01
 1.5728948822800E-01 6.5730939890387E-02 7.5269810338340E-02 1.4378975311638E-02
 2.5819888974716E-13 6.5730939892840E-03 2.9589848469647E-03 0.0000000000000E+00
 0.0000000000000E+00 1.0000000000000E-12 0.0000000000000E+00 4.1319137810000E-03
-4.1319137810000E-03 0.0000000000000E+00 4.1504269869700E-01-4.1504269869700E-01
 0.0000000000000E+00 2.8313693946300E-01-2.8313693946400E-01 0.0000000000000E+00
 0.0000000000000E+00 2.5574303375185E-02-2.5574303375185E-02-1.0190303461983E-01
 0.0000000000000E+00 0.0000000000000E+00 2.3550679625879E-01-2.3550679625879E-01
-2.9746060182851E-01 0.0000000000000E+00 0.0000000000000E+00-3.3749337719647E-03
 3.3749337719647E-03-2.6292375956952E-02 0.0000000000000E+00 1.0148472503979E-02
 1.0148472503979E-02 0.0000000000000E+00 0.0000000000000E+00 0.0000000000000E+00
 0.0000000000000E+00 0.0000000000000E+00 0.0000000000000E+00 0.0000000000000E+00
 0.0000000000000E+00 0.0000000000000E+00 0.0000000000000E+00-1.0000000000000E-12
 0.0000000000000E+00 0.0000000000000E+00 3.0000000000000E-12 0.0000000000000E+00
 0.0000000000000E+00 1.0000000000000E-12 0.0000000000000E+00 0.0000000000000E+00
 0.0000000000000E+00 0.0000000000000E+00 0.0000000000000E+00 0.0000000000000E+00
 0.0000000000000E+00 0.0000000000000E+00 0.0000000000000E+00 0.0000000000000E+00
 0.0000000000000E+00 0.0000000000000E+00 0.0000000000000E+00 0.0000000000000E+00
-1.7320508075689E-12 0.0000000000000E+00 0.0000000000000E+00 0.0000000000000E+00
-6.6236252215416E-02 0.0000000000000E+00 0.0000000000000E+00 0.0000000000000E+00
 0.0000000000000E+00 0.0000000000000E+00 0.0000000000000E+00 2.1934666548357E-01
 0.0000000000000E+00 0.0000000000000E+00 0.0000000000000E+00 0.0000000000000E+00
 0.0000000000000E+00 0.0000000000000E+00 0.0000000000000E+00 0.0000000000000E+00
 0.0000000000000E+00 0.0000000000000E+00 0.0000000000000E+00-5.2112369764950E-03
 0.0000000000000E+00 0.0000000000000E+00-1.0000000000000E-12 0.0000000000000E+00
-4.1319137810000E-03-4.1319137810000E-03 0.0000000000000E+00-4.1504269869700E-01
-4.1504269869700E-01 0.0000000000000E+00-2.8313693946300E-01-2.8313693946400E-01
 0.0000000000000E+00 0.0000000000000E+00 2.5574303375185E-02 2.5574303375185E-02
 1.0190303461983E-01 0.0000000000000E+00 0.0000000000000E+00 2.3550679625879E-01
 2.3550679625879E-01 2.9746060182851E-01 0.0000000000000E+00 0.0000000000000E+00
 3.3749337719647E-03 3.3749337719647E-03-2.6292375956952E-02 0.0000000000000E+00
-1.0148472503979E-02 1.0148472503979E-02 0.0000000000000E+00 0.0000000000000E+00
-1.0000000000000E-12 0.0000000000000E+00 4.1319137810000E-03 4.1319137810000E-03
 0.0000000000000E+00 4.1504269869700E-01 4.1504269869700E-01 0.0000000000000E+00
 2.8313693946300E-01 2.8313693946400E-01 0.0000000000000E+00 0.0000000000000E+00
-2.5574303375185E-02-2.5574303375185E-02 1.0190303461983E-01 0.0000000000000E+00
 0.0000000000000E+00-2.3550679625879E-01-2.3550679625879E-01 2.9746060182851E-01
 0.0000000000000E+00 0.0000000000000E+00-3.3749337719647E-03-3.3749337719647E-03
-2.6292375956952E-02 0.0000000000000E+00 1.0148472503979E-02-1.0148472503979E-02
 0.0000000000000E+00 0.0000000000000E+00 1.0000000000000E-12 0.0000000000000E+00
-4.1319137810000E-03 4.1319137810000E-03 0.0000000000000E+00-4.1504269869700E-01
 4.1504269869700E-01 0.0000000000000E+00-2.8313693946300E-01 2.8313693946400E-01
 0.0000000000000E+00 0.0000000000000E+00-2.5574303375185E-02 2.5574303375185E-02
-1.0190303461983E-01 0.0000000000000E+00 0.0000000000000E+00-2.3550679625879E-01
 2.3550679625879E-01-2.9746060182851E-01 0.0000000000000E+00 0.0000000000000E+00
 3.3749337719647E-03-3.3749337719647E-03-2.6292375956952E-02 0.0000000000000E+00
-1.0148472503979E-02-1.0148472503979E-02 0.0000000000000E+00 0.0000000000000E+00
 0.0000000000000E+00 0.0000000000000E+00 0.0000000000000E+00 0.0000000000000E+00
 0.0000000000000E+00-1.0000000000000E-12 1.0000000000000E-12 0.0000000000000E+00
 0.0000000000000E+00 0.0000000000000E+00 0.0000000000000E+00 0.0000000000000E+00
 0.0000000000000E+00 0.0000000000000E+00 0.0000000000000E+00 0.0000000000000E+00
 0.0000000000000E+00 0.0000000000000E+00 0.0000000000000E+00 8.6602540378444E-13
 0.0000000000000E+00 0.0000000000000E+00 9.3885310231877E-02-9.3885310231877E-02
 3.7554124092846E-02 0.0000000000000E+00 9.3885310231590E-03 9.3885310231590E-03
 0.0000000000000E+00 0.0000000000000E+00 0.0000000000000E+00 0.0000000000000E+00
 0.0000000000000E+00 0.0000000000000E+00 0.0000000000000E+00 0.0000000000000E+00
 0.0000000000000E+00 0.0000000000000E+00 0.0000000000000E+00 0.0000000000000E+00
 0.0000000000000E+00 0.0000000000000E+00 0.0000000000000E+00 0.0000000000000E+00
 0.0000000000000E+00 0.0000000000000E+00 0.0000000000000E+00 0.0000000000000E+00
-8.6602540378444E-13 0.0000000000000E+00 0.0000000000000E+00 0.0000000000000E+00
 0.0000000000000E+00 3.4641016151378E-12 0.0000000000000E+00 0.0000000000000E+00
 0.0000000000000E+00 0.0000000000000E+00 0.0000000000000E+00 0.0000000000000E+00
 0.0000000000000E+00 0.0000000000000E+00 0.0000000000000E+00 0.0000000000000E+00
 0.0000000000000E+00 0.0000000000000E+00 0.0000000000000E+00 0.0000000000000E+00
 0.0000000000000E+00 0.0000000000000E+00 0.0000000000000E+00 0.0000000000000E+00
 0.0000000000000E+00 0.0000000000000E+00 0.0000000000000E+00 0.0000000000000E+00
 0.0000000000000E+00 7.4535599249993E-14 0.0000000000000E+00 0.0000000000000E+00
 0.0000000000000E+00 0.0000000000000E+00 0.0000000000000E+00 0.0000000000000E+00
 0.0000000000000E+00 0.0000000000000E+00 0.0000000000000E+00 0.0000000000000E+00
 0.0000000000000E+00 0.0000000000000E+00-1.0000000000000E-12-1.0000000000000E-12
 0.0000000000000E+00 0.0000000000000E+00 0.0000000000000E+00 0.0000000000000E+00
 0.0000000000000E+00 0.0000000000000E+00 0.0000000000000E+00 0.0000000000000E+00
 0.0000000000000E+00 0.0000000000000E+00 0.0000000000000E+00 0.0000000000000E+00
 8.6602540378444E-13 0.0000000000000E+00 0.0000000000000E+00 9.3885310231877E-02
 9.3885310231877E-02-3.7554124092846E-02 0.0000000000000E+00 9.3885310231590E-03
-9.3885310231590E-03 0.0000000000000E+00 0.0000000000000E+00 0.0000000000000E+00
 0.0000000000000E+00 0.0000000000000E+00 0.0000000000000E+00 0.0000000000000E+00
 1.0000000000000E-12 1.0000000000000E-12 0.0000000000000E+00 0.0000000000000E+00
 0.0000000000000E+00 0.0000000000000E+00 0.0000000000000E+00 0.0000000000000E+00
 0.0000000000000E+00 0.0000000000000E+00 0.0000000000000E+00 0.0000000000000E+00
 0.0000000000000E+00 0.0000000000000E+00 8.6602540378444E-13 0.0000000000000E+00
 0.0000000000000E+00-9.3885310231877E-02-9.3885310231877E-02-3.7554124092846E-02
 0.0000000000000E+00-9.3885310231590E-03 9.3885310231590E-03 0.0000000000000E+00
 0.0000000000000E+00 0.0000000000000E+00 0.0000000000000E+00 0.0000000000000E+00
 0.0000000000000E+00 0.0000000000000E+00 1.0000000000000E-12-1.0000000000000E-12
 0.0000000000000E+00 0.0000000000000E+00 0.0000000000000E+00 0.0000000000000E+00
 0.0000000000000E+00 0.0000000000000E+00 0.0000000000000E+00 0.0000000000000E+00
 0.0000000000000E+00 0.0000000000000E+00 0.0000000000000E+00 0.0000000000000E+00
 8.6602540378444E-13 0.0000000000000E+00 0.0000000000000E+00-9.3885310231877E-02
 9.3885310231877E-02 3.7554124092846E-02 0.0000000000000E+00-9.3885310231590E-03
-9.3885310231590E-03-1.5935853514100E-01-5.2200981679000E-02 5.8340460962400E-01
 2.1723295606800E-01-6.8908538946000E-02-6.8908538946000E-02 4.4234733619000E-02
 1.4489194502800E-01 1.4489194502800E-01-3.4314274165200E-01-2.3893834440600E-01
-2.3893834440600E-01 5.0641960492000E-02 3.2442109790000E-03-3.4545429028715E-02
-3.4545429028715E-02 0.0000000000000E+00 3.6418238554755E-02-3.6487900606000E-02
 2.8267583803516E-01 2.8267583803516E-01 0.0000000000000E+00 6.1879953937054E-02
-2.3907608953800E-01-3.2513454797941E-03-3.2513454797941E-03 0.0000000000000E+00
-4.5407179851215E-02 6.8814712406820E-03-6.8814712406820E-03 0.0000000000000E+00
 0.0000000000000E+00 0.0000000000000E+00 0.0000000000000E+00 0.0000000000000E+00
 0.0000000000000E+00 0.0000000000000E+00 5.1355693678600E-01 0.0000000000000E+00
 0.0000000000000E+00-1.0975376651320E+00 0.0000000000000E+00 0.0000000000000E+00
 1.7515711860250E+00 0.0000000000000E+00 0.0000000000000E+00 3.3692299222600E-01
 0.0000000000000E+00 0.0000000000000E+00 0.0000000000000E+00 0.0000000000000E+00
 2.5923784109615E-01 0.0000000000000E+00 0.0000000000000E+00 0.0000000000000E+00
 0.0000000000000E+00 9.8306893203437E-01 0.0000000000000E+00 0.0000000000000E+00
 0.0000000000000E+00 0.0000000000000E+00-6.2965777427671E-01-4.7370495144000E-02
 0.0000000000000E+00 0.0000000000000E+00 0.0000000000000E+00 0.0000000000000E+00
 0.0000000000000E+00 0.0000000000000E+00 4.8559667381000E-01 0.0000000000000E+00
 0.0000000000000E+00 0.0000000000000E+00 0.0000000000000E+00 0.0000000000000E+00
 0.0000000000000E+00 0.0000000000000E+00 0.0000000000000E+00 0.0000000000000E+00
 0.0000000000000E+00-7.2154498169775E-03 0.0000000000000E+00 0.0000000000000E+00
 0.0000000000000E+00 0.0000000000000E+00 1.5935853514100E-01 5.2200981679000E-02
-5.8340460962400E-01-2.1723295606800E-01 6.8908538946000E-02-6.8908538946000E-02
 4.4234733619000E-02-1.4489194502800E-01 1.4489194502800E-01-3.4314274165200E-01
 2.3893834440600E-01-2.3893834440600E-01 5.0641960492000E-02-3.2442109790000E-03
-3.4545429028715E-02 3.4545429028715E-02 0.0000000000000E+00 3.6418238554755E-02
 3.6487900606000E-02 2.8267583803516E-01-2.8267583803516E-01 0.0000000000000E+00
 6.1879953937054E-02-2.3907608953800E-01 3.2513454797941E-03-3.2513454797941E-03
 0.0000000000000E+00 4.5407179851215E-02-6.8814712406820E-03-6.8814712406820E-03
 1.5935853514100E-01 5.2200981679000E-02-5.8340460962400E-01-2.1723295606800E-01
-6.8908538946000E-02 6.8908538946000E-02 4.4234733619000E-02 1.4489194502800E-01
-1.4489194502800E-01-3.4314274165200E-01-2.3893834440600E-01 2.3893834440600E-01
 5.0641960492000E-02-3.2442109790000E-03 3.4545429028715E-02-3.4545429028715E-02
 0.0000000000000E+00 3.6418238554755E-02 3.6487900606000E-02-2.8267583803516E-01
 2.8267583803516E-01 0.0000000000000E+00 6.1879953937054E-02-2.3907608953800E-01
-3.2513454797941E-03 3.2513454797941E-03 0.0000000000000E+00 4.5407179851215E-02
 6.8814712406820E-03 6.8814712406820E-03-1.5935853514100E-01-5.2200981679000E-02
 5.8340460962400E-01 2.1723295606800E-01 6.8908538946000E-02 6.8908538946000E-02
 4.4234733619000E-02-1.4489194502800E-01-1.4489194502800E-01-3.4314274165200E-01
 2.3893834440600E-01 2.3893834440600E-01 5.0641960492000E-02 3.2442109790000E-03
 3.4545429028715E-02 3.4545429028715E-02 0.0000000000000E+00 3.6418238554755E-02
-3.6487900606000E-02-2.8267583803516E-01-2.8267583803516E-01 0.0000000000000E+00
 6.1879953937054E-02-2.3907608953800E-01 3.2513454797941E-03 3.2513454797941E-03
 0.0000000000000E+00-4.5407179851215E-02-6.8814712406820E-03 6.8814712406820E-03
 1.5935853514200E-01 5.2200981675000E-02-5.8340460963500E-01-2.1723295606900E-01
 6.8908538946000E-02 4.4234733619000E-02-6.8908538947000E-02-1.4489194502600E-01
-3.4314274165200E-01 1.4489194502700E-01 2.3893834440900E-01 5.0641960492000E-02
-2.3893834440900E-01 1.6221054895000E-03 3.6418238554755E-02 3.4545429028715E-02
 4.8663164684127E-03-3.4545429026983E-02-1.8243950303000E-02 6.1879953938786E-02
-2.8267583803689E-01-5.4731850909766E-02 2.8267583803516E-01 1.0809908683100E-01
 5.0798197934734E-02 5.9769022384904E-02-9.5093704909847E-03 4.5407179850957E-02
-2.1267859951220E-03 9.9615037307179E-03 0.0000000000000E+00 0.0000000000000E+00
 0.0000000000000E+00 0.0000000000000E+00 0.0000000000000E+00 0.0000000000000E+00
 5.1355693679100E-01 0.0000000000000E+00 0.0000000000000E+00-1.0975376651380E+00
 0.0000000000000E+00 0.0000000000000E+00 1.7515711860540E+00 0.0000000000000E+00
 0.0000000000000E+00 3.3692299223000E-01 0.0000000000000E+00 0.0000000000000E+00
 2.5923784109788E-01 0.0000000000000E+00 0.0000000000000E+00 0.0000000000000E+00
 0.0000000000000E+00 9.8306893203090E-01 0.0000000000000E+00 0.0000000000000E+00
 0.0000000000000E+00 0.0000000000000E+00-6.2965777428537E-01 0.0000000000000E+00
 0.0000000000000E+00 0.0000000000000E+00 0.0000000000000E+00 0.0000000000000E+00
 1.1842623787450E-02 0.0000000000000E+00 0.0000000000000E+00 0.0000000000000E+00
 1.9737706311978E-03 0.0000000000000E+00 0.0000000000000E+00-1.2139916845258E-01
 0.0000000000000E+00 0.0000000000000E+00 0.0000000000000E+00-2.0233194742170E-02
 0.0000000000000E+00 1.0823174725643E-02 0.0000000000000E+00 0.0000000000000E+00
 0.0000000000000E+00 1.8038624543257E-03 0.0000000000000E+00 0.0000000000000E+00
 0.0000000000000E+00-1.5935853514200E-01-5.2200981675000E-02 5.8340460963500E-01
 2.1723295606900E-01-6.8908538946000E-02 4.4234733619000E-02-6.8908538947000E-02
 1.4489194502600E-01-3.4314274165200E-01 1.4489194502700E-01-2.3893834440900E-01
 5.0641960492000E-02-2.3893834440900E-01-1.6221054895000E-03 3.6418238554755E-02
-3.4545429028715E-02-4.8663164684127E-03-3.4545429026983E-02 1.8243950303000E-02
 6.1879953938786E-02 2.8267583803689E-01 5.4731850909766E-02 2.8267583803516E-01
 1.0809908683100E-01-5.0798197934734E-02 5.9769022384904E-02-9.5093704909847E-03
-4.5407179850957E-02 2.1267859951220E-03 9.9615037307179E-03 1.5935853514200E-01
 5.2200981675000E-02-5.8340460963500E-01-2.1723295606900E-01-6.8908538946000E-02
 4.4234733619000E-02 6.8908538947000E-02 1.4489194502600E-01-3.4314274165200E-01
-1.4489194502700E-01-2.3893834440900E-01 5.0641960492000E-02 2.3893834440900E-01
 1.6221054895000E-03 3.6418238554755E-02-3.4545429028715E-02 4.8663164684127E-03
 3.4545429026983E-02-1.8243950303000E-02 6.1879953938786E-02 2.8267583803689E-01
-5.4731850909766E-02-2.8267583803516E-01-1.0809908683100E-01-5.0798197934734E-02
 5.9769022384904E-02 9.5093704909847E-03 4.5407179850957E-02 2.1267859951220E-03
 9.9615037307179E-03-1.5935853514200E-01-5.2200981675000E-02 5.8340460963500E-01
 2.1723295606900E-01 6.8908538946000E-02 4.4234733619000E-02 6.8908538947000E-02
-1.4489194502600E-01-3.4314274165200E-01-1.4489194502700E-01 2.3893834440900E-01
 5.0641960492000E-02 2.3893834440900E-01-1.6221054895000E-03 3.6418238554755E-02
 3.4545429028715E-02-4.8663164684127E-03 3.4545429026983E-02 1.8243950303000E-02
 6.1879953938786E-02-2.8267583803689E-01 5.4731850909766E-02-2.8267583803516E-01
-1.0809908683100E-01 5.0798197934734E-02 5.9769022384904E-02 9.5093704909847E-03
-4.5407179850957E-02-2.1267859951220E-03 9.9615037307179E-03-1.5935853514200E-01
-5.2200981676000E-02 5.8340460963700E-01 2.1723295607000E-01-4.4234733619000E-02
-6.8908538946000E-02 6.8908538947000E-02 3.4314274165200E-01 1.4489194502600E-01
-1.4489194502700E-01-5.0641960492000E-02-2.3893834441000E-01 2.3893834441000E-01
-1.6221054895000E-03-3.4545429028715E-02-3.6418238554755E-02 4.8663164684127E-03
 3.4545429026983E-02 1.8243950303000E-02 2.8267583803516E-01-6.1879953938786E-02
-5.4731850909766E-02-2.8267583803516E-01-1.0809908683000E-01-5.9769022384904E-02
-5.0798197934734E-02-9.5093704911138E-03-4.5407179850957E-02 9.9615037307179E-03
-2.1267859951220E-03 0.0000000000000E+00 0.0000000000000E+00 0.0000000000000E+00
 0.0000000000000E+00 0.0000000000000E+00-5.1355693679100E-01 0.0000000000000E+00
 0.0000000000000E+00 1.0975376651380E+00 0.0000000000000E+00 0.0000000000000E+00
-1.7515711860570E+00 0.0000000000000E+00 0.0000000000000E+00-3.3692299223100E-01
 0.0000000000000E+00 0.0000000000000E+00 0.0000000000000E+00 0.0000000000000E+00
-2.5923784109615E-01 0.0000000000000E+00 0.0000000000000E+00 0.0000000000000E+00
 0.0000000000000E+00-9.8306893203090E-01 0.0000000000000E+00 0.0000000000000E+00
 0.0000000000000E+00 0.0000000000000E+00 6.2965777428537E-01 0.0000000000000E+00
 0.0000000000000E+00 0.0000000000000E+00-1.1842623787859E-02 0.0000000000000E+00
 0.0000000000000E+00 0.0000000000000E+00 1.9737706312505E-03 0.0000000000000E+00
 0.0000000000000E+00 1.2139916845258E-01 0.0000000000000E+00 0.0000000000000E+00
 0.0000000000000E+00-2.0233194742223E-02 0.0000000000000E+00 0.0000000000000E+00
 0.0000000000000E+00-1.0823174725643E-02 0.0000000000000E+00 0.0000000000000E+00
 0.0000000000000E+00 1.8038624543257E-03 0.0000000000000E+00 0.0000000000000E+00
-1.5935853514200E-01-5.2200981676000E-02 5.8340460963700E-01 2.1723295607000E-01
-4.4234733619000E-02 6.8908538946000E-02-6.8908538947000E-02 3.4314274165200E-01
-1.4489194502600E-01 1.4489194502700E-01-5.0641960492000E-02 2.3893834441000E-01
-2.3893834441000E-01-1.6221054895000E-03 3.4545429028715E-02-3.6418238554755E-02
 4.8663164684127E-03-3.4545429026983E-02 1.8243950303000E-02-2.8267583803516E-01
-6.1879953938786E-02-5.4731850909766E-02 2.8267583803516E-01 1.0809908683000E-01
-5.9769022384904E-02 5.0798197934734E-02 9.5093704911138E-03-4.5407179850957E-02
 9.9615037307179E-03 2.1267859951220E-03 1.5935853514200E-01 5.2200981676000E-02
-5.8340460963700E-01-2.1723295607000E-01-4.4234733619000E-02 6.8908538946000E-02
 6.8908538947000E-02 3.4314274165200E-01-1.4489194502600E-01-1.4489194502700E-01
-5.0641960492000E-02 2.3893834441000E-01 2.3893834441000E-01 1.6221054895000E-03
 3.4545429028715E-02-3.6418238554755E-02-4.8663164684127E-03 3.4545429026983E-02
-1.8243950303000E-02-2.8267583803516E-01-6.1879953938786E-02 5.4731850909766E-02
-2.8267583803516E-01-1.0809908683000E-01-5.9769022384904E-02 5.0798197934734E-02
-9.5093704911138E-03 4.5407179850957E-02 9.9615037307179E-03 2.1267859951220E-03
 1.5935853514200E-01 5.2200981676000E-02-5.8340460963700E-01-2.1723295607000E-01
-4.4234733619000E-02-6.8908538946000E-02-6.8908538947000E-02 3.4314274165200E-01
 1.4489194502600E-01 1.4489194502700E-01-5.0641960492000E-02-2.3893834441000E-01
-2.3893834441000E-01 1.6221054895000E-03-3.4545429028715E-02-3.6418238554755E-02
-4.8663164684127E-03-3.4545429026983E-02-1.8243950303000E-02 2.8267583803516E-01
-6.1879953938786E-02 5.4731850909766E-02 2.8267583803516E-01 1.0809908683000E-01
-5.9769022384904E-02-5.0798197934734E-02 9.5093704911138E-03 4.5407179850957E-02
 9.9615037307179E-03-2.1267859951220E-03 0.0000000000000E+00 0.0000000000000E+00
 0.0000000000000E+00 0.0000000000000E+00-6.0325283646000E-02 6.0325283646000E-02
 0.0000000000000E+00-9.2449348924000E-02 9.2449348924000E-02 0.0000000000000E+00
-1.3821043135700E-01 1.3821043135700E-01 0.0000000000000E+00 0.0000000000000E+00
-7.2876801523029E-02 7.2876801523029E-02 4.9867580845526E-03 0.0000000000000E+00
 0.0000000000000E+00-7.4160030059564E-02 7.4160030059564E-02 1.3227462885952E-01
 0.0000000000000E+00 0.0000000000000E+00 2.4642716811876E-02-2.4642716811876E-02
 5.0172529269661E-02 0.0000000000000E+00 1.1028558643227E-02 1.1028558643227E-02
 0.0000000000000E+00 0.0000000000000E+00 0.0000000000000E+00 0.0000000000000E+00
 0.0000000000000E+00 0.0000000000000E+00 0.0000000000000E+00 0.0000000000000E+00
 0.0000000000000E+00 0.0000000000000E+00 0.0000000000000E+00 0.0000000000000E+00
 0.0000000000000E+00 0.0000000000000E+00 0.0000000000000E+00 0.0000000000000E+00
 0.0000000000000E+00 0.0000000000000E+00 0.0000000000000E+00 0.0000000000000E+00
 0.0000000000000E+00 0.0000000000000E+00 0.0000000000000E+00 0.0000000000000E+00
 0.0000000000000E+00 0.0000000000000E+00 0.0000000000000E+00 0.0000000000000E+00
 0.0000000000000E+00 0.0000000000000E+00 0.0000000000000E+00 0.0000000000000E+00
 0.0000000000000E+00 0.0000000000000E+00 0.0000000000000E+00 1.8662964575559E-02
 0.0000000000000E+00 0.0000000000000E+00 0.0000000000000E+00 0.0000000000000E+00
 0.0000000000000E+00 0.0000000000000E+00-8.6006629720778E-02 0.0000000000000E+00
 0.0000000000000E+00 0.0000000000000E+00 0.0000000000000E+00 0.0000000000000E+00
 0.0000000000000E+00 0.0000000000000E+00 0.0000000000000E+00 0.0000000000000E+00
 0.0000000000000E+00 0.0000000000000E+00 2.6089422351958E-04 0.0000000000000E+00
 0.0000000000000E+00 0.0000000000000E+00 0.0000000000000E+00 6.0325283646000E-02
 6.0325283646000E-02 0.0000000000000E+00 9.2449348924000E-02 9.2449348924000E-02
 0.0000000000000E+00 1.3821043135700E-01 1.3821043135700E-01 0.0000000000000E+00
 0.0000000000000E+00-7.2876801523029E-02-7.2876801523029E-02-4.9867580845526E-03
 0.0000000000000E+00 0.0000000000000E+00-7.4160030059564E-02-7.4160030059564E-02
-1.3227462885952E-01 0.0000000000000E+00 0.0000000000000E+00-2.4642716811876E-02
-2.4642716811876E-02 5.0172529269661E-02 0.0000000000000E+00-1.1028558643227E-02
 1.1028558643227E-02 0.0000000000000E+00 0.0000000000000E+00 0.0000000000000E+00
 0.0000000000000E+00-6.0325283646000E-02-6.0325283646000E-02 0.0000000000000E+00
-9.2449348924000E-02-9.2449348924000E-02 0.0000000000000E+00-1.3821043135700E-01
-1.3821043135700E-01 0.0000000000000E+00 0.0000000000000E+00 7.2876801523029E-02
 7.2876801523029E-02-4.9867580845526E-03 0.0000000000000E+00 0.0000000000000E+00
 7.4160030059564E-02 7.4160030059564E-02-1.3227462885952E-01 0.0000000000000E+00
 0.0000000000000E+00 2.4642716811876E-02 2.4642716811876E-02 5.0172529269661E-02
 0.0000000000000E+00 1.1028558643227E-02-1.1028558643227E-02 0.0000000000000E+00
 0.0000000000000E+00 0.0000000000000E+00 0.0000000000000E+00 6.0325283646000E-02
-6.0325283646000E-02 0.0000000000000E+00 9.2449348924000E-02-9.2449348924000E-02
 0.0000000000000E+00 1.3821043135700E-01-1.3821043135700E-01 0.0000000000000E+00
 0.0000000000000E+00 7.2876801523029E-02-7.2876801523029E-02 4.9867580845526E-03
 0.0000000000000E+00 0.0000000000000E+00 7.4160030059564E-02-7.4160030059564E-02
 1.3227462885952E-01 0.0000000000000E+00 0.0000000000000E+00-2.4642716811876E-02
 2.4642716811876E-02 5.0172529269661E-02 0.0000000000000E+00-1.1028558643227E-02
-1.1028558643227E-02 6.0000000000000E-12-2.8000000000000E-11-3.0000000000000E-11
-5.0000000000000E-12-6.0325283648000E-02 2.0000000000000E-12-6.0325283649000E-02
-9.2449348919000E-02-8.0000000000000E-12-9.2449348920000E-02-1.3821043135400E-01
-4.0000000000000E-12-1.3821043136200E-01-2.4933790420000E-03 1.7320508075689E-12
 7.2876801528226E-02 2.4933790435753E-03 7.2876801519565E-02-6.6137314431500E-02
-8.6602540378444E-12 7.4160030042243E-02 6.6137314421098E-02 7.4160030071688E-02
 1.2846430442300E-01-8.8874869028700E-02 1.2543132317423E-01-2.2703517167226E-02
 3.8729833462074E-13-3.2319994062304E-04-1.2543132317447E-02 0.0000000000000E+00
 0.0000000000000E+00 0.0000000000000E+00 0.0000000000000E+00 0.0000000000000E+00
 0.0000000000000E+00 4.0000000000000E-12 0.0000000000000E+00 0.0000000000000E+00
-4.5000000000000E-11 0.0000000000000E+00 0.0000000000000E+00 1.2600000000000E-10
 0.0000000000000E+00 0.0000000000000E+00 1.3000000000000E-11 0.0000000000000E+00
 0.0000000000000E+00 8.6602540378444E-12 0.0000000000000E+00 0.0000000000000E+00
 0.0000000000000E+00 0.0000000000000E+00 8.6602540378444E-12 0.0000000000000E+00
 0.0000000000000E+00 0.0000000000000E+00 0.0000000000000E+00-6.9282032302755E-11
 0.0000000000000E+00 0.0000000000000E+00 0.0000000000000E+00 0.0000000000000E+00
 0.0000000000000E+00 4.6657411435062E-02 0.0000000000000E+00 0.0000000000000E+00
 0.0000000000000E+00-4.6657411450120E-03 0.0000000000000E+00 0.0000000000000E+00
-2.1501657429338E-01 0.0000000000000E+00 0.0000000000000E+00 0.0000000000000E+00
 2.1501657431323E-02 0.0000000000000E+00 1.0957557388289E-02 0.0000000000000E+00
 0.0000000000000E+00 0.0000000000000E+00-2.6089422311422E-04 0.0000000000000E+00
 0.0000000000000E+00 0.0000000000000E+00-6.0000000000000E-12 2.8000000000000E-11
 3.0000000000000E-11 5.0000000000000E-12 6.0325283648000E-02 2.0000000000000E-12
-6.0325283649000E-02 9.2449348919000E-02-8.0000000000000E-12-9.2449348920000E-02
 1.3821043135400E-01-4.0000000000000E-12-1.3821043136200E-01 2.4933790420000E-03
 1.7320508075689E-12-7.2876801528226E-02-2.4933790435753E-03 7.2876801519565E-02
 6.6137314431500E-02-8.6602540378444E-12-7.4160030042243E-02-6.6137314421098E-02
 7.4160030071688E-02 1.2846430442300E-01 8.8874869028700E-02 1.2543132317423E-01
-2.2703517167226E-02-3.8729833462074E-13 3.2319994062304E-04-1.2543132317447E-02
 6.0000000000000E-12-2.8000000000000E-11-3.0000000000000E-11-5.0000000000000E-12
 6.0325283648000E-02 2.0000000000000E-12 6.0325283649000E-02 9.2449348919000E-02
-8.0000000000000E-12 9.2449348920000E-02 1.3821043135400E-01-4.0000000000000E-12
 1.3821043136200E-01-2.4933790420000E-03 1.7320508075689E-12-7.2876801528226E-02
 2.4933790435753E-03-7.2876801519565E-02-6.6137314431500E-02-8.6602540378444E-12
-7.4160030042243E-02 6.6137314421098E-02-7.4160030071688E-02-1.2846430442300E-01
 8.8874869028700E-02 1.2543132317423E-01 2.2703517167226E-02 3.8729833462074E-13
 3.2319994062304E-04-1.2543132317447E-02-6.0000000000000E-12 2.8000000000000E-11
 3.0000000000000E-11 5.0000000000000E-12-6.0325283648000E-02 2.0000000000000E-12
 6.0325283649000E-02-9.2449348919000E-02-8.0000000000000E-12 9.2449348920000E-02
-1.3821043135400E-01-4.0000000000000E-12 1.3821043136200E-01 2.4933790420000E-03
 1.7320508075689E-12 7.2876801528226E-02-2.4933790435753E-03-7.2876801519565E-02
 6.6137314431500E-02-8.6602540378444E-12 7.4160030042243E-02-6.6137314421098E-02
-7.4160030071688E-02-1.2846430442300E-01-8.8874869028700E-02 1.2543132317423E-01
 2.2703517167226E-02-3.8729833462074E-13-3.2319994062304E-04-1.2543132317447E-02
-6.0000000000000E-12 2.8000000000000E-11 3.0000000000000E-11 5.0000000000000E-12
-2.0000000000000E-12 6.0325283648000E-02 6.0325283649000E-02 8.0000000000000E-12
 9.2449348919000E-02 9.2449348920000E-02 4.0000000000000E-12 1.3821043135400E-01
 1.3821043136200E-01 2.4933790420000E-03-7.2876801528226E-02-1.7320508075689E-12
 2.4933790435753E-03-7.2876801519565E-02 6.6137314431500E-02-7.4160030042243E-02
 8.6602540378444E-12 6.6137314421098E-02-7.4160030071688E-02-1.2846430442300E-01
-1.2543132317423E-01 8.8874869028700E-02-2.2703517167226E-02-3.8729833462074E-13
-1.2543132317447E-02-3.2319994062304E-04 0.0000000000000E+00 0.0000000000000E+00
 0.0000000000000E+00 0.0000000000000E+00 0.0000000000000E+00-4.0000000000000E-12
 0.0000000000000E+00 0.0000000000000E+00 4.5000000000000E-11 0.0000000000000E+00
 0.0000000000000E+00-1.2600000000000E-10 0.0000000000000E+00 0.0000000000000E+00
-1.3000000000000E-11 0.0000000000000E+00 0.0000000000000E+00 0.0000000000000E+00
 0.0000000000000E+00-8.6602540378444E-12 0.0000000000000E+00 0.0000000000000E+00
 0.0000000000000E+00 0.0000000000000E+00-8.6602540378444E-12 0.0000000000000E+00
 0.0000000000000E+00 0.0000000000000E+00 0.0000000000000E+00 6.9282032302755E-11
 0.0000000000000E+00 0.0000000000000E+00 0.0000000000000E+00-4.6657411435062E-02
 0.0000000000000E+00 0.0000000000000E+00 0.0000000000000E+00-4.6657411450120E-03
 0.0000000000000E+00 0.0000000000000E+00 2.1501657429338E-01 0.0000000000000E+00
 0.0000000000000E+00 0.0000000000000E+00 2.1501657431323E-02 0.0000000000000E+00
 0.0000000000000E+00 0.0000000000000E+00-1.0957557388289E-02 0.0000000000000E+00
 0.0000000000000E+00 0.0000000000000E+00-2.6089422309430E-04 0.0000000000000E+00
 0.0000000000000E+00-6.0000000000000E-12 2.8000000000000E-11 3.0000000000000E-11
 5.0000000000000E-12-2.0000000000000E-12-6.0325283648000E-02-6.0325283649000E-02
 8.0000000000000E-12-9.2449348919000E-02-9.2449348920000E-02 4.0000000000000E-12
-1.3821043135400E-01-1.3821043136200E-01 2.4933790420000E-03 7.2876801528226E-02
-1.7320508075689E-12 2.4933790435753E-03 7.2876801519565E-02 6.6137314431500E-02
 7.4160030042243E-02 8.6602540378444E-12 6.6137314421098E-02 7.4160030071688E-02
 1.2846430442300E-01-1.2543132317423E-01-8.8874869028700E-02 2.2703517167226E-02
-3.8729833462074E-13-1.2543132317447E-02 3.2319994062304E-04 6.0000000000000E-12
-2.8000000000000E-11-3.0000000000000E-11-5.0000000000000E-12-2.0000000000000E-12
-6.0325283648000E-02 6.0325283649000E-02 8.0000000000000E-12-9.2449348919000E-02
 9.2449348920000E-02 4.0000000000000E-12-1.3821043135400E-01 1.3821043136200E-01
-2.4933790420000E-03 7.2876801528226E-02-1.7320508075689E-12-2.4933790435753E-03
-7.2876801519565E-02-6.6137314431500E-02 7.4160030042243E-02 8.6602540378444E-12
-6.6137314421098E-02-7.4160030071688E-02-1.2846430442300E-01-1.2543132317423E-01
-8.8874869028700E-02-2.2703517167226E-02 3.8729833462074E-13-1.2543132317447E-02
 3.2319994062304E-04 6.0000000000000E-12-2.8000000000000E-11-3.0000000000000E-11
-5.0000000000000E-12-2.0000000000000E-12 6.0325283648000E-02-6.0325283649000E-02
 8.0000000000000E-12 9.2449348919000E-02-9.2449348920000E-02 4.0000000000000E-12
 1.3821043135400E-01-1.3821043136200E-01-2.4933790420000E-03-7.2876801528226E-02
-1.7320508075689E-12-2.4933790435753E-03 7.2876801519565E-02-6.6137314431500E-02
-7.4160030042243E-02 8.6602540378444E-12-6.6137314421098E-02 7.4160030071688E-02
 1.2846430442300E-01-1.2543132317423E-01 8.8874869028700E-02 2.2703517167226E-02
 3.8729833462074E-13-1.2543132317447E-02-3.2319994062304E-04 7.7131969940000E-03
 2.3494497939210E+00 1.5862411914900E+00 8.2004711773000E-02 3.3751917152000E-02
 3.3751917152000E-02-3.3751917154000E-02-5.4825036768800E-01-5.4825036768800E-01
 5.4825036767700E-01-1.5647526847800E-01-1.5647526847800E-01 1.5647526846400E-01
 0.0000000000000E+00-1.3300069818583E-01-1.3300069818410E-01 0.0000000000000E+00
 1.3300069818410E-01-5.5000000000000E-12 1.3231233562811E-01 1.3231233562811E-01
 0.0000000000000E+00-1.3231233560733E-01-1.5573509951900E-01-3.8933774877392E-02
-3.8933774877392E-02 0.0000000000000E+00-1.8476911813364E-02 6.4889624800501E-03
-6.4889624800501E-03 1.4359524701800E-01 3.3310503730100E-01 4.3936383053370E+00
-1.1011490286934E+01-1.6054272718480E+00 0.0000000000000E+00 0.0000000000000E+00
 0.0000000000000E+00 0.0000000000000E+00 0.0000000000000E+00 0.0000000000000E+00
 0.0000000000000E+00 0.0000000000000E+00 0.0000000000000E+00 0.0000000000000E+00
 0.0000000000000E+00 0.0000000000000E+00 6.5000000000000E-12 0.0000000000000E+00
 0.0000000000000E+00 0.0000000000000E+00 0.0000000000000E+00-2.6500000000000E-11
 0.0000000000000E+00 0.0000000000000E+00 0.0000000000000E+00 0.0000000000000E+00
-7.0000000000000E-12 0.0000000000000E+00 0.0000000000000E+00 0.0000000000000E+00
 0.0000000000000E+00 0.0000000000000E+00 0.0000000000000E+00 0.0000000000000E+00
 0.0000000000000E+00-2.9633873764236E-02 0.0000000000000E+00 0.0000000000000E+00
 0.0000000000000E+00 0.0000000000000E+00 0.0000000000000E+00 0.0000000000000E+00
 4.0012484473862E-01 0.0000000000000E+00 0.0000000000000E+00 8.9212872523300E-01
 0.0000000000000E+00 0.0000000000000E+00 0.0000000000000E+00 0.0000000000000E+00
 0.0000000000000E+00 0.0000000000000E+00 5.3102900311192E-03 0.0000000000000E+00
 7.7131969940000E-03 2.3494497939210E+00 1.5862411914900E+00 8.2004711773000E-02
 3.3751917152000E-02-3.3751917152000E-02 3.3751917154000E-02-5.4825036768800E-01
 5.4825036768800E-01-5.4825036767700E-01-1.5647526847800E-01 1.5647526847800E-01
-1.5647526846400E-01 0.0000000000000E+00 1.3300069818583E-01-1.3300069818410E-01
 0.0000000000000E+00-1.3300069818410E-01-5.5000000000000E-12-1.3231233562811E-01
 1.3231233562811E-01 0.0000000000000E+00 1.3231233560733E-01 1.5573509951900E-01
-3.8933774877392E-02 3.8933774877392E-02 0.0000000000000E+00-1.8476911813364E-02
 6.4889624800501E-03 6.4889624800501E-03 7.7131969940000E-03 2.3494497939210E+00
 1.5862411914900E+00 8.2004711773000E-02-3.3751917152000E-02 3.3751917152000E-02
 3.3751917154000E-02 5.4825036768800E-01-5.4825036768800E-01-5.4825036767700E-01
 1.5647526847800E-01-1.5647526847800E-01-1.5647526846400E-01 0.0000000000000E+00
-1.3300069818583E-01 1.3300069818410E-01 0.0000000000000E+00-1.3300069818410E-01
-5.5000000000000E-12 1.3231233562811E-01-1.3231233562811E-01 0.0000000000000E+00
 1.3231233560733E-01 1.5573509951900E-01 3.8933774877392E-02-3.8933774877392E-02
 0.0000000000000E+00-1.8476911813364E-02-6.4889624800501E-03-6.4889624800501E-03
 7.7131969940000E-03 2.3494497939210E+00 1.5862411914900E+00 8.2004711773000E-02
-3.3751917152000E-02-3.3751917152000E-02-3.3751917154000E-02 5.4825036768800E-01
 5.4825036768800E-01 5.4825036767700E-01 1.5647526847800E-01 1.5647526847800E-01
 1.5647526846400E-01 0.0000000000000E+00 1.3300069818583E-01 1.3300069818410E-01
 0.0000000000000E+00 1.3300069818410E-01-5.5000000000000E-12-1.3231233562811E-01
-1.3231233562811E-01 0.0000000000000E+00-1.3231233560733E-01-1.5573509951900E-01
 3.8933774877392E-02 3.8933774877392E-02 0.0000000000000E+00-1.8476911813364E-02
-6.4889624800501E-03 6.4889624800501E-03 2.1519990462700E-01-4.7741383690800E-01
 1.8172470281950E+00 2.2538247254000E-02 1.9694846891100E-01 1.9694846891100E-01
-1.9694846891000E-01-4.0715615234200E-01-4.0715615234200E-01 4.0715615234500E-01
-3.7757723800800E-01-3.7757723800800E-01 3.7757723802000E-01 0.0000000000000E+00
 7.1692593896419E-02 7.1692593896419E-02 0.0000000000000E+00-7.1692593894687E-02
 2.0000000000000E-12-4.1980937365146E-01-4.1980937365146E-01 0.0000000000000E+00
 4.1980937363934E-01-1.3709987326000E-01-3.4274968315894E-02-3.4274968315894E-02
 0.0000000000000E+00-7.8586306372333E-03 5.7124947190874E-03-5.7124947190874E-03
-2.8759196250700E-01-4.9878775392100E-01-9.9192955391400E-01-4.4373308876850E+00
-1.2752233740170E+00 0.0000000000000E+00 0.0000000000000E+00 0.0000000000000E+00
 0.0000000000000E+00 0.0000000000000E+00 0.0000000000000E+00 0.0000000000000E+00
 0.0000000000000E+00 0.0000000000000E+00 0.0000000000000E+00 0.0000000000000E+00
 0.0000000000000E+00-1.0000000000000E-12 0.0000000000000E+00 0.0000000000000E+00
 0.0000000000000E+00 0.0000000000000E+00 9.5000000000000E-12 0.0000000000000E+00
 0.0000000000000E+00 0.0000000000000E+00 0.0000000000000E+00 8.5000000000000E-12
 0.0000000000000E+00 0.0000000000000E+00 0.0000000000000E+00 0.0000000000000E+00
 0.0000000000000E+00 0.0000000000000E+00 0.0000000000000E+00 0.0000000000000E+00
 1.2727618339934E-01 0.0000000000000E+00 0.0000000000000E+00 0.0000000000000E+00
 0.0000000000000E+00 0.0000000000000E+00 0.0000000000000E+00-7.5303508061710E-02
 0.0000000000000E+00 0.0000000000000E+00-3.0464874020600E-01 0.0000000000000E+00
 0.0000000000000E+00 0.0000000000000E+00 0.0000000000000E+00 0.0000000000000E+00
 0.0000000000000E+00-1.8133853583847E-03 0.0000000000000E+00 2.1519990462700E-01
-4.7741383690800E-01 1.8172470281950E+00 2.2538247254000E-02 1.9694846891100E-01
-1.9694846891100E-01 1.9694846891000E-01-4.0715615234200E-01 4.0715615234200E-01
-4.0715615234500E-01-3.7757723800800E-01 3.7757723800800E-01-3.7757723802000E-01
 0.0000000000000E+00-7.1692593896419E-02 7.1692593896419E-02 0.0000000000000E+00
 7.1692593894687E-02 2.0000000000000E-12 4.1980937365146E-01-4.1980937365146E-01
 0.0000000000000E+00-4.1980937363934E-01 1.3709987326000E-01-3.4274968315894E-02
 3.4274968315894E-02 0.0000000000000E+00-7.8586306372333E-03 5.7124947190874E-03
 5.7124947190874E-03 2.1519990462700E-01-4.7741383690800E-01 1.8172470281950E+00
 2.2538247254000E-02-1.9694846891100E-01 1.9694846891100E-01 1.9694846891000E-01
 4.0715615234200E-01-4.0715615234200E-01-4.0715615234500E-01 3.7757723800800E-01
-3.7757723800800E-01-3.7757723802000E-01 0.0000000000000E+00 7.1692593896419E-02
-7.1692593896419E-02 0.0000000000000E+00 7.1692593894687E-02 2.0000000000000E-12
-4.1980937365146E-01 4.1980937365146E-01 0.0000000000000E+00-4.1980937363934E-01
 1.3709987326000E-01 3.4274968315894E-02-3.4274968315894E-02 0.0000000000000E+00
-7.8586306372333E-03-5.7124947190874E-03-5.7124947190874E-03 2.1519990462700E-01
-4.7741383690800E-01 1.8172470281950E+00 2.2538247254000E-02-1.9694846891100E-01
-1.9694846891100E-01-1.9694846891000E-01 4.0715615234200E-01 4.0715615234200E-01
 4.0715615234500E-01 3.7757723800800E-01 3.7757723800800E-01 3.7757723802000E-01
 0.0000000000000E+00-7.1692593896419E-02-7.1692593896419E-02 0.0000000000000E+00
-7.1692593894687E-02 2.0000000000000E-12 4.1980937365146E-01 4.1980937365146E-01
 0.0000000000000E+00 4.1980937363934E-01-1.3709987326000E-01 3.4274968315894E-02
 3.4274968315894E-02 0.0000000000000E+00-7.8586306372333E-03-5.7124947190874E-03
 5.7124947190874E-03 1.9809871761600E-01-4.0578087048700E-01-5.3050550475900E-01
-2.3415658246900E-01 9.6805409409000E-02 7.1250512810000E-02-7.1250512807000E-02
-4.6960820531100E-01-1.8407400978200E-01 1.8407400980800E-01-1.1384511696700E-01
 6.6236175112000E-02-6.6236175092000E-02 7.0935965350000E-03 3.8982757807649E-02
-7.6279013493515E-02-2.1280789605841E-02-3.8982757805917E-02-8.3120526825500E-02
-4.5890396009841E-01-2.5899323185192E-01 2.4936158050221E-01 4.5890396008109E-01
-1.9504619763000E-01 2.4909993373016E-03-7.9768341173370E-02-1.2402716708436E-02
 2.5042337506686E-02-4.1516655712118E-04-5.0262457245728E-03 0.0000000000000E+00
 0.0000000000000E+00 0.0000000000000E+00 0.0000000000000E+00 0.0000000000000E+00
 1.4721698619400E-01 0.0000000000000E+00 0.0000000000000E+00-1.6080430110610E+00
 0.0000000000000E+00 0.0000000000000E+00 2.7332408895160E+00 0.0000000000000E+00
 0.0000000000000E+00 4.5150440111600E-01 0.0000000000000E+00 0.0000000000000E+00
 0.0000000000000E+00 0.0000000000000E+00-4.7347222362205E-01 0.0000000000000E+00
 0.0000000000000E+00 0.0000000000000E+00 0.0000000000000E+00 2.0992023259124E+00
 0.0000000000000E+00 0.0000000000000E+00 0.0000000000000E+00 0.0000000000000E+00
-1.9316794006546E+00 0.0000000000000E+00 0.0000000000000E+00 0.0000000000000E+00
-2.1406077994808E-01 0.0000000000000E+00 0.0000000000000E+00 0.0000000000000E+00
 3.5676796657643E-02 0.0000000000000E+00 0.0000000000000E+00 1.8310396908966E-01
 0.0000000000000E+00 0.0000000000000E+00 0.0000000000000E+00-3.0517328176740E-02
 0.0000000000000E+00 0.0000000000000E+00 0.0000000000000E+00 4.0608220250704E-02
 0.0000000000000E+00 0.0000000000000E+00 0.0000000000000E+00-6.7680367092563E-03
 0.0000000000000E+00 0.0000000000000E+00 1.9809871761600E-01-4.0578087048700E-01
-5.3050550475900E-01-2.3415658246900E-01 9.6805409409000E-02-7.1250512810000E-02
 7.1250512807000E-02-4.6960820531100E-01 1.8407400978200E-01-1.8407400980800E-01
-1.1384511696700E-01-6.6236175112000E-02 6.6236175092000E-02 7.0935965350000E-03
-3.8982757807649E-02-7.6279013493515E-02-2.1280789605841E-02 3.8982757805917E-02
-8.3120526825500E-02 4.5890396009841E-01-2.5899323185192E-01 2.4936158050221E-01
-4.5890396008109E-01 1.9504619763000E-01 2.4909993373016E-03 7.9768341173370E-02
 1.2402716708436E-02 2.5042337506686E-02-4.1516655712118E-04 5.0262457245728E-03
-1.9809871761600E-01 4.0578087048700E-01 5.3050550475900E-01 2.3415658246900E-01
 9.6805409409000E-02-7.1250512810000E-02-7.1250512807000E-02-4.6960820531100E-01
 1.8407400978200E-01 1.8407400980800E-01-1.1384511696700E-01-6.6236175112000E-02
-6.6236175092000E-02-7.0935965350000E-03-3.8982757807649E-02-7.6279013493515E-02
 2.1280789605841E-02-3.8982757805917E-02 8.3120526825500E-02 4.5890396009841E-01
-2.5899323185192E-01-2.4936158050221E-01 4.5890396008109E-01-1.9504619763000E-01
 2.4909993373016E-03 7.9768341173370E-02-1.2402716708436E-02-2.5042337506686E-02
-4.1516655712118E-04 5.0262457245728E-03-1.9809871761600E-01 4.0578087048700E-01
 5.3050550475900E-01 2.3415658246900E-01 9.6805409409000E-02 7.1250512810000E-02
 7.1250512807000E-02-4.6960820531100E-01-1.8407400978200E-01-1.8407400980800E-01
-1.1384511696700E-01 6.6236175112000E-02 6.6236175092000E-02-7.0935965350000E-03
 3.8982757807649E-02-7.6279013493515E-02 2.1280789605841E-02 3.8982757805917E-02
 8.3120526825500E-02-4.5890396009841E-01-2.5899323185192E-01-2.4936158050221E-01
-4.5890396008109E-01 1.9504619763000E-01 2.4909993373016E-03-7.9768341173370E-02
 1.2402716708436E-02-2.5042337506686E-02-4.1516655712118E-04-5.0262457245728E-03
-1.9809871761600E-01 4.0578087048900E-01 5.3050550475900E-01 2.3415658246900E-01
-7.1250512810000E-02-9.6805409409000E-02 7.1250512807000E-02 1.8407400978100E-01
 4.6960820531100E-01-1.8407400980800E-01-6.6236175112000E-02 1.1384511696700E-01
 6.6236175091000E-02-7.0935965350000E-03 7.6279013493515E-02-3.8982757807649E-02
-2.1280789605841E-02 3.8982757805917E-02 8.3120526825000E-02 2.5899323185192E-01
 4.5890396010014E-01 2.4936158050221E-01-4.5890396008109E-01 1.9504619763000E-01
 7.9768341173370E-02-2.4909993373016E-03-1.2402716708436E-02-2.5042337506557E-02
-5.0262457245728E-03-4.1516655712118E-04 0.0000000000000E+00 0.0000000000000E+00
 0.0000000000000E+00 0.0000000000000E+00 0.0000000000000E+00 0.0000000000000E+00
-1.4721698619400E-01 0.0000000000000E+00 0.0000000000000E+00 1.6080430110590E+00
 0.0000000000000E+00 0.0000000000000E+00-2.7332408895160E+00 0.0000000000000E+00
 0.0000000000000E+00-4.5150440111400E-01 0.0000000000000E+00 0.0000000000000E+00
 4.7347222362032E-01 0.0000000000000E+00 0.0000000000000E+00 0.0000000000000E+00
 0.0000000000000E+00-2.0992023259072E+00 0.0000000000000E+00 0.0000000000000E+00
 0.0000000000000E+00 0.0000000000000E+00 1.9316794006546E+00 0.0000000000000E+00
 0.0000000000000E+00 0.0000000000000E+00 0.0000000000000E+00 0.0000000000000E+00
 2.1406077994808E-01 0.0000000000000E+00 0.0000000000000E+00 0.0000000000000E+00
 3.5676796657643E-02 0.0000000000000E+00 0.0000000000000E+00-1.8310396909088E-01
 0.0000000000000E+00 0.0000000000000E+00 0.0000000000000E+00-3.0517328176740E-02
 0.0000000000000E+00-4.0608220250388E-02 0.0000000000000E+00 0.0000000000000E+00
 0.0000000000000E+00-6.7680367092763E-03 0.0000000000000E+00 0.0000000000000E+00
 0.0000000000000E+00 1.9809871761600E-01-4.0578087048900E-01-5.3050550475900E-01
-2.3415658246900E-01 7.1250512810000E-02-9.6805409409000E-02 7.1250512807000E-02
-1.8407400978100E-01 4.6960820531100E-01-1.8407400980800E-01 6.6236175112000E-02
 1.1384511696700E-01 6.6236175091000E-02 7.0935965350000E-03 7.6279013493515E-02
 3.8982757807649E-02 2.1280789605841E-02 3.8982757805917E-02-8.3120526825000E-02
 2.5899323185192E-01-4.5890396010014E-01-2.4936158050221E-01-4.5890396008109E-01
 1.9504619763000E-01-7.9768341173370E-02-2.4909993373016E-03-1.2402716708436E-02
 2.5042337506557E-02 5.0262457245728E-03-4.1516655712118E-04-1.9809871761600E-01
 4.0578087048900E-01 5.3050550475900E-01 2.3415658246900E-01 7.1250512810000E-02
-9.6805409409000E-02-7.1250512807000E-02-1.8407400978100E-01 4.6960820531100E-01
 1.8407400980800E-01 6.6236175112000E-02 1.1384511696700E-01-6.6236175091000E-02
-7.0935965350000E-03 7.6279013493515E-02 3.8982757807649E-02-2.1280789605841E-02
-3.8982757805917E-02 8.3120526825000E-02 2.5899323185192E-01-4.5890396010014E-01
 2.4936158050221E-01 4.5890396008109E-01-1.9504619763000E-01-7.9768341173370E-02
-2.4909993373016E-03 1.2402716708436E-02-2.5042337506557E-02 5.0262457245728E-03
-4.1516655712118E-04 1.9809871761600E-01-4.0578087048900E-01-5.3050550475900E-01
-2.3415658246900E-01-7.1250512810000E-02-9.6805409409000E-02-7.1250512807000E-02
 1.8407400978100E-01 4.6960820531100E-01 1.8407400980800E-01-6.6236175112000E-02
 1.1384511696700E-01-6.6236175091000E-02 7.0935965350000E-03 7.6279013493515E-02
-3.8982757807649E-02 2.1280789605841E-02-3.8982757805917E-02-8.3120526825000E-02
 2.5899323185192E-01 4.5890396010014E-01-2.4936158050221E-01 4.5890396008109E-01
-1.9504619763000E-01 7.9768341173370E-02-2.4909993373016E-03 1.2402716708436E-02
 2.5042337506557E-02-5.0262457245728E-03-4.1516655712118E-04 1.9809871761400E-01
-4.0578087043700E-01-5.3050550472600E-01-2.3415658247500E-01 7.1250512812000E-02
 7.1250512812000E-02-9.6805409405000E-02-1.8407400981400E-01-1.8407400981400E-01
 4.6960820532100E-01 6.6236175101000E-02 6.6236175101000E-02 1.1384511697500E-01
-1.4187193070000E-02 3.8982757798989E-02 3.8982757798989E-02 0.0000000000000E+00
 7.6279013500443E-02 1.6624105366200E-01-4.5890396009321E-01-4.5890396009321E-01
 0.0000000000000E+00 2.5899323184673E-01 9.9639973560000E-03-1.7754757640498E-02
-1.7754757640498E-02 0.0000000000000E+00 2.5042337507202E-02 1.1227604078240E-02
-1.1227604078240E-02 0.0000000000000E+00 0.0000000000000E+00 0.0000000000000E+00
 0.0000000000000E+00 0.0000000000000E+00 0.0000000000000E+00 0.0000000000000E+00
-1.4721698620600E-01 0.0000000000000E+00 0.0000000000000E+00 1.6080430110920E+00
 0.0000000000000E+00 0.0000000000000E+00-2.7332408894160E+00 0.0000000000000E+00
 0.0000000000000E+00-4.5150440112400E-01 0.0000000000000E+00 0.0000000000000E+00
 0.0000000000000E+00 0.0000000000000E+00 4.7347222367228E-01 0.0000000000000E+00
 0.0000000000000E+00 0.0000000000000E+00 0.0000000000000E+00-2.0992023260423E+00
 0.0000000000000E+00 0.0000000000000E+00 0.0000000000000E+00 0.0000000000000E+00
 1.9316794006079E+00-8.5624311977900E-01 0.0000000000000E+00 0.0000000000000E+00
 0.0000000000000E+00 0.0000000000000E+00 0.0000000000000E+00 0.0000000000000E+00
 7.3241587624400E-01 0.0000000000000E+00 0.0000000000000E+00 0.0000000000000E+00
 0.0000000000000E+00 0.0000000000000E+00 0.0000000000000E+00 0.0000000000000E+00
 0.0000000000000E+00 0.0000000000000E+00 0.0000000000000E+00 2.7072146834069E-02
 0.0000000000000E+00 0.0000000000000E+00 0.0000000000000E+00 0.0000000000000E+00
-1.9809871761400E-01 4.0578087043700E-01 5.3050550472600E-01 2.3415658247500E-01
-7.1250512812000E-02 7.1250512812000E-02-9.6805409405000E-02 1.8407400981400E-01
-1.8407400981400E-01 4.6960820532100E-01-6.6236175101000E-02 6.6236175101000E-02
 1.1384511697500E-01 1.4187193070000E-02 3.8982757798989E-02-3.8982757798989E-02
 0.0000000000000E+00 7.6279013500443E-02-1.6624105366200E-01-4.5890396009321E-01
 4.5890396009321E-01 0.0000000000000E+00 2.5899323184673E-01 9.9639973560000E-03
 1.7754757640498E-02-1.7754757640498E-02 0.0000000000000E+00-2.5042337507202E-02
-1.1227604078240E-02-1.1227604078240E-02-1.9809871761400E-01 4.0578087043700E-01
 5.3050550472600E-01 2.3415658247500E-01 7.1250512812000E-02-7.1250512812000E-02
-9.6805409405000E-02-1.8407400981400E-01 1.8407400981400E-01 4.6960820532100E-01
 6.6236175101000E-02-6.6236175101000E-02 1.1384511697500E-01 1.4187193070000E-02
-3.8982757798989E-02 3.8982757798989E-02 0.0000000000000E+00 7.6279013500443E-02
-1.6624105366200E-01 4.5890396009321E-01-4.5890396009321E-01 0.0000000000000E+00
 2.5899323184673E-01 9.9639973560000E-03-1.7754757640498E-02 1.7754757640498E-02
 0.0000000000000E+00-2.5042337507202E-02 1.1227604078240E-02 1.1227604078240E-02
 1.9809871761400E-01-4.0578087043700E-01-5.3050550472600E-01-2.3415658247500E-01
-7.1250512812000E-02-7.1250512812000E-02-9.6805409405000E-02 1.8407400981400E-01
 1.8407400981400E-01 4.6960820532100E-01-6.6236175101000E-02-6.6236175101000E-02
 1.1384511697500E-01-1.4187193070000E-02-3.8982757798989E-02-3.8982757798989E-02
 0.0000000000000E+00 7.6279013500443E-02 1.6624105366200E-01 4.5890396009321E-01
 4.5890396009321E-01 0.0000000000000E+00 2.5899323184673E-01 9.9639973560000E-03
 1.7754757640498E-02 1.7754757640498E-02 0.0000000000000E+00 2.5042337507202E-02
-1.1227604078240E-02 1.1227604078240E-02 4.0000000000000E-12 1.0000000000000E-12
-2.0000000000000E-12-5.0000000000000E-12 4.9239191846000E-02 1.0000000000000E-12
 4.9239191842000E-02-7.4117201192500E-01-1.0000000000000E-11-7.4117201191300E-01
-3.8947619282100E-01-3.0000000000000E-12-3.8947619282300E-01 2.6107529890500E-02
-1.7320508075689E-12-1.6930117305773E-01-2.6107529890229E-02-1.6930117305427E-01
-3.1114744332550E-01-3.4641016151378E-12 5.5025795533258E-01 3.1114744332093E-01
 5.5025795534817E-01-5.7086731021000E-02-2.3617093558542E-02 1.8911115802986E-02
-1.5155510524459E-02 6.4549722436790E-13-6.1674914234534E-03-1.8911115803205E-03
 0.0000000000000E+00 0.0000000000000E+00 0.0000000000000E+00 0.0000000000000E+00
 0.0000000000000E+00 0.0000000000000E+00 5.0000000000000E-12 0.0000000000000E+00
 0.0000000000000E+00-3.3000000000000E-11 0.0000000000000E+00 0.0000000000000E+00
 2.8000000000000E-11 0.0000000000000E+00 0.0000000000000E+00 8.0000000000000E-12
 0.0000000000000E+00 0.0000000000000E+00-1.5588457268120E-11 0.0000000000000E+00
 0.0000000000000E+00 0.0000000000000E+00 0.0000000000000E+00 5.5425625842204E-11
 0.0000000000000E+00 0.0000000000000E+00 0.0000000000000E+00 0.0000000000000E+00
-2.0784609690827E-11 0.0000000000000E+00 0.0000000000000E+00 0.0000000000000E+00
 0.0000000000000E+00 0.0000000000000E+00-9.1349574424736E-02 0.0000000000000E+00
 0.0000000000000E+00 0.0000000000000E+00 9.1349574417073E-03 0.0000000000000E+00
 0.0000000000000E+00-7.3474746899861E-01 0.0000000000000E+00 0.0000000000000E+00
 0.0000000000000E+00 7.3474746900033E-02 0.0000000000000E+00 3.1245999079929E-01
 0.0000000000000E+00 0.0000000000000E+00 0.0000000000000E+00-7.4395235904459E-03
 0.0000000000000E+00 0.0000000000000E+00 0.0000000000000E+00-4.0000000000000E-12
-1.0000000000000E-12 2.0000000000000E-12 5.0000000000000E-12-4.9239191846000E-02
 1.0000000000000E-12 4.9239191842000E-02 7.4117201192500E-01-1.0000000000000E-11
-7.4117201191300E-01 3.8947619282100E-01-3.0000000000000E-12-3.8947619282300E-01
-2.6107529890500E-02-1.7320508075689E-12 1.6930117305773E-01 2.6107529890229E-02
-1.6930117305427E-01 3.1114744332550E-01-3.4641016151378E-12-5.5025795533258E-01
-3.1114744332093E-01 5.5025795534817E-01-5.7086731021000E-02 2.3617093558542E-02
 1.8911115802986E-02-1.5155510524459E-02-6.4549722436790E-13 6.1674914234534E-03
-1.8911115803205E-03 4.0000000000000E-12 1.0000000000000E-12-2.0000000000000E-12
-5.0000000000000E-12-4.9239191846000E-02 1.0000000000000E-12-4.9239191842000E-02
 7.4117201192500E-01-1.0000000000000E-11 7.4117201191300E-01 3.8947619282100E-01
-3.0000000000000E-12 3.8947619282300E-01 2.6107529890500E-02-1.7320508075689E-12
 1.6930117305773E-01-2.6107529890229E-02 1.6930117305427E-01-3.1114744332550E-01
-3.4641016151378E-12-5.5025795533258E-01 3.1114744332093E-01-5.5025795534817E-01
 5.7086731021000E-02 2.3617093558542E-02 1.8911115802986E-02 1.5155510524459E-02
 6.4549722436790E-13 6.1674914234534E-03-1.8911115803205E-03-4.0000000000000E-12
-1.0000000000000E-12 2.0000000000000E-12 5.0000000000000E-12 4.9239191846000E-02
 1.0000000000000E-12-4.9239191842000E-02-7.4117201192500E-01-1.0000000000000E-11
 7.4117201191300E-01-3.8947619282100E-01-3.0000000000000E-12 3.8947619282300E-01
-2.6107529890500E-02-1.7320508075689E-12-1.6930117305773E-01 2.6107529890229E-02
 1.6930117305427E-01 3.1114744332550E-01-3.4641016151378E-12 5.5025795533258E-01
-3.1114744332093E-01-5.5025795534817E-01 5.7086731021000E-02-2.3617093558542E-02
 1.8911115802986E-02 1.5155510524459E-02-6.4549722436790E-13-6.1674914234534E-03
-1.8911115803205E-03-3.0000000000000E-12 0.0000000000000E+00 2.0000000000000E-12
 4.0000000000000E-12-2.0000000000000E-12-4.9239191846000E-02-4.9239191842000E-02
 9.0000000000000E-12 7.4117201192400E-01 7.4117201191300E-01 2.0000000000000E-12
 3.8947619282100E-01 3.8947619282300E-01-2.6107529890500E-02 1.6930117305600E-01
 1.7320508075689E-12-2.6107529890229E-02 1.6930117305427E-01 3.1114744332500E-01
-5.5025795533258E-01 3.4641016151378E-12 3.1114744332093E-01-5.5025795534817E-01
 5.7086731021000E-02-1.8911115802986E-02 2.3617093558542E-02-1.5155510524459E-02
-6.4549722436790E-13-1.8911115803205E-03-6.1674914235061E-03 0.0000000000000E+00
 0.0000000000000E+00 0.0000000000000E+00 0.0000000000000E+00 0.0000000000000E+00
-4.0000000000000E-12 0.0000000000000E+00 0.0000000000000E+00 3.1000000000000E-11
 0.0000000000000E+00 0.0000000000000E+00-2.9000000000000E-11 0.0000000000000E+00
 0.0000000000000E+00-7.0000000000000E-12 0.0000000000000E+00 0.0000000000000E+00
 0.0000000000000E+00 0.0000000000000E+00 1.3856406460551E-11 0.0000000000000E+00
 0.0000000000000E+00 0.0000000000000E+00 0.0000000000000E+00-4.8497422611929E-11
 0.0000000000000E+00 0.0000000000000E+00 0.0000000000000E+00 0.0000000000000E+00
 2.0784609690827E-11 0.0000000000000E+00 0.0000000000000E+00 0.0000000000000E+00
 9.1349574424736E-02 0.0000000000000E+00 0.0000000000000E+00 0.0000000000000E+00
 9.1349574417073E-03 0.0000000000000E+00 0.0000000000000E+00 7.3474746899820E-01
 0.0000000000000E+00 0.0000000000000E+00 0.0000000000000E+00 7.3474746900086E-02
 0.0000000000000E+00 0.0000000000000E+00 0.0000000000000E+00-3.1245999079960E-01
 0.0000000000000E+00 0.0000000000000E+00 0.0000000000000E+00-7.4395235904260E-03
 0.0000000000000E+00 0.0000000000000E+00-3.0000000000000E-12 0.0000000000000E+00
 2.0000000000000E-12 4.0000000000000E-12-2.0000000000000E-12 4.9239191846000E-02
 4.9239191842000E-02 9.0000000000000E-12-7.4117201192400E-01-7.4117201191300E-01
 2.0000000000000E-12-3.8947619282100E-01-3.8947619282300E-01-2.6107529890500E-02
-1.6930117305600E-01 1.7320508075689E-12-2.6107529890229E-02-1.6930117305427E-01
 3.1114744332500E-01 5.5025795533258E-01 3.4641016151378E-12 3.1114744332093E-01
 5.5025795534817E-01-5.7086731021000E-02-1.8911115802986E-02-2.3617093558542E-02
 1.5155510524459E-02-6.4549722436790E-13-1.8911115803205E-03 6.1674914235061E-03
 3.0000000000000E-12 0.0000000000000E+00-2.0000000000000E-12-4.0000000000000E-12
-2.0000000000000E-12 4.9239191846000E-02-4.9239191842000E-02 9.0000000000000E-12
-7.4117201192400E-01 7.4117201191300E-01 2.0000000000000E-12-3.8947619282100E-01
 3.8947619282300E-01 2.6107529890500E-02-1.6930117305600E-01 1.7320508075689E-12
 2.6107529890229E-02 1.6930117305427E-01-3.1114744332500E-01 5.5025795533258E-01
 3.4641016151378E-12-3.1114744332093E-01-5.5025795534817E-01 5.7086731021000E-02
-1.8911115802986E-02-2.3617093558542E-02-1.5155510524459E-02 6.4549722436790E-13
-1.8911115803205E-03 6.1674914235061E-03 3.0000000000000E-12 0.0000000000000E+00
-2.0000000000000E-12-4.0000000000000E-12-2.0000000000000E-12-4.9239191846000E-02
 4.9239191842000E-02 9.0000000000000E-12 7.4117201192400E-01-7.4117201191300E-01
 2.0000000000000E-12 3.8947619282100E-01-3.8947619282300E-01 2.6107529890500E-02
 1.6930117305600E-01 1.7320508075689E-12 2.6107529890229E-02-1.6930117305427E-01
-3.1114744332500E-01-5.5025795533258E-01 3.4641016151378E-12-3.1114744332093E-01
 5.5025795534817E-01-5.7086731021000E-02-1.8911115802986E-02 2.3617093558542E-02
 1.5155510524459E-02 6.4549722436790E-13-1.8911115803205E-03-6.1674914235061E-03
 0.0000000000000E+00 1.0000000000000E-12 1.0000000000000E-12 0.0000000000000E+00
 4.9239191844000E-02-4.9239191844000E-02 0.0000000000000E+00-7.4117201191900E-01
 7.4117201191900E-01 0.0000000000000E+00-3.8947619282200E-01 3.8947619282200E-01
 0.0000000000000E+00 0.0000000000000E+00 1.6930117305773E-01-1.6930117305773E-01
-5.2215059780458E-02 0.0000000000000E+00 0.0000000000000E+00-5.5025795534124E-01
 5.5025795534124E-01 6.2229488664878E-01 0.0000000000000E+00 0.0000000000000E+00
 5.2160459065580E-02-5.2160459065580E-02 7.5644463209967E-03 0.0000000000000E+00
 1.4102638386797E-03 1.4102638386797E-03 0.0000000000000E+00 0.0000000000000E+00
 0.0000000000000E+00 0.0000000000000E+00 0.0000000000000E+00 0.0000000000000E+00
 0.0000000000000E+00 0.0000000000000E+00 0.0000000000000E+00 0.0000000000000E+00
 0.0000000000000E+00 0.0000000000000E+00 0.0000000000000E+00 2.0000000000000E-12
 0.0000000000000E+00 0.0000000000000E+00 0.0000000000000E+00 0.0000000000000E+00
 0.0000000000000E+00 0.0000000000000E+00 0.0000000000000E+00 0.0000000000000E+00
 0.0000000000000E+00 0.0000000000000E+00 0.0000000000000E+00 0.0000000000000E+00
-1.7320508075689E-12 0.0000000000000E+00 0.0000000000000E+00 0.0000000000000E+00
 0.0000000000000E+00 0.0000000000000E+00 0.0000000000000E+00 0.0000000000000E+00
 0.0000000000000E+00-3.6539829768460E-02 0.0000000000000E+00 0.0000000000000E+00
 0.0000000000000E+00-1.0000000000000E-12 0.0000000000000E+00 0.0000000000000E+00
-2.9389898759987E-01 0.0000000000000E+00 0.0000000000000E+00 0.0000000000000E+00
 0.0000000000000E+00 0.0000000000000E+00 0.0000000000000E+00 0.0000000000000E+00
-7.4535599249993E-14 0.0000000000000E+00 0.0000000000000E+00 0.0000000000000E+00
 7.4395235904817E-03 0.0000000000000E+00-1.0000000000000E-12-1.0000000000000E-12
 0.0000000000000E+00-4.9239191844000E-02-4.9239191844000E-02 0.0000000000000E+00
 7.4117201191900E-01 7.4117201191900E-01 0.0000000000000E+00 3.8947619282200E-01
 3.8947619282200E-01 0.0000000000000E+00 0.0000000000000E+00 1.6930117305773E-01
 1.6930117305773E-01 5.2215059780458E-02 0.0000000000000E+00 0.0000000000000E+00
-5.5025795534124E-01-5.5025795534124E-01-6.2229488664878E-01 0.0000000000000E+00
 0.0000000000000E+00-5.2160459065580E-02-5.2160459065580E-02 7.5644463209967E-03
 0.0000000000000E+00-1.4102638386797E-03 1.4102638386797E-03 0.0000000000000E+00
-1.0000000000000E-12-1.0000000000000E-12 0.0000000000000E+00 4.9239191844000E-02
 4.9239191844000E-02 0.0000000000000E+00-7.4117201191900E-01-7.4117201191900E-01
 0.0000000000000E+00-3.8947619282200E-01-3.8947619282200E-01 0.0000000000000E+00
 0.0000000000000E+00-1.6930117305773E-01-1.6930117305773E-01 5.2215059780458E-02
 0.0000000000000E+00 0.0000000000000E+00 5.5025795534124E-01 5.5025795534124E-01
-6.2229488664878E-01 0.0000000000000E+00 0.0000000000000E+00 5.2160459065580E-02
 5.2160459065580E-02 7.5644463209967E-03 0.0000000000000E+00 1.4102638386797E-03
-1.4102638386797E-03 0.0000000000000E+00 1.0000000000000E-12 1.0000000000000E-12
 0.0000000000000E+00-4.9239191844000E-02 4.9239191844000E-02 0.0000000000000E+00
 7.4117201191900E-01-7.4117201191900E-01 0.0000000000000E+00 3.8947619282200E-01
-3.8947619282200E-01 0.0000000000000E+00 0.0000000000000E+00-1.6930117305773E-01
 1.6930117305773E-01-5.2215059780458E-02 0.0000000000000E+00 0.0000000000000E+00
 5.5025795534124E-01-5.5025795534124E-01 6.2229488664878E-01 0.0000000000000E+00
 0.0000000000000E+00-5.2160459065580E-02 5.2160459065580E-02 7.5644463209967E-03
 0.0000000000000E+00-1.4102638386797E-03-1.4102638386797E-03 3.8968857749000E-02
-1.3550529962140E+00-2.1331106159550E+00 3.5186314305000E-02-6.4866433821000E-02
-6.4866433821000E-02-1.0734001058200E-01 5.0282225261600E-01 5.0282225261600E-01
-2.5595474472300E-01 3.1944101578000E-01 3.1944101578000E-01-3.8785855819700E-01
-2.5997317735500E-02 2.0754753793774E-01 2.0754753793774E-01 0.0000000000000E+00
-1.7233844973288E-01 6.0551690181000E-02 4.9339769502461E-02 4.9339769502461E-02
 0.0000000000000E+00 9.6521065848325E-03 1.0417264906700E-01 4.5028732895479E-02
 4.5028732895479E-02 0.0000000000000E+00-2.2215510143945E-02-4.7325994556625E-03
 4.7325994556625E-03 0.0000000000000E+00 0.0000000000000E+00 0.0000000000000E+00
 0.0000000000000E+00 0.0000000000000E+00 0.0000000000000E+00 0.0000000000000E+00
-4.9118734167000E-02 0.0000000000000E+00 0.0000000000000E+00-1.7224087229000E-01
 0.0000000000000E+00 0.0000000000000E+00-4.9311594920240E+00 0.0000000000000E+00
 0.0000000000000E+00-1.6866605938100E-01 0.0000000000000E+00 0.0000000000000E+00
 0.0000000000000E+00 0.0000000000000E+00-1.2702356593639E+00 0.0000000000000E+00
 0.0000000000000E+00 0.0000000000000E+00 0.0000000000000E+00 3.7068226783230E+00
 0.0000000000000E+00 0.0000000000000E+00 0.0000000000000E+00 0.0000000000000E+00
 2.2913571872147E+00-2.3275411990200E-01 0.0000000000000E+00 0.0000000000000E+00
 0.0000000000000E+00 0.0000000000000E+00 0.0000000000000E+00 0.0000000000000E+00
 1.1096003373160E+00 0.0000000000000E+00 0.0000000000000E+00-1.2909944487358E-13
 0.0000000000000E+00 0.0000000000000E+00 0.0000000000000E+00 0.0000000000000E+00
 0.0000000000000E+00 0.0000000000000E+00 0.0000000000000E+00 7.0756911784456E-02
 0.0000000000000E+00 0.0000000000000E+00 0.0000000000000E+00 7.0429521227376E-15
-3.8968857749000E-02 1.3550529962140E+00 2.1331106159550E+00-3.5186314305000E-02
 6.4866433821000E-02-6.4866433821000E-02-1.0734001058200E-01-5.0282225261600E-01
 5.0282225261600E-01-2.5595474472300E-01-3.1944101578000E-01 3.1944101578000E-01
-3.8785855819700E-01 2.5997317735500E-02 2.0754753793774E-01-2.0754753793774E-01
 0.0000000000000E+00-1.7233844973288E-01-6.0551690181000E-02 4.9339769502461E-02
-4.9339769502461E-02 0.0000000000000E+00 9.6521065848325E-03 1.0417264906700E-01
-4.5028732895479E-02 4.5028732895479E-02 0.0000000000000E+00 2.2215510143945E-02
 4.7325994556625E-03 4.7325994556625E-03-3.8968857749000E-02 1.3550529962140E+00
 2.1331106159550E+00-3.5186314305000E-02-6.4866433821000E-02 6.4866433821000E-02
-1.0734001058200E-01 5.0282225261600E-01-5.0282225261600E-01-2.5595474472300E-01
 3.1944101578000E-01-3.1944101578000E-01-3.8785855819700E-01 2.5997317735500E-02
-2.0754753793774E-01 2.0754753793774E-01 0.0000000000000E+00-1.7233844973288E-01
-6.0551690181000E-02-4.9339769502461E-02 4.9339769502461E-02 0.0000000000000E+00
 9.6521065848325E-03 1.0417264906700E-01 4.5028732895479E-02-4.5028732895479E-02
 0.0000000000000E+00 2.2215510143945E-02-4.7325994556625E-03-4.7325994556625E-03
 3.8968857749000E-02-1.3550529962140E+00-2.1331106159550E+00 3.5186314305000E-02
 6.4866433821000E-02 6.4866433821000E-02-1.0734001058200E-01-5.0282225261600E-01
-5.0282225261600E-01-2.5595474472300E-01-3.1944101578000E-01-3.1944101578000E-01
-3.8785855819700E-01-2.5997317735500E-02-2.0754753793774E-01-2.0754753793774E-01
 0.0000000000000E+00-1.7233844973288E-01 6.0551690181000E-02-4.9339769502461E-02
-4.9339769502461E-02 0.0000000000000E+00 9.6521065848325E-03 1.0417264906700E-01
-4.5028732895479E-02-4.5028732895479E-02 0.0000000000000E+00-2.2215510143945E-02
 4.7325994556625E-03-4.7325994556625E-03-3.8968857739000E-02 1.3550529961950E+00
 2.1331106159590E+00-3.5186314312000E-02 6.4866433821000E-02-1.0734001058000E-01
-6.4866433824000E-02-5.0282225261700E-01-2.5595474474000E-01 5.0282225262300E-01
-3.1944101578100E-01-3.8785855820800E-01 3.1944101578100E-01-1.2998658868000E-02
-1.7233844973461E-01-2.0754753793255E-01-3.8995976602040E-02 2.0754753793601E-01
 3.0275845087500E-02 9.6521065796363E-03-4.9339769523246E-02 9.0827535257937E-02
 4.9339769516317E-02-1.3853209118400E-01-2.4237312697029E-02-2.6043162264692E-02
-4.1582840403305E-03 2.2215510144848E-02 6.8117414760325E-03-4.3405270443907E-03
 0.0000000000000E+00 0.0000000000000E+00 0.0000000000000E+00 0.0000000000000E+00
 0.0000000000000E+00 0.0000000000000E+00-4.9118734171000E-02 0.0000000000000E+00
 0.0000000000000E+00-1.7224087232400E-01 0.0000000000000E+00 0.0000000000000E+00
-4.9311594919540E+00 0.0000000000000E+00 0.0000000000000E+00-1.6866605936900E-01
 0.0000000000000E+00 0.0000000000000E+00-1.2702356593847E+00 0.0000000000000E+00
 0.0000000000000E+00 0.0000000000000E+00 0.0000000000000E+00 3.7068226784165E+00
 0.0000000000000E+00 0.0000000000000E+00 0.0000000000000E+00 0.0000000000000E+00
 2.2913571871697E+00 0.0000000000000E+00 0.0000000000000E+00 0.0000000000000E+00
 0.0000000000000E+00 0.0000000000000E+00 5.8188529971165E-02 0.0000000000000E+00
 0.0000000000000E+00 0.0000000000000E+00 9.6980883276920E-03 0.0000000000000E+00
 0.0000000000000E+00-2.7740008432366E-01 0.0000000000000E+00 0.0000000000000E+00
 0.0000000000000E+00-4.6233347387143E-02 0.0000000000000E+00-1.0613536767645E-01
 0.0000000000000E+00 0.0000000000000E+00 0.0000000000000E+00-1.7689227945720E-02
 0.0000000000000E+00 0.0000000000000E+00 0.0000000000000E+00 3.8968857739000E-02
-1.3550529961950E+00-2.1331106159590E+00 3.5186314312000E-02-6.4866433821000E-02
-1.0734001058000E-01-6.4866433824000E-02 5.0282225261700E-01-2.5595474474000E-01
 5.0282225262300E-01 3.1944101578100E-01-3.8785855820800E-01 3.1944101578100E-01
 1.2998658868000E-02-1.7233844973461E-01 2.0754753793255E-01 3.8995976602040E-02
 2.0754753793601E-01-3.0275845087500E-02 9.6521065796363E-03 4.9339769523246E-02
-9.0827535257937E-02 4.9339769516317E-02-1.3853209118400E-01 2.4237312697029E-02
-2.6043162264692E-02-4.1582840403305E-03-2.2215510144848E-02-6.8117414760325E-03
-4.3405270443907E-03-3.8968857739000E-02 1.3550529961950E+00 2.1331106159590E+00
-3.5186314312000E-02-6.4866433821000E-02-1.0734001058000E-01 6.4866433824000E-02
 5.0282225261700E-01-2.5595474474000E-01-5.0282225262300E-01 3.1944101578100E-01
-3.8785855820800E-01-3.1944101578100E-01-1.2998658868000E-02-1.7233844973461E-01
 2.0754753793255E-01-3.8995976602040E-02-2.0754753793601E-01 3.0275845087500E-02
 9.6521065796363E-03 4.9339769523246E-02 9.0827535257937E-02-4.9339769516317E-02
 1.3853209118400E-01 2.4237312697029E-02-2.6043162264692E-02 4.1582840403305E-03
 2.2215510144848E-02-6.8117414760325E-03-4.3405270443907E-03 3.8968857739000E-02
-1.3550529961950E+00-2.1331106159590E+00 3.5186314312000E-02 6.4866433821000E-02
-1.0734001058000E-01 6.4866433824000E-02-5.0282225261700E-01-2.5595474474000E-01
-5.0282225262300E-01-3.1944101578100E-01-3.8785855820800E-01-3.1944101578100E-01
 1.2998658868000E-02-1.7233844973461E-01-2.0754753793255E-01 3.8995976602040E-02
-2.0754753793601E-01-3.0275845087500E-02 9.6521065796363E-03-4.9339769523246E-02
-9.0827535257937E-02-4.9339769516317E-02 1.3853209118400E-01-2.4237312697029E-02
-2.6043162264692E-02 4.1582840403305E-03-2.2215510144848E-02 6.8117414760325E-03
-4.3405270443907E-03 3.8968857739000E-02-1.3550529961960E+00-2.1331106159650E+00
 3.5186314311000E-02 1.0734001058100E-01-6.4866433821000E-02 6.4866433824000E-02
 2.5595474473900E-01 5.0282225261800E-01-5.0282225262200E-01 3.8785855820800E-01
 3.1944101578300E-01-3.1944101578200E-01 1.2998658868000E-02 2.0754753793255E-01
 1.7233844973461E-01-3.8995976602040E-02-2.0754753793601E-01-3.0275845087500E-02
 4.9339769521514E-02-9.6521065796363E-03 9.0827535259669E-02-4.9339769516317E-02
 1.3853209118400E-01 2.6043162264692E-02 2.4237312697029E-02-4.1582840403305E-03
-2.2215510144719E-02-4.3405270443907E-03 6.8117414759798E-03 0.0000000000000E+00
 0.0000000000000E+00 0.0000000000000E+00 0.0000000000000E+00 0.0000000000000E+00
 4.9118734172000E-02 0.0000000000000E+00 0.0000000000000E+00 1.7224087232000E-01
 0.0000000000000E+00 0.0000000000000E+00 4.9311594919670E+00 0.0000000000000E+00
 0.0000000000000E+00 1.6866605937200E-01 0.0000000000000E+00 0.0000000000000E+00
 0.0000000000000E+00 0.0000000000000E+00 1.2702356593847E+00 0.0000000000000E+00
 0.0000000000000E+00 0.0000000000000E+00 0.0000000000000E+00-3.7068226784148E+00
 0.0000000000000E+00 0.0000000000000E+00 0.0000000000000E+00 0.0000000000000E+00
-2.2913571871766E+00 0.0000000000000E+00 0.0000000000000E+00 0.0000000000000E+00
-5.8188529971165E-02 0.0000000000000E+00 0.0000000000000E+00 0.0000000000000E+00
 9.6980883277447E-03 0.0000000000000E+00 0.0000000000000E+00 2.7740008432448E-01
 0.0000000000000E+00 0.0000000000000E+00 0.0000000000000E+00-4.6233347387038E-02
 0.0000000000000E+00 0.0000000000000E+00 0.0000000000000E+00 1.0613536767614E-01
 0.0000000000000E+00 0.0000000000000E+00 0.0000000000000E+00-1.7689227945760E-02
 0.0000000000000E+00 0.0000000000000E+00 3.8968857739000E-02-1.3550529961960E+00
-2.1331106159650E+00 3.5186314311000E-02 1.0734001058100E-01 6.4866433821000E-02
-6.4866433824000E-02 2.5595474473900E-01-5.0282225261800E-01 5.0282225262200E-01
 3.8785855820800E-01-3.1944101578300E-01 3.1944101578200E-01 1.2998658868000E-02
-2.0754753793255E-01 1.7233844973461E-01-3.8995976602040E-02 2.0754753793601E-01
-3.0275845087500E-02-4.9339769521514E-02-9.6521065796363E-03 9.0827535259669E-02
 4.9339769516317E-02-1.3853209118400E-01 2.6043162264692E-02-2.4237312697029E-02
 4.1582840403305E-03-2.2215510144719E-02-4.3405270443907E-03-6.8117414759798E-03
-3.8968857739000E-02 1.3550529961960E+00 2.1331106159650E+00-3.5186314311000E-02
 1.0734001058100E-01 6.4866433821000E-02 6.4866433824000E-02 2.5595474473900E-01
-5.0282225261800E-01-5.0282225262200E-01 3.8785855820800E-01-3.1944101578300E-01
-3.1944101578200E-01-1.2998658868000E-02-2.0754753793255E-01 1.7233844973461E-01
 3.8995976602040E-02-2.0754753793601E-01 3.0275845087500E-02-4.9339769521514E-02
-9.6521065796363E-03-9.0827535259669E-02-4.9339769516317E-02 1.3853209118400E-01
 2.6043162264692E-02-2.4237312697029E-02-4.1582840403305E-03 2.2215510144719E-02
-4.3405270443907E-03-6.8117414759798E-03-3.8968857739000E-02 1.3550529961960E+00
 2.1331106159650E+00-3.5186314311000E-02 1.0734001058100E-01-6.4866433821000E-02
-6.4866433824000E-02 2.5595474473900E-01 5.0282225261800E-01 5.0282225262200E-01
 3.8785855820800E-01 3.1944101578300E-01 3.1944101578200E-01-1.2998658868000E-02
 2.0754753793255E-01 1.7233844973461E-01 3.8995976602040E-02 2.0754753793601E-01
 3.0275845087500E-02 4.9339769521514E-02-9.6521065796363E-03-9.0827535259669E-02
 4.9339769516317E-02-1.3853209118400E-01 2.6043162264692E-02 2.4237312697029E-02
 4.1582840403305E-03 2.2215510144719E-02-4.3405270443907E-03 6.8117414759798E-03
 0.0000000000000E+00 6.1000000000000E-11 2.3500000000000E-10 1.1000000000000E-11
-1.1459473514000E-01-1.1538280345400E-01-2.2997753863900E-01-1.7259506280400E-01
-1.7378199953200E-01-3.4637706219200E-01-3.6452187494100E-01-3.6702869289200E-01
-7.3155056768100E-01 2.2067720449500E-02 2.9241748148307E-02 2.9042026053846E-02
 7.5619868613347E-05 5.8283774209081E-02-3.5748854367550E-01 3.9079462717960E-01
 3.8812548711985E-01-1.2250126487214E-03 7.7892011437566E-01-5.3784147590000E-02
 7.4672259042070E-02 7.4563230744733E-02-6.2041632901752E-05 2.1946905628509E-12
 5.6805644210499E-03-5.6573747153333E-03 5.0000000000000E-12 3.0000000000000E-12
 1.6600000000000E-10-9.4300000000000E-10-1.8900000000000E-10 0.0000000000000E+00
 0.0000000000000E+00 0.0000000000000E+00 0.0000000000000E+00 0.0000000000000E+00
 0.0000000000000E+00 0.0000000000000E+00 0.0000000000000E+00 0.0000000000000E+00
 0.0000000000000E+00 0.0000000000000E+00 0.0000000000000E+00 6.4172868871800E-01
 0.0000000000000E+00 0.0000000000000E+00 2.1990236469137E-03 0.0000000000000E+00
-1.7116829231475E+00 0.0000000000000E+00 0.0000000000000E+00-5.8654557444880E-03
 0.0000000000000E+00-5.7487374212750E-01 0.0000000000000E+00 0.0000000000000E+00
-1.9699305563612E-03 0.0000000000000E+00 0.0000000000000E+00 0.0000000000000E+00
 0.0000000000000E+00 0.0000000000000E+00 6.3258727988054E-12 0.0000000000000E+00
 0.0000000000000E+00 0.0000000000000E+00 0.0000000000000E+00 0.0000000000000E+00
 0.0000000000000E+00 5.8094750193111E-12 0.0000000000000E+00 0.0000000000000E+00
 3.0315465335800E-01 0.0000000000000E+00 0.0000000000000E+00-6.9255046384212E-05
 0.0000000000000E+00 0.0000000000000E+00 0.0000000000000E+00-2.5262887773511E-03
 0.0000000000000E+00 0.0000000000000E+00 6.1000000000000E-11 2.3500000000000E-10
 1.1000000000000E-11-1.1459473514000E-01 1.1538280345400E-01 2.2997753863900E-01
-1.7259506280400E-01 1.7378199953200E-01 3.4637706219200E-01-3.6452187494100E-01
 3.6702869289200E-01 7.3155056768100E-01 2.2067720449500E-02-2.9241748148307E-02
 2.9042026053846E-02 7.5619868613347E-05-5.8283774209081E-02-3.5748854367550E-01
-3.9079462717960E-01 3.8812548711985E-01-1.2250126487214E-03-7.7892011437566E-01
 5.3784147590000E-02 7.4672259042070E-02-7.4563230744733E-02 6.2041632901752E-05
 2.1946905628509E-12 5.6805644210499E-03 5.6573747153333E-03 0.0000000000000E+00
 6.1000000000000E-11 2.3500000000000E-10 1.1000000000000E-11 1.1459473514000E-01
-1.1538280345400E-01 2.2997753863900E-01 1.7259506280400E-01-1.7378199953200E-01
 3.4637706219200E-01 3.6452187494100E-01-3.6702869289200E-01 7.3155056768100E-01
 2.2067720449500E-02 2.9241748148307E-02-2.9042026053846E-02 7.5619868613347E-05
-5.8283774209081E-02-3.5748854367550E-01 3.9079462717960E-01-3.8812548711985E-01
-1.2250126487214E-03-7.7892011437566E-01 5.3784147590000E-02-7.4672259042070E-02
 7.4563230744733E-02 6.2041632901752E-05 2.1946905628509E-12-5.6805644210499E-03
-5.6573747153333E-03 0.0000000000000E+00 6.1000000000000E-11 2.3500000000000E-10
 1.1000000000000E-11 1.1459473514000E-01 1.1538280345400E-01-2.2997753863900E-01
 1.7259506280400E-01 1.7378199953200E-01-3.4637706219200E-01 3.6452187494100E-01
 3.6702869289200E-01-7.3155056768100E-01 2.2067720449500E-02-2.9241748148307E-02
-2.9042026053846E-02 7.5619868613347E-05 5.8283774209081E-02-3.5748854367550E-01
-3.9079462717960E-01-3.8812548711985E-01-1.2250126487214E-03 7.7892011437566E-01
-5.3784147590000E-02-7.4672259042070E-02-7.4563230744733E-02-6.2041632901752E-05
 2.1946905628509E-12-5.6805644210499E-03 5.6573747153333E-03 0.0000000000000E+00
-2.0000000000000E-12-6.0000000000000E-12 0.0000000000000E+00 1.9939388647900E-01
-1.9893889502600E-01 4.5499145300000E-04 3.0031397429700E-01-2.9962869605500E-01
 6.8527823900000E-04 6.3426503181500E-01-6.3281771979300E-01 1.4473120180000E-03
-4.3659151500000E-05 5.0417574289620E-02-5.0532883895509E-02 3.8222413026627E-02
-1.1530960415667E-04 7.0726138250000E-04 6.7379409216874E-01-6.7533512090031E-01
-6.1918832076025E-01-1.5410287315685E-03 1.0640746700000E-04 2.7406804040225E-02
-2.7702054057961E-02-3.1359230867706E-02 0.0000000000000E+00 5.8494565291214E-03
 5.8718876997172E-03 0.0000000000000E+00 0.0000000000000E+00-4.0000000000000E-12
 2.3000000000000E-11 6.0000000000000E-12 0.0000000000000E+00 0.0000000000000E+00
 0.0000000000000E+00 0.0000000000000E+00 0.0000000000000E+00 0.0000000000000E+00
 0.0000000000000E+00 0.0000000000000E+00 0.0000000000000E+00 0.0000000000000E+00
 0.0000000000000E+00 0.0000000000000E+00-1.2696068945000E-03 0.0000000000000E+00
 0.0000000000000E+00 1.1115066935333E+00 0.0000000000000E+00 3.3864224525000E-03
 0.0000000000000E+00 0.0000000000000E+00-2.9647217892970E+00 0.0000000000000E+00
 1.1373399370000E-03 0.0000000000000E+00 0.0000000000000E+00-9.9571052929602E-01
 0.0000000000000E+00 0.0000000000000E+00 0.0000000000000E+00 0.0000000000000E+00
 0.0000000000000E+00-1.2909944487358E-13 0.0000000000000E+00 0.0000000000000E+00
 0.0000000000000E+00 0.0000000000000E+00 0.0000000000000E+00 0.0000000000000E+00
-2.5819888974716E-13 0.0000000000000E+00 0.0000000000000E+00-5.9976629600000E-04
 0.0000000000000E+00 0.0000000000000E+00-3.5005284138926E-02 0.0000000000000E+00
 0.0000000000000E+00 0.0000000000000E+00 4.9980524478618E-06 0.0000000000000E+00
 0.0000000000000E+00-2.0000000000000E-12-6.0000000000000E-12 0.0000000000000E+00
 1.9939388647900E-01 1.9893889502600E-01-4.5499145300000E-04 3.0031397429700E-01
 2.9962869605500E-01-6.8527823900000E-04 6.3426503181500E-01 6.3281771979300E-01
-1.4473120180000E-03-4.3659151500000E-05-5.0417574289620E-02-5.0532883895509E-02
 3.8222413026627E-02 1.1530960415667E-04 7.0726138250000E-04-6.7379409216874E-01
-6.7533512090031E-01-6.1918832076025E-01 1.5410287315685E-03-1.0640746700000E-04
 2.7406804040225E-02 2.7702054057961E-02 3.1359230867706E-02 0.0000000000000E+00
 5.8494565291214E-03-5.8718876997172E-03 0.0000000000000E+00-2.0000000000000E-12
-6.0000000000000E-12 0.0000000000000E+00-1.9939388647900E-01-1.9893889502600E-01
-4.5499145300000E-04-3.0031397429700E-01-2.9962869605500E-01-6.8527823900000E-04
-6.3426503181500E-01-6.3281771979300E-01-1.4473120180000E-03-4.3659151500000E-05
 5.0417574289620E-02 5.0532883895509E-02 3.8222413026627E-02 1.1530960415667E-04
 7.0726138250000E-04 6.7379409216874E-01 6.7533512090031E-01-6.1918832076025E-01
 1.5410287315685E-03-1.0640746700000E-04-2.7406804040225E-02-2.7702054057961E-02
 3.1359230867706E-02 0.0000000000000E+00-5.8494565291214E-03 5.8718876997172E-03
 0.0000000000000E+00-2.0000000000000E-12-6.0000000000000E-12 0.0000000000000E+00
-1.9939388647900E-01 1.9893889502600E-01 4.5499145300000E-04-3.0031397429700E-01
 2.9962869605500E-01 6.8527823900000E-04-6.3426503181500E-01 6.3281771979300E-01
 1.4473120180000E-03-4.3659151500000E-05-5.0417574289620E-02 5.0532883895509E-02
 3.8222413026627E-02-1.1530960415667E-04 7.0726138250000E-04-6.7379409216874E-01
 6.7533512090031E-01-6.1918832076025E-01-1.5410287315685E-03 1.0640746700000E-04
-2.7406804040225E-02 2.7702054057961E-02-3.1359230867706E-02 0.0000000000000E+00
-5.8494565291214E-03-5.8718876997172E-03 3.6590715150000E-02 1.0557369281870E+00
 3.6345080114760E+00 2.5074440938100E-01 1.8691944543600E-01 1.8691944543600E-01
-1.8691944541100E-01-6.9917394473700E-01-6.9917394473700E-01 6.9917394477700E-01
-7.6145330274200E-01-7.6145330274400E-01 7.6145330282400E-01-1.5000000000000E-12
-4.8831945412569E-02-4.8831945412569E-02 0.0000000000000E+00 4.8831945402177E-02
 2.6500000000000E-11-3.4123521714734E-01-3.4123521714908E-01-8.6602540378444E-13
 3.4123521706247E-01 1.6863260610200E-01 4.2158151519617E-02 4.2158151519617E-02
 0.0000000000000E+00 2.8322162836800E-02-7.0263585877898E-03 7.0263585877898E-03
 4.7785511595000E-02 4.3353041537000E-02 2.7330412458590E+00-1.4383679866807E+01
-3.5324180085540E+00 0.0000000000000E+00 0.0000000000000E+00 0.0000000000000E+00
 0.0000000000000E+00 0.0000000000000E+00 0.0000000000000E+00 0.0000000000000E+00
 0.0000000000000E+00 0.0000000000000E+00 0.0000000000000E+00 0.0000000000000E+00
 0.0000000000000E+00-5.1500000000000E-11 0.0000000000000E+00 0.0000000000000E+00
 1.7320508075689E-12 0.0000000000000E+00 1.2900000000000E-10 0.0000000000000E+00
 0.0000000000000E+00-4.3301270189222E-12 0.0000000000000E+00 4.3000000000000E-11
 0.0000000000000E+00 0.0000000000000E+00-1.7320508075689E-12 0.0000000000000E+00
 0.0000000000000E+00 0.0000000000000E+00 0.0000000000000E+00 0.0000000000000E+00
 7.0631955006953E-02 0.0000000000000E+00 0.0000000000000E+00 0.0000000000000E+00
 0.0000000000000E+00 0.0000000000000E+00 0.0000000000000E+00 1.3659590191952E-01
 0.0000000000000E+00 0.0000000000000E+00 7.0534290910400E-01 0.0000000000000E+00
 0.0000000000000E+00 0.0000000000000E+00 0.0000000000000E+00 0.0000000000000E+00
 0.0000000000000E+00 4.1984696973798E-03 0.0000000000000E+00 3.6590715150000E-02
 1.0557369281870E+00 3.6345080114760E+00 2.5074440938100E-01 1.8691944543600E-01
-1.8691944543600E-01 1.8691944541100E-01-6.9917394473700E-01 6.9917394473700E-01
-6.9917394477700E-01-7.6145330274200E-01 7.6145330274400E-01-7.6145330282400E-01
-1.5000000000000E-12 4.8831945412569E-02-4.8831945412569E-02 0.0000000000000E+00
-4.8831945402177E-02 2.6500000000000E-11 3.4123521714734E-01-3.4123521714908E-01
-8.6602540378444E-13-3.4123521706247E-01-1.6863260610200E-01 4.2158151519617E-02
-4.2158151519617E-02 0.0000000000000E+00 2.8322162836800E-02-7.0263585877898E-03
-7.0263585877898E-03 3.6590715150000E-02 1.0557369281870E+00 3.6345080114760E+00
 2.5074440938100E-01-1.8691944543600E-01 1.8691944543600E-01 1.8691944541100E-01
 6.9917394473700E-01-6.9917394473700E-01-6.9917394477700E-01 7.6145330274200E-01
-7.6145330274400E-01-7.6145330282400E-01-1.5000000000000E-12-4.8831945412569E-02
 4.8831945412569E-02 0.0000000000000E+00-4.8831945402177E-02 2.6500000000000E-11
-3.4123521714734E-01 3.4123521714908E-01-8.6602540378444E-13-3.4123521706247E-01
-1.6863260610200E-01-4.2158151519617E-02 4.2158151519617E-02 0.0000000000000E+00
 2.8322162836800E-02 7.0263585877898E-03 7.0263585877898E-03 3.6590715150000E-02
 1.0557369281870E+00 3.6345080114760E+00 2.5074440938100E-01-1.8691944543600E-01
-1.8691944543600E-01-1.8691944541100E-01 6.9917394473700E-01 6.9917394473700E-01
 6.9917394477700E-01 7.6145330274200E-01 7.6145330274400E-01 7.6145330282400E-01
-1.5000000000000E-12 4.8831945412569E-02 4.8831945412569E-02 0.0000000000000E+00
 4.8831945402177E-02 2.6500000000000E-11 3.4123521714734E-01 3.4123521714908E-01
-8.6602540378444E-13 3.4123521706247E-01 1.6863260610200E-01-4.2158151519617E-02
-4.2158151519617E-02 0.0000000000000E+00 2.8322162836800E-02 7.0263585877898E-03
-7.0263585877898E-03-1.7067703656300E-01 2.2123272107200E-01-2.5510545319000E+00
 3.5212486810000E-03-1.5498834152400E-01-1.5498834152400E-01 1.5656804936700E-01
 6.3330695110800E-01 6.3330695110800E-01 1.6343396425000E-02 8.1985747286900E-01
 8.1985747286900E-01-1.6713509796400E-01-5.8404148671000E-02-4.0520211742235E-02
-4.0520211743967E-02 0.0000000000000E+00 1.8240364716347E-01 1.8771582456600E-01
 1.4472119176679E-01 1.4472119176679E-01 0.0000000000000E+00-1.0324698261416E+00
 1.9784679020000E-03 1.8291680233815E-02 1.8291680233815E-02 0.0000000000000E+00
 1.8904723762419E-02-6.0092821732658E-03 6.0092821732658E-03 0.0000000000000E+00
 0.0000000000000E+00 0.0000000000000E+00 0.0000000000000E+00 0.0000000000000E+00
 0.0000000000000E+00 0.0000000000000E+00 7.2726515695800E-01 0.0000000000000E+00
 0.0000000000000E+00-1.6150424395000E+00 0.0000000000000E+00 0.0000000000000E+00
-4.5715588500290E+00 0.0000000000000E+00 0.0000000000000E+00-4.6245668049800E-01
 0.0000000000000E+00 0.0000000000000E+00 0.0000000000000E+00 0.0000000000000E+00
 7.5736166963210E-01 0.0000000000000E+00 0.0000000000000E+00 0.0000000000000E+00
 0.0000000000000E+00-2.2915922417375E-01 0.0000000000000E+00 0.0000000000000E+00
 0.0000000000000E+00 0.0000000000000E+00-8.1860129921369E-02 3.6763650725000E-01
 0.0000000000000E+00 0.0000000000000E+00 0.0000000000000E+00 0.0000000000000E+00
 0.0000000000000E+00 0.0000000000000E+00-1.1152784445490E+00 0.0000000000000E+00
 0.0000000000000E+00 0.0000000000000E+00 0.0000000000000E+00 0.0000000000000E+00
 0.0000000000000E+00 0.0000000000000E+00 0.0000000000000E+00 0.0000000000000E+00
 0.0000000000000E+00 5.5010402788174E-02 0.0000000000000E+00 0.0000000000000E+00
 0.0000000000000E+00 0.0000000000000E+00 1.7067703656300E-01-2.2123272107200E-01
 2.5510545319000E+00-3.5212486810000E-03 1.5498834152400E-01-1.5498834152400E-01
 1.5656804936700E-01-6.3330695110800E-01 6.3330695110800E-01 1.6343396425000E-02
-8.1985747286900E-01 8.1985747286900E-01-1.6713509796400E-01 5.8404148671000E-02
-4.0520211742235E-02 4.0520211743967E-02 0.0000000000000E+00 1.8240364716347E-01
-1.8771582456600E-01 1.4472119176679E-01-1.4472119176679E-01 0.0000000000000E+00
-1.0324698261416E+00 1.9784679020000E-03-1.8291680233815E-02 1.8291680233815E-02
 0.0000000000000E+00-1.8904723762419E-02 6.0092821732658E-03 6.0092821732658E-03
 1.7067703656300E-01-2.2123272107200E-01 2.5510545319000E+00-3.5212486810000E-03
-1.5498834152400E-01 1.5498834152400E-01 1.5656804936700E-01 6.3330695110800E-01
-6.3330695110800E-01 1.6343396425000E-02 8.1985747286900E-01-8.1985747286900E-01
-1.6713509796400E-01 5.8404148671000E-02 4.0520211742235E-02-4.0520211743967E-02
 0.0000000000000E+00 1.8240364716347E-01-1.8771582456600E-01-1.4472119176679E-01
 1.4472119176679E-01 0.0000000000000E+00-1.0324698261416E+00 1.9784679020000E-03
 1.8291680233815E-02-1.8291680233815E-02 0.0000000000000E+00-1.8904723762419E-02
-6.0092821732658E-03-6.0092821732658E-03-1.7067703656300E-01 2.2123272107200E-01
-2.5510545319000E+00 3.5212486810000E-03 1.5498834152400E-01 1.5498834152400E-01
 1.5656804936700E-01-6.3330695110800E-01-6.3330695110800E-01 1.6343396425000E-02
-8.1985747286900E-01-8.1985747286900E-01-1.6713509796400E-01-5.8404148671000E-02
 4.0520211742235E-02 4.0520211743967E-02 0.0000000000000E+00 1.8240364716347E-01
 1.8771582456600E-01-1.4472119176679E-01-1.4472119176679E-01 0.0000000000000E+00
-1.0324698261416E+00 1.9784679020000E-03-1.8291680233815E-02-1.8291680233815E-02
 0.0000000000000E+00 1.8904723762419E-02 6.0092821732658E-03-6.0092821732658E-03
 1.7067703656400E-01-2.2123272106600E-01 2.5510545319090E+00-3.5212486830000E-03
 1.5498834152500E-01 1.5656804936800E-01-1.5498834152500E-01-6.3330695111000E-01
 1.6343396419000E-02 6.3330695111000E-01-8.1985747287000E-01-1.6713509796600E-01
 8.1985747286900E-01-2.9202074335500E-02 1.8240364716174E-01 4.0520211740503E-02
-8.7606223006519E-02-4.0520211742235E-02 9.3857912282500E-02-1.0324698261364E+00
-1.4472119176852E-01 2.8157373684727E-01 1.4472119176852E-01-1.1757675294900E-01
-4.0496696240618E-02-4.9461697587000E-04 4.4410032012771E-03-1.8904723762419E-02
 3.7887805725959E-03-8.2436162585246E-05 0.0000000000000E+00 0.0000000000000E+00
 0.0000000000000E+00 0.0000000000000E+00 0.0000000000000E+00 0.0000000000000E+00
 7.2726515695600E-01 0.0000000000000E+00 0.0000000000000E+00-1.6150424394950E+00
 0.0000000000000E+00 0.0000000000000E+00-4.5715588500440E+00 0.0000000000000E+00
 0.0000000000000E+00-4.6245668049700E-01 0.0000000000000E+00 0.0000000000000E+00
 7.5736166961998E-01 0.0000000000000E+00 0.0000000000000E+00 0.0000000000000E+00
 0.0000000000000E+00-2.2915922413911E-01 0.0000000000000E+00 0.0000000000000E+00
 0.0000000000000E+00 0.0000000000000E+00-8.1860129912709E-02 0.0000000000000E+00
 0.0000000000000E+00 0.0000000000000E+00 0.0000000000000E+00 0.0000000000000E+00
-9.1909126814387E-02 0.0000000000000E+00 0.0000000000000E+00 0.0000000000000E+00
-1.5318187802360E-02 0.0000000000000E+00 0.0000000000000E+00 2.7881961113583E-01
 0.0000000000000E+00 0.0000000000000E+00 0.0000000000000E+00 4.6469935189322E-02
 0.0000000000000E+00-8.2515604181989E-02 0.0000000000000E+00 0.0000000000000E+00
 0.0000000000000E+00-1.3752600697042E-02 0.0000000000000E+00 0.0000000000000E+00
 0.0000000000000E+00-1.7067703656400E-01 2.2123272106600E-01-2.5510545319090E+00
 3.5212486830000E-03-1.5498834152500E-01 1.5656804936800E-01-1.5498834152500E-01
 6.3330695111000E-01 1.6343396419000E-02 6.3330695111000E-01 8.1985747287000E-01
-1.6713509796600E-01 8.1985747286900E-01 2.9202074335500E-02 1.8240364716174E-01
-4.0520211740503E-02 8.7606223006519E-02-4.0520211742235E-02-9.3857912282500E-02
-1.0324698261364E+00 1.4472119176852E-01-2.8157373684727E-01 1.4472119176852E-01
-1.1757675294900E-01 4.0496696240618E-02-4.9461697587000E-04 4.4410032012771E-03
 1.8904723762419E-02-3.7887805725959E-03-8.2436162585246E-05 1.7067703656400E-01
-2.2123272106600E-01 2.5510545319090E+00-3.5212486830000E-03-1.5498834152500E-01
 1.5656804936800E-01 1.5498834152500E-01 6.3330695111000E-01 1.6343396419000E-02
-6.3330695111000E-01 8.1985747287000E-01-1.6713509796600E-01-8.1985747286900E-01
-2.9202074335500E-02 1.8240364716174E-01-4.0520211740503E-02-8.7606223006519E-02
 4.0520211742235E-02 9.3857912282500E-02-1.0324698261364E+00 1.4472119176852E-01
 2.8157373684727E-01-1.4472119176852E-01 1.1757675294900E-01 4.0496696240618E-02
-4.9461697587000E-04-4.4410032012771E-03-1.8904723762419E-02-3.7887805725959E-03
-8.2436162585246E-05-1.7067703656400E-01 2.2123272106600E-01-2.5510545319090E+00
 3.5212486830000E-03 1.5498834152500E-01 1.5656804936800E-01 1.5498834152500E-01
-6.3330695111000E-01 1.6343396419000E-02-6.3330695111000E-01-8.1985747287000E-01
-1.6713509796600E-01-8.1985747286900E-01 2.9202074335500E-02 1.8240364716174E-01
 4.0520211740503E-02 8.7606223006519E-02 4.0520211742235E-02-9.3857912282500E-02
-1.0324698261364E+00-1.4472119176852E-01-2.8157373684727E-01-1.4472119176852E-01
 1.1757675294900E-01-4.0496696240618E-02-4.9461697587000E-04-4.4410032012771E-03
 1.8904723762419E-02 3.7887805725959E-03-8.2436162585246E-05-1.7067703656300E-01
 2.2123272106600E-01-2.5510545319130E+00 3.5212486830000E-03-1.5656804936900E-01
-1.5498834152500E-01 1.5498834152500E-01-1.6343396419000E-02 6.3330695111100E-01
-6.3330695111000E-01 1.6713509796700E-01 8.1985747287100E-01-8.1985747287000E-01
 2.9202074335500E-02-4.0520211740503E-02-1.8240364716174E-01-8.7606223006519E-02
 4.0520211742235E-02-9.3857912282500E-02 1.4472119176852E-01 1.0324698261381E+00
 2.8157373684727E-01-1.4472119176852E-01 1.1757675294900E-01 4.9461697587000E-04
 4.0496696240618E-02 4.4410032012771E-03 1.8904723762419E-02-8.2436162585246E-05
 3.7887805725959E-03 0.0000000000000E+00 0.0000000000000E+00 0.0000000000000E+00
 0.0000000000000E+00 0.0000000000000E+00-7.2726515695600E-01 0.0000000000000E+00
 0.0000000000000E+00 1.6150424394950E+00 0.0000000000000E+00 0.0000000000000E+00
 4.5715588500510E+00 0.0000000000000E+00 0.0000000000000E+00 4.6245668049900E-01
 0.0000000000000E+00 0.0000000000000E+00 0.0000000000000E+00 0.0000000000000E+00
-7.5736166961998E-01 0.0000000000000E+00 0.0000000000000E+00 0.0000000000000E+00
 0.0000000000000E+00 2.2915922413911E-01 0.0000000000000E+00 0.0000000000000E+00
 0.0000000000000E+00 0.0000000000000E+00 8.1860129909244E-02 0.0000000000000E+00
 0.0000000000000E+00 0.0000000000000E+00 9.1909126814387E-02 0.0000000000000E+00
 0.0000000000000E+00 0.0000000000000E+00-1.5318187802360E-02 0.0000000000000E+00
 0.0000000000000E+00-2.7881961113542E-01 0.0000000000000E+00 0.0000000000000E+00
 0.0000000000000E+00 4.6469935189322E-02 0.0000000000000E+00 0.0000000000000E+00
 0.0000000000000E+00 8.2515604181989E-02 0.0000000000000E+00 0.0000000000000E+00
 0.0000000000000E+00-1.3752600697042E-02 0.0000000000000E+00 0.0000000000000E+00
-1.7067703656300E-01 2.2123272106600E-01-2.5510545319130E+00 3.5212486830000E-03
-1.5656804936900E-01 1.5498834152500E-01-1.5498834152500E-01-1.6343396419000E-02
-6.3330695111100E-01 6.3330695111000E-01 1.6713509796700E-01-8.1985747287100E-01
 8.1985747287000E-01 2.9202074335500E-02 4.0520211740503E-02-1.8240364716174E-01
-8.7606223006519E-02-4.0520211742235E-02-9.3857912282500E-02-1.4472119176852E-01
 1.0324698261381E+00 2.8157373684727E-01 1.4472119176852E-01-1.1757675294900E-01
 4.9461697587000E-04-4.0496696240618E-02-4.4410032012771E-03 1.8904723762419E-02
-8.2436162585246E-05-3.7887805725959E-03 1.7067703656300E-01-2.2123272106600E-01
 2.5510545319130E+00-3.5212486830000E-03-1.5656804936900E-01 1.5498834152500E-01
 1.5498834152500E-01-1.6343396419000E-02-6.3330695111100E-01-6.3330695111000E-01
 1.6713509796700E-01-8.1985747287100E-01-8.1985747287000E-01-2.9202074335500E-02
 4.0520211740503E-02-1.8240364716174E-01 8.7606223006519E-02 4.0520211742235E-02
 9.3857912282500E-02-1.4472119176852E-01 1.0324698261381E+00-2.8157373684727E-01
-1.4472119176852E-01 1.1757675294900E-01 4.9461697587000E-04-4.0496696240618E-02
 4.4410032012771E-03-1.8904723762419E-02-8.2436162585246E-05-3.7887805725959E-03
 1.7067703656300E-01-2.2123272106600E-01 2.5510545319130E+00-3.5212486830000E-03
-1.5656804936900E-01-1.5498834152500E-01-1.5498834152500E-01-1.6343396419000E-02
 6.3330695111100E-01 6.3330695111000E-01 1.6713509796700E-01 8.1985747287100E-01
 8.1985747287000E-01-2.9202074335500E-02-4.0520211740503E-02-1.8240364716174E-01
 8.7606223006519E-02-4.0520211742235E-02 9.3857912282500E-02 1.4472119176852E-01
 1.0324698261381E+00-2.8157373684727E-01 1.4472119176852E-01-1.1757675294900E-01
 4.9461697587000E-04 4.0496696240618E-02-4.4410032012771E-03-1.8904723762419E-02
-8.2436162585246E-05 3.7887805725959E-03 0.0000000000000E+00 0.0000000000000E+00
 0.0000000000000E+00 0.0000000000000E+00 2.3554755620000E-01-2.3554755620000E-01
 0.0000000000000E+00-4.4332926545900E-01 4.4332926545900E-01 0.0000000000000E+00
-2.6811325352000E-02 2.6811325353000E-02 0.0000000000000E+00 0.0000000000000E+00
 3.0640973126817E-02-3.0640973126817E-02 1.3254840966371E-02 0.0000000000000E+00
 0.0000000000000E+00-4.0735416740536E-01 4.0735416740536E-01 9.7924961783348E-02
 0.0000000000000E+00 0.0000000000000E+00-1.4490998117334E-01 1.4490998117334E-01
 1.2948181673207E-02 0.0000000000000E+00 5.6175337822446E-03 5.6175337822446E-03
 0.0000000000000E+00 0.0000000000000E+00 0.0000000000000E+00 0.0000000000000E+00
 0.0000000000000E+00 0.0000000000000E+00 0.0000000000000E+00 0.0000000000000E+00
 0.0000000000000E+00 0.0000000000000E+00 0.0000000000000E+00 0.0000000000000E+00
 0.0000000000000E+00-1.0000000000000E-12 0.0000000000000E+00 0.0000000000000E+00
 0.0000000000000E+00 0.0000000000000E+00 0.0000000000000E+00 0.0000000000000E+00
 0.0000000000000E+00 0.0000000000000E+00 0.0000000000000E+00 0.0000000000000E+00
 0.0000000000000E+00 0.0000000000000E+00 0.0000000000000E+00 0.0000000000000E+00
 0.0000000000000E+00 0.0000000000000E+00 0.0000000000000E+00 0.0000000000000E+00
 0.0000000000000E+00 0.0000000000000E+00 0.0000000000000E+00 1.4556787919630E-02
 0.0000000000000E+00 0.0000000000000E+00 0.0000000000000E+00 0.0000000000000E+00
 0.0000000000000E+00 0.0000000000000E+00-6.1364750681211E-02 0.0000000000000E+00
 0.0000000000000E+00 0.0000000000000E+00 0.0000000000000E+00 0.0000000000000E+00
 0.0000000000000E+00 0.0000000000000E+00 0.0000000000000E+00 0.0000000000000E+00
 0.0000000000000E+00 0.0000000000000E+00 7.1369370534917E-03 0.0000000000000E+00
 0.0000000000000E+00 0.0000000000000E+00 0.0000000000000E+00-2.3554755620000E-01
-2.3554755620000E-01 0.0000000000000E+00 4.4332926545900E-01 4.4332926545900E-01
 0.0000000000000E+00 2.6811325352000E-02 2.6811325353000E-02 0.0000000000000E+00
 0.0000000000000E+00 3.0640973126817E-02 3.0640973126817E-02-1.3254840966371E-02
 0.0000000000000E+00 0.0000000000000E+00-4.0735416740536E-01-4.0735416740536E-01
-9.7924961783348E-02 0.0000000000000E+00 0.0000000000000E+00 1.4490998117334E-01
 1.4490998117334E-01 1.2948181673207E-02 0.0000000000000E+00-5.6175337822446E-03
 5.6175337822446E-03 0.0000000000000E+00 0.0000000000000E+00 0.0000000000000E+00
 0.0000000000000E+00 2.3554755620000E-01 2.3554755620000E-01 0.0000000000000E+00
-4.4332926545900E-01-4.4332926545900E-01 0.0000000000000E+00-2.6811325352000E-02
-2.6811325353000E-02 0.0000000000000E+00 0.0000000000000E+00-3.0640973126817E-02
-3.0640973126817E-02-1.3254840966371E-02 0.0000000000000E+00 0.0000000000000E+00
 4.0735416740536E-01 4.0735416740536E-01-9.7924961783348E-02 0.0000000000000E+00
 0.0000000000000E+00-1.4490998117334E-01-1.4490998117334E-01 1.2948181673207E-02
 0.0000000000000E+00 5.6175337822446E-03-5.6175337822446E-03 0.0000000000000E+00
 0.0000000000000E+00 0.0000000000000E+00 0.0000000000000E+00-2.3554755620000E-01
 2.3554755620000E-01 0.0000000000000E+00 4.4332926545900E-01-4.4332926545900E-01
 0.0000000000000E+00 2.6811325352000E-02-2.6811325353000E-02 0.0000000000000E+00
 0.0000000000000E+00-3.0640973126817E-02 3.0640973126817E-02 1.3254840966371E-02
 0.0000000000000E+00 0.0000000000000E+00 4.0735416740536E-01-4.0735416740536E-01
 9.7924961783348E-02 0.0000000000000E+00 0.0000000000000E+00 1.4490998117334E-01
-1.4490998117334E-01 1.2948181673207E-02 0.0000000000000E+00-5.6175337822446E-03
-5.6175337822446E-03-6.0000000000000E-12-3.6000000000000E-11-5.5000000000000E-11
 1.8000000000000E-11 2.3554755617600E-01-2.0000000000000E-11 2.3554755621400E-01
-4.4332926543300E-01 4.9000000000000E-11-4.4332926548000E-01-2.6811325370000E-02
 8.0000000000000E-12-2.6811325345000E-02-6.6274204845000E-03 1.0392304845413E-11
-3.0640973118157E-02 6.6274204762573E-03-3.0640973142406E-02-4.8962480890500E-02
-4.1569219381653E-11 4.0735416741575E-01 4.8962480903799E-02 4.0735416740536E-01
 3.0162797847700E-01-5.9040080811149E-03 3.2370454186882E-02 2.7801194621438E-02
 1.0327955589886E-12 1.9518131092642E-02-3.2370454179604E-03 0.0000000000000E+00
 0.0000000000000E+00 0.0000000000000E+00 0.0000000000000E+00 0.0000000000000E+00
 0.0000000000000E+00-9.0000000000000E-12 0.0000000000000E+00 0.0000000000000E+00
-1.0000000000000E-11 0.0000000000000E+00 0.0000000000000E+00 7.1000000000000E-11
 0.0000000000000E+00 0.0000000000000E+00-7.0000000000000E-12 0.0000000000000E+00
 0.0000000000000E+00 9.5262794416288E-11 0.0000000000000E+00 0.0000000000000E+00
 0.0000000000000E+00 0.0000000000000E+00-1.8186533479473E-10 0.0000000000000E+00
 0.0000000000000E+00 0.0000000000000E+00 0.0000000000000E+00-9.3530743608719E-11
 0.0000000000000E+00 0.0000000000000E+00 0.0000000000000E+00 0.0000000000000E+00
 0.0000000000000E+00 3.6391969807440E-02 0.0000000000000E+00 0.0000000000000E+00
 0.0000000000000E+00-3.6391969786382E-03 0.0000000000000E+00 0.0000000000000E+00
-1.5341187668744E-01 0.0000000000000E+00 0.0000000000000E+00 0.0000000000000E+00
 1.5341187673492E-02 0.0000000000000E+00 2.9975135624666E-01 0.0000000000000E+00
 0.0000000000000E+00 0.0000000000000E+00-7.1369370536952E-03 0.0000000000000E+00
 0.0000000000000E+00 0.0000000000000E+00 6.0000000000000E-12 3.6000000000000E-11
 5.5000000000000E-11-1.8000000000000E-11-2.3554755617600E-01-2.0000000000000E-11
 2.3554755621400E-01 4.4332926543300E-01 4.9000000000000E-11-4.4332926548000E-01
 2.6811325370000E-02 8.0000000000000E-12-2.6811325345000E-02 6.6274204845000E-03
 1.0392304845413E-11 3.0640973118157E-02-6.6274204762573E-03-3.0640973142406E-02
 4.8962480890500E-02-4.1569219381653E-11-4.0735416741575E-01-4.8962480903799E-02
 4.0735416740536E-01 3.0162797847700E-01 5.9040080811149E-03 3.2370454186882E-02
 2.7801194621438E-02-1.0327955589886E-12-1.9518131092642E-02-3.2370454179604E-03
-6.0000000000000E-12-3.6000000000000E-11-5.5000000000000E-11 1.8000000000000E-11
-2.3554755617600E-01-2.0000000000000E-11-2.3554755621400E-01 4.4332926543300E-01
 4.9000000000000E-11 4.4332926548000E-01 2.6811325370000E-02 8.0000000000000E-12
 2.6811325345000E-02-6.6274204845000E-03 1.0392304845413E-11 3.0640973118157E-02
 6.6274204762573E-03 3.0640973142406E-02-4.8962480890500E-02-4.1569219381653E-11
-4.0735416741575E-01 4.8962480903799E-02-4.0735416740536E-01-3.0162797847700E-01
 5.9040080811149E-03 3.2370454186882E-02-2.7801194621438E-02 1.0327955589886E-12
-1.9518131092642E-02-3.2370454179604E-03 6.0000000000000E-12 3.6000000000000E-11
 5.5000000000000E-11-1.8000000000000E-11 2.3554755617600E-01-2.0000000000000E-11
-2.3554755621400E-01-4.4332926543300E-01 4.9000000000000E-11 4.4332926548000E-01
-2.6811325370000E-02 8.0000000000000E-12 2.6811325345000E-02 6.6274204845000E-03
 1.0392304845413E-11-3.0640973118157E-02-6.6274204762573E-03 3.0640973142406E-02
 4.8962480890500E-02-4.1569219381653E-11 4.0735416741575E-01-4.8962480903799E-02
-4.0735416740536E-01-3.0162797847700E-01-5.9040080811149E-03 3.2370454186882E-02
-2.7801194621438E-02-1.0327955589886E-12 1.9518131092642E-02-3.2370454179604E-03
 6.0000000000000E-12 3.7000000000000E-11 5.4000000000000E-11-1.8000000000000E-11
 2.0000000000000E-11-2.3554755617600E-01-2.3554755621400E-01-4.9000000000000E-11
 4.4332926543300E-01 4.4332926548000E-01-8.0000000000000E-12 2.6811325371000E-02
 2.6811325345000E-02 6.6274204845000E-03 3.0640973118157E-02-1.0392304845413E-11
 6.6274204762573E-03 3.0640973142406E-02 4.8962480890500E-02-4.0735416741575E-01
 4.1569219381653E-11 4.8962480903799E-02-4.0735416740536E-01-3.0162797847700E-01
-3.2370454186882E-02 5.9040080811149E-03 2.7801194621438E-02-1.0327955589886E-12
-3.2370454179604E-03 1.9518131092642E-02 0.0000000000000E+00 0.0000000000000E+00
 0.0000000000000E+00 0.0000000000000E+00 0.0000000000000E+00 9.0000000000000E-12
 0.0000000000000E+00 0.0000000000000E+00 1.0000000000000E-11 0.0000000000000E+00
 0.0000000000000E+00-6.9000000000000E-11 0.0000000000000E+00 0.0000000000000E+00
 8.0000000000000E-12 0.0000000000000E+00 0.0000000000000E+00 0.0000000000000E+00
 0.0000000000000E+00-9.5262794416288E-11 0.0000000000000E+00 0.0000000000000E+00
 0.0000000000000E+00 0.0000000000000E+00 1.8186533479473E-10 0.0000000000000E+00
 0.0000000000000E+00 0.0000000000000E+00 0.0000000000000E+00 9.3530743608719E-11
 0.0000000000000E+00 0.0000000000000E+00 0.0000000000000E+00-3.6391969807440E-02
 0.0000000000000E+00 0.0000000000000E+00 0.0000000000000E+00-3.6391969786382E-03
 0.0000000000000E+00 0.0000000000000E+00 1.5341187668744E-01 0.0000000000000E+00
 0.0000000000000E+00 0.0000000000000E+00 1.5341187673492E-02 0.0000000000000E+00
 0.0000000000000E+00 0.0000000000000E+00-2.9975135624666E-01 0.0000000000000E+00
 0.0000000000000E+00 0.0000000000000E+00-7.1369370536952E-03 0.0000000000000E+00
 0.0000000000000E+00 6.0000000000000E-12 3.7000000000000E-11 5.4000000000000E-11
-1.8000000000000E-11 2.0000000000000E-11 2.3554755617600E-01 2.3554755621400E-01
-4.9000000000000E-11-4.4332926543300E-01-4.4332926548000E-01-8.0000000000000E-12
-2.6811325371000E-02-2.6811325345000E-02 6.6274204845000E-03-3.0640973118157E-02
-1.0392304845413E-11 6.6274204762573E-03-3.0640973142406E-02 4.8962480890500E-02
 4.0735416741575E-01 4.1569219381653E-11 4.8962480903799E-02 4.0735416740536E-01
 3.0162797847700E-01-3.2370454186882E-02-5.9040080811149E-03-2.7801194621438E-02
-1.0327955589886E-12-3.2370454179604E-03-1.9518131092642E-02-6.0000000000000E-12
-3.7000000000000E-11-5.4000000000000E-11 1.8000000000000E-11 2.0000000000000E-11
 2.3554755617600E-01-2.3554755621400E-01-4.9000000000000E-11-4.4332926543300E-01
 4.4332926548000E-01-8.0000000000000E-12-2.6811325371000E-02 2.6811325345000E-02
-6.6274204845000E-03-3.0640973118157E-02-1.0392304845413E-11-6.6274204762573E-03
 3.0640973142406E-02-4.8962480890500E-02 4.0735416741575E-01 4.1569219381653E-11
-4.8962480903799E-02-4.0735416740536E-01-3.0162797847700E-01-3.2370454186882E-02
-5.9040080811149E-03 2.7801194621438E-02 1.0327955589886E-12-3.2370454179604E-03
-1.9518131092642E-02-6.0000000000000E-12-3.7000000000000E-11-5.4000000000000E-11
 1.8000000000000E-11 2.0000000000000E-11-2.3554755617600E-01 2.3554755621400E-01
-4.9000000000000E-11 4.4332926543300E-01-4.4332926548000E-01-8.0000000000000E-12
 2.6811325371000E-02-2.6811325345000E-02-6.6274204845000E-03 3.0640973118157E-02
-1.0392304845413E-11-6.6274204762573E-03-3.0640973142406E-02-4.8962480890500E-02
-4.0735416741575E-01 4.1569219381653E-11-4.8962480903799E-02 4.0735416740536E-01
 3.0162797847700E-01-3.2370454186882E-02 5.9040080811149E-03-2.7801194621438E-02
 1.0327955589886E-12-3.2370454179604E-03 1.9518131092642E-02 0.0000000000000E+00
 0.0000000000000E+00 0.0000000000000E+00 0.0000000000000E+00 2.9811127205500E-01
-2.9619600258900E-01 1.9152694660000E-03-4.3257257374900E-01 4.2979343347500E-01
-2.7791402740000E-03 1.0972761106600E-01-1.0902264630000E-01 7.0496476600000E-04
 5.3948805300000E-04-1.3834035739709E-01 1.3923489702678E-01-1.6740290611219E-01
 8.9453962968600E-04-9.1474885250000E-04 1.2163464372255E-01-1.2242116047890E-01
 2.8384616742194E-01-7.8651675634857E-04-1.3919030560000E-03 8.6536986577520E-02
-8.6821123045962E-02-2.6152553104104E-02 0.0000000000000E+00-5.7895950259025E-03
-5.6683878419705E-03 0.0000000000000E+00 0.0000000000000E+00-1.0000000000000E-12
 1.0000000000000E-12 1.0000000000000E-12 0.0000000000000E+00 0.0000000000000E+00
 0.0000000000000E+00 0.0000000000000E+00 0.0000000000000E+00 0.0000000000000E+00
 0.0000000000000E+00 0.0000000000000E+00 0.0000000000000E+00 0.0000000000000E+00
 0.0000000000000E+00 0.0000000000000E+00 1.7660874200000E-03 0.0000000000000E+00
 0.0000000000000E+00-5.4801615126914E-01 0.0000000000000E+00-2.1024856845000E-03
 0.0000000000000E+00 0.0000000000000E+00 6.5240038498239E-01 0.0000000000000E+00
 5.6176181150000E-04 0.0000000000000E+00 0.0000000000000E+00-1.7431444358337E-01
 0.0000000000000E+00 0.0000000000000E+00 0.0000000000000E+00 0.0000000000000E+00
 0.0000000000000E+00 0.0000000000000E+00 0.0000000000000E+00 0.0000000000000E+00
 0.0000000000000E+00 0.0000000000000E+00 0.0000000000000E+00 0.0000000000000E+00
 0.0000000000000E+00 0.0000000000000E+00 0.0000000000000E+00 2.6743092250000E-03
 0.0000000000000E+00 0.0000000000000E+00 5.5322465252667E-02 0.0000000000000E+00
 0.0000000000000E+00 0.0000000000000E+00-2.2285910208644E-05 0.0000000000000E+00
 0.0000000000000E+00 0.0000000000000E+00 0.0000000000000E+00 0.0000000000000E+00
 2.9811127205500E-01 2.9619600258900E-01-1.9152694660000E-03-4.3257257374900E-01
-4.2979343347500E-01 2.7791402740000E-03 1.0972761106600E-01 1.0902264630000E-01
-7.0496476600000E-04 5.3948805300000E-04 1.3834035739709E-01 1.3923489702678E-01
-1.6740290611219E-01-8.9453962968600E-04-9.1474885250000E-04-1.2163464372255E-01
-1.2242116047890E-01 2.8384616742194E-01 7.8651675634857E-04 1.3919030560000E-03
 8.6536986577520E-02 8.6821123045962E-02 2.6152553104104E-02 0.0000000000000E+00
-5.7895950259025E-03 5.6683878419705E-03 0.0000000000000E+00 0.0000000000000E+00
 0.0000000000000E+00 0.0000000000000E+00-2.9811127205500E-01-2.9619600258900E-01
-1.9152694660000E-03 4.3257257374900E-01 4.2979343347500E-01 2.7791402740000E-03
-1.0972761106600E-01-1.0902264630000E-01-7.0496476600000E-04 5.3948805300000E-04
-1.3834035739709E-01-1.3923489702678E-01-1.6740290611219E-01-8.9453962968600E-04
-9.1474885250000E-04 1.2163464372255E-01 1.2242116047890E-01 2.8384616742194E-01
 7.8651675634857E-04 1.3919030560000E-03-8.6536986577520E-02-8.6821123045962E-02
 2.6152553104104E-02 0.0000000000000E+00 5.7895950259025E-03-5.6683878419705E-03
 0.0000000000000E+00 0.0000000000000E+00 0.0000000000000E+00 0.0000000000000E+00
-2.9811127205500E-01 2.9619600258900E-01 1.9152694660000E-03 4.3257257374900E-01
-4.2979343347500E-01-2.7791402740000E-03-1.0972761106600E-01 1.0902264630000E-01
 7.0496476600000E-04 5.3948805300000E-04 1.3834035739709E-01-1.3923489702678E-01
-1.6740290611219E-01 8.9453962968600E-04-9.1474885250000E-04-1.2163464372255E-01
 1.2242116047890E-01 2.8384616742194E-01-7.8651675634857E-04-1.3919030560000E-03
-8.6536986577520E-02 8.6821123045962E-02-2.6152553104104E-02 0.0000000000000E+00
 5.7895950259025E-03 5.6683878419705E-03 1.0000000000000E-12 8.0000000000000E-12
 4.0000000000000E-11 8.0000000000000E-12 1.6990306048400E-01 1.7322040450900E-01
 3.4312346499400E-01-2.4653681713200E-01-2.5135042928900E-01-4.9788724640600E-01
 6.2537242576000E-02 6.3758277368000E-02 1.2629551997400E-01 9.6650112909000E-02
 8.0903767973578E-02 7.9354379886766E-02 9.3442071787241E-04 1.6025814786034E-01
-1.6387866117450E-01-7.1133985621320E-02-6.9771698638924E-02-1.5843914886953E-03
-1.4090568423773E-01-2.4936156928800E-01-2.5935573178933E-02-2.4967911308545E-02
 1.4598006703376E-04 7.7459666924148E-13-1.0825248066983E-02 1.0889205000740E-02
-6.0000000000000E-12-1.0000000000000E-11-1.1000000000000E-11-1.1500000000000E-10
-6.9000000000000E-11 0.0000000000000E+00 0.0000000000000E+00 0.0000000000000E+00
 0.0000000000000E+00 0.0000000000000E+00 0.0000000000000E+00 0.0000000000000E+00
 0.0000000000000E+00 0.0000000000000E+00 0.0000000000000E+00 0.0000000000000E+00
 0.0000000000000E+00 3.1639727245450E-01 0.0000000000000E+00 0.0000000000000E+00
 3.0589531420482E-03 0.0000000000000E+00-3.7666353789700E-01 0.0000000000000E+00
 0.0000000000000E+00-3.6416120268742E-03 0.0000000000000E+00 1.0064049091550E-01
 0.0000000000000E+00 0.0000000000000E+00 9.7299999926993E-04 0.0000000000000E+00
 0.0000000000000E+00 0.0000000000000E+00 0.0000000000000E+00 0.0000000000000E+00
 2.5819888974716E-13 0.0000000000000E+00 0.0000000000000E+00 0.0000000000000E+00
 0.0000000000000E+00 0.0000000000000E+00 0.0000000000000E+00 1.8073922282301E-12
 0.0000000000000E+00 0.0000000000000E+00 4.7910660310200E-01 0.0000000000000E+00
 0.0000000000000E+00-3.0880263023372E-04 0.0000000000000E+00 0.0000000000000E+00
 0.0000000000000E+00-3.9925550257214E-03 0.0000000000000E+00 1.0000000000000E-12
 8.0000000000000E-12 4.0000000000000E-11 8.0000000000000E-12 1.6990306048400E-01
-1.7322040450900E-01-3.4312346499400E-01-2.4653681713200E-01 2.5135042928900E-01
 4.9788724640600E-01 6.2537242576000E-02-6.3758277368000E-02-1.2629551997400E-01
 9.6650112909000E-02-8.0903767973578E-02 7.9354379886766E-02 9.3442071787241E-04
-1.6025814786034E-01-1.6387866117450E-01 7.1133985621320E-02-6.9771698638924E-02
-1.5843914886953E-03 1.4090568423773E-01 2.4936156928800E-01-2.5935573178933E-02
 2.4967911308545E-02-1.4598006703376E-04 7.7459666924148E-13-1.0825248066983E-02
-1.0889205000740E-02 1.0000000000000E-12 8.0000000000000E-12 4.0000000000000E-11
 8.0000000000000E-12-1.6990306048400E-01 1.7322040450900E-01-3.4312346499400E-01
 2.4653681713200E-01-2.5135042928900E-01 4.9788724640600E-01-6.2537242576000E-02
 6.3758277368000E-02-1.2629551997400E-01 9.6650112909000E-02 8.0903767973578E-02
-7.9354379886766E-02 9.3442071787241E-04-1.6025814786034E-01-1.6387866117450E-01
-7.1133985621320E-02 6.9771698638924E-02-1.5843914886953E-03 1.4090568423773E-01
 2.4936156928800E-01 2.5935573178933E-02-2.4967911308545E-02-1.4598006703376E-04
 7.7459666924148E-13 1.0825248066983E-02 1.0889205000740E-02 1.0000000000000E-12
 8.0000000000000E-12 4.0000000000000E-11 8.0000000000000E-12-1.6990306048400E-01
-1.7322040450900E-01 3.4312346499400E-01 2.4653681713200E-01 2.5135042928900E-01
-4.9788724640600E-01-6.2537242576000E-02-6.3758277368000E-02 1.2629551997400E-01
 9.6650112909000E-02-8.0903767973578E-02-7.9354379886766E-02 9.3442071787241E-04
 1.6025814786034E-01-1.6387866117450E-01 7.1133985621320E-02 6.9771698638924E-02
-1.5843914886953E-03-1.4090568423773E-01-2.4936156928800E-01 2.5935573178933E-02
 2.4967911308545E-02 1.4598006703376E-04 7.7459666924148E-13 1.0825248066983E-02
-1.0889205000740E-02-8.1769217664000E-02-4.5517040279100E-01-9.6437122590300E-01
 2.0786191503300E-01-1.8746688335300E-01-2.5574208590700E-01 2.5574208586500E-01
 5.1765943096600E-01 3.2921244557900E-01-3.2921244550900E-01 2.0144388701300E-01
-9.6457303482000E-02 9.6457303477000E-02-2.7658111004000E-02 1.4368276745664E-01
 9.4472490485816E-02 8.2974333023591E-02-1.4368276744971E-01 2.8920021461500E-02
 1.1350512555226E-01-4.8339350164456E-01-8.6760064383980E-02-1.1350512560076E-01
-2.1736544481300E-01 4.9284297014379E-02-1.0173838831219E-01-1.8958810845366E-02
 1.0532917817591E-02-8.2140495026772E-03-4.3171908196511E-03 0.0000000000000E+00
 0.0000000000000E+00 0.0000000000000E+00 0.0000000000000E+00 0.0000000000000E+00
-9.5457528123000E-02 0.0000000000000E+00 0.0000000000000E+00-1.0448163695500E-01
 0.0000000000000E+00 0.0000000000000E+00 1.3333221181190E+00 0.0000000000000E+00
 0.0000000000000E+00-6.6690797746000E-02 0.0000000000000E+00 0.0000000000000E+00
 0.0000000000000E+00 0.0000000000000E+00 1.0432341683350E+00 0.0000000000000E+00
 0.0000000000000E+00 0.0000000000000E+00 0.0000000000000E+00-2.0231055385624E+00
 0.0000000000000E+00 0.0000000000000E+00 0.0000000000000E+00 0.0000000000000E+00
-1.4039849633079E+00 0.0000000000000E+00 0.0000000000000E+00 0.0000000000000E+00
 9.1688805444359E-02 0.0000000000000E+00 0.0000000000000E+00 0.0000000000000E+00
-1.5281467576367E-02 0.0000000000000E+00 0.0000000000000E+00 2.4458701193183E-01
 0.0000000000000E+00 0.0000000000000E+00 0.0000000000000E+00-4.0764501985352E-02
 0.0000000000000E+00 0.0000000000000E+00 0.0000000000000E+00-3.7517859830715E-03
 0.0000000000000E+00 0.0000000000000E+00 0.0000000000000E+00 6.2529765977216E-04
 0.0000000000000E+00 0.0000000000000E+00-8.1769217664000E-02-4.5517040279100E-01
-9.6437122590300E-01 2.0786191503300E-01-1.8746688335300E-01 2.5574208590700E-01
-2.5574208586500E-01 5.1765943096600E-01-3.2921244557900E-01 3.2921244550900E-01
 2.0144388701300E-01 9.6457303482000E-02-9.6457303477000E-02-2.7658111004000E-02
-1.4368276745664E-01 9.4472490485816E-02 8.2974333023591E-02 1.4368276744971E-01
 2.8920021461500E-02-1.1350512555226E-01-4.8339350164456E-01-8.6760064383980E-02
 1.1350512560076E-01 2.1736544481300E-01 4.9284297014379E-02 1.0173838831219E-01
 1.8958810845366E-02 1.0532917817591E-02-8.2140495026772E-03 4.3171908196511E-03
 8.1769217664000E-02 4.5517040279100E-01 9.6437122590300E-01-2.0786191503300E-01
-1.8746688335300E-01 2.5574208590700E-01 2.5574208586500E-01 5.1765943096600E-01
-3.2921244557900E-01-3.2921244550900E-01 2.0144388701300E-01 9.6457303482000E-02
 9.6457303477000E-02 2.7658111004000E-02-1.4368276745664E-01 9.4472490485816E-02
-8.2974333023591E-02-1.4368276744971E-01-2.8920021461500E-02-1.1350512555226E-01
-4.8339350164456E-01 8.6760064383980E-02-1.1350512560076E-01-2.1736544481300E-01
 4.9284297014379E-02 1.0173838831219E-01-1.8958810845366E-02-1.0532917817591E-02
-8.2140495026772E-03 4.3171908196511E-03 8.1769217664000E-02 4.5517040279100E-01
 9.6437122590300E-01-2.0786191503300E-01-1.8746688335300E-01-2.5574208590700E-01
-2.5574208586500E-01 5.1765943096600E-01 3.2921244557900E-01 3.2921244550900E-01
 2.0144388701300E-01-9.6457303482000E-02-9.6457303477000E-02 2.7658111004000E-02
 1.4368276745664E-01 9.4472490485816E-02-8.2974333023591E-02 1.4368276744971E-01
-2.8920021461500E-02 1.1350512555226E-01-4.8339350164456E-01 8.6760064383980E-02
 1.1350512560076E-01 2.1736544481300E-01 4.9284297014379E-02-1.0173838831219E-01
 1.8958810845366E-02-1.0532917817591E-02-8.2140495026772E-03-4.3171908196511E-03
 8.1769217664000E-02 4.5517040279100E-01 9.6437122590200E-01-2.0786191503400E-01
 2.5574208590700E-01 1.8746688335300E-01-2.5574208586500E-01-3.2921244557900E-01
-5.1765943096600E-01 3.2921244550900E-01 9.6457303483000E-02-2.0144388701300E-01
-9.6457303478000E-02 2.7658111004000E-02-9.4472490485816E-02-1.4368276745664E-01
 8.2974333023591E-02 1.4368276744971E-01-2.8920021461500E-02 4.8339350164456E-01
-1.1350512555226E-01-8.6760064384846E-02 1.1350512560076E-01 2.1736544481300E-01
 1.0173838831219E-01-4.9284297014379E-02-1.8958810845366E-02-1.0532917817591E-02
-4.3171908196511E-03-8.2140495026772E-03 0.0000000000000E+00 0.0000000000000E+00
 0.0000000000000E+00 0.0000000000000E+00 0.0000000000000E+00 0.0000000000000E+00
 9.5457528123000E-02 0.0000000000000E+00 0.0000000000000E+00 1.0448163695500E-01
 0.0000000000000E+00 0.0000000000000E+00-1.3333221181180E+00 0.0000000000000E+00
 0.0000000000000E+00 6.6690797746000E-02 0.0000000000000E+00 0.0000000000000E+00
-1.0432341683350E+00 0.0000000000000E+00 0.0000000000000E+00 0.0000000000000E+00
 0.0000000000000E+00 2.0231055385624E+00 0.0000000000000E+00 0.0000000000000E+00
 0.0000000000000E+00 0.0000000000000E+00 1.4039849633079E+00 0.0000000000000E+00
 0.0000000000000E+00 0.0000000000000E+00 0.0000000000000E+00 0.0000000000000E+00
-9.1688805444359E-02 0.0000000000000E+00 0.0000000000000E+00 0.0000000000000E+00
-1.5281467576367E-02 0.0000000000000E+00 0.0000000000000E+00-2.4458701193183E-01
 0.0000000000000E+00 0.0000000000000E+00 0.0000000000000E+00-4.0764501985352E-02
 0.0000000000000E+00 3.7517859830715E-03 0.0000000000000E+00 0.0000000000000E+00
 0.0000000000000E+00 6.2529765977216E-04 0.0000000000000E+00 0.0000000000000E+00
 0.0000000000000E+00-8.1769217664000E-02-4.5517040279100E-01-9.6437122590200E-01
 2.0786191503400E-01-2.5574208590700E-01 1.8746688335300E-01-2.5574208586500E-01
 3.2921244557900E-01-5.1765943096600E-01 3.2921244550900E-01-9.6457303483000E-02
-2.0144388701300E-01-9.6457303478000E-02-2.7658111004000E-02-9.4472490485816E-02
 1.4368276745664E-01-8.2974333023591E-02 1.4368276744971E-01 2.8920021461500E-02
 4.8339350164456E-01 1.1350512555226E-01 8.6760064384846E-02 1.1350512560076E-01
 2.1736544481300E-01-1.0173838831219E-01-4.9284297014379E-02-1.8958810845366E-02
 1.0532917817591E-02 4.3171908196511E-03-8.2140495026772E-03 8.1769217664000E-02
 4.5517040279100E-01 9.6437122590200E-01-2.0786191503400E-01-2.5574208590700E-01
 1.8746688335300E-01 2.5574208586500E-01 3.2921244557900E-01-5.1765943096600E-01
-3.2921244550900E-01-9.6457303483000E-02-2.0144388701300E-01 9.6457303478000E-02
 2.7658111004000E-02-9.4472490485816E-02 1.4368276745664E-01 8.2974333023591E-02
-1.4368276744971E-01-2.8920021461500E-02 4.8339350164456E-01 1.1350512555226E-01
-8.6760064384846E-02-1.1350512560076E-01-2.1736544481300E-01-1.0173838831219E-01
-4.9284297014379E-02 1.8958810845366E-02-1.0532917817591E-02 4.3171908196511E-03
-8.2140495026772E-03-8.1769217664000E-02-4.5517040279100E-01-9.6437122590200E-01
 2.0786191503400E-01 2.5574208590700E-01 1.8746688335300E-01 2.5574208586500E-01
-3.2921244557900E-01-5.1765943096600E-01-3.2921244550900E-01 9.6457303483000E-02
-2.0144388701300E-01 9.6457303478000E-02-2.7658111004000E-02-9.4472490485816E-02
-1.4368276745664E-01-8.2974333023591E-02-1.4368276744971E-01 2.8920021461500E-02
 4.8339350164456E-01-1.1350512555226E-01 8.6760064384846E-02-1.1350512560076E-01
-2.1736544481300E-01 1.0173838831219E-01-4.9284297014379E-02 1.8958810845366E-02
 1.0532917817591E-02-4.3171908196511E-03-8.2140495026772E-03-8.1769217665000E-02
-4.5517040278700E-01-9.6437122593100E-01 2.0786191502700E-01-2.5574208588300E-01
-2.5574208588400E-01 1.8746688336200E-01 3.2921244554400E-01 3.2921244554400E-01
-5.1765943096900E-01-9.6457303468000E-02-9.6457303468000E-02-2.0144388700700E-01
 5.5316222012500E-02 1.4368276745491E-01 1.4368276745491E-01 0.0000000000000E+00
-9.4472490471959E-02-5.7840042917000E-02 1.1350512557824E-01 1.1350512557824E-01
 0.0000000000000E+00 4.8339350162724E-01 1.9713718806800E-01-6.9443340806452E-03
-6.9443340806452E-03 0.0000000000000E+00 1.0532917817203E-02 1.3796596244602E-02
-1.3796596244602E-02 0.0000000000000E+00 0.0000000000000E+00 0.0000000000000E+00
 0.0000000000000E+00 0.0000000000000E+00 0.0000000000000E+00 0.0000000000000E+00
 9.5457528119000E-02 0.0000000000000E+00 0.0000000000000E+00 1.0448163694600E-01
 0.0000000000000E+00 0.0000000000000E+00-1.3333221181780E+00 0.0000000000000E+00
 0.0000000000000E+00 6.6690797725000E-02 0.0000000000000E+00 0.0000000000000E+00
 0.0000000000000E+00 0.0000000000000E+00-1.0432341683072E+00 0.0000000000000E+00
 0.0000000000000E+00 0.0000000000000E+00 0.0000000000000E+00 2.0231055385052E+00
 0.0000000000000E+00 0.0000000000000E+00 0.0000000000000E+00 0.0000000000000E+00
 1.4039849633235E+00 3.6675522181000E-01 0.0000000000000E+00 0.0000000000000E+00
 0.0000000000000E+00 0.0000000000000E+00 0.0000000000000E+00 0.0000000000000E+00
 9.7834804767900E-01 0.0000000000000E+00 0.0000000000000E+00 0.0000000000000E+00
 0.0000000000000E+00 0.0000000000000E+00 0.0000000000000E+00 0.0000000000000E+00
 0.0000000000000E+00 0.0000000000000E+00 0.0000000000000E+00-2.5011906404206E-03
 0.0000000000000E+00 0.0000000000000E+00 0.0000000000000E+00 0.0000000000000E+00
 8.1769217665000E-02 4.5517040278700E-01 9.6437122593100E-01-2.0786191502700E-01
 2.5574208588300E-01-2.5574208588400E-01 1.8746688336200E-01-3.2921244554400E-01
 3.2921244554400E-01-5.1765943096900E-01 9.6457303468000E-02-9.6457303468000E-02
-2.0144388700700E-01-5.5316222012500E-02 1.4368276745491E-01-1.4368276745491E-01
 0.0000000000000E+00-9.4472490471959E-02 5.7840042917000E-02 1.1350512557824E-01
-1.1350512557824E-01 0.0000000000000E+00 4.8339350162724E-01 1.9713718806800E-01
 6.9443340806452E-03-6.9443340806452E-03 0.0000000000000E+00-1.0532917817203E-02
-1.3796596244602E-02-1.3796596244602E-02 8.1769217665000E-02 4.5517040278700E-01
 9.6437122593100E-01-2.0786191502700E-01-2.5574208588300E-01 2.5574208588400E-01
 1.8746688336200E-01 3.2921244554400E-01-3.2921244554400E-01-5.1765943096900E-01
-9.6457303468000E-02 9.6457303468000E-02-2.0144388700700E-01-5.5316222012500E-02
-1.4368276745491E-01 1.4368276745491E-01 0.0000000000000E+00-9.4472490471959E-02
 5.7840042917000E-02-1.1350512557824E-01 1.1350512557824E-01 0.0000000000000E+00
 4.8339350162724E-01 1.9713718806800E-01-6.9443340806452E-03 6.9443340806452E-03
 0.0000000000000E+00-1.0532917817203E-02 1.3796596244602E-02 1.3796596244602E-02
-8.1769217665000E-02-4.5517040278700E-01-9.6437122593100E-01 2.0786191502700E-01
 2.5574208588300E-01 2.5574208588400E-01 1.8746688336200E-01-3.2921244554400E-01
-3.2921244554400E-01-5.1765943096900E-01 9.6457303468000E-02 9.6457303468000E-02
-2.0144388700700E-01 5.5316222012500E-02-1.4368276745491E-01-1.4368276745491E-01
 0.0000000000000E+00-9.4472490471959E-02-5.7840042917000E-02-1.1350512557824E-01
-1.1350512557824E-01 0.0000000000000E+00 4.8339350162724E-01 1.9713718806800E-01
 6.9443340806452E-03 6.9443340806452E-03 0.0000000000000E+00 1.0532917817203E-02
-1.3796596244602E-02 1.3796596244602E-02 1.2160972947700E-01-1.0103358439000E-02
-8.5120752998600E-01 6.7193779713000E-02-1.5789310814200E-01 4.7910719073300E-01
 1.5789310823500E-01 1.7027655216600E-01-3.3166772265000E-01-1.7027655224200E-01
 1.5823910224900E-01 8.1287631846500E-01-1.5823910216600E-01-1.5251488032500E-02
 1.5644109949715E-01-2.4340706921857E-01-4.5754464012944E-02 2.4340706920818E-01
 9.0331689386500E-02-1.5232833207551E-01 4.1658619153775E-01 2.7099506806259E-01
-4.1658619163648E-01 8.1614208352000E-02-6.5030790493128E-02-2.7433435687160E-02
 3.4173737022935E-02 4.5657505228666E-03-1.1944026272187E-02-4.5722392783382E-03
 0.0000000000000E+00 0.0000000000000E+00 0.0000000000000E+00 0.0000000000000E+00
 0.0000000000000E+00 0.0000000000000E+00 2.5105027172100E-01 0.0000000000000E+00
 0.0000000000000E+00-5.5847680604500E-01 0.0000000000000E+00 0.0000000000000E+00
 5.5451260129500E-01 0.0000000000000E+00 0.0000000000000E+00-4.5627532400500E-01
 0.0000000000000E+00 0.0000000000000E+00-2.7050334005423E-01 0.0000000000000E+00
 0.0000000000000E+00 0.0000000000000E+00 0.0000000000000E+00-1.2961931483455E+00
 0.0000000000000E+00 0.0000000000000E+00 0.0000000000000E+00 0.0000000000000E+00
-3.0609530672611E-01 0.0000000000000E+00 0.0000000000000E+00 0.0000000000000E+00
 0.0000000000000E+00 0.0000000000000E+00 1.3733267064706E-01 0.0000000000000E+00
 0.0000000000000E+00 0.0000000000000E+00 2.2888778433141E-02 0.0000000000000E+00
 0.0000000000000E+00-6.0569087397943E-02 0.0000000000000E+00 0.0000000000000E+00
 0.0000000000000E+00-1.0094847897164E-02 0.0000000000000E+00-2.1973328596737E-02
 0.0000000000000E+00 0.0000000000000E+00 0.0000000000000E+00-3.6622214299632E-03
 0.0000000000000E+00 0.0000000000000E+00 0.0000000000000E+00-1.2160972947700E-01
 1.0103358439000E-02 8.5120752998600E-01-6.7193779713000E-02 1.5789310814200E-01
 4.7910719073300E-01 1.5789310823500E-01-1.7027655216600E-01-3.3166772265000E-01
-1.7027655224200E-01-1.5823910224900E-01 8.1287631846500E-01-1.5823910216600E-01
 1.5251488032500E-02 1.5644109949715E-01 2.4340706921857E-01 4.5754464012944E-02
 2.4340706920818E-01-9.0331689386500E-02-1.5232833207551E-01-4.1658619153775E-01
-2.7099506806259E-01-4.1658619163648E-01 8.1614208352000E-02 6.5030790493128E-02
-2.7433435687160E-02 3.4173737022935E-02-4.5657505228666E-03 1.1944026272187E-02
-4.5722392783382E-03 1.2160972947700E-01-1.0103358439000E-02-8.5120752998600E-01
 6.7193779713000E-02 1.5789310814200E-01 4.7910719073300E-01-1.5789310823500E-01
-1.7027655216600E-01-3.3166772265000E-01 1.7027655224200E-01-1.5823910224900E-01
 8.1287631846500E-01 1.5823910216600E-01-1.5251488032500E-02 1.5644109949715E-01
 2.4340706921857E-01-4.5754464012944E-02-2.4340706920818E-01 9.0331689386500E-02
-1.5232833207551E-01-4.1658619153775E-01 2.7099506806259E-01 4.1658619163648E-01
-8.1614208352000E-02 6.5030790493128E-02-2.7433435687160E-02-3.4173737022935E-02
 4.5657505228666E-03 1.1944026272187E-02-4.5722392783382E-03-1.2160972947700E-01
 1.0103358439000E-02 8.5120752998600E-01-6.7193779713000E-02-1.5789310814200E-01
 4.7910719073300E-01-1.5789310823500E-01 1.7027655216600E-01-3.3166772265000E-01
 1.7027655224200E-01 1.5823910224900E-01 8.1287631846500E-01 1.5823910216600E-01
 1.5251488032500E-02 1.5644109949715E-01-2.4340706921857E-01 4.5754464012944E-02
-2.4340706920818E-01-9.0331689386500E-02-1.5232833207551E-01 4.1658619153775E-01
-2.7099506806259E-01 4.1658619163648E-01-8.1614208352000E-02-6.5030790493128E-02
-2.7433435687160E-02-3.4173737022935E-02-4.5657505228666E-03-1.1944026272187E-02
-4.5722392783382E-03-1.2160972947700E-01 1.0103358439000E-02 8.5120752998700E-01
-6.7193779713000E-02-4.7910719073300E-01 1.5789310814100E-01-1.5789310823500E-01
 3.3166772265000E-01-1.7027655216600E-01 1.7027655224200E-01-8.1287631846500E-01
-1.5823910224900E-01 1.5823910216700E-01 1.5251488032500E-02 2.4340706921857E-01
-1.5644109949715E-01-4.5754464012944E-02-2.4340706920818E-01-9.0331689386500E-02
-4.1658619153775E-01 1.5232833207551E-01 2.7099506806259E-01 4.1658619163648E-01
-8.1614208352000E-02 2.7433435687160E-02 6.5030790493128E-02 3.4173737022935E-02
-4.5657505228666E-03-4.5722392783382E-03-1.1944026272187E-02 0.0000000000000E+00
 0.0000000000000E+00 0.0000000000000E+00 0.0000000000000E+00 0.0000000000000E+00
-2.5105027172100E-01 0.0000000000000E+00 0.0000000000000E+00 5.5847680604500E-01
 0.0000000000000E+00 0.0000000000000E+00-5.5451260129800E-01 0.0000000000000E+00
 0.0000000000000E+00 4.5627532400400E-01 0.0000000000000E+00 0.0000000000000E+00
 0.0000000000000E+00 0.0000000000000E+00 2.7050334005423E-01 0.0000000000000E+00
 0.0000000000000E+00 0.0000000000000E+00 0.0000000000000E+00 1.2961931483455E+00
 0.0000000000000E+00 0.0000000000000E+00 0.0000000000000E+00 0.0000000000000E+00
 3.0609530672784E-01 0.0000000000000E+00 0.0000000000000E+00 0.0000000000000E+00
-1.3733267064747E-01 0.0000000000000E+00 0.0000000000000E+00 0.0000000000000E+00
 2.2888778433141E-02 0.0000000000000E+00 0.0000000000000E+00 6.0569087397943E-02
 0.0000000000000E+00 0.0000000000000E+00 0.0000000000000E+00-1.0094847897164E-02
 0.0000000000000E+00 0.0000000000000E+00 0.0000000000000E+00 2.1973328596737E-02
 0.0000000000000E+00 0.0000000000000E+00 0.0000000000000E+00-3.6622214299632E-03
 0.0000000000000E+00 0.0000000000000E+00-1.2160972947700E-01 1.0103358439000E-02
 8.5120752998700E-01-6.7193779713000E-02-4.7910719073300E-01-1.5789310814100E-01
 1.5789310823500E-01 3.3166772265000E-01 1.7027655216600E-01-1.7027655224200E-01
-8.1287631846500E-01 1.5823910224900E-01-1.5823910216700E-01 1.5251488032500E-02
-2.4340706921857E-01-1.5644109949715E-01-4.5754464012944E-02 2.4340706920818E-01
-9.0331689386500E-02 4.1658619153775E-01 1.5232833207551E-01 2.7099506806259E-01
-4.1658619163648E-01 8.1614208352000E-02 2.7433435687160E-02-6.5030790493128E-02
-3.4173737022935E-02-4.5657505228666E-03-4.5722392783382E-03 1.1944026272187E-02
 1.2160972947700E-01-1.0103358439000E-02-8.5120752998700E-01 6.7193779713000E-02
-4.7910719073300E-01-1.5789310814100E-01-1.5789310823500E-01 3.3166772265000E-01
 1.7027655216600E-01 1.7027655224200E-01-8.1287631846500E-01 1.5823910224900E-01
 1.5823910216700E-01-1.5251488032500E-02-2.4340706921857E-01-1.5644109949715E-01
 4.5754464012944E-02-2.4340706920818E-01 9.0331689386500E-02 4.1658619153775E-01
 1.5232833207551E-01-2.7099506806259E-01 4.1658619163648E-01-8.1614208352000E-02
 2.7433435687160E-02-6.5030790493128E-02 3.4173737022935E-02 4.5657505228666E-03
-4.5722392783382E-03 1.1944026272187E-02 1.2160972947700E-01-1.0103358439000E-02
-8.5120752998700E-01 6.7193779713000E-02-4.7910719073300E-01 1.5789310814100E-01
 1.5789310823500E-01 3.3166772265000E-01-1.7027655216600E-01-1.7027655224200E-01
-8.1287631846500E-01-1.5823910224900E-01-1.5823910216700E-01-1.5251488032500E-02
 2.4340706921857E-01-1.5644109949715E-01 4.5754464012944E-02 2.4340706920818E-01
 9.0331689386500E-02-4.1658619153775E-01 1.5232833207551E-01-2.7099506806259E-01
-4.1658619163648E-01 8.1614208352000E-02 2.7433435687160E-02 6.5030790493128E-02
-3.4173737022935E-02 4.5657505228666E-03-4.5722392783382E-03-1.1944026272187E-02
-1.2160972947500E-01 1.0103358443000E-02 8.5120753002000E-01-6.7193779715000E-02
 1.5789310819300E-01 1.5789310819200E-01 4.7910719073000E-01-1.7027655220700E-01
-1.7027655220700E-01-3.3166772264200E-01-1.5823910220900E-01-1.5823910221000E-01
 8.1287631846900E-01-3.0502976022500E-02 2.4340706920818E-01 2.4340706920818E-01
 0.0000000000000E+00 1.5644109949195E-01 1.8066337872600E-01-4.1658619158278E-01
-4.1658619158278E-01 0.0000000000000E+00-1.5232833208070E-01 1.0973374270600E-01
-1.0583789465574E-01-1.0583789465574E-01 0.0000000000000E+00-4.5657505231248E-03
-5.1428422425333E-03 5.1428422425333E-03 0.0000000000000E+00 0.0000000000000E+00
 0.0000000000000E+00 0.0000000000000E+00 0.0000000000000E+00 0.0000000000000E+00
 0.0000000000000E+00 2.5105027173200E-01 0.0000000000000E+00 0.0000000000000E+00
-5.5847680607900E-01 0.0000000000000E+00 0.0000000000000E+00 5.5451260135600E-01
 0.0000000000000E+00 0.0000000000000E+00-4.5627532399900E-01 0.0000000000000E+00
 0.0000000000000E+00 0.0000000000000E+00 0.0000000000000E+00-2.7050334003344E-01
 0.0000000000000E+00 0.0000000000000E+00 0.0000000000000E+00 0.0000000000000E+00
-1.2961931483836E+00 0.0000000000000E+00 0.0000000000000E+00 0.0000000000000E+00
 0.0000000000000E+00-3.0609530676941E-01-5.4933068247500E-01 0.0000000000000E+00
 0.0000000000000E+00 0.0000000000000E+00 0.0000000000000E+00 0.0000000000000E+00
 0.0000000000000E+00 2.4227634954500E-01 0.0000000000000E+00 0.0000000000000E+00
 0.0000000000000E+00 0.0000000000000E+00 0.0000000000000E+00 0.0000000000000E+00
 0.0000000000000E+00 0.0000000000000E+00 0.0000000000000E+00 0.0000000000000E+00
 1.4648885721619E-02 0.0000000000000E+00 0.0000000000000E+00 0.0000000000000E+00
 0.0000000000000E+00 1.2160972947500E-01-1.0103358443000E-02-8.5120753002000E-01
 6.7193779715000E-02-1.5789310819300E-01 1.5789310819200E-01 4.7910719073000E-01
 1.7027655220700E-01-1.7027655220700E-01-3.3166772264200E-01 1.5823910220900E-01
-1.5823910221000E-01 8.1287631846900E-01 3.0502976022500E-02 2.4340706920818E-01
-2.4340706920818E-01 0.0000000000000E+00 1.5644109949195E-01-1.8066337872600E-01
-4.1658619158278E-01 4.1658619158278E-01 0.0000000000000E+00-1.5232833208070E-01
 1.0973374270600E-01 1.0583789465574E-01-1.0583789465574E-01 0.0000000000000E+00
 4.5657505231248E-03 5.1428422425333E-03 5.1428422425333E-03 1.2160972947500E-01
-1.0103358443000E-02-8.5120753002000E-01 6.7193779715000E-02 1.5789310819300E-01
-1.5789310819200E-01 4.7910719073000E-01-1.7027655220700E-01 1.7027655220700E-01
-3.3166772264200E-01-1.5823910220900E-01 1.5823910221000E-01 8.1287631846900E-01
 3.0502976022500E-02-2.4340706920818E-01 2.4340706920818E-01 0.0000000000000E+00
 1.5644109949195E-01-1.8066337872600E-01 4.1658619158278E-01-4.1658619158278E-01
 0.0000000000000E+00-1.5232833208070E-01 1.0973374270600E-01-1.0583789465574E-01
 1.0583789465574E-01 0.0000000000000E+00 4.5657505231248E-03-5.1428422425333E-03
-5.1428422425333E-03-1.2160972947500E-01 1.0103358443000E-02 8.5120753002000E-01
-6.7193779715000E-02-1.5789310819300E-01-1.5789310819200E-01 4.7910719073000E-01
 1.7027655220700E-01 1.7027655220700E-01-3.3166772264200E-01 1.5823910220900E-01
 1.5823910221000E-01 8.1287631846900E-01-3.0502976022500E-02-2.4340706920818E-01
-2.4340706920818E-01 0.0000000000000E+00 1.5644109949195E-01 1.8066337872600E-01
 4.1658619158278E-01 4.1658619158278E-01 0.0000000000000E+00-1.5232833208070E-01
 1.0973374270600E-01 1.0583789465574E-01 1.0583789465574E-01 0.0000000000000E+00
-4.5657505231248E-03 5.1428422425333E-03-5.1428422425333E-03 0.0000000000000E+00
 0.0000000000000E+00 0.0000000000000E+00 0.0000000000000E+00 1.2259590445900E-01
-1.2283951995300E-01-2.4361549400000E-04 1.3155318217000E-02-1.3181459705000E-02
-2.6141488000000E-05 2.0398483618500E-01-2.0439018305900E-01-4.0534687400000E-04
 2.2798750300000E-04 9.1063549118624E-02-9.0882951771460E-02 2.2969068451918E-01
 1.8059734716388E-04-4.7838107300000E-04 3.3615090472272E-02-3.3548424979842E-02
-4.8195482081019E-01 6.6665490697742E-05-6.9433437800000E-04-4.8858313034215E-02
 4.9260473736420E-02-3.0704625873605E-02 0.0000000000000E+00 1.8408404411237E-02
 1.8414477299536E-02 0.0000000000000E+00 0.0000000000000E+00 1.0000000000000E-12
 0.0000000000000E+00-1.0000000000000E-12 0.0000000000000E+00 0.0000000000000E+00
 0.0000000000000E+00 0.0000000000000E+00 0.0000000000000E+00 0.0000000000000E+00
 0.0000000000000E+00 0.0000000000000E+00 0.0000000000000E+00 0.0000000000000E+00
 0.0000000000000E+00 0.0000000000000E+00-5.3965598250000E-04 0.0000000000000E+00
 0.0000000000000E+00-5.4368748464704E-01 0.0000000000000E+00-4.5960368300000E-04
 0.0000000000000E+00 0.0000000000000E+00-4.6303715400052E-01 0.0000000000000E+00
-1.4702688250000E-04 0.0000000000000E+00 0.0000000000000E+00-1.4812524732436E-01
 0.0000000000000E+00 0.0000000000000E+00 0.0000000000000E+00 0.0000000000000E+00
 0.0000000000000E+00 0.0000000000000E+00 0.0000000000000E+00 0.0000000000000E+00
 0.0000000000000E+00 0.0000000000000E+00 0.0000000000000E+00 0.0000000000000E+00
 0.0000000000000E+00 0.0000000000000E+00 0.0000000000000E+00 7.3861101300000E-04
 0.0000000000000E+00 0.0000000000000E+00-4.9608587290743E-02 0.0000000000000E+00
 0.0000000000000E+00 0.0000000000000E+00-6.1550917727688E-06 0.0000000000000E+00
 0.0000000000000E+00 0.0000000000000E+00 0.0000000000000E+00 0.0000000000000E+00
 1.2259590445900E-01 1.2283951995300E-01 2.4361549400000E-04 1.3155318217000E-02
 1.3181459705000E-02 2.6141488000000E-05 2.0398483618500E-01 2.0439018305900E-01
 4.0534687400000E-04 2.2798750300000E-04-9.1063549118624E-02-9.0882951771460E-02
 2.2969068451918E-01-1.8059734716388E-04-4.7838107300000E-04-3.3615090472272E-02
-3.3548424979842E-02-4.8195482081019E-01-6.6665490697742E-05 6.9433437800000E-04
-4.8858313034215E-02-4.9260473736420E-02 3.0704625873605E-02 0.0000000000000E+00
 1.8408404411237E-02-1.8414477299536E-02 0.0000000000000E+00 0.0000000000000E+00
 0.0000000000000E+00 0.0000000000000E+00-1.2259590445900E-01-1.2283951995300E-01
 2.4361549400000E-04-1.3155318217000E-02-1.3181459705000E-02 2.6141488000000E-05
-2.0398483618500E-01-2.0439018305900E-01 4.0534687400000E-04 2.2798750300000E-04
 9.1063549118624E-02 9.0882951771460E-02 2.2969068451918E-01-1.8059734716388E-04
-4.7838107300000E-04 3.3615090472272E-02 3.3548424979842E-02-4.8195482081019E-01
-6.6665490697742E-05 6.9433437800000E-04 4.8858313034215E-02 4.9260473736420E-02
 3.0704625873605E-02 0.0000000000000E+00-1.8408404411237E-02 1.8414477299536E-02
 0.0000000000000E+00 0.0000000000000E+00 0.0000000000000E+00 0.0000000000000E+00
-1.2259590445900E-01 1.2283951995300E-01-2.4361549400000E-04-1.3155318217000E-02
 1.3181459705000E-02-2.6141488000000E-05-2.0398483618500E-01 2.0439018305900E-01
-4.0534687400000E-04 2.2798750300000E-04-9.1063549118624E-02 9.0882951771460E-02
 2.2969068451918E-01 1.8059734716388E-04-4.7838107300000E-04-3.3615090472272E-02
 3.3548424979842E-02-4.8195482081019E-01 6.6665490697742E-05-6.9433437800000E-04
 4.8858313034215E-02-4.9260473736420E-02-3.0704625873605E-02 0.0000000000000E+00
-1.8408404411237E-02-1.8414477299536E-02 4.0000000000000E-12-1.0000000000000E-12
 3.7000000000000E-11 8.0000000000000E-12 7.1062081382000E-02 7.0640126969000E-02
 1.4170220835000E-01 7.6254121020000E-03 7.5801337170000E-03 1.5205545830000E-02
 1.1823875432600E-01 1.1753667294600E-01 2.3577542729800E-01-1.3261197853450E-01
-5.2367028740520E-02-5.2679832522968E-02 3.9488593868676E-04-1.0504686126349E-01
 2.7825674553050E-01-1.9330702863731E-02-1.9446170881255E-02-8.2858032381532E-04
-3.8776873724202E-02 4.0386887195100E-01-1.1704541732118E-01-1.1687673077117E-01
-5.2787621898814E-05 7.7459666924148E-13 1.7978414136782E-03-1.7345352407188E-03
-5.0000000000000E-12-9.0000000000000E-12-1.7000000000000E-11-8.2000000000000E-11
-7.0000000000000E-11 0.0000000000000E+00 0.0000000000000E+00 0.0000000000000E+00
 0.0000000000000E+00 0.0000000000000E+00 0.0000000000000E+00 0.0000000000000E+00
 0.0000000000000E+00 0.0000000000000E+00 0.0000000000000E+00 0.0000000000000E+00
 0.0000000000000E+00 3.1389811562150E-01 0.0000000000000E+00 0.0000000000000E+00
-9.3471158029850E-04 0.0000000000000E+00 2.6733462550850E-01 0.0000000000000E+00
 0.0000000000000E+00-7.9605692943575E-04 0.0000000000000E+00 8.5520151416000E-02
 0.0000000000000E+00 0.0000000000000E+00-2.5465803056846E-04 0.0000000000000E+00
 0.0000000000000E+00 0.0000000000000E+00 0.0000000000000E+00 0.0000000000000E+00
 1.2909944487358E-13 0.0000000000000E+00 0.0000000000000E+00 0.0000000000000E+00
 0.0000000000000E+00 0.0000000000000E+00 0.0000000000000E+00 9.0369611411506E-13
 0.0000000000000E+00 0.0000000000000E+00-4.2962296838700E-01 0.0000000000000E+00
 0.0000000000000E+00-8.5287453431195E-05 0.0000000000000E+00 0.0000000000000E+00
 0.0000000000000E+00 3.5801914033242E-03 0.0000000000000E+00 4.0000000000000E-12
-1.0000000000000E-12 3.7000000000000E-11 8.0000000000000E-12 7.1062081382000E-02
-7.0640126969000E-02-1.4170220835000E-01 7.6254121020000E-03-7.5801337170000E-03
-1.5205545830000E-02 1.1823875432600E-01-1.1753667294600E-01-2.3577542729800E-01
-1.3261197853450E-01 5.2367028740520E-02-5.2679832522968E-02 3.9488593868676E-04
 1.0504686126349E-01 2.7825674553050E-01 1.9330702863731E-02-1.9446170881255E-02
-8.2858032381532E-04 3.8776873724202E-02-4.0386887195100E-01-1.1704541732118E-01
 1.1687673077117E-01 5.2787621898814E-05 7.7459666924148E-13 1.7978414136782E-03
 1.7345352407188E-03 4.0000000000000E-12-1.0000000000000E-12 3.7000000000000E-11
 8.0000000000000E-12-7.1062081382000E-02 7.0640126969000E-02-1.4170220835000E-01
-7.6254121020000E-03 7.5801337170000E-03-1.5205545830000E-02-1.1823875432600E-01
 1.1753667294600E-01-2.3577542729800E-01-1.3261197853450E-01-5.2367028740520E-02
 5.2679832522968E-02 3.9488593868676E-04 1.0504686126349E-01 2.7825674553050E-01
-1.9330702863731E-02 1.9446170881255E-02-8.2858032381532E-04 3.8776873724202E-02
-4.0386887195100E-01 1.1704541732118E-01-1.1687673077117E-01 5.2787621898814E-05
 7.7459666924148E-13-1.7978414136782E-03-1.7345352407188E-03 4.0000000000000E-12
-1.0000000000000E-12 3.7000000000000E-11 8.0000000000000E-12-7.1062081382000E-02
-7.0640126969000E-02 1.4170220835000E-01-7.6254121020000E-03-7.5801337170000E-03
 1.5205545830000E-02-1.1823875432600E-01-1.1753667294600E-01 2.3577542729800E-01
-1.3261197853450E-01 5.2367028740520E-02 5.2679832522968E-02 3.9488593868676E-04
-1.0504686126349E-01 2.7825674553050E-01 1.9330702863731E-02 1.9446170881255E-02
-8.2858032381532E-04-3.8776873724202E-02 4.0386887195100E-01 1.1704541732118E-01
 1.1687673077117E-01-5.2787621898814E-05 7.7459666924148E-13-1.7978414136782E-03
 1.7345352407188E-03 2.1000000000000E-11-3.0000000000000E-12-7.1000000000000E-11
 1.3000000000000E-11-3.1793523688200E-01 6.5000000000000E-11-3.1793523684200E-01
 2.5169084187200E-01-4.4000000000000E-11 2.5169084183700E-01-2.7835407659900E-01
 1.0100000000000E-10-2.7835407662000E-01 1.5159297022750E-01 3.6373066958946E-11
 6.9304466954112E-02-1.5159297023252E-01 6.9304467025126E-02-1.6649305324100E-01
-3.4641016151378E-11 3.2478862030878E-01 1.6649305330181E-01 3.2478862021871E-01
-1.8234659186000E-02 7.9936492081213E-02 7.2897329515295E-02 3.0151130920134E-02
 1.6782927833565E-12 6.7780052603578E-03-7.2897329537805E-03 0.0000000000000E+00
 0.0000000000000E+00 0.0000000000000E+00 0.0000000000000E+00 0.0000000000000E+00
 0.0000000000000E+00 3.3000000000000E-11 0.0000000000000E+00 0.0000000000000E+00
-1.0700000000000E-10 0.0000000000000E+00 0.0000000000000E+00 1.8000000000000E-11
 0.0000000000000E+00 0.0000000000000E+00-7.6000000000000E-11 0.0000000000000E+00
 0.0000000000000E+00-1.0392304845413E-11 0.0000000000000E+00 0.0000000000000E+00
 0.0000000000000E+00 0.0000000000000E+00-2.3209480821423E-10 0.0000000000000E+00
 0.0000000000000E+00 0.0000000000000E+00 0.0000000000000E+00-1.7320508075689E-12
 0.0000000000000E+00 0.0000000000000E+00 0.0000000000000E+00 0.0000000000000E+00
 0.0000000000000E+00-1.9792949360552E-01 0.0000000000000E+00 0.0000000000000E+00
 0.0000000000000E+00 1.9792949365174E-02 0.0000000000000E+00 0.0000000000000E+00
 6.0081629868261E-02 0.0000000000000E+00 0.0000000000000E+00 0.0000000000000E+00
-6.0081629906554E-03 0.0000000000000E+00 1.1106134436541E-01 0.0000000000000E+00
 0.0000000000000E+00 0.0000000000000E+00-2.6443177239286E-03 0.0000000000000E+00
 0.0000000000000E+00 0.0000000000000E+00-2.1000000000000E-11 3.0000000000000E-12
 7.1000000000000E-11-1.3000000000000E-11 3.1793523688200E-01 6.5000000000000E-11
-3.1793523684200E-01-2.5169084187200E-01-4.4000000000000E-11 2.5169084183700E-01
 2.7835407659900E-01 1.0100000000000E-10-2.7835407662000E-01-1.5159297022750E-01
 3.6373066958946E-11-6.9304466954112E-02 1.5159297023252E-01 6.9304467025126E-02
 1.6649305324100E-01-3.4641016151378E-11-3.2478862030878E-01-1.6649305330181E-01
 3.2478862021871E-01-1.8234659186000E-02-7.9936492081213E-02 7.2897329515295E-02
 3.0151130920134E-02-1.6782927833565E-12-6.7780052603578E-03-7.2897329537805E-03
 2.1000000000000E-11-3.0000000000000E-12-7.1000000000000E-11 1.3000000000000E-11
 3.1793523688200E-01 6.5000000000000E-11 3.1793523684200E-01-2.5169084187200E-01
-4.4000000000000E-11-2.5169084183700E-01 2.7835407659900E-01 1.0100000000000E-10
 2.7835407662000E-01 1.5159297022750E-01 3.6373066958946E-11-6.9304466954112E-02
-1.5159297023252E-01-6.9304467025126E-02-1.6649305324100E-01-3.4641016151378E-11
-3.2478862030878E-01 1.6649305330181E-01-3.2478862021871E-01 1.8234659186000E-02
-7.9936492081213E-02 7.2897329515295E-02-3.0151130920134E-02 1.6782927833565E-12
-6.7780052603578E-03-7.2897329537805E-03-2.1000000000000E-11 3.0000000000000E-12
 7.1000000000000E-11-1.3000000000000E-11-3.1793523688200E-01 6.5000000000000E-11
 3.1793523684200E-01 2.5169084187200E-01-4.4000000000000E-11-2.5169084183700E-01
-2.7835407659900E-01 1.0100000000000E-10 2.7835407662000E-01-1.5159297022750E-01
 3.6373066958946E-11 6.9304466954112E-02 1.5159297023252E-01-6.9304467025126E-02
 1.6649305324100E-01-3.4641016151378E-11 3.2478862030878E-01-1.6649305330181E-01
-3.2478862021871E-01 1.8234659186000E-02 7.9936492081213E-02 7.2897329515295E-02
-3.0151130920134E-02-1.6782927833565E-12 6.7780052603578E-03-7.2897329537805E-03
-2.1000000000000E-11 3.0000000000000E-12 7.2000000000000E-11-1.3000000000000E-11
-6.5000000000000E-11 3.1793523688200E-01 3.1793523684200E-01 4.4000000000000E-11
-2.5169084187200E-01-2.5169084183700E-01-1.0200000000000E-10 2.7835407659900E-01
 2.7835407662000E-01-1.5159297022750E-01-6.9304466954112E-02-3.8105117766515E-11
-1.5159297023252E-01-6.9304467025126E-02 1.6649305324100E-01-3.2478862030878E-01
 3.4641016151378E-11 1.6649305330267E-01-3.2478862021871E-01 1.8234659186000E-02
-7.2897329515295E-02-7.9936492081213E-02 3.0151130920134E-02-1.6782927833565E-12
-7.2897329537805E-03 6.7780052603578E-03 0.0000000000000E+00 0.0000000000000E+00
 0.0000000000000E+00 0.0000000000000E+00 0.0000000000000E+00-3.3000000000000E-11
 0.0000000000000E+00 0.0000000000000E+00 1.0800000000000E-10 0.0000000000000E+00
 0.0000000000000E+00-1.9000000000000E-11 0.0000000000000E+00 0.0000000000000E+00
 7.6000000000000E-11 0.0000000000000E+00 0.0000000000000E+00 0.0000000000000E+00
 0.0000000000000E+00 1.0392304845413E-11 0.0000000000000E+00 0.0000000000000E+00
 0.0000000000000E+00 0.0000000000000E+00 2.3382685902180E-10 0.0000000000000E+00
 0.0000000000000E+00 0.0000000000000E+00 0.0000000000000E+00 1.7320508075689E-12
 0.0000000000000E+00 0.0000000000000E+00 0.0000000000000E+00 1.9792949360552E-01
 0.0000000000000E+00 0.0000000000000E+00 0.0000000000000E+00 1.9792949365174E-02
 0.0000000000000E+00 0.0000000000000E+00-6.0081629868261E-02 0.0000000000000E+00
 0.0000000000000E+00 0.0000000000000E+00-6.0081629906554E-03 0.0000000000000E+00
 0.0000000000000E+00 0.0000000000000E+00-1.1106134436541E-01 0.0000000000000E+00
 0.0000000000000E+00 0.0000000000000E+00-2.6443177239286E-03 0.0000000000000E+00
 0.0000000000000E+00-2.1000000000000E-11 3.0000000000000E-12 7.2000000000000E-11
-1.3000000000000E-11-6.5000000000000E-11-3.1793523688200E-01-3.1793523684200E-01
 4.4000000000000E-11 2.5169084187200E-01 2.5169084183700E-01-1.0200000000000E-10
-2.7835407659900E-01-2.7835407662000E-01-1.5159297022750E-01 6.9304466954112E-02
-3.8105117766515E-11-1.5159297023252E-01 6.9304467025126E-02 1.6649305324100E-01
 3.2478862030878E-01 3.4641016151378E-11 1.6649305330267E-01 3.2478862021871E-01
-1.8234659186000E-02-7.2897329515295E-02 7.9936492081213E-02-3.0151130920134E-02
-1.6782927833565E-12-7.2897329537805E-03-6.7780052603578E-03 2.1000000000000E-11
-3.0000000000000E-12-7.2000000000000E-11 1.3000000000000E-11-6.5000000000000E-11
-3.1793523688200E-01 3.1793523684200E-01 4.4000000000000E-11 2.5169084187200E-01
-2.5169084183700E-01-1.0200000000000E-10-2.7835407659900E-01 2.7835407662000E-01
 1.5159297022750E-01 6.9304466954112E-02-3.8105117766515E-11 1.5159297023252E-01
-6.9304467025126E-02-1.6649305324100E-01 3.2478862030878E-01 3.4641016151378E-11
-1.6649305330267E-01-3.2478862021871E-01 1.8234659186000E-02-7.2897329515295E-02
 7.9936492081213E-02 3.0151130920134E-02 1.6782927833565E-12-7.2897329537805E-03
-6.7780052603578E-03 2.1000000000000E-11-3.0000000000000E-12-7.2000000000000E-11
 1.3000000000000E-11-6.5000000000000E-11 3.1793523688200E-01-3.1793523684200E-01
 4.4000000000000E-11-2.5169084187200E-01 2.5169084183700E-01-1.0200000000000E-10
 2.7835407659900E-01-2.7835407662000E-01 1.5159297022750E-01-6.9304466954112E-02
-3.8105117766515E-11 1.5159297023252E-01 6.9304467025126E-02-1.6649305324100E-01
-3.2478862030878E-01 3.4641016151378E-11-1.6649305330267E-01 3.2478862021871E-01
-1.8234659186000E-02-7.2897329515295E-02-7.9936492081213E-02-3.0151130920134E-02
 1.6782927833565E-12-7.2897329537805E-03 6.7780052603578E-03 0.0000000000000E+00
 0.0000000000000E+00 0.0000000000000E+00 0.0000000000000E+00 3.1793523685800E-01
-3.1793523685800E-01 0.0000000000000E+00-2.5169084184800E-01 2.5169084184800E-01
 0.0000000000000E+00 2.7835407660900E-01-2.7835407660900E-01 0.0000000000000E+00
 0.0000000000000E+00 6.9304466993949E-02-6.9304466993949E-02 3.0318594045984E-01
 0.0000000000000E+00 0.0000000000000E+00 3.2478862026201E-01-3.2478862026201E-01
-3.3298610651528E-01 0.0000000000000E+00 0.0000000000000E+00 7.0819162489285E-02
-7.0819162489285E-02-2.9158931809399E-02 0.0000000000000E+00 8.2975601955110E-03
 8.2975601955110E-03 0.0000000000000E+00 0.0000000000000E+00 0.0000000000000E+00
 0.0000000000000E+00 0.0000000000000E+00 0.0000000000000E+00 0.0000000000000E+00
 0.0000000000000E+00 0.0000000000000E+00 0.0000000000000E+00 0.0000000000000E+00
 0.0000000000000E+00 0.0000000000000E+00 0.0000000000000E+00 0.0000000000000E+00
 0.0000000000000E+00 0.0000000000000E+00 0.0000000000000E+00 0.0000000000000E+00
 0.0000000000000E+00 0.0000000000000E+00 0.0000000000000E+00 0.0000000000000E+00
 0.0000000000000E+00 0.0000000000000E+00 0.0000000000000E+00 0.0000000000000E+00
 0.0000000000000E+00 0.0000000000000E+00 0.0000000000000E+00 0.0000000000000E+00
 0.0000000000000E+00 0.0000000000000E+00 0.0000000000000E+00 0.0000000000000E+00
 7.9171797448539E-02 0.0000000000000E+00 0.0000000000000E+00 0.0000000000000E+00
 0.0000000000000E+00 0.0000000000000E+00 0.0000000000000E+00-2.4032651951666E-02
 0.0000000000000E+00 0.0000000000000E+00 0.0000000000000E+00 0.0000000000000E+00
 0.0000000000000E+00 0.0000000000000E+00 0.0000000000000E+00 0.0000000000000E+00
 0.0000000000000E+00 0.0000000000000E+00 0.0000000000000E+00-2.6443177231608E-03
 0.0000000000000E+00 0.0000000000000E+00 0.0000000000000E+00 0.0000000000000E+00
-3.1793523685800E-01-3.1793523685800E-01 0.0000000000000E+00 2.5169084184800E-01
 2.5169084184800E-01 0.0000000000000E+00-2.7835407660900E-01-2.7835407660900E-01
 0.0000000000000E+00 0.0000000000000E+00 6.9304466993949E-02 6.9304466993949E-02
-3.0318594045984E-01 0.0000000000000E+00 0.0000000000000E+00 3.2478862026201E-01
 3.2478862026201E-01 3.3298610651528E-01 0.0000000000000E+00 0.0000000000000E+00
-7.0819162489285E-02-7.0819162489285E-02-2.9158931809399E-02 0.0000000000000E+00
-8.2975601955110E-03 8.2975601955110E-03 0.0000000000000E+00 0.0000000000000E+00
 0.0000000000000E+00 0.0000000000000E+00 3.1793523685800E-01 3.1793523685800E-01
 0.0000000000000E+00-2.5169084184800E-01-2.5169084184800E-01 0.0000000000000E+00
 2.7835407660900E-01 2.7835407660900E-01 0.0000000000000E+00 0.0000000000000E+00
-6.9304466993949E-02-6.9304466993949E-02-3.0318594045984E-01 0.0000000000000E+00
 0.0000000000000E+00-3.2478862026201E-01-3.2478862026201E-01 3.3298610651528E-01
 0.0000000000000E+00 0.0000000000000E+00 7.0819162489285E-02 7.0819162489285E-02
-2.9158931809399E-02 0.0000000000000E+00 8.2975601955110E-03-8.2975601955110E-03
 0.0000000000000E+00 0.0000000000000E+00 0.0000000000000E+00 0.0000000000000E+00
-3.1793523685800E-01 3.1793523685800E-01 0.0000000000000E+00 2.5169084184800E-01
-2.5169084184800E-01 0.0000000000000E+00-2.7835407660900E-01 2.7835407660900E-01
 0.0000000000000E+00 0.0000000000000E+00-6.9304466993949E-02 6.9304466993949E-02
 3.0318594045984E-01 0.0000000000000E+00 0.0000000000000E+00-3.2478862026201E-01
 3.2478862026201E-01-3.3298610651528E-01 0.0000000000000E+00 0.0000000000000E+00
-7.0819162489285E-02 7.0819162489285E-02-2.9158931809399E-02 0.0000000000000E+00
-8.2975601955110E-03-8.2975601955110E-03 2.1990482689900E-01-6.8860065537400E-01
-2.5545082102990E+00-4.0940458865600E-01 1.2335660677900E-01 1.2335660677900E-01
-1.2335660676900E-01 3.0869735229000E-01 3.0869735228900E-01-3.0869735230200E-01
 8.7188766119700E-01 8.7188766119700E-01-8.7188766120300E-01 1.0000000000000E-12
-1.8768027728486E-01-1.8768027728486E-01 0.0000000000000E+00 1.8768027728660E-01
-1.5000000000000E-12 9.6840405315091E-01 9.6840405315091E-01 0.0000000000000E+00
-9.6840405314225E-01 2.0004141394800E-01 5.0010353486442E-02 5.0010353486442E-02
 0.0000000000000E+00-6.9723574921367E-02-8.3350589144439E-03 8.3350589144439E-03
 3.7823868589500E-01 8.8966651136400E-01 2.4976069019590E+00 8.0868009080830E+00
 3.2812635419920E+00 0.0000000000000E+00 0.0000000000000E+00 0.0000000000000E+00
 0.0000000000000E+00 0.0000000000000E+00 0.0000000000000E+00 0.0000000000000E+00
 0.0000000000000E+00 0.0000000000000E+00 0.0000000000000E+00 0.0000000000000E+00
 0.0000000000000E+00 4.5000000000000E-12 0.0000000000000E+00 0.0000000000000E+00
 0.0000000000000E+00 0.0000000000000E+00-9.5000000000000E-12 0.0000000000000E+00
 0.0000000000000E+00 0.0000000000000E+00 0.0000000000000E+00-7.0000000000000E-12
 0.0000000000000E+00 0.0000000000000E+00 0.0000000000000E+00 0.0000000000000E+00
 0.0000000000000E+00 0.0000000000000E+00 0.0000000000000E+00 0.0000000000000E+00
-9.0880123853016E-02 0.0000000000000E+00 0.0000000000000E+00 0.0000000000000E+00
 0.0000000000000E+00 0.0000000000000E+00 0.0000000000000E+00-4.5019578824484E-02
 0.0000000000000E+00 0.0000000000000E+00-4.4500086899200E-01 0.0000000000000E+00
 0.0000000000000E+00 0.0000000000000E+00 0.0000000000000E+00 0.0000000000000E+00
 0.0000000000000E+00-2.6488146963494E-03 0.0000000000000E+00 2.1990482689900E-01
-6.8860065537400E-01-2.5545082102990E+00-4.0940458865600E-01 1.2335660677900E-01
-1.2335660677900E-01 1.2335660676900E-01 3.0869735229000E-01-3.0869735228900E-01
 3.0869735230200E-01 8.7188766119700E-01-8.7188766119700E-01 8.7188766120300E-01
 1.0000000000000E-12 1.8768027728486E-01-1.8768027728486E-01 0.0000000000000E+00
-1.8768027728660E-01-1.5000000000000E-12-9.6840405315091E-01 9.6840405315091E-01
 0.0000000000000E+00 9.6840405314225E-01-2.0004141394800E-01 5.0010353486442E-02
-5.0010353486442E-02 0.0000000000000E+00-6.9723574921367E-02-8.3350589144439E-03
-8.3350589144439E-03 2.1990482689900E-01-6.8860065537400E-01-2.5545082102990E+00
-4.0940458865600E-01-1.2335660677900E-01 1.2335660677900E-01 1.2335660676900E-01
-3.0869735229000E-01 3.0869735228900E-01 3.0869735230200E-01-8.7188766119700E-01
 8.7188766119700E-01 8.7188766120300E-01 1.0000000000000E-12-1.8768027728486E-01
 1.8768027728486E-01 0.0000000000000E+00-1.8768027728660E-01-1.5000000000000E-12
 9.6840405315091E-01-9.6840405315091E-01 0.0000000000000E+00 9.6840405314225E-01
-2.0004141394800E-01-5.0010353486442E-02 5.0010353486442E-02 0.0000000000000E+00
-6.9723574921367E-02 8.3350589144439E-03 8.3350589144439E-03 2.1990482689900E-01
-6.8860065537400E-01-2.5545082102990E+00-4.0940458865600E-01-1.2335660677900E-01
-1.2335660677900E-01-1.2335660676900E-01-3.0869735229000E-01-3.0869735228900E-01
-3.0869735230200E-01-8.7188766119700E-01-8.7188766119700E-01-8.7188766120300E-01
 1.0000000000000E-12 1.8768027728486E-01 1.8768027728486E-01 0.0000000000000E+00
 1.8768027728660E-01-1.5000000000000E-12-9.6840405315091E-01-9.6840405315091E-01
 0.0000000000000E+00-9.6840405314225E-01 2.0004141394800E-01-5.0010353486442E-02
-5.0010353486442E-02 0.0000000000000E+00-6.9723574921367E-02 8.3350589144439E-03
-8.3350589144439E-03 5.6669875251000E-02-4.5551889885000E-02-1.4384783118480E+00
-2.7543866677600E-01 2.0730209714000E-01 4.6333045380000E-02-4.6333045404000E-02
-2.7601574217700E-01 1.4911212504200E-01-1.4911212501900E-01 4.3139376700300E-01
 5.6671435755700E-01-5.6671435757000E-01-1.3064148191000E-02-4.0647130302614E-02
-6.4345967097659E-01 3.9192444594787E-02 4.0647130316470E-02-8.6726886936500E-02
 4.4051110261537E-01 8.1839553874497E-01 2.6018066079859E-01-4.4051110260844E-01
-1.0875681150000E-02 1.0859300749460E-01 1.0225349342570E-02 5.1777078514001E-03
-3.6401707186156E-02-1.8098834582240E-02-1.7475803447862E-03 0.0000000000000E+00
 0.0000000000000E+00 0.0000000000000E+00 0.0000000000000E+00 0.0000000000000E+00
-7.4818593674000E-02 0.0000000000000E+00 0.0000000000000E+00 1.3456017386500E+00
 0.0000000000000E+00 0.0000000000000E+00 2.0144136401450E+00 0.0000000000000E+00
 0.0000000000000E+00 4.5915844938200E-01 0.0000000000000E+00 0.0000000000000E+00
 0.0000000000000E+00 0.0000000000000E+00-1.0473324816662E+00 0.0000000000000E+00
 0.0000000000000E+00 0.0000000000000E+00 0.0000000000000E+00 1.6090424270745E+00
 0.0000000000000E+00 0.0000000000000E+00 0.0000000000000E+00 0.0000000000000E+00
-7.2578830139139E-01 0.0000000000000E+00 0.0000000000000E+00 0.0000000000000E+00
 5.8592440899110E-02 0.0000000000000E+00 0.0000000000000E+00 0.0000000000000E+00
-9.7654068164134E-03 0.0000000000000E+00 0.0000000000000E+00 3.9528284909242E-02
 0.0000000000000E+00 0.0000000000000E+00 0.0000000000000E+00-6.5880474843326E-03
 0.0000000000000E+00 0.0000000000000E+00 0.0000000000000E+00 5.0135804867166E-02
 0.0000000000000E+00 0.0000000000000E+00 0.0000000000000E+00-8.3559674769306E-03
 0.0000000000000E+00 0.0000000000000E+00 5.6669875251000E-02-4.5551889885000E-02
-1.4384783118480E+00-2.7543866677600E-01 2.0730209714000E-01-4.6333045380000E-02
 4.6333045404000E-02-2.7601574217700E-01-1.4911212504200E-01 1.4911212501900E-01
 4.3139376700300E-01-5.6671435755700E-01 5.6671435757000E-01-1.3064148191000E-02
 4.0647130302614E-02-6.4345967097659E-01 3.9192444594787E-02-4.0647130316470E-02
-8.6726886936500E-02-4.4051110261537E-01 8.1839553874497E-01 2.6018066079859E-01
 4.4051110260844E-01 1.0875681150000E-02 1.0859300749460E-01-1.0225349342570E-02
-5.1777078514001E-03-3.6401707186156E-02-1.8098834582240E-02 1.7475803447862E-03
-5.6669875251000E-02 4.5551889885000E-02 1.4384783118480E+00 2.7543866677600E-01
 2.0730209714000E-01-4.6333045380000E-02-4.6333045404000E-02-2.7601574217700E-01
-1.4911212504200E-01-1.4911212501900E-01 4.3139376700300E-01-5.6671435755700E-01
-5.6671435757000E-01 1.3064148191000E-02 4.0647130302614E-02-6.4345967097659E-01
-3.9192444594787E-02 4.0647130316470E-02 8.6726886936500E-02-4.4051110261537E-01
 8.1839553874497E-01-2.6018066079859E-01-4.4051110260844E-01-1.0875681150000E-02
 1.0859300749460E-01-1.0225349342570E-02 5.1777078514001E-03 3.6401707186156E-02
-1.8098834582240E-02 1.7475803447862E-03-5.6669875251000E-02 4.5551889885000E-02
 1.4384783118480E+00 2.7543866677600E-01 2.0730209714000E-01 4.6333045380000E-02
 4.6333045404000E-02-2.7601574217700E-01 1.4911212504200E-01 1.4911212501900E-01
 4.3139376700300E-01 5.6671435755700E-01 5.6671435757000E-01 1.3064148191000E-02
-4.0647130302614E-02-6.4345967097659E-01-3.9192444594787E-02-4.0647130316470E-02
 8.6726886936500E-02 4.4051110261537E-01 8.1839553874497E-01-2.6018066079859E-01
 4.4051110260844E-01 1.0875681150000E-02 1.0859300749460E-01 1.0225349342570E-02
-5.1777078514001E-03 3.6401707186156E-02-1.8098834582240E-02-1.7475803447862E-03
-5.6669875251000E-02 4.5551889885000E-02 1.4384783118470E+00 2.7543866677600E-01
-4.6333045380000E-02-2.0730209714000E-01 4.6333045404000E-02-1.4911212504200E-01
 2.7601574217700E-01 1.4911212501900E-01-5.6671435755700E-01-4.3139376700300E-01
 5.6671435757000E-01 1.3064148191000E-02 6.4345967097659E-01 4.0647130302614E-02
 3.9192444594787E-02-4.0647130316470E-02 8.6726886936500E-02-8.1839553874497E-01
-4.4051110261537E-01 2.6018066079859E-01 4.4051110260844E-01 1.0875681150000E-02
-1.0225349342570E-02-1.0859300749460E-01 5.1777078514001E-03 3.6401707186156E-02
-1.7475803447862E-03-1.8098834582240E-02 0.0000000000000E+00 0.0000000000000E+00
 0.0000000000000E+00 0.0000000000000E+00 0.0000000000000E+00 0.0000000000000E+00
 7.4818593674000E-02 0.0000000000000E+00 0.0000000000000E+00-1.3456017386490E+00
 0.0000000000000E+00 0.0000000000000E+00-2.0144136401440E+00 0.0000000000000E+00
 0.0000000000000E+00-4.5915844938200E-01 0.0000000000000E+00 0.0000000000000E+00
 1.0473324816662E+00 0.0000000000000E+00 0.0000000000000E+00 0.0000000000000E+00
 0.0000000000000E+00-1.6090424270745E+00 0.0000000000000E+00 0.0000000000000E+00
 0.0000000000000E+00 0.0000000000000E+00 7.2578830139139E-01 0.0000000000000E+00
 0.0000000000000E+00 0.0000000000000E+00 0.0000000000000E+00 0.0000000000000E+00
-5.8592440899110E-02 0.0000000000000E+00 0.0000000000000E+00 0.0000000000000E+00
-9.7654068164134E-03 0.0000000000000E+00 0.0000000000000E+00-3.9528284909242E-02
 0.0000000000000E+00 0.0000000000000E+00 0.0000000000000E+00-6.5880474843326E-03
 0.0000000000000E+00-5.0135804867166E-02 0.0000000000000E+00 0.0000000000000E+00
 0.0000000000000E+00-8.3559674769306E-03 0.0000000000000E+00 0.0000000000000E+00
 0.0000000000000E+00 5.6669875251000E-02-4.5551889885000E-02-1.4384783118470E+00
-2.7543866677600E-01 4.6333045380000E-02-2.0730209714000E-01 4.6333045404000E-02
 1.4911212504200E-01 2.7601574217700E-01 1.4911212501900E-01 5.6671435755700E-01
-4.3139376700300E-01 5.6671435757000E-01-1.3064148191000E-02 6.4345967097659E-01
-4.0647130302614E-02-3.9192444594787E-02-4.0647130316470E-02-8.6726886936500E-02
-8.1839553874497E-01 4.4051110261537E-01-2.6018066079859E-01 4.4051110260844E-01
 1.0875681150000E-02 1.0225349342570E-02-1.0859300749460E-01 5.1777078514001E-03
-3.6401707186156E-02 1.7475803447862E-03-1.8098834582240E-02-5.6669875251000E-02
 4.5551889885000E-02 1.4384783118470E+00 2.7543866677600E-01 4.6333045380000E-02
-2.0730209714000E-01-4.6333045404000E-02 1.4911212504200E-01 2.7601574217700E-01
-1.4911212501900E-01 5.6671435755700E-01-4.3139376700300E-01-5.6671435757000E-01
 1.3064148191000E-02 6.4345967097659E-01-4.0647130302614E-02 3.9192444594787E-02
 4.0647130316470E-02 8.6726886936500E-02-8.1839553874497E-01 4.4051110261537E-01
 2.6018066079859E-01-4.4051110260844E-01-1.0875681150000E-02 1.0225349342570E-02
-1.0859300749460E-01-5.1777078514001E-03 3.6401707186156E-02 1.7475803447862E-03
-1.8098834582240E-02 5.6669875251000E-02-4.5551889885000E-02-1.4384783118470E+00
-2.7543866677600E-01-4.6333045380000E-02-2.0730209714000E-01-4.6333045404000E-02
-1.4911212504200E-01 2.7601574217700E-01-1.4911212501900E-01-5.6671435755700E-01
-4.3139376700300E-01-5.6671435757000E-01-1.3064148191000E-02 6.4345967097659E-01
 4.0647130302614E-02-3.9192444594787E-02 4.0647130316470E-02-8.6726886936500E-02
-8.1839553874497E-01-4.4051110261537E-01-2.6018066079859E-01-4.4051110260844E-01
-1.0875681150000E-02-1.0225349342570E-02-1.0859300749460E-01-5.1777078514001E-03
-3.6401707186156E-02-1.7475803447862E-03-1.8098834582240E-02 5.6669875261000E-02
-4.5551889904000E-02-1.4384783118440E+00-2.7543866678200E-01 4.6333045398000E-02
 4.6333045398000E-02-2.0730209713900E-01 1.4911212502600E-01 1.4911212502600E-01
 2.7601574216800E-01 5.6671435756600E-01 5.6671435756600E-01-4.3139376700800E-01
 2.6128296394000E-02-4.0647130311274E-02-4.0647130311274E-02 0.0000000000000E+00
 6.4345967098178E-01 1.7345377386350E-01 4.4051110261710E-01 4.4051110261710E-01
 0.0000000000000E+00-8.1839553875017E-01 4.3437202997000E-01-1.5663189917834E-02
-1.5663189917834E-02 0.0000000000000E+00-3.6401707186285E-02-8.4127358175278E-04
 8.4127358175278E-04 0.0000000000000E+00 0.0000000000000E+00 0.0000000000000E+00
 0.0000000000000E+00 0.0000000000000E+00 0.0000000000000E+00 0.0000000000000E+00
 7.4818593677000E-02 0.0000000000000E+00 0.0000000000000E+00-1.3456017386590E+00
 0.0000000000000E+00 0.0000000000000E+00-2.0144136401380E+00 0.0000000000000E+00
 0.0000000000000E+00-4.5915844938600E-01 0.0000000000000E+00 0.0000000000000E+00
 0.0000000000000E+00 0.0000000000000E+00 1.0473324816592E+00 0.0000000000000E+00
 0.0000000000000E+00 0.0000000000000E+00 0.0000000000000E+00-1.6090424270191E+00
 0.0000000000000E+00 0.0000000000000E+00 0.0000000000000E+00 0.0000000000000E+00
 7.2578830139659E-01 2.3436976359700E-01 0.0000000000000E+00 0.0000000000000E+00
 0.0000000000000E+00 0.0000000000000E+00 0.0000000000000E+00 0.0000000000000E+00
 1.5811313962700E-01 0.0000000000000E+00 0.0000000000000E+00 0.0000000000000E+00
 0.0000000000000E+00 0.0000000000000E+00 0.0000000000000E+00 0.0000000000000E+00
 0.0000000000000E+00 0.0000000000000E+00 0.0000000000000E+00 3.3423869907971E-02
 0.0000000000000E+00 0.0000000000000E+00 0.0000000000000E+00 0.0000000000000E+00
-5.6669875261000E-02 4.5551889904000E-02 1.4384783118440E+00 2.7543866678200E-01
-4.6333045398000E-02 4.6333045398000E-02-2.0730209713900E-01-1.4911212502600E-01
 1.4911212502600E-01 2.7601574216800E-01-5.6671435756600E-01 5.6671435756600E-01
-4.3139376700800E-01-2.6128296394000E-02-4.0647130311274E-02 4.0647130311274E-02
 0.0000000000000E+00 6.4345967098178E-01-1.7345377386350E-01 4.4051110261710E-01
-4.4051110261710E-01 0.0000000000000E+00-8.1839553875017E-01 4.3437202997000E-01
 1.5663189917834E-02-1.5663189917834E-02 0.0000000000000E+00 3.6401707186285E-02
 8.4127358175278E-04 8.4127358175278E-04-5.6669875261000E-02 4.5551889904000E-02
 1.4384783118440E+00 2.7543866678200E-01 4.6333045398000E-02-4.6333045398000E-02
-2.0730209713900E-01 1.4911212502600E-01-1.4911212502600E-01 2.7601574216800E-01
 5.6671435756600E-01-5.6671435756600E-01-4.3139376700800E-01-2.6128296394000E-02
 4.0647130311274E-02-4.0647130311274E-02 0.0000000000000E+00 6.4345967098178E-01
-1.7345377386350E-01-4.4051110261710E-01 4.4051110261710E-01 0.0000000000000E+00
-8.1839553875017E-01 4.3437202997000E-01-1.5663189917834E-02 1.5663189917834E-02
 0.0000000000000E+00 3.6401707186285E-02-8.4127358175278E-04-8.4127358175278E-04
 5.6669875261000E-02-4.5551889904000E-02-1.4384783118440E+00-2.7543866678200E-01
-4.6333045398000E-02-4.6333045398000E-02-2.0730209713900E-01-1.4911212502600E-01
-1.4911212502600E-01 2.7601574216800E-01-5.6671435756600E-01-5.6671435756600E-01
-4.3139376700800E-01 2.6128296394000E-02 4.0647130311274E-02 4.0647130311274E-02
 0.0000000000000E+00 6.4345967098178E-01 1.7345377386350E-01-4.4051110261710E-01
-4.4051110261710E-01 0.0000000000000E+00-8.1839553875017E-01 4.3437202997000E-01
 1.5663189917834E-02 1.5663189917834E-02 0.0000000000000E+00-3.6401707186285E-02
 8.4127358175278E-04-8.4127358175278E-04 3.8000000000000E-11-1.7000000000000E-10
-2.6400000000000E-10-2.4000000000000E-11-5.5577518191000E-02-5.5597057176000E-02
-1.1117457539400E-01 1.5664146873900E-01 1.5669653804100E-01 3.1333800670700E-01
 5.2855191084700E-01 5.2873773000000E-01 1.0572896406420E+00-3.9843190947500E-02
 4.5296114137275E-01 4.5280195308290E-01-7.0024597124976E-06 9.0576309456824E-01
 2.4330399474650E-01-5.4328995435348E-01-5.4309902097753E-01 4.2760791528949E-05
-1.0863889753778E+00 9.2077055541000E-02-4.6366497582045E-02-4.6366459157308E-02
 1.6336286357120E-06 4.1311822359546E-12-1.5679539921876E-03 1.5668713106414E-03
-2.2000000000000E-11-6.4000000000000E-11-5.0900000000000E-10 1.4190000000000E-09
 2.4000000000000E-10 0.0000000000000E+00 0.0000000000000E+00 0.0000000000000E+00
 0.0000000000000E+00 0.0000000000000E+00 0.0000000000000E+00 0.0000000000000E+00
 0.0000000000000E+00 0.0000000000000E+00 0.0000000000000E+00 0.0000000000000E+00
 0.0000000000000E+00-1.2162629194900E-01 0.0000000000000E+00 0.0000000000000E+00
-2.1375878142956E-05 0.0000000000000E+00 7.7415501404900E-01 0.0000000000000E+00
 0.0000000000000E+00 1.3605810924841E-04 0.0000000000000E+00 1.3165381560325E+00
 0.0000000000000E+00 0.0000000000000E+00 2.3138220180880E-04 0.0000000000000E+00
 0.0000000000000E+00 0.0000000000000E+00 0.0000000000000E+00 0.0000000000000E+00
 1.2909944487358E-12 0.0000000000000E+00 0.0000000000000E+00 0.0000000000000E+00
 0.0000000000000E+00 0.0000000000000E+00 0.0000000000000E+00-2.1817806183635E-11
 0.0000000000000E+00 0.0000000000000E+00-1.5819726531700E-01 0.0000000000000E+00
 0.0000000000000E+00 1.8535495678300E-06 0.0000000000000E+00 0.0000000000000E+00
 0.0000000000000E+00 1.3183105440780E-03 0.0000000000000E+00 3.8000000000000E-11
-1.7000000000000E-10-2.6400000000000E-10-2.4000000000000E-11-5.5577518191000E-02
 5.5597057176000E-02 1.1117457539400E-01 1.5664146873900E-01-1.5669653804100E-01
-3.1333800670700E-01 5.2855191084700E-01-5.2873773000000E-01-1.0572896406420E+00
-3.9843190947500E-02-4.5296114137275E-01 4.5280195308290E-01-7.0024597124976E-06
-9.0576309456824E-01 2.4330399474650E-01 5.4328995435348E-01-5.4309902097753E-01
 4.2760791528949E-05 1.0863889753778E+00-9.2077055541000E-02-4.6366497582045E-02
 4.6366459157308E-02-1.6336286357120E-06 4.1311822359546E-12-1.5679539921876E-03
-1.5668713106414E-03 3.8000000000000E-11-1.7000000000000E-10-2.6400000000000E-10
-2.4000000000000E-11 5.5577518191000E-02-5.5597057176000E-02 1.1117457539400E-01
-1.5664146873900E-01 1.5669653804100E-01-3.1333800670700E-01-5.2855191084700E-01
 5.2873773000000E-01-1.0572896406420E+00-3.9843190947500E-02 4.5296114137275E-01
-4.5280195308290E-01-7.0024597124976E-06-9.0576309456824E-01 2.4330399474650E-01
-5.4328995435348E-01 5.4309902097753E-01 4.2760791528949E-05 1.0863889753778E+00
-9.2077055541000E-02 4.6366497582045E-02-4.6366459157308E-02-1.6336286357120E-06
 4.1311822359546E-12 1.5679539921876E-03 1.5668713106414E-03 3.8000000000000E-11
-1.7000000000000E-10-2.6400000000000E-10-2.4000000000000E-11 5.5577518191000E-02
 5.5597057176000E-02-1.1117457539400E-01-1.5664146873900E-01-1.5669653804100E-01
 3.1333800670700E-01-5.2855191084700E-01-5.2873773000000E-01 1.0572896406420E+00
-3.9843190947500E-02-4.5296114137275E-01-4.5280195308290E-01-7.0024597124976E-06
 9.0576309456824E-01 2.4330399474650E-01 5.4328995435348E-01 5.4309902097753E-01
 4.2760791528949E-05-1.0863889753778E+00 9.2077055541000E-02 4.6366497582045E-02
 4.6366459157308E-02 1.6336286357120E-06 4.1311822359546E-12 1.5679539921876E-03
-1.5668713106414E-03 1.0000000000000E-12-3.0000000000000E-12-4.0000000000000E-12
 0.0000000000000E+00 9.6285646954000E-02-9.6274366116000E-02 1.1280837000000E-05
-2.7137457093200E-01 2.7134277665600E-01-3.1794277000000E-05-9.1569332938300E-01
 9.1558604664700E-01-1.0728273900000E-04 4.0428720000000E-06 7.8436789597177E-01
-7.8445980337674E-01-6.9010431061068E-02-9.1907401505986E-05-2.4687954500000E-05
-9.4078533333394E-01 9.4089556876881E-01 4.2141488058541E-01 1.1023543487618E-04
-9.3430200000000E-06-1.8463757536952E-04 1.9404714977901E-04 1.6099687732342E-02
 1.2909944487358E-13-5.3348464723161E-03-5.3351645617677E-03 0.0000000000000E+00
-1.0000000000000E-12-8.0000000000000E-12 2.4000000000000E-11 3.0000000000000E-12
 0.0000000000000E+00 0.0000000000000E+00 0.0000000000000E+00 0.0000000000000E+00
 0.0000000000000E+00 0.0000000000000E+00 0.0000000000000E+00 0.0000000000000E+00
 0.0000000000000E+00 0.0000000000000E+00 0.0000000000000E+00 0.0000000000000E+00
 1.2341369000000E-05 0.0000000000000E+00 0.0000000000000E+00-2.1066291719187E-01
 0.0000000000000E+00-7.8553185500000E-05 0.0000000000000E+00 0.0000000000000E+00
 1.3408758172523E+00 0.0000000000000E+00-1.3358857650000E-04 0.0000000000000E+00
 0.0000000000000E+00 2.2803109763522E+00 0.0000000000000E+00 0.0000000000000E+00
 0.0000000000000E+00 0.0000000000000E+00 0.0000000000000E+00 0.0000000000000E+00
 0.0000000000000E+00 0.0000000000000E+00 0.0000000000000E+00 0.0000000000000E+00
 0.0000000000000E+00 0.0000000000000E+00-3.8729833462074E-13 0.0000000000000E+00
 0.0000000000000E+00 1.6052210000000E-05 0.0000000000000E+00 0.0000000000000E+00
 1.8267046741279E-02 0.0000000000000E+00 0.0000000000000E+00 0.0000000000000E+00
-1.3376842363205E-07 0.0000000000000E+00 1.0000000000000E-12-3.0000000000000E-12
-4.0000000000000E-12 0.0000000000000E+00 9.6285646954000E-02 9.6274366116000E-02
-1.1280837000000E-05-2.7137457093200E-01-2.7134277665600E-01 3.1794277000000E-05
-9.1569332938300E-01-9.1558604664700E-01 1.0728273900000E-04 4.0428720000000E-06
-7.8436789597177E-01-7.8445980337674E-01-6.9010431061068E-02 9.1907401505986E-05
-2.4687954500000E-05 9.4078533333394E-01 9.4089556876881E-01 4.2141488058541E-01
-1.1023543487618E-04 9.3430200000000E-06-1.8463757536952E-04-1.9404714977901E-04
-1.6099687732342E-02 1.2909944487358E-13-5.3348464723161E-03 5.3351645617677E-03
 1.0000000000000E-12-3.0000000000000E-12-4.0000000000000E-12 0.0000000000000E+00
-9.6285646954000E-02-9.6274366116000E-02-1.1280837000000E-05 2.7137457093200E-01
 2.7134277665600E-01 3.1794277000000E-05 9.1569332938300E-01 9.1558604664700E-01
 1.0728273900000E-04 4.0428720000000E-06 7.8436789597177E-01 7.8445980337674E-01
-6.9010431061068E-02 9.1907401505986E-05-2.4687954500000E-05-9.4078533333394E-01
-9.4089556876881E-01 4.2141488058541E-01-1.1023543487618E-04 9.3430200000000E-06
 1.8463757536952E-04 1.9404714977901E-04-1.6099687732342E-02 1.2909944487358E-13
 5.3348464723161E-03-5.3351645617677E-03 1.0000000000000E-12-3.0000000000000E-12
-4.0000000000000E-12 0.0000000000000E+00-9.6285646954000E-02 9.6274366116000E-02
 1.1280837000000E-05 2.7137457093200E-01-2.7134277665600E-01-3.1794277000000E-05
 9.1569332938300E-01-9.1558604664700E-01-1.0728273900000E-04 4.0428720000000E-06
-7.8436789597177E-01 7.8445980337674E-01-6.9010431061068E-02-9.1907401505986E-05
-2.4687954500000E-05 9.4078533333394E-01-9.4089556876881E-01 4.2141488058541E-01
 1.1023543487618E-04-9.3430200000000E-06 1.8463757536952E-04-1.9404714977901E-04
 1.6099687732342E-02 1.2909944487358E-13 5.3348464723161E-03 5.3351645617677E-03
 3.8452118223400E-01-1.8554681859620E+00-3.0420602751470E+00-3.0075435452300E-01
 1.0573189430700E-01 1.0573189430700E-01-1.0573189430600E-01 2.6960373472100E-01
 2.6960373472000E-01-2.6960373474300E-01 7.8145689272300E-01 7.8145689272100E-01
-7.8145689286300E-01 3.5000000000000E-12-4.0928432708912E-01-4.0928432708739E-01
 0.0000000000000E+00 4.0928432696095E-01-2.0000000000000E-11 1.7828318418640E-01
 1.7828318418293E-01-8.6602540378444E-13-1.7828318404957E-01-9.2568550471000E-02
-2.3142137611318E-02-2.3142137611318E-02 0.0000000000000E+00 4.3906828342425E-02
 3.8570229358620E-03-3.8570229358620E-03-2.1728841369200E-01-6.7995986843100E-01
-5.6157187683120E+00 1.5877462894197E+01 2.9733759429510E+00 0.0000000000000E+00
 0.0000000000000E+00 0.0000000000000E+00 0.0000000000000E+00 0.0000000000000E+00
 0.0000000000000E+00 0.0000000000000E+00 0.0000000000000E+00 0.0000000000000E+00
 0.0000000000000E+00 0.0000000000000E+00 0.0000000000000E+00 7.5000000000000E-12
 0.0000000000000E+00 0.0000000000000E+00 0.0000000000000E+00 0.0000000000000E+00
-5.5000000000000E-11 0.0000000000000E+00 0.0000000000000E+00-1.7320508075689E-12
 0.0000000000000E+00-1.1500000000000E-10 0.0000000000000E+00 0.0000000000000E+00
-3.4641016151378E-12 0.0000000000000E+00 0.0000000000000E+00 0.0000000000000E+00
 0.0000000000000E+00 0.0000000000000E+00 1.4810641309024E-02 0.0000000000000E+00
 0.0000000000000E+00 0.0000000000000E+00 0.0000000000000E+00 0.0000000000000E+00
 0.0000000000000E+00-2.4666526346866E-01 0.0000000000000E+00 0.0000000000000E+00
-2.0808212102100E-01 0.0000000000000E+00 0.0000000000000E+00 0.0000000000000E+00
 0.0000000000000E+00 0.0000000000000E+00 0.0000000000000E+00-1.2385840539512E-03
 0.0000000000000E+00 3.8452118223400E-01-1.8554681859620E+00-3.0420602751470E+00
-3.0075435452300E-01 1.0573189430700E-01-1.0573189430700E-01 1.0573189430600E-01
 2.6960373472100E-01-2.6960373472000E-01 2.6960373474300E-01 7.8145689272300E-01
-7.8145689272100E-01 7.8145689286300E-01 3.5000000000000E-12 4.0928432708912E-01
-4.0928432708739E-01 0.0000000000000E+00-4.0928432696095E-01-2.0000000000000E-11
-1.7828318418640E-01 1.7828318418293E-01-8.6602540378444E-13 1.7828318404957E-01
 9.2568550471000E-02-2.3142137611318E-02 2.3142137611318E-02 0.0000000000000E+00
 4.3906828342425E-02 3.8570229358620E-03 3.8570229358620E-03 3.8452118223400E-01
-1.8554681859620E+00-3.0420602751470E+00-3.0075435452300E-01-1.0573189430700E-01
 1.0573189430700E-01 1.0573189430600E-01-2.6960373472100E-01 2.6960373472000E-01
 2.6960373474300E-01-7.8145689272300E-01 7.8145689272100E-01 7.8145689286300E-01
 3.5000000000000E-12-4.0928432708912E-01 4.0928432708739E-01 0.0000000000000E+00
-4.0928432696095E-01-2.0000000000000E-11 1.7828318418640E-01-1.7828318418293E-01
-8.6602540378444E-13 1.7828318404957E-01 9.2568550471000E-02 2.3142137611318E-02
-2.3142137611318E-02 0.0000000000000E+00 4.3906828342425E-02-3.8570229358620E-03
-3.8570229358620E-03 3.8452118223400E-01-1.8554681859620E+00-3.0420602751470E+00
-3.0075435452300E-01-1.0573189430700E-01-1.0573189430700E-01-1.0573189430600E-01
-2.6960373472100E-01-2.6960373472000E-01-2.6960373474300E-01-7.8145689272300E-01
-7.8145689272100E-01-7.8145689286300E-01 3.5000000000000E-12 4.0928432708912E-01
 4.0928432708739E-01 0.0000000000000E+00 4.0928432696095E-01-2.0000000000000E-11
-1.7828318418640E-01-1.7828318418293E-01-8.6602540378444E-13-1.7828318404957E-01
-9.2568550471000E-02 2.3142137611318E-02 2.3142137611318E-02 0.0000000000000E+00
 4.3906828342425E-02-3.8570229358620E-03 3.8570229358620E-03 6.0000000000000E-12
-1.5000000000000E-11-5.1000000000000E-11-5.0000000000000E-12-2.6851130759600E-01
 7.0000000000000E-12-2.6851130759300E-01 5.6774421288400E-01-3.0000000000000E-12
 5.6774421286800E-01 4.0656019715000E-02 1.5000000000000E-11 4.0656019684000E-02
-1.5119495825200E-01-5.1961524227066E-12-5.4126783842611E-01 1.5119495825303E-01
-5.4126783841572E-01 2.0139886754800E-01 1.2124355652982E-11 3.2296258053317E-01
-2.0139886755264E-01 3.2296258051758E-01 6.8622350052000E-02 1.7742128305310E-02
 2.4667832610454E-02 1.3959086327196E-02-1.2909944487358E-13 6.3490361674200E-03
-2.4667832608722E-03 0.0000000000000E+00 0.0000000000000E+00 0.0000000000000E+00
 0.0000000000000E+00 0.0000000000000E+00 0.0000000000000E+00-8.0000000000000E-12
 0.0000000000000E+00 0.0000000000000E+00 2.4000000000000E-11 0.0000000000000E+00
 0.0000000000000E+00 9.2000000000000E-11 0.0000000000000E+00 0.0000000000000E+00
 8.0000000000000E-12 0.0000000000000E+00 0.0000000000000E+00 8.6602540378444E-12
 0.0000000000000E+00 0.0000000000000E+00 0.0000000000000E+00 0.0000000000000E+00
-2.9444863728671E-11 0.0000000000000E+00 0.0000000000000E+00 0.0000000000000E+00
 0.0000000000000E+00-2.9444863728671E-11 0.0000000000000E+00 0.0000000000000E+00
 0.0000000000000E+00 0.0000000000000E+00 0.0000000000000E+00-1.3095939174439E-01
 0.0000000000000E+00 0.0000000000000E+00 0.0000000000000E+00 1.3095939174623E-02
 0.0000000000000E+00 0.0000000000000E+00 4.6719249689559E-01 0.0000000000000E+00
 0.0000000000000E+00 0.0000000000000E+00-4.6719249689257E-02 0.0000000000000E+00
-4.3145367925641E-02 0.0000000000000E+00 0.0000000000000E+00 0.0000000000000E+00
 1.0272706649762E-03 0.0000000000000E+00 0.0000000000000E+00 0.0000000000000E+00
-6.0000000000000E-12 1.5000000000000E-11 5.1000000000000E-11 5.0000000000000E-12
 2.6851130759600E-01 7.0000000000000E-12-2.6851130759300E-01-5.6774421288400E-01
-3.0000000000000E-12 5.6774421286800E-01-4.0656019715000E-02 1.5000000000000E-11
 4.0656019684000E-02 1.5119495825200E-01-5.1961524227066E-12 5.4126783842611E-01
-1.5119495825303E-01-5.4126783841572E-01-2.0139886754800E-01 1.2124355652982E-11
-3.2296258053317E-01 2.0139886755264E-01 3.2296258051758E-01 6.8622350052000E-02
-1.7742128305310E-02 2.4667832610454E-02 1.3959086327196E-02 1.2909944487358E-13
-6.3490361674200E-03-2.4667832608722E-03 6.0000000000000E-12-1.5000000000000E-11
-5.1000000000000E-11-5.0000000000000E-12 2.6851130759600E-01 7.0000000000000E-12
 2.6851130759300E-01-5.6774421288400E-01-3.0000000000000E-12-5.6774421286800E-01
-4.0656019715000E-02 1.5000000000000E-11-4.0656019684000E-02-1.5119495825200E-01
-5.1961524227066E-12 5.4126783842611E-01 1.5119495825303E-01 5.4126783841572E-01
 2.0139886754800E-01 1.2124355652982E-11-3.2296258053317E-01-2.0139886755264E-01
-3.2296258051758E-01-6.8622350052000E-02-1.7742128305310E-02 2.4667832610454E-02
-1.3959086327196E-02-1.2909944487358E-13-6.3490361674200E-03-2.4667832608722E-03
-6.0000000000000E-12 1.5000000000000E-11 5.1000000000000E-11 5.0000000000000E-12
-2.6851130759600E-01 7.0000000000000E-12 2.6851130759300E-01 5.6774421288400E-01
-3.0000000000000E-12-5.6774421286800E-01 4.0656019715000E-02 1.5000000000000E-11
-4.0656019684000E-02 1.5119495825200E-01-5.1961524227066E-12-5.4126783842611E-01
-1.5119495825303E-01 5.4126783841572E-01-2.0139886754800E-01 1.2124355652982E-11
 3.2296258053317E-01 2.0139886755264E-01-3.2296258051758E-01-6.8622350052000E-02
 1.7742128305310E-02 2.4667832610454E-02-1.3959086327196E-02 1.2909944487358E-13
 6.3490361674200E-03-2.4667832608722E-03-6.0000000000000E-12 1.4000000000000E-11
 5.1000000000000E-11 5.0000000000000E-12-7.0000000000000E-12 2.6851130759600E-01
 2.6851130759300E-01 3.0000000000000E-12-5.6774421288400E-01-5.6774421286800E-01
-1.4000000000000E-11-4.0656019715000E-02-4.0656019684000E-02 1.5119495825200E-01
 5.4126783842611E-01 5.1961524227066E-12 1.5119495825303E-01 5.4126783841745E-01
-2.0139886754800E-01-3.2296258053317E-01-1.2124355652982E-11-2.0139886755177E-01
-3.2296258051758E-01-6.8622350052000E-02-2.4667832610454E-02-1.7742128305310E-02
 1.3959086327196E-02 1.2909944487358E-13-2.4667832609249E-03 6.3490361673673E-03
 0.0000000000000E+00 0.0000000000000E+00 0.0000000000000E+00 0.0000000000000E+00
 0.0000000000000E+00 7.0000000000000E-12 0.0000000000000E+00 0.0000000000000E+00
-2.1000000000000E-11 0.0000000000000E+00 0.0000000000000E+00-9.1000000000000E-11
 0.0000000000000E+00 0.0000000000000E+00-8.0000000000000E-12 0.0000000000000E+00
 0.0000000000000E+00 0.0000000000000E+00 0.0000000000000E+00-6.9282032302755E-12
 0.0000000000000E+00 0.0000000000000E+00 0.0000000000000E+00 0.0000000000000E+00
 2.7712812921102E-11 0.0000000000000E+00 0.0000000000000E+00 0.0000000000000E+00
 0.0000000000000E+00 2.9444863728671E-11 0.0000000000000E+00 0.0000000000000E+00
 0.0000000000000E+00 1.3095939174439E-01 0.0000000000000E+00 0.0000000000000E+00
 0.0000000000000E+00 1.3095939174675E-02 0.0000000000000E+00 0.0000000000000E+00
-4.6719249689518E-01 0.0000000000000E+00 0.0000000000000E+00 0.0000000000000E+00
-4.6719249689310E-02 0.0000000000000E+00 0.0000000000000E+00 0.0000000000000E+00
 4.3145367925641E-02 0.0000000000000E+00 0.0000000000000E+00 0.0000000000000E+00
 1.0272706649762E-03 0.0000000000000E+00 0.0000000000000E+00-6.0000000000000E-12
 1.4000000000000E-11 5.1000000000000E-11 5.0000000000000E-12-7.0000000000000E-12
-2.6851130759600E-01-2.6851130759300E-01 3.0000000000000E-12 5.6774421288400E-01
 5.6774421286800E-01-1.4000000000000E-11 4.0656019715000E-02 4.0656019684000E-02
 1.5119495825200E-01-5.4126783842611E-01 5.1961524227066E-12 1.5119495825303E-01
-5.4126783841745E-01-2.0139886754800E-01 3.2296258053317E-01-1.2124355652982E-11
-2.0139886755177E-01 3.2296258051758E-01 6.8622350052000E-02-2.4667832610454E-02
 1.7742128305310E-02-1.3959086327196E-02 1.2909944487358E-13-2.4667832609249E-03
-6.3490361673673E-03 6.0000000000000E-12-1.4000000000000E-11-5.1000000000000E-11
-5.0000000000000E-12-7.0000000000000E-12-2.6851130759600E-01 2.6851130759300E-01
 3.0000000000000E-12 5.6774421288400E-01-5.6774421286800E-01-1.4000000000000E-11
 4.0656019715000E-02-4.0656019684000E-02-1.5119495825200E-01-5.4126783842611E-01
 5.1961524227066E-12-1.5119495825303E-01 5.4126783841745E-01 2.0139886754800E-01
 3.2296258053317E-01-1.2124355652982E-11 2.0139886755177E-01-3.2296258051758E-01
-6.8622350052000E-02-2.4667832610454E-02 1.7742128305310E-02 1.3959086327196E-02
-1.2909944487358E-13-2.4667832609249E-03-6.3490361673673E-03 6.0000000000000E-12
-1.4000000000000E-11-5.1000000000000E-11-5.0000000000000E-12-7.0000000000000E-12
 2.6851130759600E-01-2.6851130759300E-01 3.0000000000000E-12-5.6774421288400E-01
 5.6774421286800E-01-1.4000000000000E-11-4.0656019715000E-02 4.0656019684000E-02
-1.5119495825200E-01 5.4126783842611E-01 5.1961524227066E-12-1.5119495825303E-01
-5.4126783841745E-01 2.0139886754800E-01-3.2296258053317E-01-1.2124355652982E-11
 2.0139886755177E-01 3.2296258051758E-01 6.8622350052000E-02-2.4667832610454E-02
-1.7742128305310E-02-1.3959086327196E-02-1.2909944487358E-13-2.4667832609249E-03
 6.3490361673673E-03 0.0000000000000E+00 0.0000000000000E+00 0.0000000000000E+00
 0.0000000000000E+00 2.6851130759700E-01-2.6851130759700E-01 0.0000000000000E+00
-5.6774421288000E-01 5.6774421288000E-01 0.0000000000000E+00-4.0656019699000E-02
 4.0656019698000E-02 0.0000000000000E+00 0.0000000000000E+00-5.4126783841918E-01
 5.4126783841918E-01-3.0238991650259E-01 0.0000000000000E+00 0.0000000000000E+00
 3.2296258052624E-01-3.2296258052797E-01 4.0279773509748E-01 0.0000000000000E+00
 0.0000000000000E+00 5.2053303332524E-02-5.2053303332524E-02-9.8671330442001E-03
 0.0000000000000E+00 6.3050699630653E-04 6.3050699630653E-04 0.0000000000000E+00
 0.0000000000000E+00 0.0000000000000E+00 0.0000000000000E+00 0.0000000000000E+00
 0.0000000000000E+00 0.0000000000000E+00 0.0000000000000E+00 0.0000000000000E+00
 0.0000000000000E+00 1.0000000000000E-12 0.0000000000000E+00 0.0000000000000E+00
 0.0000000000000E+00 0.0000000000000E+00 0.0000000000000E+00 0.0000000000000E+00
 0.0000000000000E+00 0.0000000000000E+00 0.0000000000000E+00 0.0000000000000E+00
 0.0000000000000E+00 0.0000000000000E+00 0.0000000000000E+00 0.0000000000000E+00
 0.0000000000000E+00 0.0000000000000E+00 0.0000000000000E+00 0.0000000000000E+00
 0.0000000000000E+00 0.0000000000000E+00 0.0000000000000E+00 0.0000000000000E+00
 0.0000000000000E+00 0.0000000000000E+00 5.2383756698352E-02 0.0000000000000E+00
 0.0000000000000E+00 0.0000000000000E+00 0.0000000000000E+00 0.0000000000000E+00
 0.0000000000000E+00-1.8687699875853E-01 0.0000000000000E+00 0.0000000000000E+00
 0.0000000000000E+00 0.0000000000000E+00 0.0000000000000E+00 0.0000000000000E+00
 0.0000000000000E+00 0.0000000000000E+00 0.0000000000000E+00 0.0000000000000E+00
 0.0000000000000E+00 1.0272706648699E-03 0.0000000000000E+00 0.0000000000000E+00
 0.0000000000000E+00 0.0000000000000E+00-2.6851130759700E-01-2.6851130759700E-01
 0.0000000000000E+00 5.6774421288000E-01 5.6774421288000E-01 0.0000000000000E+00
 4.0656019699000E-02 4.0656019698000E-02 0.0000000000000E+00 0.0000000000000E+00
-5.4126783841918E-01-5.4126783841918E-01 3.0238991650259E-01 0.0000000000000E+00
 0.0000000000000E+00 3.2296258052624E-01 3.2296258052797E-01-4.0279773509748E-01
 0.0000000000000E+00 0.0000000000000E+00-5.2053303332524E-02-5.2053303332524E-02
-9.8671330442001E-03 0.0000000000000E+00-6.3050699630653E-04 6.3050699630653E-04
 0.0000000000000E+00 0.0000000000000E+00 0.0000000000000E+00 0.0000000000000E+00
 2.6851130759700E-01 2.6851130759700E-01 0.0000000000000E+00-5.6774421288000E-01
-5.6774421288000E-01 0.0000000000000E+00-4.0656019699000E-02-4.0656019698000E-02
 0.0000000000000E+00 0.0000000000000E+00 5.4126783841918E-01 5.4126783841918E-01
 3.0238991650259E-01 0.0000000000000E+00 0.0000000000000E+00-3.2296258052624E-01
-3.2296258052797E-01-4.0279773509748E-01 0.0000000000000E+00 0.0000000000000E+00
 5.2053303332524E-02 5.2053303332524E-02-9.8671330442001E-03 0.0000000000000E+00
 6.3050699630653E-04-6.3050699630653E-04 0.0000000000000E+00 0.0000000000000E+00
 0.0000000000000E+00 0.0000000000000E+00-2.6851130759700E-01 2.6851130759700E-01
 0.0000000000000E+00 5.6774421288000E-01-5.6774421288000E-01 0.0000000000000E+00
 4.0656019699000E-02-4.0656019698000E-02 0.0000000000000E+00 0.0000000000000E+00
 5.4126783841918E-01-5.4126783841918E-01-3.0238991650259E-01 0.0000000000000E+00
 0.0000000000000E+00-3.2296258052624E-01 3.2296258052797E-01 4.0279773509748E-01
 0.0000000000000E+00 0.0000000000000E+00-5.2053303332524E-02 5.2053303332524E-02
-9.8671330442001E-03 0.0000000000000E+00-6.3050699630653E-04-6.3050699630653E-04
 3.8388790190000E-02 6.1804435951000E-02-2.0657698347200E-01 1.2658134947000E-02
-1.3449594900300E-01-2.8227168063000E-02 2.8227168065000E-02 1.1441348094800E-01
-2.8455954694000E-02 2.8455954691000E-02 1.3928508434000E-01-2.0839760998300E-01
 2.0839760998200E-01-1.1494137928050E-01 2.9505959763751E-01-4.4597683162322E-01
 3.4482413783999E-01-2.9505959764271E-01 1.6535712045250E-01-3.7761323166439E-01
 2.5868896244845E-01-4.9607136136007E-01 3.7761323166959E-01 1.3838109567900E-01
-7.5423122192414E-02 1.0307770818959E-02-9.7150012406702E-03 1.0540180853469E-02
 1.2570520365602E-02 8.1946292968637E-03 0.0000000000000E+00 0.0000000000000E+00
 0.0000000000000E+00 0.0000000000000E+00 0.0000000000000E+00 3.4369126405800E-01
 0.0000000000000E+00 0.0000000000000E+00-1.1166928038100E+00 0.0000000000000E+00
 0.0000000000000E+00-2.5461208724000E-01 0.0000000000000E+00 0.0000000000000E+00
 1.2024650051200E-01 0.0000000000000E+00 0.0000000000000E+00 0.0000000000000E+00
 0.0000000000000E+00 1.8594002235537E-02 0.0000000000000E+00 0.0000000000000E+00
 0.0000000000000E+00 0.0000000000000E+00-8.7681208816711E-01 0.0000000000000E+00
 0.0000000000000E+00 0.0000000000000E+00 0.0000000000000E+00-1.4523123436106E+00
 0.0000000000000E+00 0.0000000000000E+00 0.0000000000000E+00 2.1061293714332E-02
 0.0000000000000E+00 0.0000000000000E+00 0.0000000000000E+00-3.5102156197364E-03
 0.0000000000000E+00 0.0000000000000E+00-1.7361268441149E-01 0.0000000000000E+00
 0.0000000000000E+00 0.0000000000000E+00 2.8935447402004E-02 0.0000000000000E+00
 0.0000000000000E+00 0.0000000000000E+00-1.8056082621461E-02 0.0000000000000E+00
 0.0000000000000E+00 0.0000000000000E+00 3.0093471034627E-03 0.0000000000000E+00
 0.0000000000000E+00 3.8388790190000E-02 6.1804435951000E-02-2.0657698347200E-01
 1.2658134947000E-02-1.3449594900300E-01 2.8227168063000E-02-2.8227168065000E-02
 1.1441348094800E-01 2.8455954694000E-02-2.8455954691000E-02 1.3928508434000E-01
 2.0839760998300E-01-2.0839760998200E-01-1.1494137928050E-01-2.9505959763751E-01
-4.4597683162322E-01 3.4482413783999E-01 2.9505959764271E-01 1.6535712045250E-01
 3.7761323166439E-01 2.5868896244845E-01-4.9607136136007E-01-3.7761323166959E-01
-1.3838109567900E-01-7.5423122192414E-02-1.0307770818959E-02 9.7150012406702E-03
 1.0540180853469E-02 1.2570520365602E-02-8.1946292968637E-03-3.8388790190000E-02
-6.1804435951000E-02 2.0657698347200E-01-1.2658134947000E-02-1.3449594900300E-01
 2.8227168063000E-02 2.8227168065000E-02 1.1441348094800E-01 2.8455954694000E-02
 2.8455954691000E-02 1.3928508434000E-01 2.0839760998300E-01 2.0839760998200E-01
 1.1494137928050E-01-2.9505959763751E-01-4.4597683162322E-01-3.4482413783999E-01
-2.9505959764271E-01-1.6535712045250E-01 3.7761323166439E-01 2.5868896244845E-01
 4.9607136136007E-01 3.7761323166959E-01 1.3838109567900E-01-7.5423122192414E-02
-1.0307770818959E-02-9.7150012406702E-03-1.0540180853469E-02 1.2570520365602E-02
-8.1946292968637E-03-3.8388790190000E-02-6.1804435951000E-02 2.0657698347200E-01
-1.2658134947000E-02-1.3449594900300E-01-2.8227168063000E-02-2.8227168065000E-02
 1.1441348094800E-01-2.8455954694000E-02-2.8455954691000E-02 1.3928508434000E-01
-2.0839760998300E-01-2.0839760998200E-01 1.1494137928050E-01 2.9505959763751E-01
-4.4597683162322E-01-3.4482413783999E-01 2.9505959764271E-01-1.6535712045250E-01
-3.7761323166439E-01 2.5868896244845E-01 4.9607136136007E-01-3.7761323166959E-01
-1.3838109567900E-01-7.5423122192414E-02 1.0307770818959E-02 9.7150012406702E-03
-1.0540180853469E-02 1.2570520365602E-02 8.1946292968637E-03-3.8388790190000E-02
-6.1804435950000E-02 2.0657698347300E-01-1.2658134947000E-02 2.8227168063000E-02
 1.3449594900300E-01-2.8227168065000E-02 2.8455954693000E-02-1.1441348094900E-01
-2.8455954692000E-02 2.0839760998300E-01-1.3928508434000E-01-2.0839760998200E-01
 1.1494137928100E-01 4.4597683162322E-01-2.9505959763751E-01 3.4482413783913E-01
 2.9505959764271E-01-1.6535712045250E-01-2.5868896244845E-01 3.7761323166266E-01
-4.9607136136007E-01-3.7761323166959E-01-1.3838109567900E-01-1.0307770819367E-02
 7.5423122192414E-02-9.7150012406702E-03-1.0540180853469E-02 8.1946292968637E-03
 1.2570520365602E-02 0.0000000000000E+00 0.0000000000000E+00 0.0000000000000E+00
 0.0000000000000E+00 0.0000000000000E+00 0.0000000000000E+00-3.4369126405800E-01
 0.0000000000000E+00 0.0000000000000E+00 1.1166928038090E+00 0.0000000000000E+00
 0.0000000000000E+00 2.5461208723900E-01 0.0000000000000E+00 0.0000000000000E+00
-1.2024650051200E-01 0.0000000000000E+00 0.0000000000000E+00-1.8594002237269E-02
 0.0000000000000E+00 0.0000000000000E+00 0.0000000000000E+00 0.0000000000000E+00
 8.7681208817058E-01 0.0000000000000E+00 0.0000000000000E+00 0.0000000000000E+00
 0.0000000000000E+00 1.4523123436123E+00 0.0000000000000E+00 0.0000000000000E+00
 0.0000000000000E+00 0.0000000000000E+00 0.0000000000000E+00-2.1061293713924E-02
 0.0000000000000E+00 0.0000000000000E+00 0.0000000000000E+00-3.5102156197364E-03
 0.0000000000000E+00 0.0000000000000E+00 1.7361268441067E-01 0.0000000000000E+00
 0.0000000000000E+00 0.0000000000000E+00 2.8935447402004E-02 0.0000000000000E+00
 1.8056082621461E-02 0.0000000000000E+00 0.0000000000000E+00 0.0000000000000E+00
 3.0093471034627E-03 0.0000000000000E+00 0.0000000000000E+00 0.0000000000000E+00
 3.8388790190000E-02 6.1804435950000E-02-2.0657698347300E-01 1.2658134947000E-02
-2.8227168063000E-02 1.3449594900300E-01-2.8227168065000E-02-2.8455954693000E-02
-1.1441348094900E-01-2.8455954692000E-02-2.0839760998300E-01-1.3928508434000E-01
-2.0839760998200E-01-1.1494137928100E-01 4.4597683162322E-01 2.9505959763751E-01
-3.4482413783913E-01 2.9505959764271E-01 1.6535712045250E-01-2.5868896244845E-01
-3.7761323166266E-01 4.9607136136007E-01-3.7761323166959E-01-1.3838109567900E-01
 1.0307770819367E-02 7.5423122192414E-02-9.7150012406702E-03 1.0540180853469E-02
-8.1946292968637E-03 1.2570520365602E-02-3.8388790190000E-02-6.1804435950000E-02
 2.0657698347300E-01-1.2658134947000E-02-2.8227168063000E-02 1.3449594900300E-01
 2.8227168065000E-02-2.8455954693000E-02-1.1441348094900E-01 2.8455954692000E-02
-2.0839760998300E-01-1.3928508434000E-01 2.0839760998200E-01 1.1494137928100E-01
 4.4597683162322E-01 2.9505959763751E-01 3.4482413783913E-01-2.9505959764271E-01
-1.6535712045250E-01-2.5868896244845E-01-3.7761323166266E-01-4.9607136136007E-01
 3.7761323166959E-01 1.3838109567900E-01 1.0307770819367E-02 7.5423122192414E-02
 9.7150012406702E-03-1.0540180853469E-02-8.1946292968637E-03 1.2570520365602E-02
 3.8388790190000E-02 6.1804435950000E-02-2.0657698347300E-01 1.2658134947000E-02
 2.8227168063000E-02 1.3449594900300E-01 2.8227168065000E-02 2.8455954693000E-02
-1.1441348094900E-01 2.8455954692000E-02 2.0839760998300E-01-1.3928508434000E-01
 2.0839760998200E-01-1.1494137928100E-01 4.4597683162322E-01-2.9505959763751E-01
-3.4482413783913E-01-2.9505959764271E-01 1.6535712045250E-01-2.5868896244845E-01
 3.7761323166266E-01 4.9607136136007E-01 3.7761323166959E-01 1.3838109567900E-01
-1.0307770819367E-02 7.5423122192414E-02 9.7150012406702E-03 1.0540180853469E-02
 8.1946292968637E-03 1.2570520365602E-02 3.8388790183000E-02 6.1804435973000E-02
-2.0657698342600E-01 1.2658134952000E-02-2.8227168065000E-02-2.8227168064000E-02
 1.3449594900400E-01-2.8455954699000E-02-2.8455954699000E-02-1.1441348094200E-01
-2.0839760999500E-01-2.0839760999500E-01-1.3928508432300E-01 2.2988275855850E-01
 2.9505959764617E-01 2.9505959764444E-01 0.0000000000000E+00 4.4597683161975E-01
-3.3071424090550E-01-3.7761323167998E-01-3.7761323167998E-01 0.0000000000000E+00
-2.5868896244153E-01-3.0169248877500E-01 5.8882777021601E-02 5.8882777021601E-02
 0.0000000000000E+00 1.0540180853598E-02-3.3371286765622E-03 3.3371286765622E-03
 0.0000000000000E+00 0.0000000000000E+00 0.0000000000000E+00 0.0000000000000E+00
 0.0000000000000E+00 0.0000000000000E+00 0.0000000000000E+00-3.4369126406700E-01
 0.0000000000000E+00 0.0000000000000E+00 1.1166928038360E+00 0.0000000000000E+00
 0.0000000000000E+00 2.5461208731000E-01 0.0000000000000E+00 0.0000000000000E+00
-1.2024650050400E-01 0.0000000000000E+00 0.0000000000000E+00 0.0000000000000E+00
 0.0000000000000E+00-1.8594002226877E-02 0.0000000000000E+00 0.0000000000000E+00
 0.0000000000000E+00 0.0000000000000E+00 8.7681208811169E-01 0.0000000000000E+00
 0.0000000000000E+00 0.0000000000000E+00 0.0000000000000E+00 1.4523123435725E+00
 8.4245174863000E-02 0.0000000000000E+00 0.0000000000000E+00 0.0000000000000E+00
 0.0000000000000E+00 0.0000000000000E+00 0.0000000000000E+00-6.9445073766000E-01
 0.0000000000000E+00 0.0000000000000E+00 1.2909944487358E-13 0.0000000000000E+00
 0.0000000000000E+00 0.0000000000000E+00 0.0000000000000E+00 0.0000000000000E+00
 0.0000000000000E+00 0.0000000000000E+00-1.2037388414325E-02 0.0000000000000E+00
 0.0000000000000E+00 0.0000000000000E+00 0.0000000000000E+00-3.8388790183000E-02
-6.1804435973000E-02 2.0657698342600E-01-1.2658134952000E-02 2.8227168065000E-02
-2.8227168064000E-02 1.3449594900400E-01 2.8455954699000E-02-2.8455954699000E-02
-1.1441348094200E-01 2.0839760999500E-01-2.0839760999500E-01-1.3928508432300E-01
-2.2988275855850E-01 2.9505959764617E-01-2.9505959764444E-01 0.0000000000000E+00
 4.4597683161975E-01 3.3071424090550E-01-3.7761323167998E-01 3.7761323167998E-01
 0.0000000000000E+00-2.5868896244153E-01-3.0169248877500E-01-5.8882777021601E-02
 5.8882777021601E-02 0.0000000000000E+00-1.0540180853598E-02 3.3371286765622E-03
 3.3371286765622E-03-3.8388790183000E-02-6.1804435973000E-02 2.0657698342600E-01
-1.2658134952000E-02-2.8227168065000E-02 2.8227168064000E-02 1.3449594900400E-01
-2.8455954699000E-02 2.8455954699000E-02-1.1441348094200E-01-2.0839760999500E-01
 2.0839760999500E-01-1.3928508432300E-01-2.2988275855850E-01-2.9505959764617E-01
 2.9505959764444E-01 0.0000000000000E+00 4.4597683161975E-01 3.3071424090550E-01
 3.7761323167998E-01-3.7761323167998E-01 0.0000000000000E+00-2.5868896244153E-01
-3.0169248877500E-01 5.8882777021601E-02-5.8882777021601E-02 0.0000000000000E+00
-1.0540180853598E-02-3.3371286765622E-03-3.3371286765622E-03 3.8388790183000E-02
 6.1804435973000E-02-2.0657698342600E-01 1.2658134952000E-02 2.8227168065000E-02
 2.8227168064000E-02 1.3449594900400E-01 2.8455954699000E-02 2.8455954699000E-02
-1.1441348094200E-01 2.0839760999500E-01 2.0839760999500E-01-1.3928508432300E-01
 2.2988275855850E-01-2.9505959764617E-01-2.9505959764444E-01 0.0000000000000E+00
 4.4597683161975E-01-3.3071424090550E-01 3.7761323167998E-01 3.7761323167998E-01
 0.0000000000000E+00-2.5868896244153E-01-3.0169248877500E-01-5.8882777021601E-02
-5.8882777021601E-02 0.0000000000000E+00 1.0540180853598E-02 3.3371286765622E-03
-3.3371286765622E-03 4.1259830095000E-01-1.6086940386010E+00-3.4780688167420E+00
-3.6968059777300E-01-2.7015868261300E-01 1.2532638055800E-01-1.2532638053800E-01
 1.0214269146940E+00 3.3138432416200E-01-3.3138432419800E-01 1.1407916095090E+00
 8.0916781911400E-01-8.0916781912200E-01-4.8481700987500E-02-4.7308469281460E-01
-6.5258837795095E-02 1.4544510296733E-01 4.7308469281287E-01 8.4122377740500E-02
 9.9634639068310E-01 1.8243299930532E-01-2.5236713324827E-01-9.9634639066924E-01
 1.8528301109000E-02 1.3267438696467E-03-1.1418520903550E-02-6.4202384733591E-03
-4.0204785114163E-03-2.2112397781333E-04 2.3770721648985E-03 0.0000000000000E+00
 0.0000000000000E+00 0.0000000000000E+00 0.0000000000000E+00 0.0000000000000E+00
-4.9545264068800E-01 0.0000000000000E+00 0.0000000000000E+00 1.3620122979870E+00
 0.0000000000000E+00 0.0000000000000E+00 4.7885061015740E+00 0.0000000000000E+00
 0.0000000000000E+00 7.7678704199100E-01 0.0000000000000E+00 0.0000000000000E+00
 0.0000000000000E+00 0.0000000000000E+00 1.4800792075362E+00 0.0000000000000E+00
 0.0000000000000E+00 0.0000000000000E+00 0.0000000000000E+00-5.6500966631568E+00
 0.0000000000000E+00 0.0000000000000E+00 0.0000000000000E+00 0.0000000000000E+00
-3.1319628392918E+00 0.0000000000000E+00 0.0000000000000E+00 0.0000000000000E+00
-4.2194772157962E-04 0.0000000000000E+00 0.0000000000000E+00 0.0000000000000E+00
 7.0324619171748E-05 0.0000000000000E+00 0.0000000000000E+00 3.3147034154242E-01
 0.0000000000000E+00 0.0000000000000E+00 0.0000000000000E+00-5.5245056926478E-02
 0.0000000000000E+00 0.0000000000000E+00 0.0000000000000E+00 2.7282608184825E-02
 0.0000000000000E+00 0.0000000000000E+00 0.0000000000000E+00-4.5471013641306E-03
 0.0000000000000E+00 0.0000000000000E+00 4.1259830095000E-01-1.6086940386010E+00
-3.4780688167420E+00-3.6968059777300E-01-2.7015868261300E-01-1.2532638055800E-01
 1.2532638053800E-01 1.0214269146940E+00-3.3138432416200E-01 3.3138432419800E-01
 1.1407916095090E+00-8.0916781911400E-01 8.0916781912200E-01-4.8481700987500E-02
 4.7308469281460E-01-6.5258837795095E-02 1.4544510296733E-01-4.7308469281287E-01
 8.4122377740500E-02-9.9634639068310E-01 1.8243299930532E-01-2.5236713324827E-01
 9.9634639066924E-01-1.8528301109000E-02 1.3267438696467E-03 1.1418520903550E-02
 6.4202384733591E-03-4.0204785114163E-03-2.2112397781333E-04-2.3770721648985E-03
-4.1259830095000E-01 1.6086940386010E+00 3.4780688167420E+00 3.6968059777300E-01
-2.7015868261300E-01-1.2532638055800E-01-1.2532638053800E-01 1.0214269146940E+00
-3.3138432416200E-01-3.3138432419800E-01 1.1407916095090E+00-8.0916781911400E-01
-8.0916781912200E-01 4.8481700987500E-02 4.7308469281460E-01-6.5258837795095E-02
-1.4544510296733E-01 4.7308469281287E-01-8.4122377740500E-02-9.9634639068310E-01
 1.8243299930532E-01 2.5236713324827E-01-9.9634639066924E-01 1.8528301109000E-02
 1.3267438696467E-03 1.1418520903550E-02-6.4202384733591E-03 4.0204785114163E-03
-2.2112397781333E-04-2.3770721648985E-03-4.1259830095000E-01 1.6086940386010E+00
 3.4780688167420E+00 3.6968059777300E-01-2.7015868261300E-01 1.2532638055800E-01
 1.2532638053800E-01 1.0214269146940E+00 3.3138432416200E-01 3.3138432419800E-01
 1.1407916095090E+00 8.0916781911400E-01 8.0916781912200E-01 4.8481700987500E-02
-4.7308469281460E-01-6.5258837795095E-02-1.4544510296733E-01-4.7308469281287E-01
-8.4122377740500E-02 9.9634639068310E-01 1.8243299930532E-01 2.5236713324827E-01
 9.9634639066924E-01-1.8528301109000E-02 1.3267438696467E-03-1.1418520903550E-02
 6.4202384733591E-03 4.0204785114163E-03-2.2112397781333E-04 2.3770721648985E-03
 4.1259830095100E-01-1.6086940385950E+00-3.4780688167100E+00-3.6968059776900E-01
 1.2532638054600E-01 1.2532638054600E-01 2.7015868261900E-01 3.3138432417900E-01
 3.3138432417900E-01-1.0214269147020E+00 8.0916781910500E-01 8.0916781910500E-01
-1.1407916095080E+00 9.6963401981000E-02-4.7308469281287E-01-4.7308469281287E-01
 0.0000000000000E+00 6.5258837788166E-02-1.6824475550150E-01 9.9634639067617E-01
 9.9634639067617E-01 0.0000000000000E+00-1.8243299929493E-01 5.3069754660000E-03
 2.0682671463828E-02 2.0682671463828E-02 0.0000000000000E+00-4.0204785111581E-03
 8.3304707195121E-04-8.3304707195121E-04 0.0000000000000E+00 0.0000000000000E+00
 0.0000000000000E+00 0.0000000000000E+00 0.0000000000000E+00 0.0000000000000E+00
 0.0000000000000E+00 4.9545264068200E-01 0.0000000000000E+00 0.0000000000000E+00
-1.3620122979720E+00 0.0000000000000E+00 0.0000000000000E+00-4.7885061014920E+00
 0.0000000000000E+00 0.0000000000000E+00-7.7678704198000E-01 0.0000000000000E+00
 0.0000000000000E+00 0.0000000000000E+00 0.0000000000000E+00-1.4800792075258E+00
 0.0000000000000E+00 0.0000000000000E+00 0.0000000000000E+00 0.0000000000000E+00
 5.6500966631672E+00 0.0000000000000E+00 0.0000000000000E+00 0.0000000000000E+00
 0.0000000000000E+00 3.1319628392814E+00-1.6877908690000E-03 0.0000000000000E+00
 0.0000000000000E+00 0.0000000000000E+00 0.0000000000000E+00 0.0000000000000E+00
 0.0000000000000E+00 1.3258813662040E+00 0.0000000000000E+00 0.0000000000000E+00
 0.0000000000000E+00 0.0000000000000E+00 0.0000000000000E+00 0.0000000000000E+00
 0.0000000000000E+00 0.0000000000000E+00 0.0000000000000E+00 0.0000000000000E+00
 1.8188405455950E-02 0.0000000000000E+00 0.0000000000000E+00 0.0000000000000E+00
 0.0000000000000E+00-4.1259830095100E-01 1.6086940385950E+00 3.4780688167100E+00
 3.6968059776900E-01-1.2532638054600E-01 1.2532638054600E-01 2.7015868261900E-01
-3.3138432417900E-01 3.3138432417900E-01-1.0214269147020E+00-8.0916781910500E-01
 8.0916781910500E-01-1.1407916095080E+00-9.6963401981000E-02-4.7308469281287E-01
 4.7308469281287E-01 0.0000000000000E+00 6.5258837788166E-02 1.6824475550150E-01
 9.9634639067617E-01-9.9634639067617E-01 0.0000000000000E+00-1.8243299929493E-01
 5.3069754660000E-03-2.0682671463828E-02 2.0682671463828E-02 0.0000000000000E+00
 4.0204785111581E-03-8.3304707195121E-04-8.3304707195121E-04-4.1259830095100E-01
 1.6086940385950E+00 3.4780688167100E+00 3.6968059776900E-01 1.2532638054600E-01
-1.2532638054600E-01 2.7015868261900E-01 3.3138432417900E-01-3.3138432417900E-01
-1.0214269147020E+00 8.0916781910500E-01-8.0916781910500E-01-1.1407916095080E+00
-9.6963401981000E-02 4.7308469281287E-01-4.7308469281287E-01 0.0000000000000E+00
 6.5258837788166E-02 1.6824475550150E-01-9.9634639067617E-01 9.9634639067617E-01
 0.0000000000000E+00-1.8243299929493E-01 5.3069754660000E-03 2.0682671463828E-02
-2.0682671463828E-02 0.0000000000000E+00 4.0204785111581E-03 8.3304707195121E-04
 8.3304707195121E-04 4.1259830095100E-01-1.6086940385950E+00-3.4780688167100E+00
-3.6968059776900E-01-1.2532638054600E-01-1.2532638054600E-01 2.7015868261900E-01
-3.3138432417900E-01-3.3138432417900E-01-1.0214269147020E+00-8.0916781910500E-01
-8.0916781910500E-01-1.1407916095080E+00 9.6963401981000E-02 4.7308469281287E-01
 4.7308469281287E-01 0.0000000000000E+00 6.5258837788166E-02-1.6824475550150E-01
-9.9634639067617E-01-9.9634639067617E-01 0.0000000000000E+00-1.8243299929493E-01
 5.3069754660000E-03-2.0682671463828E-02-2.0682671463828E-02 0.0000000000000E+00
-4.0204785111581E-03-8.3304707195121E-04 8.3304707195121E-04-4.1259830095000E-01
 1.6086940386010E+00 3.4780688167400E+00 3.6968059777300E-01-1.2532638055900E-01
 2.7015868261200E-01 1.2532638053800E-01-3.3138432416200E-01-1.0214269146940E+00
 3.3138432419800E-01-8.0916781911400E-01-1.1407916095090E+00 8.0916781912200E-01
 4.8481700987500E-02 6.5258837795095E-02 4.7308469281460E-01 1.4544510296733E-01
-4.7308469281460E-01-8.4122377740000E-02-1.8243299930532E-01-9.9634639068310E-01
-2.5236713324740E-01 9.9634639066924E-01-1.8528301109000E-02 1.1418520903550E-02
-1.3267438696467E-03-6.4202384733591E-03 4.0204785114163E-03 2.3770721648985E-03
-2.2112397781333E-04 0.0000000000000E+00 0.0000000000000E+00 0.0000000000000E+00
 0.0000000000000E+00 0.0000000000000E+00 0.0000000000000E+00 4.9545264068900E-01
 0.0000000000000E+00 0.0000000000000E+00-1.3620122979880E+00 0.0000000000000E+00
 0.0000000000000E+00-4.7885061015720E+00 0.0000000000000E+00 0.0000000000000E+00
-7.7678704199100E-01 0.0000000000000E+00 0.0000000000000E+00-1.4800792075379E+00
 0.0000000000000E+00 0.0000000000000E+00 0.0000000000000E+00 0.0000000000000E+00
 5.6500966631551E+00 0.0000000000000E+00 0.0000000000000E+00 0.0000000000000E+00
 0.0000000000000E+00 3.1319628392883E+00 0.0000000000000E+00 0.0000000000000E+00
 0.0000000000000E+00 0.0000000000000E+00 0.0000000000000E+00 4.2194772157962E-04
 0.0000000000000E+00 0.0000000000000E+00 0.0000000000000E+00 7.0324619171748E-05
 0.0000000000000E+00 0.0000000000000E+00-3.3147034154242E-01 0.0000000000000E+00
 0.0000000000000E+00 0.0000000000000E+00-5.5245056926531E-02 0.0000000000000E+00
-2.7282608184825E-02 0.0000000000000E+00 0.0000000000000E+00 0.0000000000000E+00
-4.5471013641306E-03 0.0000000000000E+00 0.0000000000000E+00 0.0000000000000E+00
 4.1259830095000E-01-1.6086940386010E+00-3.4780688167400E+00-3.6968059777300E-01
 1.2532638055900E-01 2.7015868261200E-01 1.2532638053800E-01 3.3138432416200E-01
-1.0214269146940E+00 3.3138432419800E-01 8.0916781911400E-01-1.1407916095090E+00
 8.0916781912200E-01-4.8481700987500E-02 6.5258837795095E-02-4.7308469281460E-01
-1.4544510296733E-01-4.7308469281460E-01 8.4122377740000E-02-1.8243299930532E-01
 9.9634639068310E-01 2.5236713324740E-01 9.9634639066924E-01-1.8528301109000E-02
-1.1418520903550E-02-1.3267438696467E-03-6.4202384733591E-03-4.0204785114163E-03
-2.3770721648985E-03-2.2112397781333E-04-4.1259830095000E-01 1.6086940386010E+00
 3.4780688167400E+00 3.6968059777300E-01 1.2532638055900E-01 2.7015868261200E-01
-1.2532638053800E-01 3.3138432416200E-01-1.0214269146940E+00-3.3138432419800E-01
 8.0916781911400E-01-1.1407916095090E+00-8.0916781912200E-01 4.8481700987500E-02
 6.5258837795095E-02-4.7308469281460E-01 1.4544510296733E-01 4.7308469281460E-01
-8.4122377740000E-02-1.8243299930532E-01 9.9634639068310E-01-2.5236713324740E-01
-9.9634639066924E-01 1.8528301109000E-02-1.1418520903550E-02-1.3267438696467E-03
 6.4202384733591E-03 4.0204785114163E-03-2.3770721648985E-03-2.2112397781333E-04
 4.1259830095000E-01-1.6086940386010E+00-3.4780688167400E+00-3.6968059777300E-01
-1.2532638055900E-01 2.7015868261200E-01-1.2532638053800E-01-3.3138432416200E-01
-1.0214269146940E+00-3.3138432419800E-01-8.0916781911400E-01-1.1407916095090E+00
-8.0916781912200E-01-4.8481700987500E-02 6.5258837795095E-02 4.7308469281460E-01
-1.4544510296733E-01 4.7308469281460E-01 8.4122377740000E-02-1.8243299930532E-01
-9.9634639068310E-01 2.5236713324740E-01-9.9634639066924E-01 1.8528301109000E-02
 1.1418520903550E-02-1.3267438696467E-03 6.4202384733591E-03-4.0204785114163E-03
 2.3770721648985E-03-2.2112397781333E-04-1.5000000000000E-11 3.0000000000000E-11
 1.3400000000000E-10 1.0000000000000E-11-4.3937480109200E-01-3.4000000000000E-11
-4.3937480111600E-01 7.5386897052000E-01 4.3000000000000E-11 7.5386897056200E-01
 3.3086189431200E-01 7.0000000000000E-12 3.3086189439100E-01-9.7048421989500E-02
 4.3301270189222E-11 3.4826828411153E-01 9.7048421967735E-02 3.4826828415137E-01
 3.8074790411300E-01-5.7157676649773E-11-6.6554305394772E-01-3.8074790407831E-01
-6.6554305405510E-01 2.2069409684300E-01-8.6564544112798E-02-1.2972622329210E-01
-1.2556407958769E-02-1.4200938936094E-12 6.0564853772139E-03 1.2972622330012E-02
 0.0000000000000E+00 0.0000000000000E+00 0.0000000000000E+00 0.0000000000000E+00
 0.0000000000000E+00 0.0000000000000E+00 1.3000000000000E-11 0.0000000000000E+00
 0.0000000000000E+00 2.9000000000000E-11 0.0000000000000E+00 0.0000000000000E+00
-3.9600000000000E-10 0.0000000000000E+00 0.0000000000000E+00-3.8000000000000E-11
 0.0000000000000E+00 0.0000000000000E+00-6.5817930687617E-11 0.0000000000000E+00
 0.0000000000000E+00 0.0000000000000E+00 0.0000000000000E+00-5.1961524227066E-12
 0.0000000000000E+00 0.0000000000000E+00 0.0000000000000E+00 0.0000000000000E+00
 9.1798692801150E-11 0.0000000000000E+00 0.0000000000000E+00 0.0000000000000E+00
 0.0000000000000E+00 0.0000000000000E+00 2.4421769868499E-01 0.0000000000000E+00
 0.0000000000000E+00 0.0000000000000E+00-2.4421769868364E-02 0.0000000000000E+00
 0.0000000000000E+00 4.3553127921158E-01 0.0000000000000E+00 0.0000000000000E+00
 0.0000000000000E+00-4.3553127917774E-02 0.0000000000000E+00 1.6672952334677E-02
 0.0000000000000E+00 0.0000000000000E+00 0.0000000000000E+00-3.9697505529921E-04
 0.0000000000000E+00 0.0000000000000E+00 0.0000000000000E+00 1.5000000000000E-11
-3.0000000000000E-11-1.3400000000000E-10-1.0000000000000E-11 4.3937480109200E-01
-3.4000000000000E-11-4.3937480111600E-01-7.5386897052000E-01 4.3000000000000E-11
 7.5386897056200E-01-3.3086189431200E-01 7.0000000000000E-12 3.3086189439100E-01
 9.7048421989500E-02 4.3301270189222E-11-3.4826828411153E-01-9.7048421967735E-02
 3.4826828415137E-01-3.8074790411300E-01-5.7157676649773E-11 6.6554305394772E-01
 3.8074790407831E-01-6.6554305405510E-01 2.2069409684300E-01 8.6564544112798E-02
-1.2972622329210E-01-1.2556407958769E-02 1.4200938936094E-12-6.0564853772139E-03
 1.2972622330012E-02-1.5000000000000E-11 3.0000000000000E-11 1.3400000000000E-10
 1.0000000000000E-11 4.3937480109200E-01-3.4000000000000E-11 4.3937480111600E-01
-7.5386897052000E-01 4.3000000000000E-11-7.5386897056200E-01-3.3086189431200E-01
 7.0000000000000E-12-3.3086189439100E-01-9.7048421989500E-02 4.3301270189222E-11
-3.4826828411153E-01 9.7048421967735E-02-3.4826828415137E-01 3.8074790411300E-01
-5.7157676649773E-11 6.6554305394772E-01-3.8074790407831E-01 6.6554305405510E-01
-2.2069409684300E-01 8.6564544112798E-02-1.2972622329210E-01 1.2556407958769E-02
-1.4200938936094E-12-6.0564853772139E-03 1.2972622330012E-02 1.5000000000000E-11
-3.0000000000000E-11-1.3400000000000E-10-1.0000000000000E-11-4.3937480109200E-01
-3.4000000000000E-11 4.3937480111600E-01 7.5386897052000E-01 4.3000000000000E-11
-7.5386897056200E-01 3.3086189431200E-01 7.0000000000000E-12-3.3086189439100E-01
 9.7048421989500E-02 4.3301270189222E-11 3.4826828411153E-01-9.7048421967735E-02
-3.4826828415137E-01-3.8074790411300E-01-5.7157676649773E-11-6.6554305394772E-01
 3.8074790407831E-01 6.6554305405510E-01-2.2069409684300E-01-8.6564544112798E-02
-1.2972622329210E-01 1.2556407958769E-02 1.4200938936094E-12 6.0564853772139E-03
 1.2972622330012E-02 1.5000000000000E-11-3.0000000000000E-11-1.3500000000000E-10
-1.0000000000000E-11 3.5000000000000E-11 4.3937480109200E-01 4.3937480111600E-01
-4.4000000000000E-11-7.5386897052000E-01-7.5386897056200E-01-7.0000000000000E-12
-3.3086189431100E-01-3.3086189439100E-01 9.7048421989500E-02-3.4826828411153E-01
-4.3301270189222E-11 9.7048421966869E-02-3.4826828415137E-01-3.8074790411350E-01
 6.6554305394598E-01 5.7157676649773E-11-3.8074790407831E-01 6.6554305405510E-01
-2.2069409684300E-01 1.2972622329210E-01 8.6564544112798E-02-1.2556407958640E-02
 1.4200938936094E-12 1.2972622330012E-02 6.0564853772139E-03 0.0000000000000E+00
 0.0000000000000E+00 0.0000000000000E+00 0.0000000000000E+00 0.0000000000000E+00
-1.4000000000000E-11 0.0000000000000E+00 0.0000000000000E+00-3.0000000000000E-11
 0.0000000000000E+00 0.0000000000000E+00 3.9900000000000E-10 0.0000000000000E+00
 0.0000000000000E+00 3.9000000000000E-11 0.0000000000000E+00 0.0000000000000E+00
 0.0000000000000E+00 0.0000000000000E+00 6.5817930687617E-11 0.0000000000000E+00
 0.0000000000000E+00 0.0000000000000E+00 0.0000000000000E+00 6.9282032302755E-12
 0.0000000000000E+00 0.0000000000000E+00 0.0000000000000E+00 0.0000000000000E+00
-9.3530743608719E-11 0.0000000000000E+00 0.0000000000000E+00 0.0000000000000E+00
-2.4421769868540E-01 0.0000000000000E+00 0.0000000000000E+00 0.0000000000000E+00
-2.4421769868364E-02 0.0000000000000E+00 0.0000000000000E+00-4.3553127921158E-01
 0.0000000000000E+00 0.0000000000000E+00 0.0000000000000E+00-4.3553127917774E-02
 0.0000000000000E+00 0.0000000000000E+00 0.0000000000000E+00-1.6672952334677E-02
 0.0000000000000E+00 0.0000000000000E+00 0.0000000000000E+00-3.9697505529921E-04
 0.0000000000000E+00 0.0000000000000E+00 1.5000000000000E-11-3.0000000000000E-11
-1.3500000000000E-10-1.0000000000000E-11 3.5000000000000E-11-4.3937480109200E-01
-4.3937480111600E-01-4.4000000000000E-11 7.5386897052000E-01 7.5386897056200E-01
-7.0000000000000E-12 3.3086189431100E-01 3.3086189439100E-01 9.7048421989500E-02
 3.4826828411153E-01-4.3301270189222E-11 9.7048421966869E-02 3.4826828415137E-01
-3.8074790411350E-01-6.6554305394598E-01 5.7157676649773E-11-3.8074790407831E-01
-6.6554305405510E-01 2.2069409684300E-01 1.2972622329210E-01-8.6564544112798E-02
 1.2556407958640E-02 1.4200938936094E-12 1.2972622330012E-02-6.0564853772139E-03
-1.5000000000000E-11 3.0000000000000E-11 1.3500000000000E-10 1.0000000000000E-11
 3.5000000000000E-11-4.3937480109200E-01 4.3937480111600E-01-4.4000000000000E-11
 7.5386897052000E-01-7.5386897056200E-01-7.0000000000000E-12 3.3086189431100E-01
-3.3086189439100E-01-9.7048421989500E-02 3.4826828411153E-01-4.3301270189222E-11
-9.7048421966869E-02-3.4826828415137E-01 3.8074790411350E-01-6.6554305394598E-01
 5.7157676649773E-11 3.8074790407831E-01 6.6554305405510E-01-2.2069409684300E-01
 1.2972622329210E-01-8.6564544112798E-02-1.2556407958640E-02-1.4200938936094E-12
 1.2972622330012E-02-6.0564853772139E-03-1.5000000000000E-11 3.0000000000000E-11
 1.3500000000000E-10 1.0000000000000E-11 3.5000000000000E-11 4.3937480109200E-01
-4.3937480111600E-01-4.4000000000000E-11-7.5386897052000E-01 7.5386897056200E-01
-7.0000000000000E-12-3.3086189431100E-01 3.3086189439100E-01-9.7048421989500E-02
-3.4826828411153E-01-4.3301270189222E-11-9.7048421966869E-02 3.4826828415137E-01
 3.8074790411350E-01 6.6554305394598E-01 5.7157676649773E-11 3.8074790407831E-01
-6.6554305405510E-01 2.2069409684300E-01 1.2972622329210E-01 8.6564544112798E-02
 1.2556407958640E-02-1.4200938936094E-12 1.2972622330012E-02 6.0564853772139E-03
 0.0000000000000E+00 0.0000000000000E+00-2.0000000000000E-12 0.0000000000000E+00
-4.3937480110300E-01 4.3937480110300E-01 0.0000000000000E+00 7.5386897054000E-01
-7.5386897053900E-01 1.0000000000000E-12 3.3086189435200E-01-3.3086189435200E-01
 0.0000000000000E+00 0.0000000000000E+00-3.4826828413231E-01 3.4826828413231E-01
 1.9409684396751E-01 0.0000000000000E+00 0.0000000000000E+00 6.6554305400141E-01
-6.6554305400314E-01-7.6149580820945E-01 0.0000000000000E+00 0.0000000000000E+00
-2.3782504307533E-02 2.3782504307125E-02-5.1890489318086E-02 0.0000000000000E+00
 1.2334689358289E-02 1.2334689358289E-02 0.0000000000000E+00 0.0000000000000E+00
 0.0000000000000E+00 0.0000000000000E+00 0.0000000000000E+00 0.0000000000000E+00
 0.0000000000000E+00 0.0000000000000E+00 0.0000000000000E+00 0.0000000000000E+00
 0.0000000000000E+00 0.0000000000000E+00 0.0000000000000E+00-5.0000000000000E-12
 0.0000000000000E+00 0.0000000000000E+00 0.0000000000000E+00 0.0000000000000E+00
 0.0000000000000E+00 0.0000000000000E+00 0.0000000000000E+00-1.7320508075689E-12
 0.0000000000000E+00 0.0000000000000E+00 0.0000000000000E+00 0.0000000000000E+00
 0.0000000000000E+00 0.0000000000000E+00 0.0000000000000E+00 0.0000000000000E+00
 0.0000000000000E+00 1.7320508075689E-12 0.0000000000000E+00 0.0000000000000E+00
 0.0000000000000E+00 9.7687079474015E-02 0.0000000000000E+00 0.0000000000000E+00
 0.0000000000000E+00-1.0000000000000E-12 0.0000000000000E+00 0.0000000000000E+00
 1.7421251167933E-01 0.0000000000000E+00 0.0000000000000E+00 0.0000000000000E+00
 0.0000000000000E+00 0.0000000000000E+00 0.0000000000000E+00 0.0000000000000E+00
 0.0000000000000E+00 0.0000000000000E+00 0.0000000000000E+00 0.0000000000000E+00
 3.9697505555126E-04 0.0000000000000E+00 0.0000000000000E+00 2.0000000000000E-12
 0.0000000000000E+00 4.3937480110300E-01 4.3937480110300E-01 0.0000000000000E+00
-7.5386897054000E-01-7.5386897053900E-01 1.0000000000000E-12-3.3086189435200E-01
-3.3086189435200E-01 0.0000000000000E+00 0.0000000000000E+00-3.4826828413231E-01
-3.4826828413231E-01-1.9409684396751E-01 0.0000000000000E+00 0.0000000000000E+00
 6.6554305400141E-01 6.6554305400314E-01 7.6149580820945E-01 0.0000000000000E+00
 0.0000000000000E+00 2.3782504307533E-02 2.3782504307125E-02-5.1890489318086E-02
 0.0000000000000E+00-1.2334689358289E-02 1.2334689358289E-02 0.0000000000000E+00
 0.0000000000000E+00 2.0000000000000E-12 0.0000000000000E+00-4.3937480110300E-01
-4.3937480110300E-01 0.0000000000000E+00 7.5386897054000E-01 7.5386897053900E-01
 1.0000000000000E-12 3.3086189435200E-01 3.3086189435200E-01 0.0000000000000E+00
 0.0000000000000E+00 3.4826828413231E-01 3.4826828413231E-01-1.9409684396751E-01
 0.0000000000000E+00 0.0000000000000E+00-6.6554305400141E-01-6.6554305400314E-01
 7.6149580820945E-01 0.0000000000000E+00 0.0000000000000E+00-2.3782504307533E-02
-2.3782504307125E-02-5.1890489318086E-02 0.0000000000000E+00 1.2334689358289E-02
-1.2334689358289E-02 0.0000000000000E+00 0.0000000000000E+00-2.0000000000000E-12
 0.0000000000000E+00 4.3937480110300E-01-4.3937480110300E-01 0.0000000000000E+00
-7.5386897054000E-01 7.5386897053900E-01 1.0000000000000E-12-3.3086189435200E-01
 3.3086189435200E-01 0.0000000000000E+00 0.0000000000000E+00 3.4826828413231E-01
-3.4826828413231E-01 1.9409684396751E-01 0.0000000000000E+00 0.0000000000000E+00
-6.6554305400141E-01 6.6554305400314E-01-7.6149580820945E-01 0.0000000000000E+00
 0.0000000000000E+00 2.3782504307533E-02-2.3782504307125E-02-5.1890489318086E-02
 0.0000000000000E+00-1.2334689358289E-02-1.2334689358289E-02-2.3563492525200E-01
 6.3367252938300E-01 2.8071017390240E+00 1.8472367846900E-01 1.9168946942900E-01
 1.9168946943000E-01 4.2550134560400E-01-4.0730148403400E-01-4.0730148403600E-01
-5.0976021697200E-01-7.1076569809600E-01-7.1076569809700E-01 1.1104639809500E-01
 9.8268073514500E-02-1.7335313115638E-01-1.7335313115638E-01 0.0000000000000E+00
-5.3091353159363E-01-2.0934127693600E-01 7.0044594483800E-01 7.0044594483627E-01
-8.6602540378444E-13 8.2287530663463E-01 2.1333813327700E-01 1.0466041368424E-01
 1.0466041368424E-01 0.0000000000000E+00-2.7706224717072E-02 2.9852396733659E-03
-2.9852396733132E-03 0.0000000000000E+00 0.0000000000000E+00 0.0000000000000E+00
 0.0000000000000E+00 0.0000000000000E+00 0.0000000000000E+00 0.0000000000000E+00
-3.0359696314500E-01 0.0000000000000E+00 0.0000000000000E+00-3.4829330089600E-01
 0.0000000000000E+00 0.0000000000000E+00 7.0111876346590E+00 0.0000000000000E+00
 0.0000000000000E+00 7.4672984569000E-01 0.0000000000000E+00 0.0000000000000E+00
 0.0000000000000E+00 0.0000000000000E+00 1.3916000443625E+00 0.0000000000000E+00
 0.0000000000000E+00 0.0000000000000E+00 0.0000000000000E+00-8.1346360477187E-01
 0.0000000000000E+00 0.0000000000000E+00 0.0000000000000E+00 0.0000000000000E+00
-2.2513370027461E+00 2.1839349679800E-01 0.0000000000000E+00 0.0000000000000E+00
 1.2909944487358E-13 0.0000000000000E+00 0.0000000000000E+00 0.0000000000000E+00
 5.6045454637700E-01 0.0000000000000E+00 0.0000000000000E+00 2.5819888974716E-13
 0.0000000000000E+00 0.0000000000000E+00 0.0000000000000E+00 0.0000000000000E+00
 0.0000000000000E+00 0.0000000000000E+00 0.0000000000000E+00 5.4920386998094E-03
 0.0000000000000E+00 0.0000000000000E+00 0.0000000000000E+00 0.0000000000000E+00
 2.3563492525200E-01-6.3367252938300E-01-2.8071017390240E+00-1.8472367846900E-01
-1.9168946942900E-01 1.9168946943000E-01 4.2550134560400E-01 4.0730148403400E-01
-4.0730148403600E-01-5.0976021697200E-01 7.1076569809600E-01-7.1076569809700E-01
 1.1104639809500E-01-9.8268073514500E-02-1.7335313115638E-01 1.7335313115638E-01
 0.0000000000000E+00-5.3091353159363E-01 2.0934127693600E-01 7.0044594483800E-01
-7.0044594483627E-01 8.6602540378444E-13 8.2287530663463E-01 2.1333813327700E-01
-1.0466041368424E-01 1.0466041368424E-01 0.0000000000000E+00 2.7706224717072E-02
-2.9852396733659E-03-2.9852396733132E-03 2.3563492525200E-01-6.3367252938300E-01
-2.8071017390240E+00-1.8472367846900E-01 1.9168946942900E-01-1.9168946943000E-01
 4.2550134560400E-01-4.0730148403400E-01 4.0730148403600E-01-5.0976021697200E-01
-7.1076569809600E-01 7.1076569809700E-01 1.1104639809500E-01-9.8268073514500E-02
 1.7335313115638E-01-1.7335313115638E-01 0.0000000000000E+00-5.3091353159363E-01
 2.0934127693600E-01-7.0044594483800E-01 7.0044594483627E-01 8.6602540378444E-13
 8.2287530663463E-01 2.1333813327700E-01 1.0466041368424E-01-1.0466041368424E-01
 0.0000000000000E+00 2.7706224717072E-02 2.9852396733659E-03 2.9852396733132E-03
-2.3563492525200E-01 6.3367252938300E-01 2.8071017390240E+00 1.8472367846900E-01
-1.9168946942900E-01-1.9168946943000E-01 4.2550134560400E-01 4.0730148403400E-01
 4.0730148403600E-01-5.0976021697200E-01 7.1076569809600E-01 7.1076569809700E-01
 1.1104639809500E-01 9.8268073514500E-02 1.7335313115638E-01 1.7335313115638E-01
 0.0000000000000E+00-5.3091353159363E-01-2.0934127693600E-01-7.0044594483800E-01
-7.0044594483627E-01-8.6602540378444E-13 8.2287530663463E-01 2.1333813327700E-01
-1.0466041368424E-01-1.0466041368424E-01 0.0000000000000E+00-2.7706224717072E-02
-2.9852396733659E-03 2.9852396733132E-03 2.3563492525500E-01-6.3367252938400E-01
-2.8071017389760E+00-1.8472367846700E-01-1.9168946945200E-01 4.2550134560000E-01
 1.9168946939900E-01 4.0730148406800E-01-5.0976021695700E-01-4.0730148397800E-01
 7.1076569810900E-01 1.1104639808600E-01-7.1076569806100E-01 4.9134036753000E-02
-5.3091353159883E-01 1.7335313119102E-01 1.4740211028645E-01-1.7335313113213E-01
-1.0467063844100E-01 8.2287530662077E-01-7.0044594488823E-01-3.1401191542435E-01
 7.0044594478777E-01-1.1221202541100E-01 4.8554400963061E-02-5.3334533329607E-02
-3.0642962931332E-02 2.7706224716943E-02 1.2336241792281E-02-8.8890888857527E-03
 0.0000000000000E+00 0.0000000000000E+00 0.0000000000000E+00 0.0000000000000E+00
 0.0000000000000E+00 0.0000000000000E+00-3.0359696313000E-01 0.0000000000000E+00
 0.0000000000000E+00-3.4829330092900E-01 0.0000000000000E+00 0.0000000000000E+00
 7.0111876345760E+00 0.0000000000000E+00 0.0000000000000E+00 7.4672984568100E-01
 0.0000000000000E+00 0.0000000000000E+00 1.3916000443591E+00 0.0000000000000E+00
 0.0000000000000E+00 0.0000000000000E+00 0.0000000000000E+00-8.1346360480477E-01
 0.0000000000000E+00 0.0000000000000E+00 0.0000000000000E+00 0.0000000000000E+00
-2.2513370027114E+00 0.0000000000000E+00 0.0000000000000E+00 0.0000000000000E+00
 0.0000000000000E+00 0.0000000000000E+00-5.4598374177327E-02 0.0000000000000E+00
 0.0000000000000E+00 0.0000000000000E+00-9.0997290344310E-03 0.0000000000000E+00
 0.0000000000000E+00-1.4011363656785E-01 0.0000000000000E+00 0.0000000000000E+00
 0.0000000000000E+00-2.3352272767977E-02 0.0000000000000E+00-8.2380580507320E-03
 0.0000000000000E+00 0.0000000000000E+00 0.0000000000000E+00-1.3730096753780E-03
 0.0000000000000E+00 0.0000000000000E+00 0.0000000000000E+00-2.3563492525500E-01
 6.3367252938400E-01 2.8071017389760E+00 1.8472367846700E-01 1.9168946945200E-01
 4.2550134560000E-01 1.9168946939900E-01-4.0730148406800E-01-5.0976021695700E-01
-4.0730148397800E-01-7.1076569810900E-01 1.1104639808600E-01-7.1076569806100E-01
-4.9134036753000E-02-5.3091353159883E-01-1.7335313119102E-01-1.4740211028645E-01
-1.7335313113213E-01 1.0467063844100E-01 8.2287530662077E-01 7.0044594488823E-01
 3.1401191542435E-01 7.0044594478777E-01-1.1221202541100E-01-4.8554400963061E-02
-5.3334533329607E-02-3.0642962931332E-02-2.7706224716943E-02-1.2336241792281E-02
-8.8890888857527E-03 2.3563492525500E-01-6.3367252938400E-01-2.8071017389760E+00
-1.8472367846700E-01 1.9168946945200E-01 4.2550134560000E-01-1.9168946939900E-01
-4.0730148406800E-01-5.0976021695700E-01 4.0730148397800E-01-7.1076569810900E-01
 1.1104639808600E-01 7.1076569806100E-01 4.9134036753000E-02-5.3091353159883E-01
-1.7335313119102E-01 1.4740211028645E-01 1.7335313113213E-01-1.0467063844100E-01
 8.2287530662077E-01 7.0044594488823E-01-3.1401191542435E-01-7.0044594478777E-01
 1.1221202541100E-01-4.8554400963061E-02-5.3334533329607E-02 3.0642962931332E-02
 2.7706224716943E-02-1.2336241792281E-02-8.8890888857527E-03-2.3563492525500E-01
 6.3367252938400E-01 2.8071017389760E+00 1.8472367846700E-01-1.9168946945200E-01
 4.2550134560000E-01-1.9168946939900E-01 4.0730148406800E-01-5.0976021695700E-01
 4.0730148397800E-01 7.1076569810900E-01 1.1104639808600E-01 7.1076569806100E-01
-4.9134036753000E-02-5.3091353159883E-01 1.7335313119102E-01-1.4740211028645E-01
 1.7335313113213E-01 1.0467063844100E-01 8.2287530662077E-01-7.0044594488823E-01
 3.1401191542435E-01-7.0044594478777E-01 1.1221202541100E-01 4.8554400963061E-02
-5.3334533329607E-02 3.0642962931332E-02-2.7706224716943E-02 1.2336241792281E-02
-8.8890888857527E-03-2.3563492525500E-01 6.3367252938500E-01 2.8071017389830E+00
 1.8472367846800E-01-4.2550134559900E-01 1.9168946945300E-01-1.9168946939900E-01
 5.0976021695700E-01-4.0730148406900E-01 4.0730148397800E-01-1.1104639808700E-01
-7.1076569811100E-01 7.1076569806300E-01-4.9134036753000E-02-1.7335313119102E-01
 5.3091353159883E-01 1.4740211028645E-01 1.7335313113213E-01 1.0467063844050E-01
 7.0044594488823E-01-8.2287530662077E-01-3.1401191542435E-01-7.0044594478604E-01
 1.1221202541000E-01 5.3334533330015E-02-4.8554400963061E-02-3.0642962931332E-02
-2.7706224716943E-02-8.8890888857527E-03 1.2336241792281E-02 0.0000000000000E+00
 0.0000000000000E+00 0.0000000000000E+00 0.0000000000000E+00 0.0000000000000E+00
 3.0359696313000E-01 0.0000000000000E+00 0.0000000000000E+00 3.4829330092900E-01
 0.0000000000000E+00 0.0000000000000E+00-7.0111876345870E+00 0.0000000000000E+00
 0.0000000000000E+00-7.4672984568300E-01 0.0000000000000E+00 0.0000000000000E+00
 0.0000000000000E+00 0.0000000000000E+00-1.3916000443591E+00 0.0000000000000E+00
 0.0000000000000E+00 0.0000000000000E+00 0.0000000000000E+00 8.1346360480824E-01
 0.0000000000000E+00 0.0000000000000E+00 0.0000000000000E+00 0.0000000000000E+00
 2.2513370027166E+00 0.0000000000000E+00 0.0000000000000E+00 0.0000000000000E+00
 5.4598374176919E-02 0.0000000000000E+00 0.0000000000000E+00 0.0000000000000E+00
-9.0997290344310E-03 0.0000000000000E+00 0.0000000000000E+00 1.4011363656744E-01
 0.0000000000000E+00 0.0000000000000E+00 0.0000000000000E+00-2.3352272768030E-02
 0.0000000000000E+00 0.0000000000000E+00 0.0000000000000E+00 8.2380580507320E-03
 0.0000000000000E+00 0.0000000000000E+00 0.0000000000000E+00-1.3730096753780E-03
 0.0000000000000E+00 0.0000000000000E+00-2.3563492525500E-01 6.3367252938500E-01
 2.8071017389830E+00 1.8472367846800E-01-4.2550134559900E-01-1.9168946945300E-01
 1.9168946939900E-01 5.0976021695700E-01 4.0730148406900E-01-4.0730148397800E-01
-1.1104639808700E-01 7.1076569811100E-01-7.1076569806300E-01-4.9134036753000E-02
 1.7335313119102E-01 5.3091353159883E-01 1.4740211028645E-01-1.7335313113213E-01
 1.0467063844050E-01-7.0044594488823E-01-8.2287530662077E-01-3.1401191542435E-01
 7.0044594478604E-01-1.1221202541000E-01 5.3334533330015E-02 4.8554400963061E-02
 3.0642962931332E-02-2.7706224716943E-02-8.8890888857527E-03-1.2336241792281E-02
 2.3563492525500E-01-6.3367252938500E-01-2.8071017389830E+00-1.8472367846800E-01
-4.2550134559900E-01-1.9168946945300E-01-1.9168946939900E-01 5.0976021695700E-01
 4.0730148406900E-01 4.0730148397800E-01-1.1104639808700E-01 7.1076569811100E-01
 7.1076569806300E-01 4.9134036753000E-02 1.7335313119102E-01 5.3091353159883E-01
-1.4740211028645E-01 1.7335313113213E-01-1.0467063844050E-01-7.0044594488823E-01
-8.2287530662077E-01 3.1401191542435E-01-7.0044594478604E-01 1.1221202541000E-01
 5.3334533330015E-02 4.8554400963061E-02-3.0642962931332E-02 2.7706224716943E-02
-8.8890888857527E-03-1.2336241792281E-02 2.3563492525500E-01-6.3367252938500E-01
-2.8071017389830E+00-1.8472367846800E-01-4.2550134559900E-01 1.9168946945300E-01
 1.9168946939900E-01 5.0976021695700E-01-4.0730148406900E-01-4.0730148397800E-01
-1.1104639808700E-01-7.1076569811100E-01-7.1076569806300E-01 4.9134036753000E-02
-1.7335313119102E-01 5.3091353159883E-01-1.4740211028645E-01-1.7335313113213E-01
-1.0467063844050E-01 7.0044594488823E-01-8.2287530662077E-01 3.1401191542435E-01
 7.0044594478604E-01-1.1221202541000E-01 5.3334533330015E-02-4.8554400963061E-02
 3.0642962931332E-02 2.7706224716943E-02-8.8890888857527E-03 1.2336241792281E-02
 8.0000000000000E-12-1.1000000000000E-11-1.3000000000000E-11 2.0000000000000E-12
-1.4530639846500E-01-1.4574488565900E-01-2.9105128411200E-01 1.5046760176800E-01
 1.5092166378600E-01 3.0138926552400E-01 3.1862408578100E-01 3.1958558907900E-01
 6.3820967484800E-01-2.4159316245450E-01 8.5394781869941E-03 8.5137863638643E-03
-3.6397540144037E-04 1.7053264537002E-02 1.6979638667050E-01-3.9753195190530E-01
-3.9633593964576E-01 2.5580901123905E-04-7.9386789157530E-01-3.2362493791600E-01
-3.5318173563243E-02-3.5120279744162E-02 3.0401381047843E-05-7.7459666924148E-13
-1.4303063238263E-02 1.4315777954095E-02-6.0000000000000E-12 3.0000000000000E-12
 4.2000000000000E-11 5.4000000000000E-11-1.0000000000000E-11 0.0000000000000E+00
 0.0000000000000E+00 0.0000000000000E+00 0.0000000000000E+00 0.0000000000000E+00
 0.0000000000000E+00 0.0000000000000E+00 0.0000000000000E+00 0.0000000000000E+00
 0.0000000000000E+00 0.0000000000000E+00 0.0000000000000E+00-1.0581796408550E-01
 0.0000000000000E+00 0.0000000000000E+00-1.5942146546358E-04 0.0000000000000E+00
 6.8724238280150E-01 0.0000000000000E+00 0.0000000000000E+00 1.0353741782073E-03
 0.0000000000000E+00 7.9832319879800E-01 0.0000000000000E+00 0.0000000000000E+00
 1.2027244630450E-03 0.0000000000000E+00 0.0000000000000E+00 0.0000000000000E+00
 0.0000000000000E+00 0.0000000000000E+00-1.8073922282301E-12 0.0000000000000E+00
 0.0000000000000E+00 0.0000000000000E+00 0.0000000000000E+00 0.0000000000000E+00
 0.0000000000000E+00 7.7459666924148E-13 0.0000000000000E+00 0.0000000000000E+00
 7.9627805810700E-01 0.0000000000000E+00 0.0000000000000E+00-7.9976221936370E-05
 0.0000000000000E+00 0.0000000000000E+00 0.0000000000000E+00-6.6356504842072E-03
 0.0000000000000E+00 8.0000000000000E-12-1.1000000000000E-11-1.3000000000000E-11
 2.0000000000000E-12-1.4530639846500E-01 1.4574488565900E-01 2.9105128411200E-01
 1.5046760176800E-01-1.5092166378600E-01-3.0138926552400E-01 3.1862408578100E-01
-3.1958558907900E-01-6.3820967484800E-01-2.4159316245450E-01-8.5394781869941E-03
 8.5137863638643E-03-3.6397540144037E-04-1.7053264537002E-02 1.6979638667050E-01
 3.9753195190530E-01-3.9633593964576E-01 2.5580901123905E-04 7.9386789157530E-01
 3.2362493791600E-01-3.5318173563243E-02 3.5120279744162E-02-3.0401381047843E-05
-7.7459666924148E-13-1.4303063238263E-02-1.4315777954095E-02 8.0000000000000E-12
-1.1000000000000E-11-1.3000000000000E-11 2.0000000000000E-12 1.4530639846500E-01
-1.4574488565900E-01 2.9105128411200E-01-1.5046760176800E-01 1.5092166378600E-01
-3.0138926552400E-01-3.1862408578100E-01 3.1958558907900E-01-6.3820967484800E-01
-2.4159316245450E-01 8.5394781869941E-03-8.5137863638643E-03-3.6397540144037E-04
-1.7053264537002E-02 1.6979638667050E-01-3.9753195190530E-01 3.9633593964576E-01
 2.5580901123905E-04 7.9386789157530E-01 3.2362493791600E-01 3.5318173563243E-02
-3.5120279744162E-02-3.0401381047843E-05-7.7459666924148E-13 1.4303063238263E-02
 1.4315777954095E-02 8.0000000000000E-12-1.1000000000000E-11-1.3000000000000E-11
 2.0000000000000E-12 1.4530639846500E-01 1.4574488565900E-01-2.9105128411200E-01
-1.5046760176800E-01-1.5092166378600E-01 3.0138926552400E-01-3.1862408578100E-01
-3.1958558907900E-01 6.3820967484800E-01-2.4159316245450E-01-8.5394781869941E-03
-8.5137863638643E-03-3.6397540144037E-04 1.7053264537002E-02 1.6979638667050E-01
 3.9753195190530E-01 3.9633593964576E-01 2.5580901123905E-04-7.9386789157530E-01
-3.2362493791600E-01 3.5318173563243E-02 3.5120279744162E-02 3.0401381047843E-05
-7.7459666924148E-13 1.4303063238263E-02-1.4315777954095E-02 0.0000000000000E+00
 0.0000000000000E+00 1.0000000000000E-12 0.0000000000000E+00 2.5218438616900E-01
-2.5193122547000E-01 2.5316069900000E-04-2.6114183672700E-01 2.6087968389900E-01
-2.6215282800000E-04-5.5298335343000E-01 5.5242822924100E-01-5.5512418700000E-04
 2.1014129600000E-04 1.4761143722964E-02-1.4775976903889E-02-4.1845163214889E-01
-1.4833180925022E-05-1.4769140150000E-04-6.8716450229227E-01 6.8785502029369E-01
 2.9409596861248E-01 6.9051799968774E-04 2.8149374400000E-04-1.1372566829714E-01
 1.1378693670271E-01 3.4951558490448E-02 0.0000000000000E+00 7.3213107982641E-03
 7.2964177081269E-03 0.0000000000000E+00 0.0000000000000E+00 1.0000000000000E-12
-4.0000000000000E-12-3.0000000000000E-12 0.0000000000000E+00 0.0000000000000E+00
 0.0000000000000E+00 0.0000000000000E+00 0.0000000000000E+00 0.0000000000000E+00
 0.0000000000000E+00 0.0000000000000E+00 0.0000000000000E+00 0.0000000000000E+00
 0.0000000000000E+00 0.0000000000000E+00 9.2042026000000E-05 0.0000000000000E+00
 0.0000000000000E+00-1.8328209012880E-01 0.0000000000000E+00-5.9777356000000E-04
 0.0000000000000E+00 0.0000000000000E+00 1.1903387239165E+00 0.0000000000000E+00
-6.9439329200000E-04 0.0000000000000E+00 0.0000000000000E+00 1.3827363411150E+00
 0.0000000000000E+00 0.0000000000000E+00 0.0000000000000E+00 0.0000000000000E+00
 0.0000000000000E+00 0.0000000000000E+00 0.0000000000000E+00 0.0000000000000E+00
 0.0000000000000E+00 0.0000000000000E+00 0.0000000000000E+00 0.0000000000000E+00
 0.0000000000000E+00 0.0000000000000E+00 0.0000000000000E+00-6.9261439900000E-04
 0.0000000000000E+00 0.0000000000000E+00-9.1946270242740E-02 0.0000000000000E+00
 0.0000000000000E+00 0.0000000000000E+00 5.7717866605764E-06 0.0000000000000E+00
 0.0000000000000E+00 0.0000000000000E+00 1.0000000000000E-12 0.0000000000000E+00
 2.5218438616900E-01 2.5193122547000E-01-2.5316069900000E-04-2.6114183672700E-01
-2.6087968389900E-01 2.6215282800000E-04-5.5298335343000E-01-5.5242822924100E-01
 5.5512418700000E-04 2.1014129600000E-04-1.4761143722964E-02-1.4775976903889E-02
-4.1845163214889E-01 1.4833180925022E-05-1.4769140150000E-04 6.8716450229227E-01
 6.8785502029369E-01 2.9409596861248E-01-6.9051799968774E-04-2.8149374400000E-04
-1.1372566829714E-01-1.1378693670271E-01-3.4951558490448E-02 0.0000000000000E+00
 7.3213107982641E-03-7.2964177081269E-03 0.0000000000000E+00 0.0000000000000E+00
 1.0000000000000E-12 0.0000000000000E+00-2.5218438616900E-01-2.5193122547000E-01
-2.5316069900000E-04 2.6114183672700E-01 2.6087968389900E-01 2.6215282800000E-04
 5.5298335343000E-01 5.5242822924100E-01 5.5512418700000E-04 2.1014129600000E-04
 1.4761143722964E-02 1.4775976903889E-02-4.1845163214889E-01 1.4833180925022E-05
-1.4769140150000E-04-6.8716450229227E-01-6.8785502029369E-01 2.9409596861248E-01
-6.9051799968774E-04-2.8149374400000E-04 1.1372566829714E-01 1.1378693670271E-01
-3.4951558490448E-02 0.0000000000000E+00-7.3213107982641E-03 7.2964177081269E-03
 0.0000000000000E+00 0.0000000000000E+00 1.0000000000000E-12 0.0000000000000E+00
-2.5218438616900E-01 2.5193122547000E-01 2.5316069900000E-04 2.6114183672700E-01
-2.6087968389900E-01-2.6215282800000E-04 5.5298335343000E-01-5.5242822924100E-01
-5.5512418700000E-04 2.1014129600000E-04-1.4761143722964E-02 1.4775976903889E-02
-4.1845163214889E-01-1.4833180925022E-05-1.4769140150000E-04 6.8716450229227E-01
-6.8785502029369E-01 2.9409596861248E-01 6.9051799968774E-04 2.8149374400000E-04
 1.1372566829714E-01-1.1378693670271E-01 3.4951558490448E-02 0.0000000000000E+00
-7.3213107982641E-03-7.2964177081269E-03-3.7000000000000E-11 9.9000000000000E-11
 1.4300000000000E-10 3.0000000000000E-12 2.9252761161000E-01 2.9511038471500E-01
 5.8763799628000E-01-7.1289774748000E-01-7.1919203580000E-01-1.4320897831300E+00
-3.4795310335200E-01-3.5102523699400E-01-6.9897834025300E-01-1.6873838689150E-01
 4.0348993464050E-02 3.9995863582798E-02-7.4163510584485E-04 8.0344857093614E-02
-4.6803199645100E-01 6.0055960172614E-01 5.9530357121063E-01-2.0570835450844E-03
 1.1958631729991E+00-2.4797909499100E-01 1.7627403898226E-01 1.7612106336474E-01
-1.7018145253463E-04 7.7459666924148E-13 9.3977644675740E-03-9.3098061020462E-03
 2.7000000000000E-11 1.1000000000000E-11 5.8000000000000E-11-6.7200000000000E-10
-8.3000000000000E-11 0.0000000000000E+00 0.0000000000000E+00 0.0000000000000E+00
 0.0000000000000E+00 0.0000000000000E+00 0.0000000000000E+00 0.0000000000000E+00
 0.0000000000000E+00 0.0000000000000E+00 0.0000000000000E+00 0.0000000000000E+00
 0.0000000000000E+00 2.5774227742350E-01 0.0000000000000E+00 0.0000000000000E+00
 1.1328229731633E-03 0.0000000000000E+00-2.3277192616310E+00 0.0000000000000E+00
 0.0000000000000E+00-1.0230738555454E-02 0.0000000000000E+00-8.1372430198850E-01
 0.0000000000000E+00 0.0000000000000E+00-3.5764624738086E-03 0.0000000000000E+00
 0.0000000000000E+00 0.0000000000000E+00 0.0000000000000E+00 0.0000000000000E+00
 4.7766794603225E-12 0.0000000000000E+00 0.0000000000000E+00 0.0000000000000E+00
 0.0000000000000E+00 0.0000000000000E+00 0.0000000000000E+00 6.5840716885526E-12
 0.0000000000000E+00 0.0000000000000E+00 5.3596639913100E-01 0.0000000000000E+00
 0.0000000000000E+00-1.5704448539439E-04 0.0000000000000E+00 0.0000000000000E+00
 0.0000000000000E+00-4.4663866593974E-03 0.0000000000000E+00-3.7000000000000E-11
 9.9000000000000E-11 1.4300000000000E-10 3.0000000000000E-12 2.9252761161000E-01
-2.9511038471500E-01-5.8763799628000E-01-7.1289774748000E-01 7.1919203580000E-01
 1.4320897831300E+00-3.4795310335200E-01 3.5102523699400E-01 6.9897834025300E-01
-1.6873838689150E-01-4.0348993464050E-02 3.9995863582798E-02-7.4163510584485E-04
-8.0344857093614E-02-4.6803199645100E-01-6.0055960172614E-01 5.9530357121063E-01
-2.0570835450844E-03-1.1958631729991E+00 2.4797909499100E-01 1.7627403898226E-01
-1.7612106336474E-01 1.7018145253463E-04 7.7459666924148E-13 9.3977644675740E-03
 9.3098061020462E-03-3.7000000000000E-11 9.9000000000000E-11 1.4300000000000E-10
 3.0000000000000E-12-2.9252761161000E-01 2.9511038471500E-01-5.8763799628000E-01
 7.1289774748000E-01-7.1919203580000E-01 1.4320897831300E+00 3.4795310335200E-01
-3.5102523699400E-01 6.9897834025300E-01-1.6873838689150E-01 4.0348993464050E-02
-3.9995863582798E-02-7.4163510584485E-04-8.0344857093614E-02-4.6803199645100E-01
 6.0055960172614E-01-5.9530357121063E-01-2.0570835450844E-03-1.1958631729991E+00
 2.4797909499100E-01-1.7627403898226E-01 1.7612106336474E-01 1.7018145253463E-04
 7.7459666924148E-13-9.3977644675740E-03-9.3098061020462E-03-3.7000000000000E-11
 9.9000000000000E-11 1.4300000000000E-10 3.0000000000000E-12-2.9252761161000E-01
-2.9511038471500E-01 5.8763799628000E-01 7.1289774748000E-01 7.1919203580000E-01
-1.4320897831300E+00 3.4795310335200E-01 3.5102523699400E-01-6.9897834025300E-01
-1.6873838689150E-01-4.0348993464050E-02-3.9995863582798E-02-7.4163510584485E-04
 8.0344857093614E-02-4.6803199645100E-01-6.0055960172614E-01-5.9530357121063E-01
-2.0570835450844E-03 1.1958631729991E+00-2.4797909499100E-01-1.7627403898226E-01
-1.7612106336474E-01-1.7018145253463E-04 7.7459666924148E-13-9.3977644675740E-03
 9.3098061020462E-03 1.0000000000000E-12-3.0000000000000E-12-6.0000000000000E-12
 0.0000000000000E+00-5.0965501540600E-01 5.0816385065700E-01-1.4911647470000E-03
 1.2420431372840E+00-1.2384091282250E+00 3.6340090540000E-03 6.0621984803200E-01
-6.0444615084400E-01 1.7736971850000E-03 4.2818322800000E-04 6.9478747470411E-02
-6.9682627103420E-02-2.9226345925731E-01-2.0387963300895E-04 1.1876577385000E-03
 1.0341306019932E+00-1.0371651726247E+00-8.1065519745480E-01-3.0345706332815E-03
 6.2926101900000E-04 2.9695193705671E-02-3.0589416266289E-02-6.7065083159433E-02
 0.0000000000000E+00 1.7307574461404E-02 1.7355045982873E-02 0.0000000000000E+00
 0.0000000000000E+00-2.0000000000000E-12 2.4000000000000E-11 5.0000000000000E-12
 0.0000000000000E+00 0.0000000000000E+00 0.0000000000000E+00 0.0000000000000E+00
 0.0000000000000E+00 0.0000000000000E+00 0.0000000000000E+00 0.0000000000000E+00
 0.0000000000000E+00 0.0000000000000E+00 0.0000000000000E+00 0.0000000000000E+00
-6.5403564850000E-04 0.0000000000000E+00 0.0000000000000E+00 4.4642271977420E-01
 0.0000000000000E+00 5.9067196595000E-03 0.0000000000000E+00 0.0000000000000E+00
-4.0317280270246E+00 0.0000000000000E+00 2.0648715725000E-03 0.0000000000000E+00
 0.0000000000000E+00-1.4094118345310E+00 0.0000000000000E+00 0.0000000000000E+00
 0.0000000000000E+00 0.0000000000000E+00 0.0000000000000E+00-1.2909944487358E-13
 0.0000000000000E+00 0.0000000000000E+00 0.0000000000000E+00 0.0000000000000E+00
 0.0000000000000E+00 0.0000000000000E+00-2.5819888974716E-13 0.0000000000000E+00
 0.0000000000000E+00-1.3600451390000E-03 0.0000000000000E+00 0.0000000000000E+00
-6.1888068958544E-02 0.0000000000000E+00 0.0000000000000E+00 0.0000000000000E+00
 1.1333709490341E-05 0.0000000000000E+00 1.0000000000000E-12-3.0000000000000E-12
-6.0000000000000E-12 0.0000000000000E+00-5.0965501540600E-01-5.0816385065700E-01
 1.4911647470000E-03 1.2420431372840E+00 1.2384091282250E+00-3.6340090540000E-03
 6.0621984803200E-01 6.0444615084400E-01-1.7736971850000E-03 4.2818322800000E-04
-6.9478747470411E-02-6.9682627103420E-02-2.9226345925731E-01 2.0387963300895E-04
 1.1876577385000E-03-1.0341306019932E+00-1.0371651726247E+00-8.1065519745480E-01
 3.0345706332815E-03-6.2926101900000E-04 2.9695193705671E-02 3.0589416266289E-02
 6.7065083159433E-02 0.0000000000000E+00 1.7307574461404E-02-1.7355045982873E-02
 1.0000000000000E-12-3.0000000000000E-12-6.0000000000000E-12 0.0000000000000E+00
 5.0965501540600E-01 5.0816385065700E-01 1.4911647470000E-03-1.2420431372840E+00
-1.2384091282250E+00-3.6340090540000E-03-6.0621984803200E-01-6.0444615084400E-01
-1.7736971850000E-03 4.2818322800000E-04 6.9478747470411E-02 6.9682627103420E-02
-2.9226345925731E-01 2.0387963300895E-04 1.1876577385000E-03 1.0341306019932E+00
 1.0371651726247E+00-8.1065519745480E-01 3.0345706332815E-03-6.2926101900000E-04
-2.9695193705671E-02-3.0589416266289E-02 6.7065083159433E-02 0.0000000000000E+00
-1.7307574461404E-02 1.7355045982873E-02 1.0000000000000E-12-3.0000000000000E-12
-6.0000000000000E-12 0.0000000000000E+00 5.0965501540600E-01-5.0816385065700E-01
-1.4911647470000E-03-1.2420431372840E+00 1.2384091282250E+00 3.6340090540000E-03
-6.0621984803200E-01 6.0444615084400E-01 1.7736971850000E-03 4.2818322800000E-04
-6.9478747470411E-02 6.9682627103420E-02-2.9226345925731E-01-2.0387963300895E-04
 1.1876577385000E-03-1.0341306019932E+00 1.0371651726247E+00-8.1065519745480E-01
-3.0345706332815E-03 6.2926101900000E-04-2.9695193705671E-02 3.0589416266289E-02
-6.7065083159433E-02 0.0000000000000E+00-1.7307574461404E-02-1.7355045982873E-02
-2.5733294047700E-01-5.3674302217000E-01 5.2638354360800E-01-5.7742522769000E-02
 4.2238687205800E-01 4.2238687205800E-01-5.3907970256300E-01-1.9736131046600E-01
-1.9736131046600E-01 8.1137258755500E-01-1.9330258529700E-01-1.9330258529700E-01
 3.8208235605600E-01 1.3431816826200E-01 2.8041497883640E-01 2.8041497883640E-01
 0.0000000000000E+00-4.4855427340234E-01 1.1921153323150E-01-8.3785350452850E-01
-8.3785350452850E-01 0.0000000000000E+00 4.2517878388375E-01 7.9052999479000E-02
-7.2879818732845E-02-7.2879818732845E-02 0.0000000000000E+00 2.4278237525105E-02
 1.4984271721355E-03-1.4984271721355E-03 0.0000000000000E+00 0.0000000000000E+00
 0.0000000000000E+00 0.0000000000000E+00 0.0000000000000E+00 0.0000000000000E+00
 0.0000000000000E+00 6.5070512988600E-01 0.0000000000000E+00 0.0000000000000E+00
 3.4847916470200E-01 0.0000000000000E+00 0.0000000000000E+00-1.6342654423070E+00
 0.0000000000000E+00 0.0000000000000E+00-4.1538862581000E-02 0.0000000000000E+00
 0.0000000000000E+00 0.0000000000000E+00 0.0000000000000E+00-8.4566552797196E-01
 0.0000000000000E+00 0.0000000000000E+00 0.0000000000000E+00 0.0000000000000E+00
-3.4074189320485E-01 0.0000000000000E+00 0.0000000000000E+00 0.0000000000000E+00
 0.0000000000000E+00 7.7043384749840E-01 3.6475157510000E-03 0.0000000000000E+00
 0.0000000000000E+00 0.0000000000000E+00 0.0000000000000E+00 0.0000000000000E+00
 0.0000000000000E+00 2.1493024144400E-01 0.0000000000000E+00 0.0000000000000E+00
 0.0000000000000E+00 0.0000000000000E+00 0.0000000000000E+00 0.0000000000000E+00
 0.0000000000000E+00 0.0000000000000E+00 0.0000000000000E+00 0.0000000000000E+00
 8.6867996721052E-02 0.0000000000000E+00 0.0000000000000E+00 0.0000000000000E+00
 0.0000000000000E+00 2.5733294047700E-01 5.3674302217000E-01-5.2638354360800E-01
 5.7742522769000E-02-4.2238687205800E-01 4.2238687205800E-01-5.3907970256300E-01
 1.9736131046600E-01-1.9736131046600E-01 8.1137258755500E-01 1.9330258529700E-01
-1.9330258529700E-01 3.8208235605600E-01-1.3431816826200E-01 2.8041497883640E-01
-2.8041497883640E-01 0.0000000000000E+00-4.4855427340234E-01-1.1921153323150E-01
-8.3785350452850E-01 8.3785350452850E-01 0.0000000000000E+00 4.2517878388375E-01
 7.9052999479000E-02 7.2879818732845E-02-7.2879818732845E-02 0.0000000000000E+00
-2.4278237525105E-02-1.4984271721355E-03-1.4984271721355E-03 2.5733294047700E-01
 5.3674302217000E-01-5.2638354360800E-01 5.7742522769000E-02 4.2238687205800E-01
-4.2238687205800E-01-5.3907970256300E-01-1.9736131046600E-01 1.9736131046600E-01
 8.1137258755500E-01-1.9330258529700E-01 1.9330258529700E-01 3.8208235605600E-01
-1.3431816826200E-01-2.8041497883640E-01 2.8041497883640E-01 0.0000000000000E+00
-4.4855427340234E-01-1.1921153323150E-01 8.3785350452850E-01-8.3785350452850E-01
 0.0000000000000E+00 4.2517878388375E-01 7.9052999479000E-02-7.2879818732845E-02
 7.2879818732845E-02 0.0000000000000E+00-2.4278237525105E-02 1.4984271721355E-03
 1.4984271721355E-03-2.5733294047700E-01-5.3674302217000E-01 5.2638354360800E-01
-5.7742522769000E-02-4.2238687205800E-01-4.2238687205800E-01-5.3907970256300E-01
 1.9736131046600E-01 1.9736131046600E-01 8.1137258755500E-01 1.9330258529700E-01
 1.9330258529700E-01 3.8208235605600E-01 1.3431816826200E-01-2.8041497883640E-01
-2.8041497883640E-01 0.0000000000000E+00-4.4855427340234E-01 1.1921153323150E-01
 8.3785350452850E-01 8.3785350452850E-01 0.0000000000000E+00 4.2517878388375E-01
 7.9052999479000E-02 7.2879818732845E-02 7.2879818732845E-02 0.0000000000000E+00
 2.4278237525105E-02-1.4984271721355E-03 1.4984271721355E-03 2.5733294047100E-01
 5.3674302228100E-01-5.2638354372200E-01 5.7742522775000E-02-4.2238687210900E-01
-5.3907970253800E-01 4.2238687210900E-01 1.9736131054600E-01 8.1137258742800E-01
-1.9736131055400E-01 1.9330258534900E-01 3.8208235605900E-01-1.9330258534900E-01
 6.7159084119000E-02-4.4855427336943E-01-2.8041497885892E-01 2.0147725236410E-01
 2.8041497886931E-01 5.9605766598000E-02 4.2517878402058E-01 8.3785350452503E-01
 1.7881729979603E-01-8.3785350452503E-01 1.3179613568800E-01-6.9817508762329E-03
-1.9763249861579E-02 1.5972313919598E-02-2.4278237526396E-02-9.4845841335460E-03
-3.2938749770565E-03 0.0000000000000E+00 0.0000000000000E+00 0.0000000000000E+00
 0.0000000000000E+00 0.0000000000000E+00 0.0000000000000E+00 6.5070512983000E-01
 0.0000000000000E+00 0.0000000000000E+00 3.4847916495800E-01 0.0000000000000E+00
 0.0000000000000E+00-1.6342654421120E+00 0.0000000000000E+00 0.0000000000000E+00
-4.1538862574000E-02 0.0000000000000E+00 0.0000000000000E+00-8.4566552815383E-01
 0.0000000000000E+00 0.0000000000000E+00 0.0000000000000E+00 0.0000000000000E+00
-3.4074189260209E-01 0.0000000000000E+00 0.0000000000000E+00 0.0000000000000E+00
 0.0000000000000E+00 7.7043384760405E-01 0.0000000000000E+00 0.0000000000000E+00
 0.0000000000000E+00 0.0000000000000E+00 0.0000000000000E+00-9.1187895992660E-04
 0.0000000000000E+00 0.0000000000000E+00 0.0000000000000E+00-1.5197982587686E-04
 0.0000000000000E+00 0.0000000000000E+00-5.3732560408052E-02 0.0000000000000E+00
 0.0000000000000E+00 0.0000000000000E+00-8.9554267340940E-03 0.0000000000000E+00
-1.3030199506929E-01 0.0000000000000E+00 0.0000000000000E+00 0.0000000000000E+00
-2.1716999178710E-02 0.0000000000000E+00 0.0000000000000E+00 0.0000000000000E+00
-2.5733294047100E-01-5.3674302228100E-01 5.2638354372200E-01-5.7742522775000E-02
 4.2238687210900E-01-5.3907970253800E-01 4.2238687210900E-01-1.9736131054600E-01
 8.1137258742800E-01-1.9736131055400E-01-1.9330258534900E-01 3.8208235605900E-01
-1.9330258534900E-01-6.7159084119000E-02-4.4855427336943E-01 2.8041497885892E-01
-2.0147725236410E-01 2.8041497886931E-01-5.9605766598000E-02 4.2517878402058E-01
-8.3785350452503E-01-1.7881729979603E-01-8.3785350452503E-01 1.3179613568800E-01
 6.9817508762329E-03-1.9763249861579E-02 1.5972313919598E-02 2.4278237526396E-02
 9.4845841335460E-03-3.2938749770565E-03 2.5733294047100E-01 5.3674302228100E-01
-5.2638354372200E-01 5.7742522775000E-02 4.2238687210900E-01-5.3907970253800E-01
-4.2238687210900E-01-1.9736131054600E-01 8.1137258742800E-01 1.9736131055400E-01
-1.9330258534900E-01 3.8208235605900E-01 1.9330258534900E-01 6.7159084119000E-02
-4.4855427336943E-01 2.8041497885892E-01 2.0147725236410E-01-2.8041497886931E-01
 5.9605766598000E-02 4.2517878402058E-01-8.3785350452503E-01 1.7881729979603E-01
 8.3785350452503E-01-1.3179613568800E-01 6.9817508762329E-03-1.9763249861579E-02
-1.5972313919598E-02-2.4278237526396E-02 9.4845841335460E-03-3.2938749770565E-03
-2.5733294047100E-01-5.3674302228100E-01 5.2638354372200E-01-5.7742522775000E-02
-4.2238687210900E-01-5.3907970253800E-01-4.2238687210900E-01 1.9736131054600E-01
 8.1137258742800E-01 1.9736131055400E-01 1.9330258534900E-01 3.8208235605900E-01
 1.9330258534900E-01-6.7159084119000E-02-4.4855427336943E-01-2.8041497885892E-01
-2.0147725236410E-01-2.8041497886931E-01-5.9605766598000E-02 4.2517878402058E-01
 8.3785350452503E-01-1.7881729979603E-01 8.3785350452503E-01-1.3179613568800E-01
-6.9817508762329E-03-1.9763249861579E-02-1.5972313919598E-02 2.4278237526396E-02
-9.4845841335460E-03-3.2938749770565E-03-2.5733294047100E-01-5.3674302228200E-01
 5.2638354371900E-01-5.7742522775000E-02 5.3907970253800E-01 4.2238687210900E-01
-4.2238687210900E-01-8.1137258742700E-01-1.9736131054600E-01 1.9736131055400E-01
-3.8208235605800E-01-1.9330258534900E-01 1.9330258534900E-01-6.7159084119000E-02
 2.8041497885892E-01 4.4855427336770E-01 2.0147725236410E-01-2.8041497886931E-01
-5.9605766598000E-02-8.3785350452503E-01-4.2517878402058E-01 1.7881729979603E-01
 8.3785350452503E-01-1.3179613568800E-01 1.9763249861579E-02 6.9817508762329E-03
 1.5972313919598E-02 2.4278237526396E-02-3.2938749770565E-03-9.4845841335460E-03
 0.0000000000000E+00 0.0000000000000E+00 0.0000000000000E+00 0.0000000000000E+00
 0.0000000000000E+00-6.5070512983000E-01 0.0000000000000E+00 0.0000000000000E+00
-3.4847916495900E-01 0.0000000000000E+00 0.0000000000000E+00 1.6342654421160E+00
 0.0000000000000E+00 0.0000000000000E+00 4.1538862575000E-02 0.0000000000000E+00
 0.0000000000000E+00 0.0000000000000E+00 0.0000000000000E+00 8.4566552815556E-01
 0.0000000000000E+00 0.0000000000000E+00 0.0000000000000E+00 0.0000000000000E+00
 3.4074189259863E-01 0.0000000000000E+00 0.0000000000000E+00 0.0000000000000E+00
 0.0000000000000E+00-7.7043384760579E-01 0.0000000000000E+00 0.0000000000000E+00
 0.0000000000000E+00 9.1187896033485E-04 0.0000000000000E+00 0.0000000000000E+00
 0.0000000000000E+00-1.5197982592956E-04 0.0000000000000E+00 0.0000000000000E+00
 5.3732560408052E-02 0.0000000000000E+00 0.0000000000000E+00 0.0000000000000E+00
-8.9554267341467E-03 0.0000000000000E+00 0.0000000000000E+00 0.0000000000000E+00
 1.3030199506929E-01 0.0000000000000E+00 0.0000000000000E+00 0.0000000000000E+00
-2.1716999178710E-02 0.0000000000000E+00 0.0000000000000E+00-2.5733294047100E-01
-5.3674302228200E-01 5.2638354371900E-01-5.7742522775000E-02 5.3907970253800E-01
-4.2238687210900E-01 4.2238687210900E-01-8.1137258742700E-01 1.9736131054600E-01
-1.9736131055400E-01-3.8208235605800E-01 1.9330258534900E-01-1.9330258534900E-01
-6.7159084119000E-02-2.8041497885892E-01 4.4855427336770E-01 2.0147725236410E-01
 2.8041497886931E-01-5.9605766598000E-02 8.3785350452503E-01-4.2517878402058E-01
 1.7881729979603E-01-8.3785350452503E-01 1.3179613568800E-01 1.9763249861579E-02
-6.9817508762329E-03-1.5972313919598E-02 2.4278237526396E-02-3.2938749770565E-03
 9.4845841335460E-03 2.5733294047100E-01 5.3674302228200E-01-5.2638354371900E-01
 5.7742522775000E-02 5.3907970253800E-01-4.2238687210900E-01-4.2238687210900E-01
-8.1137258742700E-01 1.9736131054600E-01 1.9736131055400E-01-3.8208235605800E-01
 1.9330258534900E-01 1.9330258534900E-01 6.7159084119000E-02-2.8041497885892E-01
 4.4855427336770E-01-2.0147725236410E-01-2.8041497886931E-01 5.9605766598000E-02
 8.3785350452503E-01-4.2517878402058E-01-1.7881729979603E-01 8.3785350452503E-01
-1.3179613568800E-01 1.9763249861579E-02-6.9817508762329E-03 1.5972313919598E-02
-2.4278237526396E-02-3.2938749770565E-03 9.4845841335460E-03 2.5733294047100E-01
 5.3674302228200E-01-5.2638354371900E-01 5.7742522775000E-02 5.3907970253800E-01
 4.2238687210900E-01 4.2238687210900E-01-8.1137258742700E-01-1.9736131054600E-01
-1.9736131055400E-01-3.8208235605800E-01-1.9330258534900E-01-1.9330258534900E-01
 6.7159084119000E-02 2.8041497885892E-01 4.4855427336770E-01-2.0147725236410E-01
 2.8041497886931E-01 5.9605766598000E-02-8.3785350452503E-01-4.2517878402058E-01
-1.7881729979603E-01-8.3785350452503E-01 1.3179613568800E-01 1.9763249861579E-02
 6.9817508762329E-03-1.5972313919598E-02-2.4278237526396E-02-3.2938749770565E-03
-9.4845841335460E-03 3.1817028694000E-02-9.1198566249600E-01 1.0680866793960E+00
-1.9178433754000E-02 4.2429532850900E-01 4.2429532850900E-01 2.3054958582000E-01
-7.1781352812100E-01-7.1781352812100E-01-1.1215870821460E+00-4.9364798135200E-01
-4.9364798135200E-01-2.7104856991000E-02-1.5397325634450E-01 1.9868084360124E-01
 1.9868084360124E-01 0.0000000000000E+00 2.4904048187908E-01-3.2007907737750E-01
 1.1589090145210E-01 1.1589090145210E-01 0.0000000000000E+00 1.2429749511025E+00
-2.3848226494500E-01 1.1124115106291E-01 1.1124115106291E-01 0.0000000000000E+00
 1.0300963163337E-02 1.5019088585758E-02-1.5019088585758E-02 0.0000000000000E+00
 0.0000000000000E+00 0.0000000000000E+00 0.0000000000000E+00 0.0000000000000E+00
 0.0000000000000E+00 0.0000000000000E+00-4.8290806469300E-01 0.0000000000000E+00
 0.0000000000000E+00 2.1648217446620E+00 0.0000000000000E+00 0.0000000000000E+00
 2.0982664261860E+00 0.0000000000000E+00 0.0000000000000E+00 1.3801442050600E-01
 0.0000000000000E+00 0.0000000000000E+00 0.0000000000000E+00 0.0000000000000E+00
-1.4942078347272E+00 0.0000000000000E+00 0.0000000000000E+00 0.0000000000000E+00
 0.0000000000000E+00 5.1942181069981E+00 0.0000000000000E+00 0.0000000000000E+00
 0.0000000000000E+00 0.0000000000000E+00 8.7324125393178E-01 6.6030080144000E-01
 0.0000000000000E+00 0.0000000000000E+00 0.0000000000000E+00 0.0000000000000E+00
 0.0000000000000E+00 0.0000000000000E+00 1.6265819970500E+00 0.0000000000000E+00
 0.0000000000000E+00 0.0000000000000E+00 0.0000000000000E+00 0.0000000000000E+00
 0.0000000000000E+00 0.0000000000000E+00 0.0000000000000E+00 0.0000000000000E+00
 0.0000000000000E+00-5.5519832435421E-02 0.0000000000000E+00 0.0000000000000E+00
 0.0000000000000E+00 0.0000000000000E+00-3.1817028694000E-02 9.1198566249600E-01
-1.0680866793960E+00 1.9178433754000E-02-4.2429532850900E-01 4.2429532850900E-01
 2.3054958582000E-01 7.1781352812100E-01-7.1781352812100E-01-1.1215870821460E+00
 4.9364798135200E-01-4.9364798135200E-01-2.7104856991000E-02 1.5397325634450E-01
 1.9868084360124E-01-1.9868084360124E-01 0.0000000000000E+00 2.4904048187908E-01
 3.2007907737750E-01 1.1589090145210E-01-1.1589090145210E-01 0.0000000000000E+00
 1.2429749511025E+00-2.3848226494500E-01-1.1124115106291E-01 1.1124115106291E-01
 0.0000000000000E+00-1.0300963163337E-02-1.5019088585758E-02-1.5019088585758E-02
-3.1817028694000E-02 9.1198566249600E-01-1.0680866793960E+00 1.9178433754000E-02
 4.2429532850900E-01-4.2429532850900E-01 2.3054958582000E-01-7.1781352812100E-01
 7.1781352812100E-01-1.1215870821460E+00-4.9364798135200E-01 4.9364798135200E-01
-2.7104856991000E-02 1.5397325634450E-01-1.9868084360124E-01 1.9868084360124E-01
 0.0000000000000E+00 2.4904048187908E-01 3.2007907737750E-01-1.1589090145210E-01
 1.1589090145210E-01 0.0000000000000E+00 1.2429749511025E+00-2.3848226494500E-01
 1.1124115106291E-01-1.1124115106291E-01 0.0000000000000E+00-1.0300963163337E-02
 1.5019088585758E-02 1.5019088585758E-02 3.1817028694000E-02-9.1198566249600E-01
 1.0680866793960E+00-1.9178433754000E-02-4.2429532850900E-01-4.2429532850900E-01
 2.3054958582000E-01 7.1781352812100E-01 7.1781352812100E-01-1.1215870821460E+00
 4.9364798135200E-01 4.9364798135200E-01-2.7104856991000E-02-1.5397325634450E-01
-1.9868084360124E-01-1.9868084360124E-01 0.0000000000000E+00 2.4904048187908E-01
-3.2007907737750E-01-1.1589090145210E-01-1.1589090145210E-01 0.0000000000000E+00
 1.2429749511025E+00-2.3848226494500E-01-1.1124115106291E-01-1.1124115106291E-01
 0.0000000000000E+00 1.0300963163337E-02-1.5019088585758E-02 1.5019088585758E-02
 3.1817028727000E-02-9.1198566243600E-01 1.0680866794060E+00-1.9178433739000E-02
-2.3054958589100E-01 4.2429532846200E-01-4.2429532845600E-01 1.1215870822620E+00
-7.1781352812200E-01 7.1781352807600E-01 2.7104857039000E-02-4.9364798135100E-01
 4.9364798134900E-01 7.6986628172000E-02 1.9868084359085E-01-2.4904048192238E-01
-2.3095988454576E-01-1.9868084354755E-01 1.6003953869550E-01 1.1589090157681E-01
-1.2429749510713E+00-4.8011861610037E-01-1.1589090157161E-01-5.8424602177000E-02
-5.9620566234364E-02-1.4045345215902E-01-5.0338920647933E-02 1.0300963159464E-02
 9.9367610397712E-03 1.0150371737848E-02 0.0000000000000E+00 0.0000000000000E+00
 0.0000000000000E+00 0.0000000000000E+00 0.0000000000000E+00 4.8290806476800E-01
 0.0000000000000E+00 0.0000000000000E+00-2.1648217445820E+00 0.0000000000000E+00
 0.0000000000000E+00-2.0982664265660E+00 0.0000000000000E+00 0.0000000000000E+00
-1.3801442053900E-01 0.0000000000000E+00 0.0000000000000E+00 0.0000000000000E+00
 0.0000000000000E+00 1.4942078345886E+00 0.0000000000000E+00 0.0000000000000E+00
 0.0000000000000E+00 0.0000000000000E+00-5.1942181070588E+00 0.0000000000000E+00
 0.0000000000000E+00 0.0000000000000E+00 0.0000000000000E+00-8.7324125378975E-01
 0.0000000000000E+00 0.0000000000000E+00 0.0000000000000E+00 1.6507520034951E-01
 0.0000000000000E+00 0.0000000000000E+00 0.0000000000000E+00-2.7512533395165E-02
 0.0000000000000E+00 0.0000000000000E+00 4.0664549925007E-01 0.0000000000000E+00
 0.0000000000000E+00 0.0000000000000E+00-6.7774249878252E-02 0.0000000000000E+00
 0.0000000000000E+00 0.0000000000000E+00-8.3279748658117E-02 0.0000000000000E+00
 0.0000000000000E+00 0.0000000000000E+00 1.3879958111807E-02 0.0000000000000E+00
 0.0000000000000E+00 3.1817028727000E-02-9.1198566243600E-01 1.0680866794060E+00
-1.9178433739000E-02-2.3054958589100E-01-4.2429532846200E-01 4.2429532845600E-01
 1.1215870822620E+00 7.1781352812200E-01-7.1781352807600E-01 2.7104857039000E-02
 4.9364798135100E-01-4.9364798134900E-01 7.6986628172000E-02-1.9868084359085E-01
-2.4904048192238E-01-2.3095988454576E-01 1.9868084354755E-01 1.6003953869550E-01
-1.1589090157681E-01-1.2429749510713E+00-4.8011861610037E-01 1.1589090157161E-01
 5.8424602177000E-02-5.9620566234364E-02 1.4045345215902E-01 5.0338920647933E-02
 1.0300963159464E-02 9.9367610397712E-03-1.0150371737848E-02-3.1817028727000E-02
 9.1198566243600E-01-1.0680866794060E+00 1.9178433739000E-02-2.3054958589100E-01
-4.2429532846200E-01-4.2429532845600E-01 1.1215870822620E+00 7.1781352812200E-01
 7.1781352807600E-01 2.7104857039000E-02 4.9364798135100E-01 4.9364798134900E-01
-7.6986628172000E-02-1.9868084359085E-01-2.4904048192238E-01 2.3095988454576E-01
-1.9868084354755E-01-1.6003953869550E-01-1.1589090157681E-01-1.2429749510713E+00
 4.8011861610037E-01-1.1589090157161E-01-5.8424602177000E-02-5.9620566234364E-02
 1.4045345215902E-01-5.0338920647933E-02-1.0300963159464E-02 9.9367610397712E-03
-1.0150371737848E-02-3.1817028727000E-02 9.1198566243600E-01-1.0680866794060E+00
 1.9178433739000E-02-2.3054958589100E-01 4.2429532846200E-01 4.2429532845600E-01
 1.1215870822620E+00-7.1781352812200E-01-7.1781352807600E-01 2.7104857039000E-02
-4.9364798135100E-01-4.9364798134900E-01-7.6986628172000E-02 1.9868084359085E-01
-2.4904048192238E-01 2.3095988454576E-01 1.9868084354755E-01-1.6003953869550E-01
 1.1589090157681E-01-1.2429749510713E+00 4.8011861610037E-01 1.1589090157161E-01
 5.8424602177000E-02-5.9620566234364E-02-1.4045345215902E-01 5.0338920647933E-02
-1.0300963159464E-02 9.9367610397712E-03 1.0150371737848E-02-3.1817028727000E-02
 9.1198566243700E-01-1.0680866794070E+00 1.9178433739000E-02-4.2429532846200E-01
 2.3054958589100E-01 4.2429532845700E-01 7.1781352812200E-01-1.1215870822620E+00
-7.1781352807600E-01 4.9364798135200E-01-2.7104857039000E-02-4.9364798134900E-01
-7.6986628172000E-02 2.4904048192238E-01-1.9868084359085E-01-2.3095988454576E-01
 1.9868084354755E-01-1.6003953869550E-01 1.2429749510713E+00-1.1589090157681E-01
-4.8011861610037E-01 1.1589090157161E-01 5.8424602177000E-02 1.4045345215902E-01
 5.9620566234364E-02-5.0338920647933E-02-1.0300963159464E-02 1.0150371737848E-02
 9.9367610397712E-03 0.0000000000000E+00 0.0000000000000E+00 0.0000000000000E+00
 0.0000000000000E+00 0.0000000000000E+00 0.0000000000000E+00-4.8290806476800E-01
 0.0000000000000E+00 0.0000000000000E+00 2.1648217445820E+00 0.0000000000000E+00
 0.0000000000000E+00 2.0982664265670E+00 0.0000000000000E+00 0.0000000000000E+00
 1.3801442053900E-01 0.0000000000000E+00 0.0000000000000E+00-1.4942078345886E+00
 0.0000000000000E+00 0.0000000000000E+00 0.0000000000000E+00 0.0000000000000E+00
 5.1942181070588E+00 0.0000000000000E+00 0.0000000000000E+00 0.0000000000000E+00
 0.0000000000000E+00 8.7324125378975E-01 0.0000000000000E+00 0.0000000000000E+00
 0.0000000000000E+00 0.0000000000000E+00 0.0000000000000E+00-1.6507520034951E-01
 0.0000000000000E+00 0.0000000000000E+00 0.0000000000000E+00-2.7512533395165E-02
 0.0000000000000E+00 0.0000000000000E+00-4.0664549925007E-01 0.0000000000000E+00
 0.0000000000000E+00 0.0000000000000E+00-6.7774249878252E-02 0.0000000000000E+00
 8.3279748657800E-02 0.0000000000000E+00 0.0000000000000E+00 0.0000000000000E+00
 1.3879958111807E-02 0.0000000000000E+00 0.0000000000000E+00 0.0000000000000E+00
 3.1817028727000E-02-9.1198566243700E-01 1.0680866794070E+00-1.9178433739000E-02
 4.2429532846200E-01 2.3054958589100E-01 4.2429532845700E-01-7.1781352812200E-01
-1.1215870822620E+00-7.1781352807600E-01-4.9364798135200E-01-2.7104857039000E-02
-4.9364798134900E-01 7.6986628172000E-02 2.4904048192238E-01 1.9868084359085E-01
 2.3095988454576E-01 1.9868084354755E-01 1.6003953869550E-01 1.2429749510713E+00
 1.1589090157681E-01 4.8011861610037E-01 1.1589090157161E-01 5.8424602177000E-02
-1.4045345215902E-01 5.9620566234364E-02-5.0338920647933E-02 1.0300963159464E-02
-1.0150371737848E-02 9.9367610397712E-03-3.1817028727000E-02 9.1198566243700E-01
-1.0680866794070E+00 1.9178433739000E-02 4.2429532846200E-01 2.3054958589100E-01
-4.2429532845700E-01-7.1781352812200E-01-1.1215870822620E+00 7.1781352807600E-01
-4.9364798135200E-01-2.7104857039000E-02 4.9364798134900E-01-7.6986628172000E-02
 2.4904048192238E-01 1.9868084359085E-01-2.3095988454576E-01-1.9868084354755E-01
-1.6003953869550E-01 1.2429749510713E+00 1.1589090157681E-01-4.8011861610037E-01
-1.1589090157161E-01-5.8424602177000E-02-1.4045345215902E-01 5.9620566234364E-02
 5.0338920647933E-02-1.0300963159464E-02-1.0150371737848E-02 9.9367610397712E-03
 3.1817028727000E-02-9.1198566243700E-01 1.0680866794070E+00-1.9178433739000E-02
-4.2429532846200E-01 2.3054958589100E-01-4.2429532845700E-01 7.1781352812200E-01
-1.1215870822620E+00 7.1781352807600E-01 4.9364798135200E-01-2.7104857039000E-02
 4.9364798134900E-01 7.6986628172000E-02 2.4904048192238E-01-1.9868084359085E-01
 2.3095988454576E-01-1.9868084354755E-01 1.6003953869550E-01 1.2429749510713E+00
-1.1589090157681E-01 4.8011861610037E-01-1.1589090157161E-01-5.8424602177000E-02
 1.4045345215902E-01 5.9620566234364E-02 5.0338920647933E-02 1.0300963159464E-02
 1.0150371737848E-02 9.9367610397712E-03 7.8075984570100E-01-1.8092234203990E+00
-4.5882809910390E+00-3.2529020719600E-01-4.7463097759000E-01-4.7463097759100E-01
 4.7463097762900E-01 1.1838237137940E+00 1.1838237137980E+00-1.1838237138900E+00
 1.0338855133680E+00 1.0338855133700E+00-1.0338855134350E+00-4.0000000000000E-12
 4.6735685139410E-02 4.6735685139410E-02 8.6602540378444E-13-4.6735685139410E-02
-2.3000000000000E-11 7.5243811814924E-01 7.5243811815271E-01 1.7320508075689E-12
-7.5243811805744E-01 1.0056998671700E-01 2.5142496689137E-02 2.5142496689137E-02
 1.2909944487358E-13-1.0947208304037E-02-4.1904161130160E-03 4.1904161129633E-03
-2.5860382974500E-01 6.6971784108000E-02-1.1730228786740E+00 1.7714107917697E+01
 4.3277736701730E+00 0.0000000000000E+00 0.0000000000000E+00 0.0000000000000E+00
 0.0000000000000E+00 0.0000000000000E+00 0.0000000000000E+00 0.0000000000000E+00
 0.0000000000000E+00 0.0000000000000E+00 0.0000000000000E+00 0.0000000000000E+00
 0.0000000000000E+00 1.2000000000000E-11 0.0000000000000E+00 0.0000000000000E+00
-8.6602540378444E-13 0.0000000000000E+00-1.0850000000000E-10 0.0000000000000E+00
 0.0000000000000E+00 6.9282032302755E-12 0.0000000000000E+00-5.1000000000000E-11
 0.0000000000000E+00 0.0000000000000E+00 2.5980762113533E-12 0.0000000000000E+00
 0.0000000000000E+00 0.0000000000000E+00 0.0000000000000E+00 0.0000000000000E+00
-4.0184759793611E-02 0.0000000000000E+00 0.0000000000000E+00 0.0000000000000E+00
 0.0000000000000E+00 0.0000000000000E+00 0.0000000000000E+00-1.4495077300842E-01
 0.0000000000000E+00 0.0000000000000E+00 1.3368043107000E-01 0.0000000000000E+00
 0.0000000000000E+00 1.4907119849999E-13 0.0000000000000E+00 0.0000000000000E+00
 0.0000000000000E+00 7.9571685138351E-04 0.0000000000000E+00 7.8075984570100E-01
-1.8092234203990E+00-4.5882809910390E+00-3.2529020719600E-01-4.7463097759000E-01
 4.7463097759100E-01-4.7463097762900E-01 1.1838237137940E+00-1.1838237137980E+00
 1.1838237138900E+00 1.0338855133680E+00-1.0338855133700E+00 1.0338855134350E+00
-4.0000000000000E-12-4.6735685139410E-02 4.6735685139410E-02 8.6602540378444E-13
 4.6735685139410E-02-2.3000000000000E-11-7.5243811814924E-01 7.5243811815271E-01
 1.7320508075689E-12 7.5243811805744E-01-1.0056998671700E-01 2.5142496689137E-02
-2.5142496689137E-02-1.2909944487358E-13-1.0947208304037E-02-4.1904161130160E-03
-4.1904161129633E-03 7.8075984570100E-01-1.8092234203990E+00-4.5882809910390E+00
-3.2529020719600E-01 4.7463097759000E-01-4.7463097759100E-01-4.7463097762900E-01
-1.1838237137940E+00 1.1838237137980E+00 1.1838237138900E+00-1.0338855133680E+00
 1.0338855133700E+00 1.0338855134350E+00-4.0000000000000E-12 4.6735685139410E-02
-4.6735685139410E-02 8.6602540378444E-13 4.6735685139410E-02-2.3000000000000E-11
 7.5243811814924E-01-7.5243811815271E-01 1.7320508075689E-12 7.5243811805744E-01
-1.0056998671700E-01-2.5142496689137E-02 2.5142496689137E-02-1.2909944487358E-13
-1.0947208304037E-02 4.1904161130160E-03 4.1904161129633E-03 7.8075984570100E-01
-1.8092234203990E+00-4.5882809910390E+00-3.2529020719600E-01 4.7463097759000E-01
 4.7463097759100E-01 4.7463097762900E-01-1.1838237137940E+00-1.1838237137980E+00
-1.1838237138900E+00-1.0338855133680E+00-1.0338855133700E+00-1.0338855134350E+00
-4.0000000000000E-12-4.6735685139410E-02-4.6735685139410E-02 8.6602540378444E-13
-4.6735685139410E-02-2.3000000000000E-11-7.5243811814924E-01-7.5243811815271E-01
 1.7320508075689E-12-7.5243811805744E-01 1.0056998671700E-01-2.5142496689137E-02
-2.5142496689137E-02 1.2909944487358E-13-1.0947208304037E-02 4.1904161130160E-03
-4.1904161129633E-03 0.0000000000000E+00 0.0000000000000E+00-1.0000000000000E-12
 0.0000000000000E+00 1.9710874510300E-01-1.9710874510300E-01 0.0000000000000E+00
-9.2089613055400E-01 9.2089613055500E-01 0.0000000000000E+00-1.8158556582500E-01
 1.8158556582600E-01 0.0000000000000E+00 0.0000000000000E+00-5.4872499581870E-01
 5.4872499581870E-01 3.4951787241173E-01 0.0000000000000E+00 0.0000000000000E+00
-3.0867848270365E-01 3.0867848270365E-01 4.7516162193716E-01 0.0000000000000E+00
 0.0000000000000E+00-3.3432459462333E-02 3.3432459462333E-02 4.8766029261512E-02
 0.0000000000000E+00-1.1176033754613E-02-1.1176033754613E-02 0.0000000000000E+00
 0.0000000000000E+00 0.0000000000000E+00 0.0000000000000E+00 0.0000000000000E+00
 0.0000000000000E+00 0.0000000000000E+00 0.0000000000000E+00 0.0000000000000E+00
 0.0000000000000E+00 0.0000000000000E+00 0.0000000000000E+00 0.0000000000000E+00
-1.0000000000000E-12 0.0000000000000E+00 0.0000000000000E+00 0.0000000000000E+00
 0.0000000000000E+00 0.0000000000000E+00 0.0000000000000E+00 0.0000000000000E+00
 0.0000000000000E+00 0.0000000000000E+00 0.0000000000000E+00 0.0000000000000E+00
 0.0000000000000E+00 0.0000000000000E+00 0.0000000000000E+00 0.0000000000000E+00
 0.0000000000000E+00 0.0000000000000E+00 0.0000000000000E+00 0.0000000000000E+00
 0.0000000000000E+00 0.0000000000000E+00-1.7102444944312E-01 0.0000000000000E+00
 0.0000000000000E+00 0.0000000000000E+00 0.0000000000000E+00 0.0000000000000E+00
 0.0000000000000E+00-2.2176801583308E-01 0.0000000000000E+00 0.0000000000000E+00
 0.0000000000000E+00 0.0000000000000E+00 0.0000000000000E+00 0.0000000000000E+00
 0.0000000000000E+00 0.0000000000000E+00 0.0000000000000E+00 0.0000000000000E+00
 0.0000000000000E+00 8.4146251913588E-03 0.0000000000000E+00 0.0000000000000E+00
 1.0000000000000E-12 0.0000000000000E+00-1.9710874510300E-01-1.9710874510300E-01
 0.0000000000000E+00 9.2089613055400E-01 9.2089613055500E-01 0.0000000000000E+00
 1.8158556582500E-01 1.8158556582600E-01 0.0000000000000E+00 0.0000000000000E+00
-5.4872499581870E-01-5.4872499581870E-01-3.4951787241173E-01 0.0000000000000E+00
 0.0000000000000E+00-3.0867848270365E-01-3.0867848270365E-01-4.7516162193716E-01
 0.0000000000000E+00 0.0000000000000E+00 3.3432459462333E-02 3.3432459462333E-02
 4.8766029261512E-02 0.0000000000000E+00 1.1176033754613E-02-1.1176033754613E-02
 0.0000000000000E+00 0.0000000000000E+00 1.0000000000000E-12 0.0000000000000E+00
 1.9710874510300E-01 1.9710874510300E-01 0.0000000000000E+00-9.2089613055400E-01
-9.2089613055500E-01 0.0000000000000E+00-1.8158556582500E-01-1.8158556582600E-01
 0.0000000000000E+00 0.0000000000000E+00 5.4872499581870E-01 5.4872499581870E-01
-3.4951787241173E-01 0.0000000000000E+00 0.0000000000000E+00 3.0867848270365E-01
 3.0867848270365E-01-4.7516162193716E-01 0.0000000000000E+00 0.0000000000000E+00
-3.3432459462333E-02-3.3432459462333E-02 4.8766029261512E-02 0.0000000000000E+00
-1.1176033754613E-02 1.1176033754613E-02 0.0000000000000E+00 0.0000000000000E+00
-1.0000000000000E-12 0.0000000000000E+00-1.9710874510300E-01 1.9710874510300E-01
 0.0000000000000E+00 9.2089613055400E-01-9.2089613055500E-01 0.0000000000000E+00
 1.8158556582500E-01-1.8158556582600E-01 0.0000000000000E+00 0.0000000000000E+00
 5.4872499581870E-01-5.4872499581870E-01 3.4951787241173E-01 0.0000000000000E+00
 0.0000000000000E+00 3.0867848270365E-01-3.0867848270365E-01 4.7516162193716E-01
 0.0000000000000E+00 0.0000000000000E+00 3.3432459462333E-02-3.3432459462333E-02
 4.8766029261512E-02 0.0000000000000E+00 1.1176033754613E-02 1.1176033754613E-02
 0.0000000000000E+00-2.4000000000000E-11 2.2000000000000E-11 0.0000000000000E+00
-1.3000000000000E-11-1.9710874509200E-01-1.9710874511500E-01 4.5000000000000E-11
 9.2089613052800E-01 9.2089613058400E-01 8.0000000000000E-12 1.8158556580900E-01
 1.8158556584300E-01 1.7475893620850E-01-5.4872499581696E-01-1.3856406460551E-11
 1.7475893619677E-01-5.4872499582043E-01 2.3758081097600E-01-3.0867848269846E-01
-4.8497422611929E-11 2.3758081094693E-01-3.0867848271231E-01 1.1749181712300E-01
-1.2191507315752E-01-9.2178368030826E-02 2.5122165495568E-02 7.7459666924148E-13
-1.2191507314893E-02 1.3850489945909E-03 0.0000000000000E+00 0.0000000000000E+00
 0.0000000000000E+00 0.0000000000000E+00 0.0000000000000E+00 2.8000000000000E-11
 0.0000000000000E+00 0.0000000000000E+00-1.0700000000000E-10 0.0000000000000E+00
 0.0000000000000E+00-7.1000000000000E-11 0.0000000000000E+00 0.0000000000000E+00
-2.0000000000000E-12 0.0000000000000E+00 0.0000000000000E+00 0.0000000000000E+00
 0.0000000000000E+00 6.7549981495186E-11 0.0000000000000E+00 0.0000000000000E+00
 0.0000000000000E+00 0.0000000000000E+00-2.0091789367799E-10 0.0000000000000E+00
 0.0000000000000E+00 0.0000000000000E+00 0.0000000000000E+00-5.3693575034635E-11
 0.0000000000000E+00 0.0000000000000E+00 0.0000000000000E+00 4.2756112361141E-01
 0.0000000000000E+00 0.0000000000000E+00 0.0000000000000E+00 4.2756112360102E-02
 0.0000000000000E+00 0.0000000000000E+00 5.5442003959933E-01 0.0000000000000E+00
 0.0000000000000E+00 0.0000000000000E+00 5.5442003955728E-02 0.0000000000000E+00
 0.0000000000000E+00 0.0000000000000E+00-3.5341425804257E-01 0.0000000000000E+00
 0.0000000000000E+00 0.0000000000000E+00-8.4146251906498E-03 0.0000000000000E+00
 0.0000000000000E+00 0.0000000000000E+00-2.4000000000000E-11 2.2000000000000E-11
 0.0000000000000E+00-1.3000000000000E-11 1.9710874509200E-01 1.9710874511500E-01
 4.5000000000000E-11-9.2089613052800E-01-9.2089613058400E-01 8.0000000000000E-12
-1.8158556580900E-01-1.8158556584300E-01 1.7475893620850E-01 5.4872499581696E-01
-1.3856406460551E-11 1.7475893619677E-01 5.4872499582043E-01 2.3758081097600E-01
 3.0867848269846E-01-4.8497422611929E-11 2.3758081094693E-01 3.0867848271231E-01
-1.1749181712300E-01-1.2191507315752E-01 9.2178368030826E-02-2.5122165495568E-02
 7.7459666924148E-13-1.2191507314893E-02-1.3850489945909E-03 0.0000000000000E+00
 2.4000000000000E-11-2.2000000000000E-11 0.0000000000000E+00-1.3000000000000E-11
 1.9710874509200E-01-1.9710874511500E-01 4.5000000000000E-11-9.2089613052800E-01
 9.2089613058400E-01 8.0000000000000E-12-1.8158556580900E-01 1.8158556584300E-01
-1.7475893620850E-01 5.4872499581696E-01-1.3856406460551E-11-1.7475893619677E-01
-5.4872499582043E-01-2.3758081097600E-01 3.0867848269846E-01-4.8497422611929E-11
-2.3758081094693E-01-3.0867848271231E-01 1.1749181712300E-01-1.2191507315752E-01
 9.2178368030826E-02 2.5122165495568E-02-7.7459666924148E-13-1.2191507314893E-02
-1.3850489945909E-03 0.0000000000000E+00 2.4000000000000E-11-2.2000000000000E-11
 0.0000000000000E+00-1.3000000000000E-11-1.9710874509200E-01 1.9710874511500E-01
 4.5000000000000E-11 9.2089613052800E-01-9.2089613058400E-01 8.0000000000000E-12
 1.8158556580900E-01-1.8158556584300E-01-1.7475893620850E-01-5.4872499581696E-01
-1.3856406460551E-11-1.7475893619677E-01 5.4872499582043E-01-2.3758081097600E-01
-3.0867848269846E-01-4.8497422611929E-11-2.3758081094693E-01 3.0867848271231E-01
-1.1749181712300E-01-1.2191507315752E-01-9.2178368030826E-02-2.5122165495568E-02
-7.7459666924148E-13-1.2191507314893E-02 1.3850489945909E-03 0.0000000000000E+00
 2.4000000000000E-11-2.4000000000000E-11 0.0000000000000E+00 1.9710874509200E-01
 1.3000000000000E-11 1.9710874511500E-01-9.2089613052700E-01-4.6000000000000E-11
-9.2089613058400E-01-1.8158556580800E-01-8.0000000000000E-12-1.8158556584400E-01
-1.7475893620850E-01 1.3856406460551E-11 5.4872499581696E-01 1.7475893619677E-01
 5.4872499582043E-01-2.3758081097600E-01 4.8497422611929E-11 3.0867848269846E-01
 2.3758081094693E-01 3.0867848271231E-01-1.1749181712300E-01 9.2178368030826E-02
 1.2191507315752E-01 2.5122165495568E-02-7.7459666924148E-13 1.3850489945909E-03
-1.2191507314893E-02 0.0000000000000E+00 0.0000000000000E+00 0.0000000000000E+00
 0.0000000000000E+00 0.0000000000000E+00 0.0000000000000E+00-2.8000000000000E-11
 0.0000000000000E+00 0.0000000000000E+00 1.0700000000000E-10 0.0000000000000E+00
 0.0000000000000E+00 7.4000000000000E-11 0.0000000000000E+00 0.0000000000000E+00
 3.0000000000000E-12 0.0000000000000E+00 0.0000000000000E+00-6.7549981495186E-11
 0.0000000000000E+00 0.0000000000000E+00 0.0000000000000E+00 0.0000000000000E+00
 2.0264994448556E-10 0.0000000000000E+00 0.0000000000000E+00 0.0000000000000E+00
 0.0000000000000E+00 5.1961524227066E-11 0.0000000000000E+00 0.0000000000000E+00
 0.0000000000000E+00 0.0000000000000E+00 0.0000000000000E+00-4.2756112361141E-01
 0.0000000000000E+00 0.0000000000000E+00 0.0000000000000E+00 4.2756112360102E-02
 0.0000000000000E+00 0.0000000000000E+00-5.5442003959933E-01 0.0000000000000E+00
 0.0000000000000E+00 0.0000000000000E+00 5.5442003955728E-02 0.0000000000000E+00
 3.5341425804257E-01 0.0000000000000E+00 0.0000000000000E+00 0.0000000000000E+00
-8.4146251906498E-03 0.0000000000000E+00 0.0000000000000E+00 0.0000000000000E+00
 0.0000000000000E+00-2.4000000000000E-11 2.4000000000000E-11 0.0000000000000E+00
-1.9710874509200E-01 1.3000000000000E-11 1.9710874511500E-01 9.2089613052700E-01
-4.6000000000000E-11-9.2089613058400E-01 1.8158556580800E-01-8.0000000000000E-12
-1.8158556584400E-01 1.7475893620850E-01 1.3856406460551E-11-5.4872499581696E-01
-1.7475893619677E-01 5.4872499582043E-01 2.3758081097600E-01 4.8497422611929E-11
-3.0867848269846E-01-2.3758081094693E-01 3.0867848271231E-01-1.1749181712300E-01
-9.2178368030826E-02 1.2191507315752E-01 2.5122165495568E-02 7.7459666924148E-13
-1.3850489945909E-03-1.2191507314893E-02 0.0000000000000E+00 2.4000000000000E-11
-2.4000000000000E-11 0.0000000000000E+00-1.9710874509200E-01 1.3000000000000E-11
-1.9710874511500E-01 9.2089613052700E-01-4.6000000000000E-11 9.2089613058400E-01
 1.8158556580800E-01-8.0000000000000E-12 1.8158556584400E-01-1.7475893620850E-01
 1.3856406460551E-11-5.4872499581696E-01 1.7475893619677E-01-5.4872499582043E-01
-2.3758081097600E-01 4.8497422611929E-11-3.0867848269846E-01 2.3758081094693E-01
-3.0867848271231E-01 1.1749181712300E-01-9.2178368030826E-02 1.2191507315752E-01
-2.5122165495568E-02-7.7459666924148E-13-1.3850489945909E-03-1.2191507314893E-02
 0.0000000000000E+00-2.4000000000000E-11 2.4000000000000E-11 0.0000000000000E+00
 1.9710874509200E-01 1.3000000000000E-11-1.9710874511500E-01-9.2089613052700E-01
-4.6000000000000E-11 9.2089613058400E-01-1.8158556580800E-01-8.0000000000000E-12
 1.8158556584400E-01 1.7475893620850E-01 1.3856406460551E-11 5.4872499581696E-01
-1.7475893619677E-01-5.4872499582043E-01 2.3758081097600E-01 4.8497422611929E-11
 3.0867848269846E-01-2.3758081094693E-01-3.0867848271231E-01 1.1749181712300E-01
 9.2178368030826E-02 1.2191507315752E-01-2.5122165495568E-02 7.7459666924148E-13
 1.3850489945909E-03-1.2191507314893E-02-4.8957251424100E-01 3.3678784853690E+00
 2.5050357097690E+00 1.1729738312300E-01-2.4825078497600E-01-2.4825078497600E-01
 2.4825078496100E-01-6.8103851719800E-01-6.8103851719900E-01 6.8103851723700E-01
-4.3349194961000E-01-4.3349194961000E-01 4.3349194963800E-01 1.5000000000000E-12
-6.5990760839477E-01-6.5990760839477E-01 0.0000000000000E+00 6.5990760839303E-01
 1.0000000000000E-11 3.7095056538834E-01 3.7095056538834E-01 0.0000000000000E+00
-3.7095056542991E-01 3.3022855150000E-03 8.2557137418436E-04 8.2557137418436E-04
 0.0000000000000E+00-1.2673198203541E-02-1.3759522990258E-04 1.3759522990258E-04
 1.1702706022150E+00 1.3143456316640E+00 6.5401993695410E+00-1.7370283057533E+01
-1.8950745790100E+00 0.0000000000000E+00 0.0000000000000E+00 0.0000000000000E+00
 0.0000000000000E+00 0.0000000000000E+00 0.0000000000000E+00 0.0000000000000E+00
 0.0000000000000E+00 0.0000000000000E+00 0.0000000000000E+00 0.0000000000000E+00
 0.0000000000000E+00-5.0000000000000E-12 0.0000000000000E+00 0.0000000000000E+00
 0.0000000000000E+00 0.0000000000000E+00 4.7000000000000E-11 0.0000000000000E+00
 0.0000000000000E+00-8.6602540378444E-13 0.0000000000000E+00 2.1500000000000E-11
 0.0000000000000E+00 0.0000000000000E+00 0.0000000000000E+00 0.0000000000000E+00
 0.0000000000000E+00 0.0000000000000E+00 0.0000000000000E+00 0.0000000000000E+00
 1.5701662367190E-01 0.0000000000000E+00 0.0000000000000E+00 0.0000000000000E+00
 0.0000000000000E+00 0.0000000000000E+00 0.0000000000000E+00 3.7173074306086E-01
 0.0000000000000E+00 0.0000000000000E+00 7.6570095020200E-01 0.0000000000000E+00
 0.0000000000000E+00 0.0000000000000E+00 0.0000000000000E+00 0.0000000000000E+00
 0.0000000000000E+00 4.5577437512947E-03 0.0000000000000E+00-4.8957251424100E-01
 3.3678784853690E+00 2.5050357097690E+00 1.1729738312300E-01-2.4825078497600E-01
 2.4825078497600E-01-2.4825078496100E-01-6.8103851719800E-01 6.8103851719900E-01
-6.8103851723700E-01-4.3349194961000E-01 4.3349194961000E-01-4.3349194963800E-01
 1.5000000000000E-12 6.5990760839477E-01-6.5990760839477E-01 0.0000000000000E+00
-6.5990760839303E-01 1.0000000000000E-11-3.7095056538834E-01 3.7095056538834E-01
 0.0000000000000E+00 3.7095056542991E-01-3.3022855150000E-03 8.2557137418436E-04
-8.2557137418436E-04 0.0000000000000E+00-1.2673198203541E-02-1.3759522990258E-04
-1.3759522990258E-04-4.8957251424100E-01 3.3678784853690E+00 2.5050357097690E+00
 1.1729738312300E-01 2.4825078497600E-01-2.4825078497600E-01-2.4825078496100E-01
 6.8103851719800E-01-6.8103851719900E-01-6.8103851723700E-01 4.3349194961000E-01
-4.3349194961000E-01-4.3349194963800E-01 1.5000000000000E-12-6.5990760839477E-01
 6.5990760839477E-01 0.0000000000000E+00-6.5990760839303E-01 1.0000000000000E-11
 3.7095056538834E-01-3.7095056538834E-01 0.0000000000000E+00 3.7095056542991E-01
-3.3022855150000E-03-8.2557137418436E-04 8.2557137418436E-04 0.0000000000000E+00
-1.2673198203541E-02 1.3759522990258E-04 1.3759522990258E-04-4.8957251424100E-01
 3.3678784853690E+00 2.5050357097690E+00 1.1729738312300E-01 2.4825078497600E-01
 2.4825078497600E-01 2.4825078496100E-01 6.8103851719800E-01 6.8103851719900E-01
 6.8103851723700E-01 4.3349194961000E-01 4.3349194961000E-01 4.3349194963800E-01
 1.5000000000000E-12 6.5990760839477E-01 6.5990760839477E-01 0.0000000000000E+00
 6.5990760839303E-01 1.0000000000000E-11-3.7095056538834E-01-3.7095056538834E-01
 0.0000000000000E+00-3.7095056542991E-01 3.3022855150000E-03-8.2557137418436E-04
-8.2557137418436E-04 0.0000000000000E+00-1.2673198203541E-02 1.3759522990258E-04
-1.3759522990258E-04 8.6032976949200E-01-3.0166707207740E+00-4.0393607694650E+00
-6.9754007765000E-02-1.3150478256300E-01-1.3150478256300E-01 2.6641358530800E-01
 1.3815328352770E+00 1.3815328352770E+00-1.7865080540670E+00 8.2241873875000E-01
 8.2241873875000E-01-9.5390372551500E-01-6.7130362470000E-03 5.6131170972151E-01
 5.6131170972151E-01 0.0000000000000E+00-5.3833041565088E-01-7.0391645810500E-02
 1.0174446394396E+00 1.0174446394396E+00 0.0000000000000E+00-6.0425247704426E-01
 1.4917844793800E-01 5.2716935220263E-02 5.2716935220263E-02 0.0000000000000E+00
-3.9300808950948E-02-3.8908173048214E-03 3.8908173048214E-03 0.0000000000000E+00
 0.0000000000000E+00 0.0000000000000E+00 0.0000000000000E+00 0.0000000000000E+00
 0.0000000000000E+00 0.0000000000000E+00 1.1649071312330E+00 0.0000000000000E+00
 0.0000000000000E+00-4.5423783681520E+00 0.0000000000000E+00 0.0000000000000E+00
-6.2650446297570E+00 0.0000000000000E+00 0.0000000000000E+00-5.8303424492200E-01
 0.0000000000000E+00 0.0000000000000E+00 0.0000000000000E+00 0.0000000000000E+00
 4.5522581213118E-01 0.0000000000000E+00 0.0000000000000E+00 0.0000000000000E+00
 0.0000000000000E+00 7.9181955982435E+00 0.0000000000000E+00 0.0000000000000E+00
 0.0000000000000E+00 0.0000000000000E+00 2.9180505902157E+00 9.3210164095800E-01
 0.0000000000000E+00 0.0000000000000E+00 0.0000000000000E+00 0.0000000000000E+00
 0.0000000000000E+00 0.0000000000000E+00 1.2271054152860E+00 0.0000000000000E+00
 0.0000000000000E+00 0.0000000000000E+00 0.0000000000000E+00 0.0000000000000E+00
 0.0000000000000E+00 0.0000000000000E+00 0.0000000000000E+00 0.0000000000000E+00
 0.0000000000000E+00 2.9733882912186E-02 0.0000000000000E+00 0.0000000000000E+00
 0.0000000000000E+00 0.0000000000000E+00-8.6032976949200E-01 3.0166707207740E+00
 4.0393607694650E+00 6.9754007765000E-02 1.3150478256300E-01-1.3150478256300E-01
 2.6641358530800E-01-1.3815328352770E+00 1.3815328352770E+00-1.7865080540670E+00
-8.2241873875000E-01 8.2241873875000E-01-9.5390372551500E-01 6.7130362470000E-03
 5.6131170972151E-01-5.6131170972151E-01 0.0000000000000E+00-5.3833041565088E-01
 7.0391645810500E-02 1.0174446394396E+00-1.0174446394396E+00 0.0000000000000E+00
-6.0425247704426E-01 1.4917844793800E-01-5.2716935220263E-02 5.2716935220263E-02
 0.0000000000000E+00 3.9300808950948E-02 3.8908173048214E-03 3.8908173048214E-03
-8.6032976949200E-01 3.0166707207740E+00 4.0393607694650E+00 6.9754007765000E-02
-1.3150478256300E-01 1.3150478256300E-01 2.6641358530800E-01 1.3815328352770E+00
-1.3815328352770E+00-1.7865080540670E+00 8.2241873875000E-01-8.2241873875000E-01
-9.5390372551500E-01 6.7130362470000E-03-5.6131170972151E-01 5.6131170972151E-01
 0.0000000000000E+00-5.3833041565088E-01 7.0391645810500E-02-1.0174446394396E+00
 1.0174446394396E+00 0.0000000000000E+00-6.0425247704426E-01 1.4917844793800E-01
 5.2716935220263E-02-5.2716935220263E-02 0.0000000000000E+00 3.9300808950948E-02
-3.8908173048214E-03-3.8908173048214E-03 8.6032976949200E-01-3.0166707207740E+00
-4.0393607694650E+00-6.9754007765000E-02 1.3150478256300E-01 1.3150478256300E-01
 2.6641358530800E-01-1.3815328352770E+00-1.3815328352770E+00-1.7865080540670E+00
-8.2241873875000E-01-8.2241873875000E-01-9.5390372551500E-01-6.7130362470000E-03
-5.6131170972151E-01-5.6131170972151E-01 0.0000000000000E+00-5.3833041565088E-01
-7.0391645810500E-02-1.0174446394396E+00-1.0174446394396E+00 0.0000000000000E+00
-6.0425247704426E-01 1.4917844793800E-01-5.2716935220263E-02-5.2716935220263E-02
 0.0000000000000E+00-3.9300808950948E-02 3.8908173048214E-03-3.8908173048214E-03
 8.6032976949100E-01-3.0166707207750E+00-4.0393607695070E+00-6.9754007767000E-02
-2.6641358530900E-01-1.3150478256800E-01 1.3150478256300E-01 1.7865080540670E+00
 1.3815328352960E+00-1.3815328352780E+00 9.5390372552400E-01 8.2241873876600E-01
-8.2241873875800E-01 3.3565181235000E-03 5.6131170971631E-01 5.3833041565261E-01
-1.0069554368027E-02-5.6131170971977E-01 3.5195822907500E-02 1.0174446394431E+00
 6.0425247705811E-01-1.0558746870867E-01-1.0174446394552E+00 1.3743766240500E-01
 3.7294611984046E-02 1.6001895981187E-02-7.3430078471287E-03-3.9300808951593E-02
-6.2157686644927E-03 7.5623212287416E-03 0.0000000000000E+00 0.0000000000000E+00
 0.0000000000000E+00 0.0000000000000E+00 0.0000000000000E+00-1.1649071312370E+00
 0.0000000000000E+00 0.0000000000000E+00 4.5423783681880E+00 0.0000000000000E+00
 0.0000000000000E+00 6.2650446298120E+00 0.0000000000000E+00 0.0000000000000E+00
 5.8303424493100E-01 0.0000000000000E+00 0.0000000000000E+00 0.0000000000000E+00
 0.0000000000000E+00-4.5522581214330E-01 0.0000000000000E+00 0.0000000000000E+00
 0.0000000000000E+00 0.0000000000000E+00-7.9181955982348E+00 0.0000000000000E+00
 0.0000000000000E+00 0.0000000000000E+00 0.0000000000000E+00-2.9180505902313E+00
 0.0000000000000E+00 0.0000000000000E+00 0.0000000000000E+00 2.3302541024215E-01
 0.0000000000000E+00 0.0000000000000E+00 0.0000000000000E+00-3.8837568372726E-02
 0.0000000000000E+00 0.0000000000000E+00 3.0677635382796E-01 0.0000000000000E+00
 0.0000000000000E+00 0.0000000000000E+00-5.1129392302970E-02 0.0000000000000E+00
 0.0000000000000E+00 0.0000000000000E+00 4.4600824366413E-02 0.0000000000000E+00
 0.0000000000000E+00 0.0000000000000E+00-7.4334707283043E-03 0.0000000000000E+00
 0.0000000000000E+00 8.6032976949100E-01-3.0166707207750E+00-4.0393607695070E+00
-6.9754007767000E-02-2.6641358530900E-01 1.3150478256800E-01-1.3150478256300E-01
 1.7865080540670E+00-1.3815328352960E+00 1.3815328352780E+00 9.5390372552400E-01
-8.2241873876600E-01 8.2241873875800E-01 3.3565181235000E-03-5.6131170971631E-01
 5.3833041565261E-01-1.0069554368027E-02 5.6131170971977E-01 3.5195822907500E-02
-1.0174446394431E+00 6.0425247705811E-01-1.0558746870867E-01 1.0174446394552E+00
-1.3743766240500E-01 3.7294611984046E-02-1.6001895981187E-02 7.3430078471287E-03
-3.9300808951593E-02-6.2157686644927E-03-7.5623212287416E-03-8.6032976949100E-01
 3.0166707207750E+00 4.0393607695070E+00 6.9754007767000E-02-2.6641358530900E-01
 1.3150478256800E-01 1.3150478256300E-01 1.7865080540670E+00-1.3815328352960E+00
-1.3815328352780E+00 9.5390372552400E-01-8.2241873876600E-01-8.2241873875800E-01
-3.3565181235000E-03-5.6131170971631E-01 5.3833041565261E-01 1.0069554368027E-02
-5.6131170971977E-01-3.5195822907500E-02-1.0174446394431E+00 6.0425247705811E-01
 1.0558746870867E-01-1.0174446394552E+00 1.3743766240500E-01 3.7294611984046E-02
-1.6001895981187E-02-7.3430078471287E-03 3.9300808951593E-02-6.2157686644927E-03
-7.5623212287416E-03-8.6032976949100E-01 3.0166707207750E+00 4.0393607695070E+00
 6.9754007767000E-02-2.6641358530900E-01-1.3150478256800E-01-1.3150478256300E-01
 1.7865080540670E+00 1.3815328352960E+00 1.3815328352780E+00 9.5390372552400E-01
 8.2241873876600E-01 8.2241873875800E-01-3.3565181235000E-03 5.6131170971631E-01
 5.3833041565261E-01 1.0069554368027E-02 5.6131170971977E-01-3.5195822907500E-02
 1.0174446394431E+00 6.0425247705811E-01 1.0558746870867E-01 1.0174446394552E+00
-1.3743766240500E-01 3.7294611984046E-02 1.6001895981187E-02 7.3430078471287E-03
 3.9300808951593E-02-6.2157686644927E-03 7.5623212287416E-03-8.6032976949100E-01
 3.0166707207750E+00 4.0393607695080E+00 6.9754007767000E-02 1.3150478256800E-01
 2.6641358530900E-01-1.3150478256400E-01-1.3815328352970E+00-1.7865080540680E+00
 1.3815328352790E+00-8.2241873876600E-01-9.5390372552500E-01 8.2241873875800E-01
-3.3565181235000E-03-5.3833041565261E-01-5.6131170971631E-01-1.0069554368027E-02
 5.6131170971977E-01-3.5195822907500E-02-6.0425247705811E-01-1.0174446394431E+00
-1.0558746870867E-01 1.0174446394569E+00-1.3743766240500E-01-1.6001895981187E-02
-3.7294611984046E-02-7.3430078471287E-03 3.9300808951593E-02 7.5623212287416E-03
-6.2157686644927E-03 0.0000000000000E+00 0.0000000000000E+00 0.0000000000000E+00
 0.0000000000000E+00 0.0000000000000E+00 0.0000000000000E+00 1.1649071312380E+00
 0.0000000000000E+00 0.0000000000000E+00-4.5423783681890E+00 0.0000000000000E+00
 0.0000000000000E+00-6.2650446298130E+00 0.0000000000000E+00 0.0000000000000E+00
-5.8303424493100E-01 0.0000000000000E+00 0.0000000000000E+00 4.5522581214330E-01
 0.0000000000000E+00 0.0000000000000E+00 0.0000000000000E+00 0.0000000000000E+00
 7.9181955982366E+00 0.0000000000000E+00 0.0000000000000E+00 0.0000000000000E+00
 0.0000000000000E+00 2.9180505902313E+00 0.0000000000000E+00 0.0000000000000E+00
 0.0000000000000E+00 0.0000000000000E+00 0.0000000000000E+00-2.3302541024215E-01
 0.0000000000000E+00 0.0000000000000E+00 0.0000000000000E+00-3.8837568372726E-02
 0.0000000000000E+00 0.0000000000000E+00-3.0677635382796E-01 0.0000000000000E+00
 0.0000000000000E+00 0.0000000000000E+00-5.1129392302970E-02 0.0000000000000E+00
-4.4600824366413E-02 0.0000000000000E+00 0.0000000000000E+00 0.0000000000000E+00
-7.4334707283043E-03 0.0000000000000E+00 0.0000000000000E+00 0.0000000000000E+00
 8.6032976949100E-01-3.0166707207750E+00-4.0393607695080E+00-6.9754007767000E-02
-1.3150478256800E-01 2.6641358530900E-01-1.3150478256400E-01 1.3815328352970E+00
-1.7865080540680E+00 1.3815328352790E+00 8.2241873876600E-01-9.5390372552500E-01
 8.2241873875800E-01 3.3565181235000E-03-5.3833041565261E-01 5.6131170971631E-01
 1.0069554368027E-02 5.6131170971977E-01 3.5195822907500E-02-6.0425247705811E-01
 1.0174446394431E+00 1.0558746870867E-01 1.0174446394569E+00-1.3743766240500E-01
 1.6001895981187E-02-3.7294611984046E-02-7.3430078471287E-03-3.9300808951593E-02
-7.5623212287416E-03-6.2157686644927E-03-8.6032976949100E-01 3.0166707207750E+00
 4.0393607695080E+00 6.9754007767000E-02-1.3150478256800E-01 2.6641358530900E-01
 1.3150478256400E-01 1.3815328352970E+00-1.7865080540680E+00-1.3815328352790E+00
 8.2241873876600E-01-9.5390372552500E-01-8.2241873875800E-01-3.3565181235000E-03
-5.3833041565261E-01 5.6131170971631E-01-1.0069554368027E-02-5.6131170971977E-01
-3.5195822907500E-02-6.0425247705811E-01 1.0174446394431E+00-1.0558746870867E-01
-1.0174446394569E+00 1.3743766240500E-01 1.6001895981187E-02-3.7294611984046E-02
 7.3430078471287E-03 3.9300808951593E-02-7.5623212287416E-03-6.2157686644927E-03
 8.6032976949100E-01-3.0166707207750E+00-4.0393607695080E+00-6.9754007767000E-02
 1.3150478256800E-01 2.6641358530900E-01 1.3150478256400E-01-1.3815328352970E+00
-1.7865080540680E+00-1.3815328352790E+00-8.2241873876600E-01-9.5390372552500E-01
-8.2241873875800E-01 3.3565181235000E-03-5.3833041565261E-01-5.6131170971631E-01
 1.0069554368027E-02-5.6131170971977E-01 3.5195822907500E-02-6.0425247705811E-01
-1.0174446394431E+00 1.0558746870867E-01-1.0174446394569E+00 1.3743766240500E-01
-1.6001895981187E-02-3.7294611984046E-02 7.3430078471287E-03-3.9300808951593E-02
 7.5623212287416E-03-6.2157686644927E-03 2.3444343310600E-01-1.5634429255700E-01
-8.6463732851600E-01-9.6273555128000E-02-1.2737160565300E-01-1.2737160565300E-01
 1.2737160565300E-01 5.2875994575500E-01 5.2875994575500E-01-5.2875994575500E-01
 2.7451494415000E-01 2.7451494415000E-01-2.7451494415100E-01 0.0000000000000E+00
 1.6874572903334E-01 1.6874572903334E-01 0.0000000000000E+00-1.6874572903334E-01
 0.0000000000000E+00 7.0920295608716E-01 7.0920295608716E-01 0.0000000000000E+00
-7.0920295608716E-01 1.2347987837400E-01 3.0869969593375E-02 3.0869969593375E-02
 0.0000000000000E+00-3.8608154120628E-02-5.1449949322183E-03 5.1449949322183E-03
 1.2487791469417E+01 1.4074701085306E+01 6.2330193084050E+00 7.0384473552000E-02
 1.0141941909360E+00 0.0000000000000E+00 0.0000000000000E+00 0.0000000000000E+00
 0.0000000000000E+00 0.0000000000000E+00 0.0000000000000E+00 0.0000000000000E+00
 0.0000000000000E+00 0.0000000000000E+00 0.0000000000000E+00 0.0000000000000E+00
 0.0000000000000E+00 0.0000000000000E+00 0.0000000000000E+00 0.0000000000000E+00
 0.0000000000000E+00 0.0000000000000E+00 0.0000000000000E+00 0.0000000000000E+00
 0.0000000000000E+00 8.6602540378444E-13 0.0000000000000E+00-5.0000000000000E-13
 0.0000000000000E+00 0.0000000000000E+00 0.0000000000000E+00 0.0000000000000E+00
 0.0000000000000E+00 0.0000000000000E+00 0.0000000000000E+00 0.0000000000000E+00
-9.7982890904400E-02 0.0000000000000E+00 0.0000000000000E+00 0.0000000000000E+00
 0.0000000000000E+00 0.0000000000000E+00 0.0000000000000E+00 7.2683094270766E-02
 0.0000000000000E+00 0.0000000000000E+00-4.1904764974000E-02 0.0000000000000E+00
 0.0000000000000E+00 0.0000000000000E+00 0.0000000000000E+00 0.0000000000000E+00
 0.0000000000000E+00-2.4943312484401E-04 0.0000000000000E+00 2.3444343310600E-01
-1.5634429255700E-01-8.6463732851600E-01-9.6273555128000E-02-1.2737160565300E-01
 1.2737160565300E-01-1.2737160565300E-01 5.2875994575500E-01-5.2875994575500E-01
 5.2875994575500E-01 2.7451494415000E-01-2.7451494415000E-01 2.7451494415100E-01
 0.0000000000000E+00-1.6874572903334E-01 1.6874572903334E-01 0.0000000000000E+00
 1.6874572903334E-01 0.0000000000000E+00-7.0920295608716E-01 7.0920295608716E-01
 0.0000000000000E+00 7.0920295608716E-01-1.2347987837400E-01 3.0869969593375E-02
-3.0869969593375E-02 0.0000000000000E+00-3.8608154120628E-02-5.1449949322183E-03
-5.1449949322183E-03 2.3444343310600E-01-1.5634429255700E-01-8.6463732851600E-01
-9.6273555128000E-02 1.2737160565300E-01-1.2737160565300E-01-1.2737160565300E-01
-5.2875994575500E-01 5.2875994575500E-01 5.2875994575500E-01-2.7451494415000E-01
 2.7451494415000E-01 2.7451494415100E-01 0.0000000000000E+00 1.6874572903334E-01
-1.6874572903334E-01 0.0000000000000E+00 1.6874572903334E-01 0.0000000000000E+00
 7.0920295608716E-01-7.0920295608716E-01 0.0000000000000E+00 7.0920295608716E-01
-1.2347987837400E-01-3.0869969593375E-02 3.0869969593375E-02 0.0000000000000E+00
-3.8608154120628E-02 5.1449949322183E-03 5.1449949322183E-03 2.3444343310600E-01
-1.5634429255700E-01-8.6463732851600E-01-9.6273555128000E-02 1.2737160565300E-01
 1.2737160565300E-01 1.2737160565300E-01-5.2875994575500E-01-5.2875994575500E-01
-5.2875994575500E-01-2.7451494415000E-01-2.7451494415000E-01-2.7451494415100E-01
 0.0000000000000E+00-1.6874572903334E-01-1.6874572903334E-01 0.0000000000000E+00
-1.6874572903334E-01 0.0000000000000E+00-7.0920295608716E-01-7.0920295608716E-01
 0.0000000000000E+00-7.0920295608716E-01 1.2347987837400E-01-3.0869969593375E-02
-3.0869969593375E-02 0.0000000000000E+00-3.8608154120628E-02 5.1449949322183E-03
-5.1449949322183E-03

EIGENVALUES
-----------
k 1 0.00000000 0.00000000 0.00000000
-1.1205296748729E+01-9.4317206942782E-01-5.4524884955330E-01-5.4524884955330E-01
-5.4524884955329E-01 1.1545003036562E-01 1.9962373380795E-01 1.9962373380796E-01
 1.9962373380807E-01 2.7713165563621E-01 2.7713165563634E-01 2.7713165563656E-01
 4.8523796177485E-01 5.3346242174203E-01 5.3346242174216E-01 5.3346242174224E-01
 5.4042382241086E-01 5.4042382241088E-01 6.2964405551986E-01 8.2803498512557E-01
 8.2803498512560E-01 8.2803498512560E-01 8.3248874867847E-01 8.3248874867889E-01
 8.3248874867894E-01 9.5231668103385E-01 9.5231668103408E-01 9.5231668103442E-01
 1.1495100139795E+00 1.1495100139813E+00 1.1495100139821E+00 1.1837047171424E+00
 1.2084545627866E+00 1.2084545627880E+00 1.4922670570768E+00 1.4922670570770E+00
 1.4922670570772E+00 1.5308484780224E+00 1.9214712814072E+00 1.9214712814074E+00
 1.9532356199616E+00 1.9532356199619E+00 1.9532356199640E+00 2.0431489070034E+00
 2.0431489070034E+00 2.0431489070034E+00 2.1594183420869E+00 2.1594183420870E+00
 2.1594183420873E+00 2.3381144905991E+00 2.3566274935255E+00 2.3566274935255E+00
 2.3566274935255E+00 2.4850948274782E+00 2.4850948274784E+00 2.5911903320266E+00
 2.5911903320276E+00 2.5911903320281E+00 2.6459191425202E+00 2.6459191425204E+00
 2.6459191425205E+00 2.7529471578007E+00 2.7529471578028E+00 2.7982178930903E+00
 3.1128654555259E+00 3.1128654555259E+00 3.1128654555261E+00 3.1874339622444E+00
 3.1874339622447E+00 3.1874339622448E+00 3.3725848977906E+00 3.4338513318585E+00
 3.4338513318594E+00 3.4338513318595E+00 3.4589227837005E+00 3.4589227837008E+00
 3.4589227837009E+00 3.6696956935897E+00 3.6696956935930E+00 3.6696956935944E+00
 4.0095009999807E+00 4.1243791411413E+00 4.1243791411448E+00 4.1243791411450E+00
 4.1316794787953E+00 4.1316794787980E+00 5.6009107429927E+00 5.6009107429934E+00
 5.6575512256198E+00 5.6575512256296E+00 5.6575512256302E+00 5.7229571223417E+00
 5.7229571223418E+00 5.7229571223426E+00 6.2100656880716E+00 6.2489678566919E+00
 6.2489678566945E+00 6.2489678566945E+00 6.3280742688061E+00 6.3280742688081E+00
 6.3280742688082E+00 6.3657870784026E+00 6.3782934891302E+00 6.4200018516681E+00
 6.4200018516681E+00 6.4200018516683E+00 6.4687148857521E+00 6.4687148857522E+00
 6.4687148857535E+00 6.5421572273059E+00 6.5421572273150E+00 6.5421572273152E+00
 7.0065672863560E+00 7.0065672863714E+00 7.0366057728517E+00 7.1120087987211E+00
 7.1120087987220E+00 7.1120087987220E+00 7.5675571178371E+00 7.5675571178463E+00
 7.5675571178463E+00 7.6333553569637E+00 7.6333553569684E+00 7.6579781943765E+00
 7.6579781943765E+00 7.6579781943855E+00 7.9857402045637E+00 7.9857402045637E+00
 7.9857402045675E+00 7.9924227994175E+00 7.9924227994193E+00 8.0368654723589E+00
 8.0368654723589E+00 8.0368654723653E+00 8.2630914416654E+00 8.2942823898051E+00
 8.2942823898051E+00 8.2942823898134E+00 8.6601948203675E+00 8.6601948203697E+00
 8.6954257870041E+00 8.7370067466535E+00 8.7370067466535E+00 8.7370067466576E+00
 8.7539595803974E+00 8.7539595803974E+00 8.7539595803977E+00 8.9127557245302E+00
 8.9127557245303E+00 8.9127557245304E+00 9.3223929545494E+00 9.3223929545494E+00
 9.3223929545527E+00 9.4018344675201E+00 9.4018344675227E+00 9.4018344675231E+00
 9.7893329608976E+00 9.7893329609073E+00 1.0177229049070E+01 1.0177229049150E+01
 1.0299033749399E+01 1.0299033749405E+01 1.0299033749405E+01 1.0482665758946E+01
 1.0482665758997E+01 1.0482665758997E+01 1.0524695185264E+01 1.0918414572791E+01
 1.0918414572798E+01 1.0918414572798E+01 1.1127551798139E+01 1.2841224574282E+01
 1.2841224574314E+01 1.2841224574315E+01 2.7555521914503E+01
